{
 "events": [
  {
   "type": 5,
   "id": 779,
   "version": 1,
   "visibleTime": "20180226T110000.000Z",
   "startTime": "20180226T110000.000Z",
   "endTime": "20180628T183000.000Z",
   "boostedTasks": [
    "45000002"
   ],
   "boostedTaskExtraScorePercentage": 50,
   "notificationTid": "TID_CLAN_GAMES_STARTED_NOTIFICATION",
   "overriddenTaskScores": [
    {
     "score": 5000,
     "task": "45000000"
    }
   ],
   "localizationFile": {
    "Path": "/a3b9aabe-309f-43b7-9ef0-45d69e7765fa_ClanGamesLong_march.csv",
    "ChecksumSha1": "24e38b597f3619bfd43f48fa1a297ed20c175a95",
    "File": "ClanGamesLong_march.csv",
    "Checksum": "88d46ae483a92215d12f57e433fed4ce"
   },
   "minTownHallLevel": 6,
   "pointsPerPlayer": 4000,
   "maxVisibleTasks": 1200,
   "eventEntryName": "CustomSCLoading",
   "maxVisibleTasksWithSameType": 1,
   "taskTrashCooldownIncrementInMinutes": 10,
   "thresholds": [
    {
     "clanXP": 10,
     "rewards": [
      {
       "amount": 1,
       "guaranteed": false,
       "spawnWeighting": 1,
       "hidden": false,
       "type": "46000005"
      },
      {
       "amount": 1,
       "guaranteed": false,
       "spawnWeighting": 1,
       "hidden": false,
       "type": "46000006"
      },
      {
       "amount": 1,
       "guaranteed": false,
       "spawnWeighting": 1,
       "hidden": false,
       "type": "46000007"
      }
     ],
     "points": 1500
    },
    {
     "clanXP": 20,
     "rewards": [
      {
       "amount": 20,
       "guaranteed": true,
       "spawnWeighting": 1,
       "hidden": false,
       "type": "3000006"
      },
      {
       "amount": 20,
       "guaranteed": true,
       "spawnWeighting": 1,
       "hidden": false,
       "type": "3000005"
      },
      {
       "amount": 20,
       "guaranteed": false,
       "spawnWeighting": 1,
       "hidden": false,
       "type": "3000004"
      },
      {
       "amount": 20,
       "guaranteed": true,
       "spawnWeighting": 1,
       "hidden": false,
       "type": "3000000"
      }
     ],
     "points": 3000
    },
    {
     "clanXP": 40,
     "rewards": [
      {
       "amount": 1,
       "guaranteed": false,
       "spawnWeighting": 1,
       "hidden": false,
       "type": "46000014"
      },
      {
       "amount": 2,
       "guaranteed": false,
       "spawnWeighting": 1,
       "hidden": false,
       "type": "46000006"
      },
      {
       "amount": 2,
       "guaranteed": false,
       "spawnWeighting": 1,
       "hidden": false,
       "type": "46000013"
      }
     ],
     "points": 7500
    },
    {
     "clanXP": 60,
     "rewards": [
      {
       "amount": 40,
       "guaranteed": true,
       "spawnWeighting": 1,
       "hidden": false,
       "type": "3000004"
      },
      {
       "amount": 40,
       "guaranteed": false,
       "spawnWeighting": 1,
       "hidden": false,
       "type": "3000005"
      },
      {
       "amount": 40,
       "guaranteed": true,
       "spawnWeighting": 1,
       "hidden": false,
       "type": "3000006"
      },
      {
       "amount": 40,
       "guaranteed": true,
       "spawnWeighting": 1,
       "hidden": false,
       "type": "3000000"
      }
     ],
     "points": 12000
    },
    {
     "clanXP": 80,
     "rewards": [
      {
       "amount": 1,
       "guaranteed": false,
       "spawnWeighting": 1,
       "hidden": false,
       "type": "46000001"
      },
      {
       "amount": 1,
       "guaranteed": false,
       "spawnWeighting": 1,
       "hidden": false,
       "type": "46000000"
      },
      {
       "amount": 1,
       "guaranteed": false,
       "spawnWeighting": 1,
       "hidden": false,
       "type": "46000002"
      }
     ],
     "points": 18000
    },
    {
     "clanXP": 100,
     "rewards": [
      {
       "amount": 1,
       "guaranteed": false,
       "spawnWeighting": 1,
       "hidden": false,
       "type": "46000008"
      },
      {
       "amount": 80,
       "guaranteed": false,
       "spawnWeighting": 1,
       "hidden": false,
       "type": "3000005"
      },
      {
       "amount": 3,
       "guaranteed": false,
       "spawnWeighting": 1,
       "hidden": false,
       "type": "46000007"
      }
     ],
     "points": 30000
    },
    {
     "clanXP": 120,
     "rewards": [
      {
       "amount": 1,
       "guaranteed": true,
       "hidden": false,
       "spawnWeighting": 1,
       "type": "46000009"
      },
      {
       "amount": 80,
       "guaranteed": false,
       "hidden": false,
       "spawnWeighting": 1,
       "type": "3000004"
      },
      {
       "amount": 80,
       "guaranteed": true,
       "hidden": false,
       "type": "3000006"
      },
      {
       "amount": 3,
       "guaranteed": true,
       "hidden": false,
       "type": "46000014"
      }
     ],
     "points": 50000
    }
   ],
   "maxTaskTrashCooldownInMinutes": 180,
   "initialTaskTrashCooldownInMinutes": 10,
   "imageFile": {
    "Path": "/8d930065-7440-4e20-8519-e6bf1b5ca3fe_clan_games_generic.png",
    "File": "clan_games_generic.png",
    "Checksum": "6cfef98ee79cb3f145c503153b0ac496"
   },
   "minVisibleTasks": 1200,
   "endingSoonNotificationMinutesFromEnd": 180,
   "scFile": {
    "Path": "/07c7617e-572f-438a-a8bb-7466bd06e20a_clan_games_background_march.sc",
    "ChecksumSha1": "240a083bf5daeec4949f61c22244e0c3ea58c41d",
    "File": "clan_games_background_march.sc",
    "Checksum": "a276c519f5526b5e72842f18af94bcaa"
   },
   "taskCooldownSkipCostPercent": 300
  },
  {
   "type": 8,
   "id": 734,
   "version": 6,
   "visibleTime": "19700101T100000.000Z",
   "startTime": "20180625T070000.000Z",
   "endTime": "20180625T110000.000Z",
   "clashBoxEntryName": "",
   "eventEntryName": "CustomSCLoading",
   "inboxEntryId": -1,
   "notificationTid": "",
   "scFile": {
    "Path": "/6a3c7980-6237-42ce-969f-f2b566440397_silly.sc",
    "ChecksumSha1": "04d0d40abec935e7c1f39cbfc1f06fde62743e4d"
   },
   "warSize": 1,
   "signupDuration": 3600,
   "defaultBracketPromotions": 0,
   "warDuration": 3600,
   "bracketSize": 4,
   "warAttacks": 1,
   "defaultBracketDemotions": 0
  }
 ]
}