{
 "files": [
  {
   "file": "csv/animations.csv",
   "sha": "50b725728225e68af7be07dd2cf0cb3a1b0dd216"
  },
  {
   "file": "csv/billing_packages.csv",
   "sha": "307b37cbeadc6f624bdd4523d1114a5700f4257c"
  },
  {
   "file": "csv/boombox.csv",
   "sha": "82c8106537237427dfd50ec12bc17fbedf425e9e"
  },
  {
   "file": "csv/client_globals.csv",
   "sha": "bb57cd432bd3c16dac3074c0ec1959386424f8a7"
  },
  {
   "file": "csv/credits.csv",
   "sha": "db63d915abfd106d204ca8232c811c6557d3975d"
  },
  {
   "file": "csv/deeplinks.csv",
   "sha": "9fcab2020233d774aba8cc9c1034360050d3d5a8"
  },
  {
   "file": "csv/event_entries.csv",
   "sha": "ccd073a737678884946a200d23e5233a3823736e"
  },
  {
   "file": "csv/faq.csv",
   "sha": "65a221a92f79912f2351d136664611d0543fe036"
  },
  {
   "file": "csv/helpshift.csv",
   "sha": "8b23df876dc8cbb8f5e75c855545deac99735a04"
  },
  {
   "file": "csv/hints.csv",
   "sha": "7a921215027b3e85cc4c42b9432ff5cc3ffbd3c5"
  },
  {
   "file": "csv/news.csv",
   "sha": "032bcfd093373c5a530469a7c63f9053a6d1fa12"
  },
  {
   "file": "csv/particle_emitters.csv",
   "sha": "887ce07f8dce4145fdcc919e9c1546eadd6cebf3"
  },
  {
   "file": "csv/resource_packs.csv",
   "sha": "e1348ce59aae1239e65a08bb017c0edd1c1a0a1a"
  },
  {
   "file": "globals.json",
   "sha": "e7c8db9693a8fddc134f14aedc029e1a4523bc21"
  },
  {
   "file": "globals_definition.json",
   "sha": "2c81d766a99c54c853ba5287d10d09d063c8d211"
  },
  {
   "file": "localization/texts.csv",
   "sha": "68ff31bb6c72dbf6bb99b83388a98cd597d7a399"
  },
  {
   "file": "localization/texts_patch.csv",
   "sha": "ad2dac868a777b010945a47bb0c2376fa25e5bd1"
  },
  {
   "file": "logic/achievements.csv",
   "sha": "7dfdd325f580d99173cdcb77b12d63a6ce7546e8"
  },
  {
   "file": "logic/alliance_badge_layers.csv",
   "sha": "cc6c9a632e446dea0adc3e7f013587806e3d1795"
  },
  {
   "file": "logic/alliance_badges.csv",
   "sha": "88faeeabb1cac5bc3d46a0c935f0ee2bd8125c19"
  },
  {
   "file": "logic/alliance_levels.csv",
   "sha": "82ddb9b777dbd5a937530970216e0e7ec248aeb1"
  },
  {
   "file": "logic/alliance_portal.csv",
   "sha": "c63c999af0774e296e1b14f4f08c25ba02b5c55b"
  },
  {
   "file": "logic/boosters.csv",
   "sha": "93d97a9cb8eaea236c535b9faed327b26c34433e"
  },
  {
   "file": "logic/building_classes.csv",
   "sha": "fc7f36196e6ee66c547c5e696265ea1e80f50b82"
  },
  {
   "file": "logic/buildings.csv",
   "sha": "424d32b5a95391bf8d17a0d958b93956023d2e88"
  },
  {
   "file": "logic/calendar_event_functions.csv",
   "sha": "e610fc7e3f9534c0d9c46f7f24ef394d3f5cab16"
  },
  {
   "file": "logic/characters.csv",
   "sha": "7d6b43c376b5e9dcca240f3927a122b5c7489097"
  },
  {
   "file": "logic/decos.csv",
   "sha": "be6d8f0190a6993a6c3a80bc8214c01ebbc35fff"
  },
  {
   "file": "logic/effects.csv",
   "sha": "0489355667a51ce5ab2d4220628ce02b5c215854"
  },
  {
   "file": "logic/experience_levels.csv",
   "sha": "7d2b5c312e9314cd342c85c38495ba895961ea63"
  },
  {
   "file": "logic/gem_bundles.csv",
   "sha": "39ef7647c514842d0d53cb4f382d042e5468530f"
  },
  {
   "file": "logic/globals.csv",
   "sha": "7703f0a4ffdc7815b71d3925a83ae9971318f777"
  },
  {
   "file": "logic/heroes.csv",
   "sha": "197bc9036fcf89e4a5e219555a48f8c705da0d1f"
  },
  {
   "file": "logic/leagues.csv",
   "sha": "4aaafbdbc32d35b45de2605f337f0a4779edca15"
  },
  {
   "file": "logic/leagues2.csv",
   "sha": "cf2807ab6b6c47bba3a6da1956215264236353f2"
  },
  {
   "file": "logic/locales.csv",
   "sha": "8c5f6c07cc983815c93cb986e29d10a09c0b9980"
  },
  {
   "file": "logic/missions.csv",
   "sha": "fa2a1f611f56b59eede263821be7411727e42299"
  },
  {
   "file": "logic/npcs.csv",
   "sha": "11e066bf78a797c5efbb6dd57a8e36784f2e3e66"
  },
  {
   "file": "logic/obstacles.csv",
   "sha": "220f508d8b8845b28330ff5e6dd93b7ed6e4f696"
  },
  {
   "file": "logic/offer_settings.csv",
   "sha": "d2f714511800cdbf3666bbdd7058cad126ff4653"
  },
  {
   "file": "logic/projectiles.csv",
   "sha": "0af5c3b06cc7de6646f7e210797d1eab90206f94"
  },
  {
   "file": "logic/regions.csv",
   "sha": "05a20c52058f180502be0a8898dd03a4eee6dbea"
  },
  {
   "file": "logic/resources.csv",
   "sha": "b8be644362cac3463b4d6cc44de1598522636ac4"
  },
  {
   "file": "logic/shields.csv",
   "sha": "286732e892ee79573598d9c05dbb2dfb97a7e733"
  },
  {
   "file": "logic/spells.csv",
   "sha": "8dd2deb87497185cba13feff082c20bcdd663e41"
  },
  {
   "file": "logic/tasks.csv",
   "sha": "1cfb6f770cf19f47a2bcc86b6325b23b8bdebcd5"
  },
  {
   "file": "logic/townhall_levels.csv",
   "sha": "826754059f337208af41d56b73748991fe310a3f"
  },
  {
   "file": "logic/trader.csv",
   "sha": "18bb3f8361ba360e4bcaf59443a1867a1b78ed22"
  },
  {
   "file": "logic/traps.csv",
   "sha": "410b26c413426864195855f93b38ba0959fc8cef"
  },
  {
   "file": "logic/variables.csv",
   "sha": "c5c4b411864516e9c024015f7372b89911df1679"
  },
  {
   "file": "logic/village_objects.csv",
   "sha": "20c16ea7b28a697b450333cceb230f0a549b7b95"
  },
  {
   "file": "logic/war.csv",
   "sha": "60b655d0c12bb3d0cf7cbc89bab7d924651fdb13"
  },
  {
   "file": "logic/war_leagues.csv",
   "sha": "6b864ffc0c8d0cd1126cf4092c283f23da0e5f50"
  },
  {
   "file": "logic/weapons.csv",
   "sha": "e2ffcc1d1b65d2b94c94fd3d1a574a1da502e827"
  }
 ],
 "sha": "de72a32e90b2c077ffffc3eef92298cb622a5233",
 "version": "11.49.6"
}