"Name","TID","InfoTID","SWF","ExportName","ExportNameConstruction","BuildResource","BuildCost","RequiredExpLevel","MaxCount","Width","Height","Icon","BaseGfx","ExportNameBase","IsRed","NotInShop","VillageType","RedMul","GreenMul","BlueMul","RedAdd","GreenAdd","BlueAdd","LightsOn","DecoPath","ActiveEffect","ActiveEffectDelay"
"String","String","String","String","String","String","String","int","int","int","int","int","String","int","String","boolean","boolean","int","int","int","int","int","int","int","boolean","boolean","String","int"
"Barbarian Statue","TID_DECORATION_BARBARIAN_STATUE",,"sc/buildings.sc","deco_barbarian_statue","generic_construction_state1","Diamonds",500,,1,2,2,,1,"statue_base",,,,,,,,,,,,,
"Torch","TID_DECORATION_TORCH",,"sc/buildings.sc","deco_torch1",,"Elixir",500,1,4,2,2,,,"deco_torch1_base",,,,,,,,,,"true",,,
"Goblin Pole","TID_DECORATION_GENERIC",,"sc/buildings.sc","deco_goblin_pole",,"Elixir",1000,3,0,2,2,,,"deco_goblinpole_base",,,,,,,,,,,,,
"White Flag","TID_DECORATION_WHITE_FLAG",,"sc/buildings.sc","deco_white_flag","generic_construction_state1","Elixir",5000,5,1,2,2,,,"deco_flagpole_base",,,,,,,,,,,,,
"Skull Flag","TID_DECORATION_SKULL_FLAG",,"sc/buildings.sc","deco_skull_flag","generic_construction_state1","Diamonds",500,,1,2,2,,,"deco_flagpole_base",,,,,,,,,,,,,
"Flower box 1","TID_DECORATION_FLOWERBOX1",,"sc/buildings.sc","deco_flowerbox1","generic_construction_state1","Elixir",2500,8,4,2,2,,,"deco_flowerbox1_base",,,,,,,,,,,,,
"Flower box 2","TID_DECORATION_FLOWERBOX2",,"sc/buildings.sc","deco_flowerbox2","generic_construction_state1","Elixir",2500,8,4,2,2,,,"deco_flowerbox2_base",,,,,,,,,,,,,
"Windmeter","TID_DECORATION_WINDMETER",,"sc/buildings.sc","deco_windmeter","generic_construction_state1","Elixir",10000,10,1,2,2,,,"deco_windmeter_base",,,,,,,,,,,,,
"Down Arrow Flag","TID_DECORATION_DOWNARROW_FLAG",,"sc/buildings.sc","deco_downarrow_flag","generic_construction_state1","Elixir",15000,12,1,2,2,,,"deco_flagpole_base",,,,,,,,,,,,,
"Up Arrow Flag","TID_DECORATION_UPARROW_FLAG",,"sc/buildings.sc","deco_uparrow_flag","generic_construction_state1","Elixir",15000,12,1,2,2,,,"deco_flagpole_base",,,,,,,,,,,,,
"Skull Altar","TID_DECORATION_SKULL_ALTAR",,"sc/buildings.sc","deco_skullaltar","generic_construction_state1","Gold",500000,30,1,2,2,,,"deco_skullaltar_base",,,,,,,,,,,,,
"USA Flag","TID_DECORATION_NATIONAL_FLAG",,"sc/buildings.sc","deco_usa_flag","generic_construction_state1","Gold",100000,15,1,2,2,,,"deco_flagpole_base",,,,,,,,,,,,,
"Canada Flag","TID_DECORATION_NATIONAL_FLAG",,"sc/buildings.sc","deco_cnd_flag","generic_construction_state1","Gold",100000,15,1,2,2,,,"deco_flagpole_base",,,,,,,,,,,,,
"Italia Flag","TID_DECORATION_NATIONAL_FLAG",,"sc/buildings.sc","deco_ita_flag","generic_construction_state1","Gold",100000,15,1,2,2,,,"deco_flagpole_base",,,,,,,,,,,,,
"Germany Flag","TID_DECORATION_NATIONAL_FLAG",,"sc/buildings.sc","deco_ger_flag","generic_construction_state1","Gold",100000,15,1,2,2,,,"deco_flagpole_base",,,,,,,,,,,,,
"Finland Flag","TID_DECORATION_NATIONAL_FLAG",,"sc/buildings.sc","deco_fin_flag","generic_construction_state1","Gold",100000,15,1,2,2,,,"deco_flagpole_base",,,,,,,,,,,,,
"Spain Flag","TID_DECORATION_NATIONAL_FLAG",,"sc/buildings.sc","deco_spain_flag","generic_construction_state1","Gold",100000,15,1,2,2,,,"deco_flagpole_base",,,,,,,,,,,,,
"France Flag","TID_DECORATION_NATIONAL_FLAG",,"sc/buildings.sc","deco_fra_flag","generic_construction_state1","Gold",100000,15,1,2,2,,,"deco_flagpole_base",,,,,,,,,,,,,
"GBR Flag","TID_DECORATION_NATIONAL_FLAG",,"sc/buildings.sc","deco_gbr_flag","generic_construction_state1","Gold",100000,15,1,2,2,,,"deco_flagpole_base",,,,,,,,,,,,,
"Brazil Flag","TID_DECORATION_NATIONAL_FLAG",,"sc/buildings.sc","deco_bra_flag","generic_construction_state1","Gold",100000,15,1,2,2,,,"deco_flagpole_base",,,,,,,,,,,,,
"Sweden Flag","TID_DECORATION_NATIONAL_FLAG",,"sc/buildings.sc","deco_swe_flag","generic_construction_state1","Gold",100000,15,1,2,2,,,"deco_flagpole_base",,,,,,,,,,,,,
"China Flag","TID_DECORATION_NATIONAL_FLAG",,"sc/buildings.sc","deco_chn_flag","generic_construction_state1","Gold",100000,15,1,2,2,,,"deco_flagpole_base",,,,,,,,,,,,,
"Norway Flag","TID_DECORATION_NATIONAL_FLAG",,"sc/buildings.sc","deco_nor_flag","generic_construction_state1","Gold",100000,15,1,2,2,,,"deco_flagpole_base",,,,,,,,,,,,,
"Thailand Flag","TID_DECORATION_NATIONAL_FLAG",,"sc/buildings.sc","deco_thai_flag","generic_construction_state1","Gold",100000,15,1,2,2,,,"deco_flagpole_base",,,,,,,,,,,,,
"India Flag","TID_DECORATION_NATIONAL_FLAG",,"sc/buildings.sc","deco_ind_flag","generic_construction_state1","Gold",100000,15,1,2,2,,,"deco_flagpole_base",,,,,,,,,,,,,
"Australia Flag","TID_DECORATION_NATIONAL_FLAG",,"sc/buildings.sc","deco_aus_flag","generic_construction_state1","Gold",100000,15,1,2,2,,,"deco_flagpole_base",,,,,,,,,,,,,
"South Korea Flag","TID_DECORATION_NATIONAL_FLAG",,"sc/buildings.sc","deco_skor_flag","generic_construction_state1","Gold",100000,15,1,2,2,,,"deco_flagpole_base",,,,,,,,,,,,,
"Japan Flag","TID_DECORATION_NATIONAL_FLAG",,"sc/buildings.sc","deco_jpn_flag","generic_construction_state1","Gold",100000,15,1,2,2,,,"deco_flagpole_base",,,,,,,,,,,,,
"Turkey Flag","TID_DECORATION_NATIONAL_FLAG",,"sc/buildings.sc","deco_turkey_flag","generic_construction_state1","Gold",100000,15,1,2,2,,,"deco_flagpole_base",,,,,,,,,,,,,
"Indonesia Flag","TID_DECORATION_NATIONAL_FLAG",,"sc/buildings.sc","deco_indonesia_flag","generic_construction_state1","Gold",100000,15,1,2,2,,,"deco_flagpole_base",,,,,,,,,,,,,
"Netherlands Flag","TID_DECORATION_NATIONAL_FLAG",,"sc/buildings.sc","deco_netherlands_flag","generic_construction_state1","Gold",100000,15,1,2,2,,,"deco_flagpole_base",,,,,,,,,,,,,
"Philippines Flag","TID_DECORATION_NATIONAL_FLAG",,"sc/buildings.sc","deco_philipp_flag","generic_construction_state1","Gold",100000,15,1,2,2,,,"deco_flagpole_base",,,,,,,,,,,,,
"Singapore Flag","TID_DECORATION_NATIONAL_FLAG",,"sc/buildings.sc","deco_sing_flag","generic_construction_state1","Gold",100000,15,1,2,2,,,"deco_flagpole_base",,,,,,,,,,,,,
"PEKKA Statue","TID_DECORATION_PEKKA_STATUE",,"sc/buildings.sc","deco_pekka_statue","generic_construction_state1","Gold",1000000,75,1,2,2,,1,"statue_base",,,,,,,,,,,,,
"Russia Flag","TID_DECORATION_NATIONAL_FLAG",,"sc/buildings.sc","deco_rus_flag","generic_construction_state1","Gold",100000,15,1,2,2,,,"deco_flagpole_base",,,,,,,,,,,,,
"Denmark Flag","TID_DECORATION_NATIONAL_FLAG",,"sc/buildings.sc","deco_den_flag","generic_construction_state1","Gold",100000,15,1,2,2,,,"deco_flagpole_base",,,,,,,,,,,,,
"Greece Flag","TID_DECORATION_NATIONAL_FLAG",,"sc/buildings.sc","deco_greece_flag","generic_construction_state1","Gold",100000,15,1,2,2,,,"deco_flagpole_base",,,,,,,,,,,,,
"BK Statue","TID_DECORATION_BK_STATUE",,"sc/buildings.sc","deco_barbarian_king_statue","generic_construction_state1","Diamonds",500,,1,2,2,,1,"statue_base","TRUE",,,,,,,,,,,,
"Torch 2","TID_DECORATION_TORCH",,"sc/buildings.sc","deco_torch1",,"Gold2",5000,1,4,2,2,,,"deco_torch1_base",,,1,,,,,,,"true",,,
"Small_Pine Tree","TID_DECORATION_SMALL_PINETREE",,"sc/buildings2.sc","env_small_pine_tree_1x1","generic_construction_state1","Gold2",10000,40,4,2,2,,4,"pine_tree2_base",,,1,,,,,,,,,,
"Big_Pine Tree","TID_DECORATION_PINETREE",,"sc/buildings2.sc","env_big_pine_tree_1x1","generic_construction_state1","Gold2",10000,40,4,2,2,,4,"pine_tree2_base",,,1,,,,,,,,,,
"Old Barbarian Statue","TID_DECORATION_ANCIENT_BARBARIAN_STATUE",,"sc/buildings2.sc","env_barbarian_stone_3x3","generic_construction_state1","Diamonds",250,60,1,3,3,,4,"large_stone_b_base",,,1,,,,,,,,,,
"Stone Path","TID_STONE_PATH",,"sc/buildings2.sc","stone_path",,"Gold2",5000,50,25,1,1,,0,,,,1,,,,,,,,"true",,
"Archer Queen Statue","TID_DECORATION_ARCHER_QUEEN_STATUE",,"sc/buildings.sc","deco_archer_queen_statue","generic_construction_state1","Diamonds",500,50,1,2,2,,1,"statue_base",,,1,,,,,,,,,,
"Target","TID_TARGET",,"sc/buildings2.sc","deco_target",,"Gold2",20000,40,3,2,2,,,"deco_flowerbox1_base",,,1,,,,,,,,,,
"Fireplace","TID_FIREPLACE",,"sc/buildings2.sc","Fireplace_01",,"Gold2",20000,40,2,2,2,,,"deco_flowerbox1_base",,,1,,,,,,,"true",,,
"Builder Statue","TID_DECORATION_BUILDER_STATUE",,"sc/buildings.sc","deco_builder_statue","generic_construction_state1","Diamonds",500,,1,2,2,,1,"statue_base",,"TRUE",,,,,,,,,,,
"Rex Calibur","TID_DECORATION_SWORD_IN_STONE","TID_DECORATION_SWORD_IN_STONE_INFO","sc/buildings.sc","deco_swordstone_01","generic_construction_state1","Medals",2000,,1,2,2,,,"statue_base",,"TRUE",,,,,,,,,,"Rex Calibur Lightning",3000
"League I Statue","TID_DECORATION_LEAGUE_I_STATUE","TID_DECORATION_LEAGUE_III_STATUE_INFO","sc/buildings.sc","deco_leagueI_statue","generic_construction_state1","Medals",1000,,1,2,2,,,"statue_base",,"TRUE",,,,,,,,,,,
"League II Statue","TID_DECORATION_LEAGUE_II_STATUE","TID_DECORATION_LEAGUE_II_STATUE_INFO","sc/buildings.sc","deco_leagueII_statue","generic_construction_state1","Medals",500,,1,2,2,,,"statue_base",,"TRUE",,,,,,,,,,,
"League III Statue","TID_DECORATION_LEAGUE_III_STATUE","TID_DECORATION_LEAGUE_I_STATUE_INFO","sc/buildings.sc","deco_leagueIII_statue","generic_construction_state1","Medals",250,,1,2,2,,,"statue_base",,"TRUE",,,,,,,,,,,
"Shield Statue","TID_DECORATION_WAR_SHIELD","TID_DECORATION_WAR_SHIELD_INFO","sc/buildings.sc","deco_shield_statue","generic_construction_state1","Medals",100,,1,2,2,,,"statue_base",,"TRUE",,,,,,,,,,,
