"Name","LinkedPackageID","BillingPackage","TID","InfoTID","Disabled","ExistsApple","ExistsAndroid","ExistsKunlun","ExistsBazaar","ExistsTencent","IconSWF","IconExportName","ShopItemExportName","ShopItemInfoExportName","ShopItemBG","ShopItemBGColor","TownhallLimitMin","TownhallLimitMax","VillageType","Buildings","GemCost","BuildingType","BuildingNumber","BuildingLevel","UnlocksTroop","TroopType","GiftGems","GiftUsers","Resources","ResourceAmounts","ResourceAmountFromThCSV","THResourceMultiplier","RED","Priority","FrontPageItem","TreasureItem","ReplacesBillingPackage","ValueTID","ValueForUI","AvailableTimeMinutes","CooldownAfterPurchaseMinutes","TimesCanBePurchased","ShopFrontPageCooldownAfterPurchaseMin","HideTimer"
"String","int","String","String","String","boolean","boolean","boolean","boolean","boolean","boolean","String","String","String","String","String","String","int","int","int","String","int","String","int","int","String","String","int","int","String","int","boolean","int","boolean","int","boolean","boolean","String","String","int","int","int","int","int","boolean"
"Builder3",,"com.supercell.magic.builder1","TID_DIAMOND_BUNDLE_BUILDER","TID_DIAMOND_BUNDLE_BUILDER_INFO",,"TRUE","TRUE","TRUE","TRUE","TRUE","sc/shop.sc","icon_gem_small","shop_item_builder_pack","offer_info","builder_pack","purple",0,99,0,"Worker Building",500,"building",3,,,,,,,,,,,10,,,,"TID_VALUE_STICKER_CONTENT",,,,1,,
"Builder4",,"com.supercell.magic.builder2","TID_DIAMOND_BUNDLE_BUILDER","TID_DIAMOND_BUNDLE_BUILDER_INFO",,"TRUE","TRUE","TRUE","TRUE","TRUE","sc/shop.sc","icon_gem_normal","shop_item_builder_pack","offer_info","builder_pack","purple",0,99,0,"Worker Building",1000,"building",4,,,,,,,,,,,10,,,,"TID_VALUE_STICKER_CONTENT",,,,1,,
"Builder5",,"com.supercell.magic.builder3","TID_DIAMOND_BUNDLE_BUILDER","TID_DIAMOND_BUNDLE_BUILDER_INFO",,"TRUE","TRUE","TRUE","TRUE","TRUE","sc/shop.sc","icon_gem_medium","shop_item_builder_pack","offer_info","builder_pack","purple",0,99,0,"Worker Building",2000,"building",5,,,,,,,,,,,10,,,,"TID_VALUE_STICKER_CONTENT",,,,1,,
"TownHall4",4,"com.supercell.magic.th7","TID_DIAMOND_BUNDLE_TH4","TID_DIAMOND_BUNDLE_TH4_INFO","TRUE","TRUE","TRUE","TRUE","TRUE","TRUE","sc/shop.sc","icon_gem_large","shop_item_townhall_pack2","shop_item_pack_info","th_pack",,3,3,0,"Air Defense",474,"building",,0,,,,,"Gold",100000,,,,80,"TRUE",,,"TID_VALUE_STICKER_CONTENT",8,,,1,0,
"TownHall4_ALT",4,"com.supercell.magic.th7","TID_DIAMOND_BUNDLE_TH4","TID_DIAMOND_BUNDLE_GOLD_ELIXIR_INFO","TRUE","TRUE","TRUE","TRUE","TRUE","TRUE","sc/shop.sc","icon_gem_large","shop_item_townhall_pack2","shop_item_pack_info","th_pack",,3,3,0,,,,,,,,,,"Gold",200000,,,,79,"TRUE",,,"TID_VALUE_STICKER_CONTENT",5,4320,,1,0,
,,,,,,,,,,,,,,,,,,,,,,,,,,,,,"Elixir",200000,,,,,,,,,,,,,,
"TownHall5",5,"com.supercell.magic.th1","TID_DIAMOND_BUNDLE_TH5","TID_DIAMOND_BUNDLE_TH5_INFO","TRUE","TRUE","TRUE","TRUE","TRUE","TRUE","sc/shop.sc","icon_gem_large","shop_item_townhall_pack2","shop_item_pack_info","th_pack",,4,4,0,"Wizard Tower",823,"building",,0,,,,,"Gold",500000,,,,70,"TRUE",,,"TID_VALUE_STICKER_CONTENT",3,,,1,0,
"TownHall5_ALT",5,"com.supercell.magic.th1","TID_DIAMOND_BUNDLE_TH5","TID_DIAMOND_BUNDLE_GOLD_ELIXIR_INFO","TRUE","TRUE","TRUE","TRUE","TRUE","TRUE","sc/shop.sc","icon_gem_large","shop_item_townhall_pack2","shop_item_pack_info","th_pack",,4,4,0,,,,,,,,,,"Gold",1000000,,,,69,"TRUE",,,"TID_VALUE_STICKER_CONTENT",3,4320,,1,0,
,,,,,,,,,,,,,,,,,,,,,,,,,,,,,"Elixir",1000000,,,,,,,,,,,,,,
"TownHall6",6,"com.supercell.magic.th1","TID_DIAMOND_BUNDLE_TH6","TID_DIAMOND_BUNDLE_TH6_INFO","TRUE","TRUE","TRUE","TRUE","TRUE","TRUE","sc/shop.sc","icon_gem_large","shop_item_townhall_pack2","shop_item_pack_info","th_pack",,5,5,0,"Air Blaster",1570,"building",,0,,,,,"Gold",1500000,,,,60,"TRUE",,,"TID_VALUE_STICKER_CONTENT",5,,,1,0,
"TownHall6_ALT",6,"com.supercell.magic.th1","TID_DIAMOND_BUNDLE_TH6","TID_DIAMOND_BUNDLE_GOLD_ELIXIR_INFO","TRUE","TRUE","TRUE","TRUE","TRUE","TRUE","sc/shop.sc","icon_gem_large","shop_item_townhall_pack2","shop_item_pack_info","th_pack",,5,5,0,,,,,,,,,,"Gold",2000000,,,,59,"TRUE",,,"TID_VALUE_STICKER_CONTENT",4,4320,,1,,
,,,,,,,,,,,,,,,,,,,,,,,,,,,,,"Elixir",2000000,,,,,,,,,,,,,,
"TownHall7",7,"com.supercell.magic.th2","TID_DIAMOND_BUNDLE_TH7","TID_DIAMOND_BUNDLE_TH7_INFO","TRUE","TRUE","TRUE","TRUE","TRUE","TRUE","sc/shop.sc","icon_gem_large","shop_item_townhall_pack2","shop_item_pack_info","th_pack",,6,6,0,"Hero Altar Barbarian King",600,"building",,,,,,,,,,,,50,"TRUE",,,"TID_VALUE_STICKER_CONTENT",4,,,1,0,
,,,,,,,,,,,,,,,,,,,,"Tesla Tower",3519,"building",,1,,,,,,,,,,,,,,,,,,,,
"TownHall7_ALT",7,"com.supercell.magic.th1","TID_DIAMOND_BUNDLE_TH7","TID_DIAMOND_BUNDLE_GOLD_DARK_ELIXIR_INFO","TRUE","TRUE","TRUE","TRUE","TRUE","TRUE","sc/shop.sc","icon_gem_large","shop_item_townhall_pack2","shop_item_pack_info","th_pack",,6,6,0,,,,,,,,,,"Gold",3000000,,,,49,"TRUE",,,"TID_VALUE_STICKER_CONTENT",5,4320,,1,0,
,,,,,,,,,,,,,,,,,,,,,,,,,,,,,"DarkElixir",30000,,,,,,,,,,,,,,
"TownHall8",8,"com.supercell.magic.th2","TID_DIAMOND_BUNDLE_TH8","TID_DIAMOND_BUNDLE_TH8_INFO","TRUE","TRUE","TRUE","TRUE","TRUE","TRUE","sc/shop.sc","icon_gem_large","shop_item_townhall_pack2","shop_item_pack_info","th_pack",,7,7,0,"Bomb Tower",3640,"building",,0,,,,,"Gold",4000000,,,,40,"TRUE",,,"TID_VALUE_STICKER_CONTENT",5,,,1,0,
"TownHall9",9,"com.supercell.magic.th2","TID_DIAMOND_BUNDLE_TH9","TID_DIAMOND_BUNDLE_TH9_INFO","TRUE","TRUE","TRUE","TRUE","TRUE","TRUE","sc/shop.sc","icon_gem_large","shop_item_townhall_pack2","shop_item_pack_info","th_pack",,8,8,0,"Hero Altar Archer Queen",1400,"building",,,,,,,,,,,,30,"TRUE",,,"TID_VALUE_STICKER_CONTENT",6,,,1,0,
,,,,,,,,,,,,,,,,,,,,"Bow",4656,"building",,0,,,,,,,,,,,,,,,,,,,,
"TownHall9_ALT",9,"com.supercell.magic.th2","TID_DIAMOND_BUNDLE_TH9","TID_DIAMOND_BUNDLE_GOLD_DARK_ELIXIR_INFO","TRUE","TRUE","TRUE","TRUE","TRUE","TRUE","sc/shop.sc","icon_gem_large","shop_item_townhall_pack2","shop_item_pack_info","th_pack",,8,8,,,,,,,,,,,"Gold",10000000,,,,29,"TRUE",,,"TID_VALUE_STICKER_CONTENT",6,4320,,1,0,
,,,,,,,,,,,,,,,,,,,,,,,,,,,,,"DarkElixir",100000,,,,,,,,,,,,,,
"TownHall10",10,"com.supercell.magic.th3","TID_DIAMOND_BUNDLE_TH10","TID_DIAMOND_BUNDLE_TH10_INFO","TRUE","TRUE","TRUE","TRUE","TRUE","TRUE","sc/shop.sc","icon_gem_large","shop_item_townhall_pack2","shop_item_pack_info","th_pack",,9,9,0,"Dark Tower",6104,"building",,0,,,,,"Gold",6000000,,,,20,"TRUE",,,"TID_VALUE_STICKER_CONTENT",4,,,1,0,
"TownHall10_ALT",10,"com.supercell.magic.th3","TID_DIAMOND_BUNDLE_TH10","TID_DIAMOND_BUNDLE_GOLD_DARK_ELIXIR_INFO","TRUE","TRUE","TRUE","TRUE","TRUE","TRUE","sc/shop.sc","icon_gem_large","shop_item_townhall_pack2","shop_item_pack_info","th_pack",,9,9,0,,,,,,,,,,"Gold",15000000,,,,19,"TRUE",,,"TID_VALUE_STICKER_CONTENT",4,4320,,1,0,
,,,,,,,,,,,,,,,,,,,,,,,,,,,,,"DarkElixir",150000,,,,,,,,,,,,,,
"TownHall11",11,"com.supercell.magic.th3","TID_DIAMOND_BUNDLE_TH11","TID_DIAMOND_BUNDLE_TH11_INFO","TRUE","TRUE","TRUE","TRUE","TRUE","TRUE","sc/shop.sc","icon_gem_large","shop_item_townhall_pack2","shop_item_pack_info","th_pack",,10,10,0,"Ancient Artillery",3837,"building",,,,,,,,,,,,10,"TRUE",,,"TID_VALUE_STICKER_CONTENT",3,,,1,0,
,,,,,,,,,,,,,,,,,,,,"Hero Altar Grand Warden",1933,"building",,,,,,,,,,,,,,,,,,,,,,
"TownHall11_ALT",11,"com.supercell.magic.th3","TID_DIAMOND_BUNDLE_TH11","TID_DIAMOND_BUNDLE_GOLD_ELIXIR_INFO","TRUE","TRUE","TRUE","TRUE","TRUE","TRUE","sc/shop.sc","icon_gem_large","shop_item_townhall_pack2","shop_item_pack_info","th_pack",,10,10,0,,,,,,,,,,"Gold",15000000,,,,10,"TRUE",,,"TID_VALUE_STICKER_CONTENT",4,4320,,1,0,
,,,,,,,,,,,,,,,,,,,,,,,,,,,,,"Elixir",15000000,,,,,,,,,,,,,,
"Red",,"com.supercell.magic.package0","TID_DIAMOND_BUNDLE_HERO","TID_DIAMOND_BUNDLE_HERO_INFO","TRUE","TRUE","FALSE","FALSE","FALSE","FALSE","sc/shop.sc","icon_gem_red","shop_item_red_pack2","shop_item_red_pack_info",,,0,99,0,"BK Statue",500,"deco",,,,,,,,,,,"TRUE",1,,"TRUE",,"TID_VALUE_STICKER_CONTENT",,,,1,,
"BombTower",,"com.supercell.magic.update2","TID_DIAMOND_BUNDLE_BOMB_TOWER","TID_DIAMOND_BUNDLE_BOMB_TOWER_INFO","TRUE","TRUE","TRUE","TRUE","TRUE","TRUE","sc/shop.sc","icon_gem_large","shop_item_townhall_pack2","shop_item_pack_info","th_pack",,8,99,0,"Bomb Tower",3000,"building",,0,,,,,"Gold",4000000,,,,59,"TRUE",,,"TID_VALUE_STICKER_CONTENT",5,4320,,1,0,
"ResourcePack",,"com.supercell.magic.resource7","TID_RES_PACK","TID_RES_PACK_INFO","TRUE","TRUE","TRUE","TRUE","TRUE","TRUE","sc/shop.sc","icon_gem_large","shop_item_special_resource_pack2","shop_item_pack_info","th_pack",,3,99,0,,,,,,,,,,"Gold",1000000,"TRUE",,,1,"TRUE",,,"TID_GOOD_VALUE",,,,1,0,
,,,,,,,,,,,,,,,,,,,,,,,,,,,,,"Elixir",1000000,,,,,,,,,,,,,,
"CalendarTest",,"com.supercell.magic.update2",,,"TRUE","TRUE","TRUE","TRUE","TRUE","TRUE","sc/shop.sc","icon_gem_large","shop_item_townhall_pack2","shop_item_pack_info","th_pack",,8,99,0,"Bomb Tower",3000,"building",,0,,,,,"Gold",666,,,,101,"TRUE",,,"TID_VALUE_STICKER_CONTENT",5,,,0,0,
"BlackFridayTH5",,"com.supercell.magic.resource1","TID_BLACK_FRIDAY_PACK","TID_DIAMOND_BUNDLE_GOLD_ELIXIR_INFO","TRUE","TRUE","TRUE","TRUE","TRUE","TRUE","sc/shop.sc","icon_gem_large","shop_item_special_resource_pack2","shop_item_pack_info","th_pack",,4,4,0,,,,,,,,,,"Gold",1500000,,,,100,"TRUE",,,"TID_VALUE_STICKER_CONTENT",4,4320,,1,0,
,,,,,,,,,,,,,,,,,,,,,,,,,,,,,"Elixir",1500000,,,,100,,,,,,,,,,
"BlackFridayTH6",,"com.supercell.magic.resource1","TID_BLACK_FRIDAY_PACK","TID_DIAMOND_BUNDLE_GOLD_ELIXIR_INFO","TRUE","TRUE","TRUE","TRUE","TRUE","TRUE","sc/shop.sc","icon_gem_large","shop_item_special_resource_pack2","shop_item_pack_info","th_pack",,5,5,0,,,,,,,,,,"Gold",2500000,,,,100,"TRUE",,,"TID_VALUE_STICKER_CONTENT",5,4320,,1,0,
,,,,,,,,,,,,,,,,,,,,,,,,,,,,,"Elixir",2500000,,,,100,,,,,,,,,,
"BlackFridayTH7",,"com.supercell.magic.resource1","TID_BLACK_FRIDAY_PACK","TID_DIAMOND_BUNDLE_DARK_ELIXIR_INFO","TRUE","TRUE","TRUE","TRUE","TRUE","TRUE","sc/shop.sc","icon_gem_large","shop_item_townhall_pack","shop_item_pack_info","th_pack",,6,6,0,,,,,,,,,,"DarkElixir",50000,,,,100,"TRUE",,,"TID_VALUE_STICKER_CONTENT",4,4320,,1,0,
"BlackFridayTH8_11",,"com.supercell.magic.resource2","TID_BLACK_FRIDAY_PACK","TID_DIAMOND_BUNDLE_DARK_ELIXIR_INFO","TRUE","TRUE","TRUE","TRUE","TRUE","TRUE","sc/shop.sc","icon_gem_large","shop_item_townhall_pack","shop_item_pack_info","th_pack",,7,99,0,,,,,,,,,,"DarkElixir",125000,,,,100,"TRUE",,,"TID_VALUE_STICKER_CONTENT",4,4320,,1,0,
"XmasPack2",,"com.supercell.magic.gift2","TID_DIAMOND_PACK_2","TID_XMAS_PACK_INFO","TRUE","TRUE","TRUE","TRUE","TRUE","TRUE","sc/shop.sc","icon_gem_large","phone_shop_item_gift_pack","phone_shop_item_gift_pack_info","birthday_pack",,3,99,-1,,,,,,,,10,20,,,,,,75,,"TRUE","com.supercell.magic.package2","TID_SHOP_GIFTS_ALLIANCE_GIFTS",2,,,0,,"TRUE"
"ResourcePackLow",,"com.supercell.magic.resource2","TID_RES_PACK","TID_RES_PACK_INFO","TRUE","TRUE","TRUE","TRUE","TRUE","TRUE","sc/shop.sc","icon_gem_large","shop_item_special_resource_pack2","shop_item_pack_info","th_pack",,5,7,-1,,,,,,,,,,"Gold",2000000,"FALSE",,,2,"TRUE",,,"TID_GOOD_VALUE",2,,,0,0,
,,,,,,,,,,,,,,,,,,,,,,,,,,,,,"Elixir",2000000,,,,,,,,,,,,,,
"ResourcePackTH9",,"com.supercell.magic.resource3","TID_RES_PACK","TID_RES_PACK_INFO","TRUE","TRUE","TRUE","TRUE","TRUE","TRUE","sc/shop.sc","icon_gem_large","shop_item_special_resource_pack2","shop_item_pack_info","th_pack",,8,8,0,,,,,,,,,,"Gold",4000000,"FALSE",,,2,"TRUE",,,"TID_GOOD_VALUE",2,,,0,0,
,,,,,,,,,,,,,,,,,,,,,,,,,,,,,"Elixir",4000000,,,,,,,,,,,,,,
"ResourcePackTH10",,"com.supercell.magic.resource3","TID_RES_PACK","TID_RES_PACK_INFO","TRUE","TRUE","TRUE","TRUE","TRUE","TRUE","sc/shop.sc","icon_gem_large","shop_item_special_resource_pack2","shop_item_pack_info","th_pack",,9,9,0,,,,,,,,,,"Gold",5000000,"FALSE",,,2,"TRUE",,,"TID_GOOD_VALUE",2,,,0,0,
,,,,,,,,,,,,,,,,,,,,,,,,,,,,,"Elixir",5000000,,,,,,,,,,,,,,
"ResourcePackTH11",,"com.supercell.magic.resource3","TID_RES_PACK","TID_RES_PACK_INFO","TRUE","TRUE","TRUE","TRUE","TRUE","TRUE","sc/shop.sc","icon_gem_large","shop_item_special_resource_pack2","shop_item_pack_info","th_pack",,10,10,0,,,,,,,,,,"Gold",6000000,"FALSE",,,2,"TRUE",,,"TID_GOOD_VALUE",2,,,0,0,
"XmasPack5",,"com.supercell.magic.gift5","TID_DIAMOND_PACK_5","TID_XMAS_PACK_INFO","TRUE","TRUE","TRUE","TRUE","TRUE","TRUE","sc/shop.sc","icon_gem_large","phone_shop_item_gift_pack","phone_shop_item_gift_pack_info","birthday_pack",,3,99,-1,,,,,,,,100,20,,,,,,75,,"TRUE","com.supercell.magic.package5","TID_SHOP_GIFTS_ALLIANCE_GIFTS",2,,,0,,"TRUE"
"HolidayFlashPackTH2",,"com.supercell.magic.holiday7","TID_XMAS_PACK","TID_DIAMOND_BUNDLE_GOLD_ELIXIR_INFO","TRUE","TRUE","TRUE","TRUE","TRUE","TRUE","sc/shop.sc","icon_gem_large","shop_item_townhall_pack2","shop_item_pack_info","xmas_pack",,1,1,0,,,,,,,,,,"Gold",20000,,,,110,"TRUE",,,"TID_VALUE_STICKER_CONTENT",2,,,1,0,
,,,,,,,,,,,,,,,,,,,,,,,,,,,,,"Elixir",20000,,,,,,,,,,,,,,
"HolidayFlashPackTH3",,"com.supercell.magic.holiday7","TID_XMAS_PACK","TID_DIAMOND_BUNDLE_GOLD_ELIXIR_INFO","TRUE","TRUE","TRUE","TRUE","TRUE","TRUE","sc/shop.sc","icon_gem_large","shop_item_townhall_pack2","shop_item_pack_info","xmas_pack",,2,2,0,,,,,,,,,,"Gold",50000,,,,110,"TRUE",,,"TID_VALUE_STICKER_CONTENT",3,,,1,0,
,,,,,,,,,,,,,,,,,,,,,,,,,,,,,"Elixir",50000,,,,,,,,,,,,,,
"HolidayFlashPackTH4",,"com.supercell.magic.holiday7","TID_XMAS_PACK","TID_DIAMOND_BUNDLE_GOLD_ELIXIR_INFO","TRUE","TRUE","TRUE","TRUE","TRUE","TRUE","sc/shop.sc","icon_gem_large","shop_item_townhall_pack2","shop_item_pack_info","xmas_pack",,3,3,0,,,,,,,,,,"Gold",200000,,,,110,"TRUE",,,"TID_VALUE_STICKER_CONTENT",4,,,1,0,
,,,,,,,,,,,,,,,,,,,,,,,,,,,,,"Elixir",200000,,,,,,,,,,,,,,
"HolidayFlashPackTH5",,"com.supercell.magic.holiday1","TID_XMAS_PACK","TID_DIAMOND_BUNDLE_GOLD_ELIXIR_INFO","TRUE","TRUE","TRUE","TRUE","TRUE","TRUE","sc/shop.sc","icon_gem_large","shop_item_townhall_pack2","shop_item_pack_info","xmas_pack",,4,4,0,,,,,,,,,,"Gold",1500000,,,,110,"TRUE",,,"TID_VALUE_STICKER_CONTENT",4,,,1,0,
,,,,,,,,,,,,,,,,,,,,,,,,,,,,,"Elixir",1500000,,,,,,,,,,,,,,
"HolidayFlashPackTH6",,"com.supercell.magic.holiday1","TID_XMAS_PACK","TID_DIAMOND_BUNDLE_GOLD_ELIXIR_INFO","TRUE","TRUE","TRUE","TRUE","TRUE","TRUE","sc/shop.sc","icon_gem_large","shop_item_townhall_pack2","shop_item_pack_info","xmas_pack",,5,5,0,,,,,,,,,,"Gold",2500000,,,,110,"TRUE",,,"TID_VALUE_STICKER_CONTENT",5,,,1,0,
,,,,,,,,,,,,,,,,,,,,,,,,,,,,,"Elixir",2500000,,,,,,,,,,,,,,
"HolidayFlashPackTH7",,"com.supercell.magic.holiday1","TID_XMAS_PACK","TID_DIAMOND_BUNDLE_GOLD_ELIXIR_DARK_ELIXIR_INFO","TRUE","TRUE","TRUE","TRUE","TRUE","TRUE","sc/shop.sc","icon_gem_large","shop_item_townhall_pack4","shop_item_pack_info","xmas_pack",,6,6,0,,,,,,,,,,"Gold",2500000,,,,110,"TRUE",,,"TID_VALUE_STICKER_CONTENT",7,,,1,0,
,,,,,,,,,,,,,,,,,,,,,,,,,,,,,"Elixir",2500000,,,,,,,,,,,,,,
,,,,,,,,,,,,,,,,,,,,,,,,,,,,,"DarkElixir",25000,,,,,,,,,,,,,,
"HolidayFlashPackTH8_9",,"com.supercell.magic.holiday2","TID_XMAS_PACK","TID_DIAMOND_BUNDLE_GOLD_ELIXIR_DARK_ELIXIR_INFO","TRUE","TRUE","TRUE","TRUE","TRUE","TRUE","sc/shop.sc","icon_gem_large","shop_item_townhall_pack4","shop_item_pack_info","xmas_pack",,7,8,0,,,,,,,,,,"Gold",5000000,,,,110,"TRUE",,,"TID_VALUE_STICKER_CONTENT",5,,,1,0,
,,,,,,,,,,,,,,,,,,,,,,,,,,,,,"Elixir",5000000,,,,,,,,,,,,,,
,,,,,,,,,,,,,,,,,,,,,,,,,,,,,"DarkElixir",50000,,,,,,,,,,,,,,
"HolidayFlashPackTH10_11",,"com.supercell.magic.holiday3","TID_XMAS_PACK","TID_DIAMOND_BUNDLE_GOLD_ELIXIR_DARK_ELIXIR_INFO","TRUE","TRUE","TRUE","TRUE","TRUE","TRUE","sc/shop.sc","icon_gem_large","shop_item_townhall_pack4","shop_item_pack_info","xmas_pack",,9,99,0,,,,,,,,,,"Gold",10000000,,,,110,"TRUE",,,"TID_VALUE_STICKER_CONTENT",5,,,1,0,
,,,,,,,,,,,,,,,,,,,,,,,,,,,,,"Elixir",10000000,,,,,,,,,,,,,,
,,,,,,,,,,,,,,,,,,,,,,,,,,,,,"DarkElixir",100000,,,,,,,,,,,,,,
"XmasPack3",,"com.supercell.magic.gift3","TID_DIAMOND_PACK_3","TID_XMAS_PACK_INFO","TRUE","TRUE","TRUE","TRUE","TRUE","TRUE","sc/shop.sc","icon_gem_large","phone_shop_item_gift_pack","phone_shop_item_gift_pack_info","birthday_pack",,3,99,-1,,,,,,,,20,20,,,,,,75,,"TRUE","com.supercell.magic.package3","TID_SHOP_GIFTS_ALLIANCE_GIFTS",2,,,0,,"TRUE"
"XmasPack4",,"com.supercell.magic.gift4","TID_DIAMOND_PACK_4","TID_XMAS_PACK_INFO","TRUE","TRUE","TRUE","TRUE","TRUE","TRUE","sc/shop.sc","icon_gem_large","phone_shop_item_gift_pack","phone_shop_item_gift_pack_info","birthday_pack",,3,99,-1,,,,,,,,50,20,,,,,,75,,"TRUE","com.supercell.magic.package4","TID_SHOP_GIFTS_ALLIANCE_GIFTS",2,,,0,,"TRUE"
"CNY2017_TH2",,"com.supercell.magic.resource7","TID_CNY_PACK","TID_DIAMOND_BUNDLE_GOLD_ELIXIR_INFO","TRUE","TRUE","TRUE","TRUE","TRUE","TRUE","sc/shop.sc","icon_gem_large","shop_item_townhall_pack2","shop_item_pack_info","th_pack",,1,1,0,,,,,,,,,,"Gold",20000,,,,120,"TRUE",,,"TID_VALUE_STICKER_CONTENT",2,,,1,0,
,,,,,,,,,,,,,,,,,,,,,,,,,,,,,"Elixir",20000,,,,,,,,,,,,,,
"CNY2017_TH3",,"com.supercell.magic.resource7","TID_CNY_PACK","TID_DIAMOND_BUNDLE_GOLD_ELIXIR_INFO","TRUE","TRUE","TRUE","TRUE","TRUE","TRUE","sc/shop.sc","icon_gem_large","shop_item_townhall_pack2","shop_item_pack_info","th_pack",,2,2,0,,,,,,,,,,"Gold",50000,,,,120,"TRUE",,,"TID_VALUE_STICKER_CONTENT",3,,,1,0,
,,,,,,,,,,,,,,,,,,,,,,,,,,,,,"Elixir",50000,,,,,,,,,,,,,,
"CNY2017_TH4",,"com.supercell.magic.resource7","TID_CNY_PACK","TID_DIAMOND_BUNDLE_GOLD_ELIXIR_INFO","TRUE","TRUE","TRUE","TRUE","TRUE","TRUE","sc/shop.sc","icon_gem_large","shop_item_townhall_pack2","shop_item_pack_info","th_pack",,3,3,0,,,,,,,,,,"Gold",200000,,,,120,"TRUE",,,"TID_VALUE_STICKER_CONTENT",4,,,1,0,
,,,,,,,,,,,,,,,,,,,,,,,,,,,,,"Elixir",200000,,,,,,,,,,,,,,
"CNY2017_TH5",,"com.supercell.magic.resource1","TID_CNY_PACK","TID_DIAMOND_BUNDLE_GOLD_ELIXIR_INFO","TRUE","TRUE","TRUE","TRUE","TRUE","TRUE","sc/shop.sc","icon_gem_large","shop_item_townhall_pack2","shop_item_pack_info","th_pack",,4,4,0,,,,,,,,,,"Gold",1500000,,,,120,"TRUE",,,"TID_VALUE_STICKER_CONTENT",4,,,1,0,
,,,,,,,,,,,,,,,,,,,,,,,,,,,,,"Elixir",1500000,,,,,,,,,,,,,,
"CNY2017_TH6",,"com.supercell.magic.resource1","TID_CNY_PACK","TID_DIAMOND_BUNDLE_GOLD_ELIXIR_INFO","TRUE","TRUE","TRUE","TRUE","TRUE","TRUE","sc/shop.sc","icon_gem_large","shop_item_townhall_pack2","shop_item_pack_info","th_pack",,5,5,0,,,,,,,,,,"Gold",2000000,,,,120,"TRUE",,,"TID_VALUE_STICKER_CONTENT",4,,,1,0,
,,,,,,,,,,,,,,,,,,,,,,,,,,,,,"Elixir",2000000,,,,,,,,,,,,,,
"CNY2017_TH7",,"com.supercell.magic.resource1","TID_CNY_PACK","TID_DIAMOND_BUNDLE_GOLD_ELIXIR_INFO","TRUE","TRUE","TRUE","TRUE","TRUE","TRUE","sc/shop.sc","icon_gem_large","shop_item_townhall_pack2","shop_item_pack_info","th_pack",,6,6,0,,,,,,,,,,"Gold",2000000,,,,120,"TRUE",,,"TID_VALUE_STICKER_CONTENT",4,,,1,0,
,,,,,,,,,,,,,,,,,,,,,,,,,,,,,"Elixir",2000000,,,,,,,,,,,,,,
"CNY2017_TH8_9",,"com.supercell.magic.resource2","TID_CNY_PACK","TID_DIAMOND_BUNDLE_GOLD_ELIXIR_INFO","TRUE","TRUE","TRUE","TRUE","TRUE","TRUE","sc/shop.sc","icon_gem_large","shop_item_townhall_pack2","shop_item_pack_info","th_pack",,7,8,0,,,,,,,,,,"Gold",4000000,,,,120,"TRUE",,,"TID_VALUE_STICKER_CONTENT",3,,,1,0,
,,,,,,,,,,,,,,,,,,,,,,,,,,,,,"Elixir",4000000,,,,,,,,,,,,,,
"CNY2017_TH10_11",,"com.supercell.magic.resource3","TID_CNY_PACK","TID_DIAMOND_BUNDLE_GOLD_ELIXIR_INFO","TRUE","TRUE","TRUE","TRUE","TRUE","TRUE","sc/shop.sc","icon_gem_large","shop_item_townhall_pack2","shop_item_pack_info","th_pack",,9,99,0,,,,,,,,,,"Gold",8000000,,,,120,"TRUE",,,"TID_VALUE_STICKER_CONTENT",3,,,1,0,
,,,,,,,,,,,,,,,,,,,,,,,,,,,,,"Elixir",8000000,,,,,,,,,,,,,,
"CNY2017_TH8_11",,"com.supercell.magic.resource2","TID_CNY_PACK","TID_DIAMOND_BUNDLE_GOLD_ELIXIR_INFO","TRUE","TRUE","TRUE","TRUE","TRUE","TRUE","sc/shop.sc","icon_gem_large","shop_item_townhall_pack2","shop_item_pack_info","th_pack",,7,99,0,,,,,,,,,,"Gold",4000000,,,,120,"TRUE",,,"TID_VALUE_STICKER_CONTENT",3,,,1,0,
,,,,,,,,,,,,,,,,,,,,,,,,,,,,,"Elixir",4000000,,,,,,,,,,,,,,
"CWBD_TH2",,"com.supercell.magic.resource7","TID_OFFER_CW_TITLE","TID_DIAMOND_BUNDLE_GOLD_ELIXIR_INFO","TRUE","TRUE","TRUE","TRUE","TRUE","TRUE","sc/shop.sc","icon_gem_large","shop_item_townhall_pack2","shop_item_pack_info","th_pack",,1,1,0,,,,,,,,,,"Gold",20000,,,,130,"TRUE",,,"TID_VALUE_STICKER_CONTENT",2,,,1,0,
,,,,,,,,,,,,,,,,,,,,,,,,,,,,,"Elixir",20000,,,,,,,,,,,,,,
"CWBD_TH3",,"com.supercell.magic.resource7","TID_OFFER_CW_TITLE","TID_DIAMOND_BUNDLE_GOLD_ELIXIR_INFO","TRUE","TRUE","TRUE","TRUE","TRUE","TRUE","sc/shop.sc","icon_gem_large","shop_item_townhall_pack2","shop_item_pack_info","th_pack",,2,2,0,,,,,,,,,,"Gold",50000,,,,130,"TRUE",,,"TID_VALUE_STICKER_CONTENT",3,,,1,0,
,,,,,,,,,,,,,,,,,,,,,,,,,,,,,"Elixir",50000,,,,,,,,,,,,,,
"CWBD_TH4",,"com.supercell.magic.resource7","TID_OFFER_CW_TITLE","TID_DIAMOND_BUNDLE_GOLD_ELIXIR_INFO","TRUE","TRUE","TRUE","TRUE","TRUE","TRUE","sc/shop.sc","icon_gem_large","shop_item_townhall_pack2","shop_item_pack_info","th_pack",,3,3,0,,,,,,,,,,"Gold",200000,,,,130,"TRUE",,,"TID_VALUE_STICKER_CONTENT",4,,,1,0,
,,,,,,,,,,,,,,,,,,,,,,,,,,,,,"Elixir",200000,,,,,,,,,,,,,,
"CWBD_TH5",,"com.supercell.magic.resource1","TID_OFFER_CW_TITLE","TID_DIAMOND_BUNDLE_GOLD_ELIXIR_INFO","TRUE","TRUE","TRUE","TRUE","TRUE","TRUE","sc/shop.sc","icon_gem_large","shop_item_special_resource_pack2","shop_item_pack_info","th_pack",,4,4,0,,,,,,,,,,"Gold",1500000,,,,130,"TRUE",,,"TID_VALUE_STICKER_CONTENT",4,,,1,0,
,,,,,,,,,,,,,,,,,,,,,,,,,,,,,"Elixir",1500000,,,,,,,,,,,,,,
"CWBD_TH6",,"com.supercell.magic.resource1","TID_OFFER_CW_TITLE","TID_DIAMOND_BUNDLE_GOLD_ELIXIR_INFO","TRUE","TRUE","TRUE","TRUE","TRUE","TRUE","sc/shop.sc","icon_gem_large","shop_item_special_resource_pack2","shop_item_pack_info","th_pack",,5,5,0,,,,,,,,,,"Gold",2500000,,,,130,"TRUE",,,"TID_VALUE_STICKER_CONTENT",5,,,1,0,
,,,,,,,,,,,,,,,,,,,,,,,,,,,,,"Elixir",2500000,,,,,,,,,,,,,,
"CWBD_TH7",,"com.supercell.magic.resource1","TID_OFFER_CW_TITLE","TID_DIAMOND_BUNDLE_DARK_ELIXIR_INFO","TRUE","TRUE","TRUE","TRUE","TRUE","TRUE","sc/shop.sc","icon_gem_large","shop_item_townhall_pack","shop_item_pack_info","th_pack",,6,6,0,,,,,,,,,,"DarkElixir",50000,,,,130,"TRUE",,,"TID_VALUE_STICKER_CONTENT",4,,,1,0,
"CWBD_TH8_11",,"com.supercell.magic.resource2","TID_OFFER_CW_TITLE","TID_DIAMOND_BUNDLE_DARK_ELIXIR_INFO","TRUE","TRUE","TRUE","TRUE","TRUE","TRUE","sc/shop.sc","icon_gem_large","shop_item_townhall_pack","shop_item_pack_info","th_pack",,7,99,0,,,,,,,,,,"DarkElixir",125000,,,,130,"TRUE",,,"TID_VALUE_STICKER_CONTENT",4,,,1,0,
"BuildersHall3",103,"com.supercell.magic.bh1","TID_DIAMOND_BUNDLE_BH3","TID_DIAMOND_BUNDLE_BH3_INFO",,"TRUE","TRUE","TRUE","TRUE","TRUE","sc/shop.sc","icon_gem_large","shop_item_townhall_pack2","shop_item_pack_info","th_pack",,2,2,1,"Crusher",,"building",,0,,,,,"Elixir2",100000,,,,80,"TRUE",,,"TID_VALUE_STICKER_CONTENT",2,,,1,0,
"BuildersHall4",104,"com.supercell.magic.bh2","TID_DIAMOND_BUNDLE_BH4","TID_DIAMOND_BUNDLE_BH4_INFO",,"TRUE","TRUE","TRUE","TRUE","TRUE","sc/shop.sc","icon_gem_large","shop_item_townhall_pack4","shop_item_pack_info","th_pack",,3,3,1,"Air Defense2",,"building",,0,,,,,"Elixir2",500000,,,,80,"TRUE",,,"TID_VALUE_STICKER_CONTENT",3,,,1,0,
,,,,,,,,,,,,,,,,,,,,"Guard Post",,"building",,0,,,,,,,,,,,,,,,,,,,,
"BuildersHall5",105,"com.supercell.magic.bh2","TID_DIAMOND_BUNDLE_BH5","TID_DIAMOND_BUNDLE_BH5_INFO",,"TRUE","TRUE","TRUE","TRUE","TRUE","sc/shop.sc","icon_gem_large","shop_item_townhall_pack2","shop_item_pack_info","th_pack",,4,4,1,"Multi Mortar",,"building",,0,,,,,"Elixir2",1000000,,,,80,"TRUE",,,"TID_VALUE_STICKER_CONTENT",3,,,1,0,
"BuildersHall6",106,"com.supercell.magic.bh3","TID_DIAMOND_BUNDLE_BH6","TID_DIAMOND_BUNDLE_BH6_INFO",,"TRUE","TRUE","TRUE","TRUE","TRUE","sc/shop.sc","icon_gem_large","shop_item_townhall_pack4","shop_item_pack_info","th_pack",,5,5,1,"Flamer",,"building",,0,,,,,"Elixir2",2000000,,,,80,"TRUE",,,"TID_VALUE_STICKER_CONTENT",3,,,1,0,
,,,,,,,,,,,,,,,,,,,,"Crusher",,"building",,0,,,,,,,,,,,,,,,,,,,,
"BuildersHall7",107,"com.supercell.magic.bh3","TID_DIAMOND_BUNDLE_BH7","TID_DIAMOND_BUNDLE_BH7_INFO",,"TRUE","TRUE","TRUE","TRUE","TRUE","sc/shop.sc","icon_gem_large","shop_item_townhall_pack4","shop_item_pack_info","th_pack",,6,6,1,"Giant Cannon",,"building",,3,,,,,"Gold2",2000000,,,,80,"TRUE",,,"TID_VALUE_STICKER_CONTENT",4,,,1,0,
,,,,,,,,,,,,,,,,,,,,,,,,,,,,,"Elixir2",2000000,,,,,,,,,,,,,,
"BuildersHall8",108,"com.supercell.magic.bh3","TID_DIAMOND_BUNDLE_BH8","TID_DIAMOND_BUNDLE_BH8_INFO",,"TRUE","TRUE","TRUE","TRUE","TRUE","sc/shop.sc","icon_gem_large","shop_item_townhall_pack4","shop_item_pack_info","th_pack",,7,7,1,"Mega Tesla",,"building",,3,,,,,"Gold2",3000000,,,,80,"TRUE",,,"TID_VALUE_STICKER_CONTENT",5,,,1,0,
,,,,,,,,,,,,,,,,,,,,,,,,,,,,,"Elixir2",3000000,,,,,,,,,,,,,,
"ResourcePack_TH4_0_99_Gold",,"com.supercell.magic.resource7","TID_RES_PACK","TID_RES_PACK_INFO_GOLD","TRUE","TRUE","TRUE","TRUE","TRUE","TRUE","sc/shop.sc","icon_gem_large","shop_item_townhall_pack","shop_item_pack_info","xmas_pack_old",,3,99,0,,,,,,,,,,"Gold",200000,,,,100,"TRUE",,,"TID_GOOD_VALUE",,,,1,0,
"ResourcePack_TH5_0_99_Gold",,"com.supercell.magic.resource7","TID_RES_PACK","TID_RES_PACK_INFO_GOLD","TRUE","TRUE","TRUE","TRUE","TRUE","TRUE","sc/shop.sc","icon_gem_large","shop_item_townhall_pack","shop_item_pack_info","xmas_pack_old",,3,99,0,,,,,,,,,,"Gold",500000,,,,100,"TRUE",,,"TID_GOOD_VALUE",,,,1,0,
"ResourcePack_TH6_0_99_Gold",,"com.supercell.magic.resource7","TID_RES_PACK","TID_RES_PACK_INFO_GOLD","TRUE","TRUE","TRUE","TRUE","TRUE","TRUE","sc/shop.sc","icon_gem_large","shop_item_townhall_pack","shop_item_pack_info","xmas_pack_old",,3,99,0,,,,,,,,,,"Gold",800000,,,,100,"TRUE",,,"TID_GOOD_VALUE",,,,1,0,
"ResourcePack_TH7_0_99_Gold",,"com.supercell.magic.resource7","TID_RES_PACK","TID_RES_PACK_INFO_GOLD","TRUE","TRUE","TRUE","TRUE","TRUE","TRUE","sc/shop.sc","icon_gem_large","shop_item_townhall_pack","shop_item_pack_info","xmas_pack_old",,3,99,0,,,,,,,,,,"Gold",1000000,,,,100,"TRUE",,,"TID_GOOD_VALUE",,,,1,0,
"ResourcePack_TH8_0_99_Gold",,"com.supercell.magic.resource7","TID_RES_PACK","TID_RES_PACK_INFO_GOLD","TRUE","TRUE","TRUE","TRUE","TRUE","TRUE","sc/shop.sc","icon_gem_large","shop_item_townhall_pack","shop_item_pack_info","xmas_pack_old",,3,99,0,,,,,,,,,,"Gold",1200000,,,,100,"TRUE",,,"TID_GOOD_VALUE",,,,1,0,
"ResourcePack_TH9_0_99_Gold",,"com.supercell.magic.resource7","TID_RES_PACK","TID_RES_PACK_INFO_GOLD","TRUE","TRUE","TRUE","TRUE","TRUE","TRUE","sc/shop.sc","icon_gem_large","shop_item_townhall_pack","shop_item_pack_info","xmas_pack_old",,3,99,0,,,,,,,,,,"Gold",1300000,,,,100,"TRUE",,,"TID_GOOD_VALUE",,,,1,0,
"ResourcePack_TH10_11_0_99_Gold",,"com.supercell.magic.resource7","TID_RES_PACK","TID_RES_PACK_INFO_GOLD","TRUE","TRUE","TRUE","TRUE","TRUE","TRUE","sc/shop.sc","icon_gem_large","shop_item_townhall_pack","shop_item_pack_info","xmas_pack_old",,3,99,0,,,,,,,,,,"Gold",1500000,,,,100,"TRUE",,,"TID_GOOD_VALUE",,,,1,0,
"ResourcePack_TH4_0_99_Elixir",,"com.supercell.magic.resource7","TID_RES_PACK","TID_RES_PACK_INFO_ELIXIR","TRUE","TRUE","TRUE","TRUE","TRUE","TRUE","sc/shop.sc","icon_gem_large","shop_item_townhall_pack","shop_item_pack_info","xmas_pack_old",,3,99,0,,,,,,,,,,"Elixir",200000,,,,100,"TRUE",,,"TID_GOOD_VALUE",,,,1,0,
"ResourcePack_TH5_0_99_Elixir",,"com.supercell.magic.resource7","TID_RES_PACK","TID_RES_PACK_INFO_ELIXIR","TRUE","TRUE","TRUE","TRUE","TRUE","TRUE","sc/shop.sc","icon_gem_large","shop_item_townhall_pack","shop_item_pack_info","xmas_pack_old",,3,99,0,,,,,,,,,,"Elixir",500000,,,,100,"TRUE",,,"TID_GOOD_VALUE",,,,1,0,
"ResourcePack_TH6_0_99_Elixir",,"com.supercell.magic.resource7","TID_RES_PACK","TID_RES_PACK_INFO_ELIXIR","TRUE","TRUE","TRUE","TRUE","TRUE","TRUE","sc/shop.sc","icon_gem_large","shop_item_townhall_pack","shop_item_pack_info","xmas_pack_old",,3,99,0,,,,,,,,,,"Elixir",800000,,,,100,"TRUE",,,"TID_GOOD_VALUE",,,,1,0,
"ResourcePack_TH7_0_99_Elixir",,"com.supercell.magic.resource7","TID_RES_PACK","TID_RES_PACK_INFO_ELIXIR","TRUE","TRUE","TRUE","TRUE","TRUE","TRUE","sc/shop.sc","icon_gem_large","shop_item_townhall_pack","shop_item_pack_info","xmas_pack_old",,3,99,0,,,,,,,,,,"Elixir",1000000,,,,100,"TRUE",,,"TID_GOOD_VALUE",,,,1,0,
"ResourcePack_TH8_0_99_Elixir",,"com.supercell.magic.resource7","TID_RES_PACK","TID_RES_PACK_INFO_ELIXIR","TRUE","TRUE","TRUE","TRUE","TRUE","TRUE","sc/shop.sc","icon_gem_large","shop_item_townhall_pack","shop_item_pack_info","xmas_pack_old",,3,99,0,,,,,,,,,,"Elixir",1200000,,,,100,"TRUE",,,"TID_GOOD_VALUE",,,,1,0,
"ResourcePack_TH9_0_99_Elixir",,"com.supercell.magic.resource7","TID_RES_PACK","TID_RES_PACK_INFO_ELIXIR","TRUE","TRUE","TRUE","TRUE","TRUE","TRUE","sc/shop.sc","icon_gem_large","shop_item_townhall_pack","shop_item_pack_info","xmas_pack_old",,3,99,0,,,,,,,,,,"Elixir",1300000,,,,100,"TRUE",,,"TID_GOOD_VALUE",,,,1,0,
"ResourcePack_TH10_11_0_99_Elixir",,"com.supercell.magic.resource7","TID_RES_PACK","TID_RES_PACK_INFO_ELIXIR","TRUE","TRUE","TRUE","TRUE","TRUE","TRUE","sc/shop.sc","icon_gem_large","shop_item_townhall_pack","shop_item_pack_info","xmas_pack_old",,3,99,0,,,,,,,,,,"Elixir",1500000,,,,100,"TRUE",,,"TID_GOOD_VALUE",,,,1,0,
"ResourcePack_TH4_4_99_Gold",,"com.supercell.magic.resource1","TID_RES_PACK","TID_RES_PACK_INFO_GOLD","TRUE","TRUE","TRUE","TRUE","TRUE","TRUE","sc/shop.sc","icon_gem_large","shop_item_townhall_pack","shop_item_pack_info","xmas_pack_old",,3,99,0,,,,,,,,,,"Gold",300000,,,,100,"TRUE",,,"TID_GOOD_VALUE",,,,1,0,
"ResourcePack_TH5_4_99_Gold",,"com.supercell.magic.resource1","TID_RES_PACK","TID_RES_PACK_INFO_GOLD","TRUE","TRUE","TRUE","TRUE","TRUE","TRUE","sc/shop.sc","icon_gem_large","shop_item_townhall_pack","shop_item_pack_info","xmas_pack_old",,3,99,0,,,,,,,,,,"Gold",750000,,,,100,"TRUE",,,"TID_GOOD_VALUE",,,,1,0,
"ResourcePack_TH6_4_99_Gold",,"com.supercell.magic.resource1","TID_RES_PACK","TID_RES_PACK_INFO_GOLD","TRUE","TRUE","TRUE","TRUE","TRUE","TRUE","sc/shop.sc","icon_gem_large","shop_item_townhall_pack","shop_item_pack_info","xmas_pack_old",,3,99,0,,,,,,,,,,"Gold",1500000,,,,100,"TRUE",,,"TID_GOOD_VALUE",,,,1,0,
"ResourcePack_TH7_4_99_Gold",,"com.supercell.magic.resource1","TID_RES_PACK","TID_RES_PACK_INFO_GOLD","TRUE","TRUE","TRUE","TRUE","TRUE","TRUE","sc/shop.sc","icon_gem_large","shop_item_townhall_pack","shop_item_pack_info","xmas_pack_old",,3,99,0,,,,,,,,,,"Gold",2000000,,,,100,"TRUE",,,"TID_GOOD_VALUE",,,,1,0,
"ResourcePack_TH8_4_99_Gold",,"com.supercell.magic.resource1","TID_RES_PACK","TID_RES_PACK_INFO_GOLD","TRUE","TRUE","TRUE","TRUE","TRUE","TRUE","sc/shop.sc","icon_gem_large","shop_item_townhall_pack","shop_item_pack_info","xmas_pack_old",,3,99,0,,,,,,,,,,"Gold",2250000,,,,100,"TRUE",,,"TID_GOOD_VALUE",,,,1,0,
"ResourcePack_TH9_4_99_Gold",,"com.supercell.magic.resource1","TID_RES_PACK","TID_RES_PACK_INFO_GOLD","TRUE","TRUE","TRUE","TRUE","TRUE","TRUE","sc/shop.sc","icon_gem_large","shop_item_townhall_pack","shop_item_pack_info","xmas_pack_old",,3,99,0,,,,,,,,,,"Gold",2700000,,,,100,"TRUE",,,"TID_GOOD_VALUE",,,,1,0,
"ResourcePack_TH10_11_4_99_Gold",,"com.supercell.magic.resource1","TID_RES_PACK","TID_RES_PACK_INFO_GOLD","TRUE","TRUE","TRUE","TRUE","TRUE","TRUE","sc/shop.sc","icon_gem_large","shop_item_townhall_pack","shop_item_pack_info","xmas_pack_old",,3,99,0,,,,,,,,,,"Gold",3000000,,,,100,"TRUE",,,"TID_GOOD_VALUE",,,,1,0,
"ResourcePack_TH4_4_99_Elixir",,"com.supercell.magic.resource1","TID_RES_PACK","TID_RES_PACK_INFO_ELIXIR","TRUE","TRUE","TRUE","TRUE","TRUE","TRUE","sc/shop.sc","icon_gem_large","shop_item_townhall_pack","shop_item_pack_info","xmas_pack_old",,3,99,0,,,,,,,,,,"Elixir",300000,,,,100,"TRUE",,,"TID_GOOD_VALUE",,,,1,0,
"ResourcePack_TH5_4_99_Elixir",,"com.supercell.magic.resource1","TID_RES_PACK","TID_RES_PACK_INFO_ELIXIR","TRUE","TRUE","TRUE","TRUE","TRUE","TRUE","sc/shop.sc","icon_gem_large","shop_item_townhall_pack","shop_item_pack_info","xmas_pack_old",,3,99,0,,,,,,,,,,"Elixir",750000,,,,100,"TRUE",,,"TID_GOOD_VALUE",,,,1,0,
"ResourcePack_TH6_4_99_Elixir",,"com.supercell.magic.resource1","TID_RES_PACK","TID_RES_PACK_INFO_ELIXIR","TRUE","TRUE","TRUE","TRUE","TRUE","TRUE","sc/shop.sc","icon_gem_large","shop_item_townhall_pack","shop_item_pack_info","xmas_pack_old",,3,99,0,,,,,,,,,,"Elixir",1500000,,,,100,"TRUE",,,"TID_GOOD_VALUE",,,,1,0,
"ResourcePack_TH7_4_99_Elixir",,"com.supercell.magic.resource1","TID_RES_PACK","TID_RES_PACK_INFO_ELIXIR","TRUE","TRUE","TRUE","TRUE","TRUE","TRUE","sc/shop.sc","icon_gem_large","shop_item_townhall_pack","shop_item_pack_info","xmas_pack_old",,3,99,0,,,,,,,,,,"Elixir",2000000,,,,100,"TRUE",,,"TID_GOOD_VALUE",,,,1,0,
"ResourcePack_TH8_4_99_Elixir",,"com.supercell.magic.resource1","TID_RES_PACK","TID_RES_PACK_INFO_ELIXIR","TRUE","TRUE","TRUE","TRUE","TRUE","TRUE","sc/shop.sc","icon_gem_large","shop_item_townhall_pack","shop_item_pack_info","xmas_pack_old",,3,99,0,,,,,,,,,,"Elixir",2250000,,,,100,"TRUE",,,"TID_GOOD_VALUE",,,,1,0,
"ResourcePack_TH9_4_99_Elixir",,"com.supercell.magic.resource1","TID_RES_PACK","TID_RES_PACK_INFO_ELIXIR","TRUE","TRUE","TRUE","TRUE","TRUE","TRUE","sc/shop.sc","icon_gem_large","shop_item_townhall_pack","shop_item_pack_info","xmas_pack_old",,3,99,0,,,,,,,,,,"Elixir",2700000,,,,100,"TRUE",,,"TID_GOOD_VALUE",,,,1,0,
"ResourcePack_TH10_11_4_99_Elixir",,"com.supercell.magic.resource1","TID_RES_PACK","TID_RES_PACK_INFO_ELIXIR","TRUE","TRUE","TRUE","TRUE","TRUE","TRUE","sc/shop.sc","icon_gem_large","shop_item_townhall_pack","shop_item_pack_info","xmas_pack_old",,3,99,0,,,,,,,,,,"Elixir",3000000,,,,100,"TRUE",,,"TID_GOOD_VALUE",,,,1,0,
"ResourcePack_TH4_4_99_Gold_Elixir",,"com.supercell.magic.resource1","TID_RES_PACK","TID_RES_PACK_INFO","TRUE","TRUE","TRUE","TRUE","TRUE","TRUE","sc/shop.sc","icon_gem_large","shop_item_special_resource_pack2","shop_item_pack_info","th_pack",,3,99,0,,,,,,,,,,"Gold",200000,,,,100,"TRUE",,,"TID_GOOD_VALUE",,,,1,0,
,,,,,,,,,,,,,,,,,,,,,,,,,,,,,"Elixir",200000,,,,,,,,,,,,,,
"ResourcePack_TH5_4_99_Gold_Elixir",,"com.supercell.magic.resource1","TID_RES_PACK","TID_RES_PACK_INFO","TRUE","TRUE","TRUE","TRUE","TRUE","TRUE","sc/shop.sc","icon_gem_large","shop_item_special_resource_pack2","shop_item_pack_info","th_pack",,3,99,0,,,,,,,,,,"Gold",500000,,,,100,"TRUE",,,"TID_GOOD_VALUE",,,,1,0,
,,,,,,,,,,,,,,,,,,,,,,,,,,,,,"Elixir",500000,,,,,,,,,,,,,,
"ResourcePack_TH6_4_99_Gold_Elixir",,"com.supercell.magic.resource1","TID_RES_PACK","TID_RES_PACK_INFO","TRUE","TRUE","TRUE","TRUE","TRUE","TRUE","sc/shop.sc","icon_gem_large","shop_item_special_resource_pack2","shop_item_pack_info","th_pack",,3,99,0,,,,,,,,,,"Gold",1000000,,,,100,"TRUE",,,"TID_GOOD_VALUE",,,,1,0,
,,,,,,,,,,,,,,,,,,,,,,,,,,,,,"Elixir",1000000,,,,,,,,,,,,,,
"ResourcePack_TH7_4_99_Gold_Elixir",,"com.supercell.magic.resource1","TID_RES_PACK","TID_RES_PACK_INFO","TRUE","TRUE","TRUE","TRUE","TRUE","TRUE","sc/shop.sc","icon_gem_large","shop_item_special_resource_pack2","shop_item_pack_info","th_pack",,3,99,0,,,,,,,,,,"Gold",1300000,,,,100,"TRUE",,,"TID_GOOD_VALUE",,,,1,0,
,,,,,,,,,,,,,,,,,,,,,,,,,,,,,"Elixir",1300000,,,,,,,,,,,,,,
"ResourcePack_TH8_4_99_Gold_Elixir",,"com.supercell.magic.resource1","TID_RES_PACK","TID_RES_PACK_INFO","TRUE","TRUE","TRUE","TRUE","TRUE","TRUE","sc/shop.sc","icon_gem_large","shop_item_special_resource_pack2","shop_item_pack_info","th_pack",,3,99,0,,,,,,,,,,"Gold",1500000,,,,100,"TRUE",,,"TID_GOOD_VALUE",,,,1,0,
,,,,,,,,,,,,,,,,,,,,,,,,,,,,,"Elixir",1500000,,,,,,,,,,,,,,
"ResourcePack_TH9_4_99_Gold_Elixir",,"com.supercell.magic.resource1","TID_RES_PACK","TID_RES_PACK_INFO","TRUE","TRUE","TRUE","TRUE","TRUE","TRUE","sc/shop.sc","icon_gem_large","shop_item_special_resource_pack2","shop_item_pack_info","th_pack",,3,99,0,,,,,,,,,,"Gold",1800000,,,,100,"TRUE",,,"TID_GOOD_VALUE",,,,1,0,
,,,,,,,,,,,,,,,,,,,,,,,,,,,,,"Elixir",1800000,,,,,,,,,,,,,,
"ResourcePack_TH10_11_4_99_Gold_Elixir",,"com.supercell.magic.resource1","TID_RES_PACK","TID_RES_PACK_INFO","TRUE","TRUE","TRUE","TRUE","TRUE","TRUE","sc/shop.sc","icon_gem_large","shop_item_special_resource_pack2","shop_item_pack_info","th_pack",,3,99,0,,,,,,,,,,"Gold",2000000,,,,100,"TRUE",,,"TID_GOOD_VALUE",,,,1,0,
,,,,,,,,,,,,,,,,,,,,,,,,,,,,,"Elixir",2000000,,,,,,,,,,,,,,
"ResourcePack_Special",,"com.supercell.magic.resource7","TID_RES_PACK_SPECIAL","TID_RES_PACK_INFO","TRUE","TRUE","TRUE","TRUE","TRUE","TRUE","sc/shop.sc","icon_gem_large","shop_item_special_resource_pack2","shop_item_pack_info","th_pack",,3,99,0,,,,,,,,,,"Gold",1000000,"TRUE",200,,100,"TRUE",,,"TID_GOOD_VALUE",,,,1,0,
,,,,,,,,,,,,,,,,,,,,,,,,,,,,,"Elixir",1000000,,,,,,,,,,,,,,
"Statue",,"com.supercell.magic.deco1","TID_DIAMOND_BUNDLE_HERO","TID_DIAMOND_BUNDLE_HERO_INFO","TRUE","TRUE","TRUE","TRUE","TRUE","TRUE","sc/shop.sc","icon_gem_large","shop_item_birthday_pack","shop_item_pack_info","birthday_pack",,0,99,0,"Builder Statue",500,"deco",,,,,,,,,,,,100,"TRUE",,,"TID_VALUE_STICKER_CONTENT",2,,,1,0,
"ResourcePack_TH3_0_99_Gold",,"com.supercell.magic.resource7","TID_RES_PACK","TID_RES_PACK_INFO_GOLD","TRUE","TRUE","TRUE","TRUE","TRUE","TRUE","sc/shop.sc","icon_gem_large","shop_item_townhall_pack","shop_item_pack_info","xmas_pack_old",,0,99,0,,,,,,,,,,"Gold",60000,,,,100,"TRUE",,,"TID_GOOD_VALUE",,,,1,0,
"BdayPack1_TH3",,"com.supercell.magic.holiday7","TID_OFFER_ANNIVERSARY","TID_DIAMOND_BUNDLE_GOLD_ELIXIR_INFO","TRUE","TRUE","TRUE","TRUE","TRUE","TRUE","sc/shop.sc","icon_gem_large","shop_item_townhall_pack2","shop_item_pack_info","birthday_pack",,2,2,0,,,,,,,,,,"Gold",50000,,,,110,"TRUE",,,"TID_GOOD_VALUE",9,,,1,0,
,,,,,,,,,,,,,,,,,,,,,,,,,,,,,"Elixir",50000,,,,,,,,,,,,,,
"BdayPack1_TH4",,"com.supercell.magic.holiday1","TID_OFFER_ANNIVERSARY","TID_DIAMOND_BUNDLE_GOLD_ELIXIR_INFO","TRUE","TRUE","TRUE","TRUE","TRUE","TRUE","sc/shop.sc","icon_gem_large","shop_item_townhall_pack2","shop_item_pack_info","birthday_pack",,3,3,0,,,,,,,,,,"Gold",750000,,,,110,"TRUE",,,"TID_VALUE_STICKER_CONTENT",3,,,1,0,
,,,,,,,,,,,,,,,,,,,,,,,,,,,,,"Elixir",750000,,,,,,,,,,,,,,
"BdayPack1_TH5",,"com.supercell.magic.holiday1","TID_OFFER_ANNIVERSARY","TID_DIAMOND_BUNDLE_GOLD_ELIXIR_INFO","TRUE","TRUE","TRUE","TRUE","TRUE","TRUE","sc/shop.sc","icon_gem_large","shop_item_townhall_pack2","shop_item_pack_info","birthday_pack",,4,4,0,,,,,,,,,,"Gold",1500000,,,,110,"TRUE",,,"TID_VALUE_STICKER_CONTENT",3,,,1,0,
,,,,,,,,,,,,,,,,,,,,,,,,,,,,,"Elixir",1500000,,,,,,,,,,,,,,
"BdayPack1_TH6",,"com.supercell.magic.holiday1","TID_OFFER_ANNIVERSARY","TID_DIAMOND_BUNDLE_GOLD_ELIXIR_INFO","TRUE","TRUE","TRUE","TRUE","TRUE","TRUE","sc/shop.sc","icon_gem_large","shop_item_townhall_pack2","shop_item_pack_info","birthday_pack",,5,5,0,,,,,,,,,,"Gold",2500000,,,,110,"TRUE",,,"TID_VALUE_STICKER_CONTENT",5,,,1,0,
,,,,,,,,,,,,,,,,,,,,,,,,,,,,,"Elixir",2500000,,,,,,,,,,,,,,
"BdayPack1_TH7",,"com.supercell.magic.holiday2","TID_OFFER_ANNIVERSARY","TID_DIAMOND_BUNDLE_GOLD_ELIXIR_DARK_ELIXIR_INFO","TRUE","TRUE","TRUE","TRUE","TRUE","TRUE","sc/shop.sc","icon_gem_large","shop_item_townhall_pack4","shop_item_pack_info","birthday_pack",,6,6,0,,,,,,,,,,"Gold",4000000,,,,110,"TRUE",,,"TID_VALUE_STICKER_CONTENT",4,,,1,0,
,,,,,,,,,,,,,,,,,,,,,,,,,,,,,"Elixir",4000000,,,,,,,,,,,,,,
,,,,,,,,,,,,,,,,,,,,,,,,,,,,,"DarkElixir",25000,,,,,,,,,,,,,,
"BdayPack1_TH8",,"com.supercell.magic.holiday2","TID_OFFER_ANNIVERSARY","TID_DIAMOND_BUNDLE_GOLD_ELIXIR_DARK_ELIXIR_INFO","TRUE","TRUE","TRUE","TRUE","TRUE","TRUE","sc/shop.sc","icon_gem_large","shop_item_townhall_pack4","shop_item_pack_info","birthday_pack",,7,7,0,,,,,,,,,,"Gold",5000000,,,,110,"TRUE",,,"TID_VALUE_STICKER_CONTENT",4,,,1,0,
,,,,,,,,,,,,,,,,,,,,,,,,,,,,,"Elixir",5000000,,,,,,,,,,,,,,
,,,,,,,,,,,,,,,,,,,,,,,,,,,,,"DarkElixir",50000,,,,,,,,,,,,,,
"BdayPack1_TH9_11",,"com.supercell.magic.holiday3","TID_OFFER_ANNIVERSARY","TID_DIAMOND_BUNDLE_GOLD_ELIXIR_DARK_ELIXIR_INFO","TRUE","TRUE","TRUE","TRUE","TRUE","TRUE","sc/shop.sc","icon_gem_large","shop_item_townhall_pack4","shop_item_pack_info","birthday_pack",,8,99,0,,,,,,,,,,"Gold",10000000,,,,110,"TRUE",,,"TID_VALUE_STICKER_CONTENT",5,,,1,0,
,,,,,,,,,,,,,,,,,,,,,,,,,,,,,"Elixir",10000000,,,,,,,,,,,,,,
,,,,,,,,,,,,,,,,,,,,,,,,,,,,,"DarkElixir",150000,,,,,,,,,,,,,,
"BdayPack2_TH4",,"com.supercell.magic.holiday7","TID_OFFER_ANNIVERSARY","TID_DIAMOND_BUNDLE_GOLD_ELIXIR_INFO","TRUE","TRUE","TRUE","TRUE","TRUE","TRUE","sc/shop.sc","icon_gem_large","shop_item_townhall_pack2","shop_item_pack_info","birthday_pack",,3,3,0,,,,,,,,,,"Gold",150000,,,,110,"TRUE",,,"TID_GOOD_VALUE",10,,,1,0,
,,,,,,,,,,,,,,,,,,,,,,,,,,,,,"Elixir",150000,,,,,,,,,,,,,,
"BdayPack2_TH5",,"com.supercell.magic.holiday7","TID_OFFER_ANNIVERSARY","TID_DIAMOND_BUNDLE_GOLD_ELIXIR_INFO","TRUE","TRUE","TRUE","TRUE","TRUE","TRUE","sc/shop.sc","icon_gem_large","shop_item_townhall_pack2","shop_item_pack_info","birthday_pack",,4,4,0,,,,,,,,,,"Gold",500000,,,,110,"TRUE",,,"TID_GOOD_VALUE",10,,,1,0,
,,,,,,,,,,,,,,,,,,,,,,,,,,,,,"Elixir",500000,,,,,,,,,,,,,,
"BdayPack2_TH6",,"com.supercell.magic.holiday7","TID_OFFER_ANNIVERSARY","TID_DIAMOND_BUNDLE_GOLD_ELIXIR_INFO","TRUE","TRUE","TRUE","TRUE","TRUE","TRUE","sc/shop.sc","icon_gem_large","shop_item_townhall_pack2","shop_item_pack_info","birthday_pack",,5,5,0,,,,,,,,,,"Gold",700000,,,,110,"TRUE",,,"TID_GOOD_VALUE",10,,,1,0,
,,,,,,,,,,,,,,,,,,,,,,,,,,,,,"Elixir",700000,,,,,,,,,,,,,,
"BdayPack2_TH7_11",,"com.supercell.magic.holiday1","TID_OFFER_ANNIVERSARY","TID_DIAMOND_BUNDLE_GOLD_ELIXIR_INFO","TRUE","TRUE","TRUE","TRUE","TRUE","TRUE","sc/shop.sc","icon_gem_large","shop_item_townhall_pack2","shop_item_pack_info","birthday_pack",,6,99,0,,,,,,,,,,"Gold",2500000,,,,110,"TRUE",,,"TID_VALUE_STICKER_CONTENT",5,,,1,0,
,,,,,,,,,,,,,,,,,,,,,,,,,,,,,"Elixir",2500000,,,,,,,,,,,,,,
"BuildersHall3_ALT",103,"com.supercell.magic.bh1","TID_DIAMOND_BUNDLE_BH3_ALT","TID_DIAMOND_BUNDLE_BH3_INFO_ALT",,"TRUE","TRUE","TRUE","TRUE","TRUE","sc/shop.sc","icon_gem_large","shop_item_townhall_pack2","offer_info","th_pack","purple",2,2,1,,,,,,,,,,"Gold2",250000,,,,79,"TRUE",,,"TID_VALUE_STICKER_CONTENT",2,,,1,0,
,,,,,,,,,,,,,,,,,,,,,,,,,,,,,"Elixir2",250000,,,,,,,,,,,,,,
"BuildersHall4_ALT",104,"com.supercell.magic.bh2","TID_DIAMOND_BUNDLE_BH4_ALT","TID_DIAMOND_BUNDLE_BH4_INFO_ALT",,"TRUE","TRUE","TRUE","TRUE","TRUE","sc/shop.sc","icon_gem_large","shop_item_townhall_pack2","offer_info","th_pack","purple",3,3,1,,,,,,,,,,"Gold2",500000,,,,79,"TRUE",,,"TID_VALUE_STICKER_CONTENT",2,,,1,0,
,,,,,,,,,,,,,,,,,,,,,,,,,,,,,"Elixir2",500000,,,,,,,,,,,,,,
"BuildersHall5_ALT",105,"com.supercell.magic.bh2","TID_DIAMOND_BUNDLE_BH5_ALT","TID_DIAMOND_BUNDLE_BH5_INFO_ALT",,"TRUE","TRUE","TRUE","TRUE","TRUE","sc/shop.sc","icon_gem_large","shop_item_townhall_pack2","offer_info","th_pack","purple",4,4,1,,,,,,,,,,"Gold2",1000000,,,,79,"TRUE",,,"TID_VALUE_STICKER_CONTENT",3,,,1,0,
,,,,,,,,,,,,,,,,,,,,,,,,,,,,,"Elixir2",1000000,,,,,,,,,,,,,,
"BuildersHall6_ALT",106,"com.supercell.magic.bh3","TID_DIAMOND_BUNDLE_BH6_ALT","TID_DIAMOND_BUNDLE_BH6_INFO_ALT",,"TRUE","TRUE","TRUE","TRUE","TRUE","sc/shop.sc","icon_gem_large","shop_item_townhall_pack2","offer_info","th_pack","purple",5,5,1,,,,,,,,,,"Gold2",2000000,,,,79,"TRUE",,,"TID_VALUE_STICKER_CONTENT",3,,,1,0,
,,,,,,,,,,,,,,,,,,,,,,,,,,,,,"Elixir2",2000000,,,,,,,,,,,,,,
"BuildersHall7_ALT",107,"com.supercell.magic.bh3","TID_DIAMOND_BUNDLE_BH7_ALT","TID_DIAMOND_BUNDLE_BH7_INFO_ALT",,"TRUE","TRUE","TRUE","TRUE","TRUE","sc/shop.sc","icon_gem_large","shop_item_townhall_pack2","offer_info","th_pack","purple",6,6,1,,,,,,,,,,"Gold2",3000000,,,,79,"TRUE",,,"TID_VALUE_STICKER_CONTENT",3,,,1,0,
,,,,,,,,,,,,,,,,,,,,,,,,,,,,,"Elixir2",3000000,,,,,,,,,,,,,,
"BuildersHall8_ALT",108,"com.supercell.magic.bh3","TID_DIAMOND_BUNDLE_BH8_ALT","TID_DIAMOND_BUNDLE_BH8_INFO_ALT",,"TRUE","TRUE","TRUE","TRUE","TRUE","sc/shop.sc","icon_gem_large","shop_item_townhall_pack2","offer_info","th_pack","purple",7,7,1,,,,,,,,,,"Gold2",4000000,,,,79,"TRUE",,,"TID_VALUE_STICKER_CONTENT",4,,,1,0,
,,,,,,,,,,,,,,,,,,,,,,,,,,,,,"Elixir2",4000000,,,,,,,,,,,,,,
"TownHall4_NEW",4,"com.supercell.magic.th1","TID_DIAMOND_BUNDLE_TH4","TID_DIAMOND_BUNDLE_TH4_UPDATED_INFO",,"TRUE","TRUE","TRUE","TRUE","TRUE","sc/shop.sc","icon_gem_large","shop_item_townhall_pack4","offer_info","th_pack","purple",3,3,0,"Air Defense",474,"building",,1,,,,,"Gold",1000000,,,,80,"TRUE",,,"TID_VALUE_STICKER_CONTENT",4,,,1,0,
,,,,,,,,,,,,,,,,,,,,,,,,,,,,,"Elixir",1000000,,,,,,,,,,,,,,
"TownHall4_NEW_ALT",4,"com.supercell.magic.th1","TID_DIAMOND_BUNDLE_TH4","TID_DIAMOND_BUNDLE_TH4_ALT_UPDATED_INFO",,"TRUE","TRUE","TRUE","TRUE","TRUE","sc/shop.sc","icon_gem_large","shop_item_townhall_pack2","offer_info","th_pack","purple",3,3,0,,,,,,,,,,"Gold",1500000,,,,79,"TRUE",,,"TID_VALUE_STICKER_CONTENT",4,,,1,0,
,,,,,,,,,,,,,,,,,,,,,,,,,,,,,"Elixir",1500000,,,,,,,,,,,,,,
"TownHall5_NEW",5,"com.supercell.magic.resource_4.99","TID_DIAMOND_BUNDLE_TH5","TID_DIAMOND_BUNDLE_TH5_UPDATED_INFO",,"TRUE","TRUE","TRUE","TRUE","TRUE","sc/shop.sc","icon_gem_large","shop_item_townhall_pack_3items","offer_info","th_pack","purple",4,4,0,"Wizard Tower",823,"building",,1,,,,,"Gold",1000000,,,,70,"TRUE",,,"TID_VALUE_STICKER_CONTENT",4,,,1,0,
,,,,,,,,,,,,,,,,,,,,,,,,,,,,,"Elixir",1000000,,,,,,,,,,,,,,
"TownHall5_NEW_ALT",5,"com.supercell.magic.resource_4.99","TID_DIAMOND_BUNDLE_TH5","TID_DIAMOND_BUNDLE_TH5_ALT_UPDATED_INFO",,"TRUE","TRUE","TRUE","TRUE","TRUE","sc/shop.sc","icon_gem_large","shop_item_townhall_pack_2items","offer_info","th_pack","purple",4,4,0,,,,,,,,,,"Gold",2500000,,,,69,"TRUE",,,"TID_VALUE_STICKER_CONTENT",4,,,1,0,
,,,,,,,,,,,,,,,,,,,,,,,,,,,,,"Elixir",2500000,,,,,,,,,,,,,,
"TownHall6_NEW",6,"com.supercell.magic.resource_9.99","TID_DIAMOND_BUNDLE_TH6","TID_DIAMOND_BUNDLE_TH6_UPDATED_INFO",,"TRUE","TRUE","TRUE","TRUE","TRUE","sc/shop.sc","icon_gem_large","shop_item_townhall_pack5","offer_info","th_pack","purple",5,5,0,"Wizard Tower",1648,"building",,2,,,,,"Gold",2500000,,,,60,"TRUE",,,"TID_VALUE_STICKER_CONTENT",4,,,1,0,
,,,,,,,,,,,,,,,,,,,,"Mortar",1359,"building",,3,,,,,"Elixir",2500000,,,,,,,,,,,,,,
"TownHall6_NEW_ALT",6,"com.supercell.magic.th2","TID_DIAMOND_BUNDLE_TH6","TID_DIAMOND_BUNDLE_TH6_ALT_UPDATED_INFO",,"TRUE","TRUE","TRUE","TRUE","TRUE","sc/shop.sc","icon_gem_large","shop_item_townhall_pack2","offer_info","th_pack","purple",5,5,0,,,,,,,,,,"Gold",5500000,,,,59,"TRUE",,,"TID_VALUE_STICKER_CONTENT",4,,,1,,
,,,,,,,,,,,,,,,,,,,,,,,,,,,,,"Elixir",5500000,,,,,,,,,,,,,,
"TownHall7_NEW",7,"com.supercell.magic.resource_9.99","TID_DIAMOND_BUNDLE_TH7","TID_DIAMOND_BUNDLE_TH7_UPDATED_INFO",,"TRUE","TRUE","TRUE","TRUE","TRUE","sc/shop.sc","icon_gem_large","shop_item_townhall_pack5","offer_info","th_pack","purple",6,6,0,"Tesla Tower",600,"building",,1,,,,,"DarkElixir",27500,,,,50,"TRUE",,,"TID_VALUE_STICKER_CONTENT",4,,,1,0,
,,,,,,,,,,,,,,,,,,,,"Hero Altar Barbarian King",2033,"building",,0,,,,,"Gold",3500000,,,,,,,,,,,,,,
"TownHall7_NEW_ALT",7,"com.supercell.magic.resource_9.99","TID_DIAMOND_BUNDLE_TH7","TID_DIAMOND_BUNDLE_TH7_ALT_UPDATED_INFO",,"TRUE","TRUE","TRUE","TRUE","TRUE","sc/shop.sc","icon_gem_large","shop_item_townhall_pack_3items","offer_info","th_pack","purple",6,6,0,,,,,,,,,,"DarkElixir",55000,,,,49,"TRUE",,,"TID_VALUE_STICKER_CONTENT",4,,,1,0,
,,,,,,,,,,,,,,,,,,,,,,,,,,,,,"Gold",4500000,,,,,,,,,,,,,,
,,,,,,,,,,,,,,,,,,,,,,,,,,,,,"Elixir",4500000,,,,,,,,,,,,,,
"TownHall8_NEW",8,"com.supercell.magic.resource_19.99","TID_DIAMOND_BUNDLE_TH8","TID_DIAMOND_BUNDLE_TH8_UPDATED_INFO",,"TRUE","TRUE","TRUE","TRUE","TRUE","sc/shop.sc","icon_gem_large","shop_item_townhall_pack_3items","offer_info","th_pack","purple",7,7,0,"Bomb Tower",3640,"building",,1,,,,,"DarkElixir",75000,,,,40,"TRUE",,,"TID_VALUE_STICKER_CONTENT",4,,,1,0,
,,,,,,,,,,,,,,,,,,,,"Wizard Tower",4223,"building",,4,,,,,,,,,,,,,,,,,,,,
"TownHall8_NEW_ALT",8,"com.supercell.magic.resource_19.99","TID_DIAMOND_BUNDLE_TH8","TID_DIAMOND_BUNDLE_TH8_ALT_UPDATED_INFO",,"TRUE","TRUE","TRUE","TRUE","TRUE","sc/shop.sc","icon_gem_large","shop_item_townhall_pack_3items","offer_info","th_pack","purple",7,7,0,,,,,,,,,,"DarkElixir",120000,,,,40,"TRUE",,,"TID_VALUE_STICKER_CONTENT",4,,,1,0,
,,,,,,,,,,,,,,,,,,,,,,,,,,,,,"Gold",15000000,,,,,,,,,,,,,,
,,,,,,,,,,,,,,,,,,,,,,,,,,,,,"Elixir",7000000,,,,,,,,,,,,,,
"TownHall9_NEW",9,"com.supercell.magic.resource_19.99","TID_DIAMOND_BUNDLE_TH9","TID_DIAMOND_BUNDLE_TH9_UPDATED_INFO",,"TRUE","TRUE","TRUE","TRUE","TRUE","sc/shop.sc","icon_gem_large","shop_item_townhall_pack5","offer_info","th_pack","purple",8,8,0,"Bow",1400,"building",,1,,,,,"DarkElixir",105000,,,,30,"TRUE",,,"TID_VALUE_STICKER_CONTENT",4,,,1,0,
,,,,,,,,,,,,,,,,,,,,"Hero Altar Archer Queen",4656,"building",,0,,,,,"Gold",3000000,,,,,,,,,,,,,,
"TownHall9_NEW_ALT",9,"com.supercell.magic.resource_19.99","TID_DIAMOND_BUNDLE_TH9","TID_DIAMOND_BUNDLE_TH9_ALT_UPDATED_INFO",,"TRUE","TRUE","TRUE","TRUE","TRUE","sc/shop.sc","icon_gem_large","shop_item_townhall_pack_3items","offer_info","th_pack","purple",8,8,,,,,,,,,,,"DarkElixir",145000,,,,29,"TRUE",,,"TID_VALUE_STICKER_CONTENT",4,,,1,0,
,,,,,,,,,,,,,,,,,,,,,,,,,,,,,"Gold",10000000,,,,,,,,,,,,,,
,,,,,,,,,,,,,,,,,,,,,,,,,,,,,"Elixir",10000000,,,,,,,,,,,,,,
"TownHall10_NEW",10,"com.supercell.magic.resource_19.99","TID_DIAMOND_BUNDLE_TH10","TID_DIAMOND_BUNDLE_TH10_UPDATED_INFO",,"TRUE","TRUE","TRUE","TRUE","TRUE","sc/shop.sc","icon_gem_large","shop_item_townhall_pack_3items","offer_info","th_pack","purple",9,9,0,"Dark Tower",5723,"building",,0,,,,,"DarkElixir",150000,,,,20,"TRUE",,,"TID_VALUE_STICKER_CONTENT",4,,,1,0,
,,,,,,,,,,,,,,,,,,,,"Bow",4656,"building",,1,,,,,,,,,,,,,,,,,,,,
"TownHall10_NEW_ALT",10,"com.supercell.magic.resource_19.99","TID_DIAMOND_BUNDLE_TH10","TID_DIAMOND_BUNDLE_TH10_ALT_UPDATED_INFO",,"TRUE","TRUE","TRUE","TRUE","TRUE","sc/shop.sc","icon_gem_large","shop_item_townhall_pack_3items","offer_info","th_pack","purple",9,9,0,,,,,,,,,,"DarkElixir",150000,,,,19,"TRUE",,,"TID_VALUE_STICKER_CONTENT",4,,,1,0,
,,,,,,,,,,,,,,,,,,,,,,,,,,,,,"Gold",9500000,,,,,,,,,,,,,,
,,,,,,,,,,,,,,,,,,,,,,,,,,,,,"Elixir",9500000,,,,,,,,,,,,,,
"TownHall11_NEW",11,"com.supercell.magic.resource_19.99","TID_DIAMOND_BUNDLE_TH11","TID_DIAMOND_BUNDLE_TH11_UPDATED_INFO",,"TRUE","TRUE","TRUE","TRUE","TRUE","sc/shop.sc","icon_gem_large","shop_item_townhall_pack_3items","offer_info","th_pack","purple",10,10,0,"Ancient Artillery",3837,"building",,0,,,,,"DarkElixir",150000,,,,10,"TRUE",,,"TID_VALUE_STICKER_CONTENT",4,,,1,0,
,,,,,,,,,,,,,,,,,,,,"Hero Altar Grand Warden",1933,"building",,,,,,,,,,,,,,,,,,,,,,
"TownHall11_NEW_ALT",11,"com.supercell.magic.resource_19.99","TID_DIAMOND_BUNDLE_TH11","TID_DIAMOND_BUNDLE_TH11_ALT_UPDATED_INFO",,"TRUE","TRUE","TRUE","TRUE","TRUE","sc/shop.sc","icon_gem_large","shop_item_townhall_pack_3items","offer_info","th_pack","purple",10,10,0,,,,,,,,,,"DarkElixir",150000,,,,10,"TRUE",,,"TID_VALUE_STICKER_CONTENT",4,,,1,0,
,,,,,,,,,,,,,,,,,,,,,,,,,,,,,"Gold",7000000,,,,,,,,,,,,,,
,,,,,,,,,,,,,,,,,,,,,,,,,,,,,"Elixir",12000000,,,,,,,,,,,,,,
"TownHall12_NEW",12,"com.supercell.magic.resource_19.99","TID_DIAMOND_BUNDLE_TH12","TID_DIAMOND_BUNDLE_TH12_INFO",,"TRUE","TRUE","TRUE","TRUE","TRUE","sc/shop.sc","icon_gem_large","shop_item_townhall_pack_3items","offer_info","th_pack","purple",11,11,0,"SiegeWorkshop",3209,"building",,0,,,,,"DarkElixir",175000,,,,10,"TRUE",,,"TID_VALUE_STICKER_CONTENT",4,,,1,0,
,,,,,,,,,,,,,,,,,,,,,,,,,,,,,"Gold",8000000,,,,,,,,,,,,,,
"TownHall12_NEW_ALT",12,"com.supercell.magic.resource_19.99","TID_DIAMOND_BUNDLE_TH12","TID_DIAMOND_BUNDLE_TH12_ALT_INFO",,"TRUE","TRUE","TRUE","TRUE","TRUE","sc/shop.sc","icon_gem_large","shop_item_townhall_pack_3items","offer_info","th_pack","purple",11,11,0,,,,,,,,,,"DarkElixir",175000,,,,10,"TRUE",,,"TID_VALUE_STICKER_CONTENT",4,,,1,0,
,,,,,,,,,,,,,,,,,,,,,,,,,,,,,"Gold",8000000,,,,,,,,,,,,,,
,,,,,,,,,,,,,,,,,,,,,,,,,,,,,"Elixir",8000000,,,,,,,,,,,,,,
