"Name","TeamSize","PreparationMinutes","WarMinutes","DisableProduction","AllowArrangedWar"
"String","int","int","int","boolean","boolean"
"Test_1",1,2,5,"true","false"
"Test_2",2,2,5,"true","false"
"Test_3",3,2,5,"true","false"
"Mini_1",5,1380,1440,,"true"
"Small_1",10,1380,1440,,"true"
"Small_2",15,1380,1440,,"true"
"Medium_1",20,1380,1440,,"true"
"Medium_2",25,1380,1440,,"true"
"Large_1",30,1380,1440,,"true"
"Large_2",35,1380,1440,"true","true"
"Epic_1",40,1380,1440,,"true"
"Epic_2",45,1380,1440,"true","true"
"Epic_3",50,1380,1440,,"true"
