"Name","TID","InfoTID","SWF","ExportName","BuildTimeD","BuildTimeH","BuildTimeM","BuildTimeS","BuildResource","BuildCost","AttackRange","AttackSpeed","DPS","AttackEffect","AttackEffect2","HitEffect","Projectile","AirTargets","GroundTargets","MultiTargets","NumMultiTargets","DieDamage","StrengthWeight","ActivationEffect"
"String","String","String","String","String","int","int","int","int","String","int","int","int","int","String","String","String","String","boolean","boolean","boolean","int","int","int","String"
"ShootyTownHall","TID_WEAPON_TOWN_HALL","TID_TOWN_HALL_WEAPON_INFO",,"town_hall_lvl12_t1",0,0,0,0,"Gold",0,1000,500,150,"th12_teslat1_attack_bolt","th12_teslat1_attack","Tesla Hit",,"true","true","true",2,,800,"th12_teslat1_activate"
,,,,"town_hall_lvl12_t2",2,0,0,0,,6000000,1000,500,175,"th12_teslat1_attack_bolt","th12_teslat2_attack","Tesla Hit",,"true","true","true",2,,800,"th12_teslat1_activate"
,,,,"town_hall_lvl12_t3",4,0,0,0,,8000000,1000,500,175,"th12_teslat3_attack_bolt","th12_teslat3_attack","Tesla Hit",,"true","true","true",3,,700,"th12_teslat3_activate"
,,,,"town_hall_lvl12_t4",6,0,0,,,10000000,1000,500,200,"th12_teslat4_attack_bolt","th12_teslat3_attack","Tesla Hit",,"true","true","true",3,,700,"th12_teslat3_activate"
,,,,"town_hall_lvl12_t5",8,0,0,,,12000000,1000,500,200,"th12_teslat5_attack_bolt","th12_teslat5_attack","Tesla Hit",,"true","true","true",4,1000,650,"th12_teslat5_activate"
"GoblinTh02","TID_WEAPON_TOWN_HALL","TID_TOWN_HALL_WEAPON_INFO",,"goblin_th02",0,0,0,0,"Gold",0,1000,200,150,"Goblin Townhall Attack",,"Generic Hit","Goblin Townhall Arrow","true","true","true",3,,800,"Goblin Townhall Activate"
