{"exp_ver":1,"active_layout":0,"act_l2":0,"layout_state":[0,0,0,0,0,0,0,0],"layout_state2":[0,0,0,0,0,0,0,0],"layout_cooldown":[1293730,0,0,0,0,0,0,0],"buildings":[{"data":1000001,"id":500000000,"lvl":10,"x":3,"y":3},{"data":1000000,"id":500000005,"lvl":0,"x":3,"y":43,"units":[]},{"data":1000000,"id":500000006,"lvl":1,"x":8,"y":43,"units":[]},{"data":1000000,"id":500000007,"lvl":2,"x":13,"y":43,"units":[]},{"data":1000000,"id":500000008,"lvl":3,"x":18,"y":43,"units":[]},{"data":1000000,"id":500000009,"lvl":4,"x":23,"y":43,"units":[]},{"data":1000000,"id":500000010,"lvl":5,"x":28,"y":43,"units":[]},{"data":1000000,"id":500000011,"lvl":6,"x":33,"y":43,"units":[]},{"data":1000000,"id":500000012,"lvl":7,"x":38,"y":43,"units":[]},{"data":1000003,"id":500000014,"lvl":0,"x":3,"y":40},{"data":1000003,"id":500000015,"lvl":1,"x":6,"y":40},{"data":1000003,"id":500000016,"lvl":2,"x":9,"y":40},{"data":1000003,"id":500000017,"lvl":3,"x":12,"y":40},{"data":1000003,"id":500000018,"lvl":4,"x":15,"y":40},{"data":1000003,"id":500000019,"lvl":5,"x":18,"y":40},{"data":1000003,"id":500000020,"lvl":6,"x":21,"y":40},{"data":1000003,"id":500000021,"lvl":7,"x":24,"y":40},{"data":1000003,"id":500000022,"lvl":8,"x":27,"y":40},{"data":1000003,"id":500000023,"lvl":9,"x":30,"y":40},{"data":1000003,"id":500000024,"lvl":10,"x":33,"y":40},{"data":1000003,"id":500000025,"lvl":11,"x":36,"y":40},{"data":1000005,"id":500000028,"lvl":0,"x":3,"y":36},{"data":1000005,"id":500000029,"lvl":1,"x":6,"y":36},{"data":1000005,"id":500000030,"lvl":2,"x":9,"y":36},{"data":1000005,"id":500000031,"lvl":3,"x":12,"y":36},{"data":1000005,"id":500000032,"lvl":4,"x":15,"y":36},{"data":1000005,"id":500000033,"lvl":5,"x":18,"y":36},{"data":1000005,"id":500000034,"lvl":6,"x":21,"y":36},{"data":1000005,"id":500000035,"lvl":7,"x":24,"y":36},{"data":1000005,"id":500000036,"lvl":8,"x":27,"y":36},{"data":1000005,"id":500000037,"lvl":9,"x":30,"y":36},{"data":1000005,"id":500000038,"lvl":10,"x":33,"y":36},{"data":1000005,"id":500000039,"lvl":11,"x":36,"y":36},{"data":1000024,"id":500000040,"lvl":0,"x":39,"y":40},{"data":1000024,"id":500000041,"lvl":1,"x":39,"y":36},{"data":1000024,"id":500000042,"lvl":2,"x":42,"y":40},{"data":1000024,"id":500000043,"lvl":3,"x":42,"y":36},{"data":1000024,"id":500000044,"lvl":4,"x":45,"y":41},{"data":1000024,"id":500000045,"lvl":5,"x":45,"y":38},{"data":1000002,"id":500000046,"lvl":0,"x":3,"y":33,"res_time":0},{"data":1000002,"id":500000047,"lvl":1,"x":6,"y":33,"res_time":0},{"data":1000002,"id":500000048,"lvl":2,"x":9,"y":33,"res_time":0},{"data":1000002,"id":500000049,"lvl":3,"x":12,"y":33,"res_time":0},{"data":1000002,"id":500000050,"lvl":4,"x":15,"y":33,"res_time":0},{"data":1000002,"id":500000051,"lvl":5,"x":18,"y":33,"res_time":0},{"data":1000002,"id":500000052,"lvl":6,"x":21,"y":33,"res_time":0},{"data":1000002,"id":500000053,"lvl":7,"x":24,"y":33,"res_time":0},{"data":1000002,"id":500000054,"lvl":8,"x":27,"y":33,"res_time":0},{"data":1000002,"id":500000055,"lvl":9,"x":30,"y":33,"res_time":0},{"data":1000002,"id":500000056,"lvl":10,"x":33,"y":33,"res_time":0},{"data":1000002,"id":500000057,"lvl":11,"x":36,"y":33,"res_time":0},{"data":1000004,"id":500000058,"lvl":0,"x":3,"y":30,"res_time":0},{"data":1000004,"id":500000059,"lvl":1,"x":6,"y":30,"res_time":0},{"data":1000004,"id":500000060,"lvl":2,"x":9,"y":30,"res_time":0},{"data":1000004,"id":500000061,"lvl":3,"x":12,"y":30,"res_time":0},{"data":1000004,"id":500000062,"lvl":4,"x":15,"y":30,"res_time":0},{"data":1000004,"id":500000063,"lvl":5,"x":18,"y":30,"res_time":0},{"data":1000004,"id":500000064,"lvl":6,"x":21,"y":30,"res_time":0},{"data":1000004,"id":500000065,"lvl":7,"x":24,"y":30,"res_time":0},{"data":1000004,"id":500000066,"lvl":8,"x":27,"y":30,"res_time":0},{"data":1000004,"id":500000067,"lvl":9,"x":30,"y":30,"res_time":0},{"data":1000004,"id":500000068,"lvl":10,"x":33,"y":30,"res_time":0},{"data":1000004,"id":500000069,"lvl":11,"x":36,"y":30,"res_time":20479},{"data":1000023,"id":500000070,"lvl":0,"x":39,"y":33,"res_time":0},{"data":1000023,"id":500000071,"lvl":1,"x":39,"y":30,"res_time":0},{"data":1000023,"id":500000072,"lvl":2,"x":42,"y":33,"res_time":0},{"data":1000023,"id":500000073,"lvl":3,"x":42,"y":30,"res_time":0},{"data":1000023,"id":500000074,"lvl":4,"x":45,"y":35,"res_time":0},{"data":1000023,"id":500000075,"lvl":5,"x":45,"y":32,"res_time":0},{"data":1000006,"id":500000076,"lvl":0,"x":3,"y":27,"unit_prod":{"m":1,"unit_type":0}},{"data":1000006,"id":500000077,"lvl":1,"x":6,"y":27,"unit_prod":{"m":1,"unit_type":0}},{"data":1000006,"id":500000078,"lvl":2,"x":9,"y":27,"unit_prod":{"m":1,"unit_type":0}},{"data":1000006,"id":500000079,"lvl":3,"x":12,"y":27,"unit_prod":{"m":1,"unit_type":0}},{"data":1000006,"id":500000080,"lvl":4,"x":15,"y":27,"unit_prod":{"m":1,"unit_type":0}},{"data":1000006,"id":500000081,"lvl":5,"x":18,"y":27,"unit_prod":{"m":1,"unit_type":0}},{"data":1000006,"id":500000082,"lvl":6,"x":21,"y":27,"unit_prod":{"m":1,"unit_type":0}},{"data":1000006,"id":500000083,"lvl":7,"x":24,"y":27,"unit_prod":{"m":1,"unit_type":0}},{"data":1000006,"id":500000084,"lvl":8,"x":27,"y":27,"unit_prod":{"m":1,"unit_type":0}},{"data":1000006,"id":500000085,"lvl":9,"x":30,"y":27,"unit_prod":{"m":1,"unit_type":0}},{"data":1000026,"id":500000086,"lvl":0,"x":47,"y":29,"unit_prod":{"m":1,"unit_type":0}},{"data":1000026,"id":500000087,"lvl":1,"x":47,"y":26,"unit_prod":{"m":1,"unit_type":0}},{"data":1000026,"id":500000088,"lvl":2,"x":47,"y":23,"unit_prod":{"m":1,"unit_type":0}},{"data":1000026,"id":500000089,"lvl":3,"x":47,"y":20,"unit_prod":{"m":1,"unit_type":0}},{"data":1000026,"id":500000090,"lvl":4,"x":47,"y":17,"unit_prod":{"m":1,"unit_type":0}},{"data":1000026,"id":500000091,"lvl":5,"x":47,"y":14,"unit_prod":{"m":1,"unit_type":0}},{"data":1000026,"id":500000092,"lvl":6,"x":47,"y":11,"unit_prod":{"m":1,"unit_type":0}},{"data":1000008,"id":500000093,"lvl":0,"x":3,"y":24,"attack_mode":false,"attack_mode_draft":false,"attack_mode_war":false,"attack_mode_draft_war":false,"attack_mode2":false,"attack_mode_d2":false,"attack_mode3":false,"attack_mode_d3":false,"attack_mode4":false,"attack_mode_d4":false,"attack_mode5":false,"attack_mode_d5":false,"attack_mode_chal":false,"attack_mode_dchal":false,"attack_mode_arrw":false,"attack_mode_draft_arrw":false},{"data":1000008,"id":500000094,"lvl":1,"x":6,"y":24,"attack_mode":false,"attack_mode_draft":false,"attack_mode_war":false,"attack_mode_draft_war":false,"attack_mode2":false,"attack_mode_d2":false,"attack_mode3":false,"attack_mode_d3":false,"attack_mode4":false,"attack_mode_d4":false,"attack_mode5":false,"attack_mode_d5":false,"attack_mode_chal":false,"attack_mode_dchal":false,"attack_mode_arrw":false,"attack_mode_draft_arrw":false},{"data":1000008,"id":500000095,"lvl":2,"x":9,"y":24,"attack_mode":false,"attack_mode_draft":false,"attack_mode_war":false,"attack_mode_draft_war":false,"attack_mode2":false,"attack_mode_d2":false,"attack_mode3":false,"attack_mode_d3":false,"attack_mode4":false,"attack_mode_d4":false,"attack_mode5":false,"attack_mode_d5":false,"attack_mode_chal":false,"attack_mode_dchal":false,"attack_mode_arrw":false,"attack_mode_draft_arrw":false},{"data":1000008,"id":500000096,"lvl":3,"x":12,"y":24,"attack_mode":false,"attack_mode_draft":false,"attack_mode_war":false,"attack_mode_draft_war":false,"attack_mode2":false,"attack_mode_d2":false,"attack_mode3":false,"attack_mode_d3":false,"attack_mode4":false,"attack_mode_d4":false,"attack_mode5":false,"attack_mode_d5":false,"attack_mode_chal":false,"attack_mode_dchal":false,"attack_mode_arrw":false,"attack_mode_draft_arrw":false},{"data":1000008,"id":500000097,"lvl":4,"x":15,"y":24,"attack_mode":false,"attack_mode_draft":false,"attack_mode_war":false,"attack_mode_draft_war":false,"attack_mode2":false,"attack_mode_d2":false,"attack_mode3":false,"attack_mode_d3":false,"attack_mode4":false,"attack_mode_d4":false,"attack_mode5":false,"attack_mode_d5":false,"attack_mode_chal":false,"attack_mode_dchal":false,"attack_mode_arrw":false,"attack_mode_draft_arrw":false},{"data":1000008,"id":500000098,"lvl":5,"x":18,"y":24,"attack_mode":false,"attack_mode_draft":false,"attack_mode_war":false,"attack_mode_draft_war":false,"attack_mode2":false,"attack_mode_d2":false,"attack_mode3":false,"attack_mode_d3":false,"attack_mode4":false,"attack_mode_d4":false,"attack_mode5":false,"attack_mode_d5":false,"attack_mode_chal":false,"attack_mode_dchal":false,"attack_mode_arrw":false,"attack_mode_draft_arrw":false},{"data":1000008,"id":500000099,"lvl":6,"x":21,"y":24,"attack_mode":false,"attack_mode_draft":false,"attack_mode_war":false,"attack_mode_draft_war":false,"attack_mode2":false,"attack_mode_d2":false,"attack_mode3":false,"attack_mode_d3":false,"attack_mode4":false,"attack_mode_d4":false,"attack_mode5":false,"attack_mode_d5":false,"attack_mode_chal":false,"attack_mode_dchal":false,"attack_mode_arrw":false,"attack_mode_draft_arrw":false},{"data":1000008,"id":500000100,"lvl":7,"x":24,"y":24,"attack_mode":false,"attack_mode_draft":false,"attack_mode_war":false,"attack_mode_draft_war":false,"attack_mode2":false,"attack_mode_d2":false,"attack_mode3":false,"attack_mode_d3":false,"attack_mode4":false,"attack_mode_d4":false,"attack_mode5":false,"attack_mode_d5":false,"attack_mode_chal":false,"attack_mode_dchal":false,"attack_mode_arrw":false,"attack_mode_draft_arrw":false},{"data":1000008,"id":500000101,"lvl":8,"x":27,"y":24,"attack_mode":false,"attack_mode_draft":false,"attack_mode_war":false,"attack_mode_draft_war":false,"attack_mode2":false,"attack_mode_d2":false,"attack_mode3":false,"attack_mode_d3":false,"attack_mode4":false,"attack_mode_d4":false,"attack_mode5":false,"attack_mode_d5":false,"attack_mode_chal":false,"attack_mode_dchal":false,"attack_mode_arrw":false,"attack_mode_draft_arrw":false},{"data":1000008,"id":500000102,"lvl":9,"x":30,"y":24,"attack_mode":false,"attack_mode_draft":false,"attack_mode_war":false,"attack_mode_draft_war":false,"attack_mode2":false,"attack_mode_d2":false,"attack_mode3":false,"attack_mode_d3":false,"attack_mode4":false,"attack_mode_d4":false,"attack_mode5":false,"attack_mode_d5":false,"attack_mode_chal":false,"attack_mode_dchal":false,"attack_mode_arrw":false,"attack_mode_draft_arrw":false},{"data":1000008,"id":500000103,"lvl":10,"x":33,"y":24,"attack_mode":false,"attack_mode_draft":false,"attack_mode_war":false,"attack_mode_draft_war":false,"attack_mode2":false,"attack_mode_d2":false,"attack_mode3":false,"attack_mode_d3":false,"attack_mode4":false,"attack_mode_d4":false,"attack_mode5":false,"attack_mode_d5":false,"attack_mode_chal":false,"attack_mode_dchal":false,"attack_mode_arrw":false,"attack_mode_draft_arrw":false},{"data":1000008,"id":500000104,"lvl":11,"x":36,"y":24,"attack_mode":false,"attack_mode_draft":false,"attack_mode_war":false,"attack_mode_draft_war":false,"attack_mode2":false,"attack_mode_d2":false,"attack_mode3":false,"attack_mode_d3":false,"attack_mode4":false,"attack_mode_d4":false,"attack_mode5":false,"attack_mode_d5":false,"attack_mode_chal":false,"attack_mode_dchal":false,"attack_mode_arrw":false,"attack_mode_draft_arrw":false},{"data":1000008,"id":500000105,"lvl":12,"x":39,"y":24,"attack_mode":false,"attack_mode_draft":false,"attack_mode_war":false,"attack_mode_draft_war":false,"attack_mode2":false,"attack_mode_d2":false,"attack_mode3":false,"attack_mode_d3":false,"attack_mode4":false,"attack_mode_d4":false,"attack_mode5":false,"attack_mode_d5":false,"attack_mode_chal":false,"attack_mode_dchal":false,"attack_mode_arrw":false,"attack_mode_draft_arrw":false},{"data":1000009,"id":500000106,"lvl":0,"x":3,"y":21,"attack_mode":false,"attack_mode_draft":false,"attack_mode_war":false,"attack_mode_draft_war":false,"attack_mode2":false,"attack_mode_d2":false,"attack_mode3":false,"attack_mode_d3":false,"attack_mode4":false,"attack_mode_d4":false,"attack_mode5":false,"attack_mode_d5":false,"attack_mode_chal":false,"attack_mode_dchal":false,"attack_mode_arrw":false,"attack_mode_draft_arrw":false},{"data":1000009,"id":500000107,"lvl":1,"x":6,"y":21,"attack_mode":false,"attack_mode_draft":false,"attack_mode_war":false,"attack_mode_draft_war":false,"attack_mode2":false,"attack_mode_d2":false,"attack_mode3":false,"attack_mode_d3":false,"attack_mode4":false,"attack_mode_d4":false,"attack_mode5":false,"attack_mode_d5":false,"attack_mode_chal":false,"attack_mode_dchal":false,"attack_mode_arrw":false,"attack_mode_draft_arrw":false},{"data":1000009,"id":500000108,"lvl":2,"x":9,"y":21,"attack_mode":false,"attack_mode_draft":false,"attack_mode_war":false,"attack_mode_draft_war":false,"attack_mode2":false,"attack_mode_d2":false,"attack_mode3":false,"attack_mode_d3":false,"attack_mode4":false,"attack_mode_d4":false,"attack_mode5":false,"attack_mode_d5":false,"attack_mode_chal":false,"attack_mode_dchal":false,"attack_mode_arrw":false,"attack_mode_draft_arrw":false},{"data":1000009,"id":500000109,"lvl":3,"x":12,"y":21,"attack_mode":false,"attack_mode_draft":false,"attack_mode_war":false,"attack_mode_draft_war":false,"attack_mode2":false,"attack_mode_d2":false,"attack_mode3":false,"attack_mode_d3":false,"attack_mode4":false,"attack_mode_d4":false,"attack_mode5":false,"attack_mode_d5":false,"attack_mode_chal":false,"attack_mode_dchal":false,"attack_mode_arrw":false,"attack_mode_draft_arrw":false},{"data":1000009,"id":500000110,"lvl":4,"x":15,"y":21,"attack_mode":false,"attack_mode_draft":false,"attack_mode_war":false,"attack_mode_draft_war":false,"attack_mode2":false,"attack_mode_d2":false,"attack_mode3":false,"attack_mode_d3":false,"attack_mode4":false,"attack_mode_d4":false,"attack_mode5":false,"attack_mode_d5":false,"attack_mode_chal":false,"attack_mode_dchal":false,"attack_mode_arrw":false,"attack_mode_draft_arrw":false},{"data":1000009,"id":500000111,"lvl":5,"x":18,"y":21,"attack_mode":false,"attack_mode_draft":false,"attack_mode_war":false,"attack_mode_draft_war":false,"attack_mode2":false,"attack_mode_d2":false,"attack_mode3":false,"attack_mode_d3":false,"attack_mode4":false,"attack_mode_d4":false,"attack_mode5":false,"attack_mode_d5":false,"attack_mode_chal":false,"attack_mode_dchal":false,"attack_mode_arrw":false,"attack_mode_draft_arrw":false},{"data":1000009,"id":500000112,"lvl":6,"x":21,"y":21,"attack_mode":false,"attack_mode_draft":false,"attack_mode_war":false,"attack_mode_draft_war":false,"attack_mode2":false,"attack_mode_d2":false,"attack_mode3":false,"attack_mode_d3":false,"attack_mode4":false,"attack_mode_d4":false,"attack_mode5":false,"attack_mode_d5":false,"attack_mode_chal":false,"attack_mode_dchal":false,"attack_mode_arrw":false,"attack_mode_draft_arrw":false},{"data":1000009,"id":500000113,"lvl":7,"x":24,"y":21,"attack_mode":false,"attack_mode_draft":false,"attack_mode_war":false,"attack_mode_draft_war":false,"attack_mode2":false,"attack_mode_d2":false,"attack_mode3":false,"attack_mode_d3":false,"attack_mode4":false,"attack_mode_d4":false,"attack_mode5":false,"attack_mode_d5":false,"attack_mode_chal":false,"attack_mode_dchal":false,"attack_mode_arrw":false,"attack_mode_draft_arrw":false},{"data":1000009,"id":500000114,"lvl":8,"x":27,"y":21,"attack_mode":false,"attack_mode_draft":false,"attack_mode_war":false,"attack_mode_draft_war":false,"attack_mode2":false,"attack_mode_d2":false,"attack_mode3":false,"attack_mode_d3":false,"attack_mode4":false,"attack_mode_d4":false,"attack_mode5":false,"attack_mode_d5":false,"attack_mode_chal":false,"attack_mode_dchal":false,"attack_mode_arrw":false,"attack_mode_draft_arrw":false},{"data":1000009,"id":500000115,"lvl":9,"x":30,"y":21,"attack_mode":false,"attack_mode_draft":false,"attack_mode_war":false,"attack_mode_draft_war":false,"attack_mode2":false,"attack_mode_d2":false,"attack_mode3":false,"attack_mode_d3":false,"attack_mode4":false,"attack_mode_d4":false,"attack_mode5":false,"attack_mode_d5":false,"attack_mode_chal":false,"attack_mode_dchal":false,"attack_mode_arrw":false,"attack_mode_draft_arrw":false},{"data":1000009,"id":500000116,"lvl":10,"x":33,"y":21,"attack_mode":false,"attack_mode_draft":false,"attack_mode_war":false,"attack_mode_draft_war":false,"attack_mode2":false,"attack_mode_d2":false,"attack_mode3":false,"attack_mode_d3":false,"attack_mode4":false,"attack_mode_d4":false,"attack_mode5":false,"attack_mode_d5":false,"attack_mode_chal":false,"attack_mode_dchal":false,"attack_mode_arrw":false,"attack_mode_draft_arrw":false},{"data":1000009,"id":500000117,"lvl":11,"x":36,"y":21,"attack_mode":false,"attack_mode_draft":false,"attack_mode_war":false,"attack_mode_draft_war":false,"attack_mode2":false,"attack_mode_d2":false,"attack_mode3":false,"attack_mode_d3":false,"attack_mode4":false,"attack_mode_d4":false,"attack_mode5":false,"attack_mode_d5":false,"attack_mode_chal":false,"attack_mode_dchal":false,"attack_mode_arrw":false,"attack_mode_draft_arrw":false},{"data":1000009,"id":500000118,"lvl":12,"x":39,"y":21,"attack_mode":false,"attack_mode_draft":false,"attack_mode_war":false,"attack_mode_draft_war":false,"attack_mode2":false,"attack_mode_d2":false,"attack_mode3":false,"attack_mode_d3":false,"attack_mode4":false,"attack_mode_d4":false,"attack_mode5":false,"attack_mode_d5":false,"attack_mode_chal":false,"attack_mode_dchal":false,"attack_mode_arrw":false,"attack_mode_draft_arrw":false},{"data":1000013,"id":500000119,"lvl":0,"x":3,"y":18,"attack_mode":false,"attack_mode_draft":false,"attack_mode_war":false,"attack_mode_draft_war":false,"attack_mode2":false,"attack_mode_d2":false,"attack_mode3":false,"attack_mode_d3":false,"attack_mode4":false,"attack_mode_d4":false,"attack_mode5":false,"attack_mode_d5":false,"attack_mode_chal":false,"attack_mode_dchal":false,"attack_mode_arrw":false,"attack_mode_draft_arrw":false},{"data":1000013,"id":500000120,"lvl":1,"x":6,"y":18,"attack_mode":false,"attack_mode_draft":false,"attack_mode_war":false,"attack_mode_draft_war":false,"attack_mode2":false,"attack_mode_d2":false,"attack_mode3":false,"attack_mode_d3":false,"attack_mode4":false,"attack_mode_d4":false,"attack_mode5":false,"attack_mode_d5":false,"attack_mode_chal":false,"attack_mode_dchal":false,"attack_mode_arrw":false,"attack_mode_draft_arrw":false},{"data":1000013,"id":500000121,"lvl":2,"x":9,"y":18,"attack_mode":false,"attack_mode_draft":false,"attack_mode_war":false,"attack_mode_draft_war":false,"attack_mode2":false,"attack_mode_d2":false,"attack_mode3":false,"attack_mode_d3":false,"attack_mode4":false,"attack_mode_d4":false,"attack_mode5":false,"attack_mode_d5":false,"attack_mode_chal":false,"attack_mode_dchal":false,"attack_mode_arrw":false,"attack_mode_draft_arrw":false},{"data":1000013,"id":500000122,"lvl":3,"x":12,"y":18,"attack_mode":false,"attack_mode_draft":false,"attack_mode_war":false,"attack_mode_draft_war":false,"attack_mode2":false,"attack_mode_d2":false,"attack_mode3":false,"attack_mode_d3":false,"attack_mode4":false,"attack_mode_d4":false,"attack_mode5":false,"attack_mode_d5":false,"attack_mode_chal":false,"attack_mode_dchal":false,"attack_mode_arrw":false,"attack_mode_draft_arrw":false},{"data":1000013,"id":500000123,"lvl":4,"x":15,"y":18,"attack_mode":false,"attack_mode_draft":false,"attack_mode_war":false,"attack_mode_draft_war":false,"attack_mode2":false,"attack_mode_d2":false,"attack_mode3":false,"attack_mode_d3":false,"attack_mode4":false,"attack_mode_d4":false,"attack_mode5":false,"attack_mode_d5":false,"attack_mode_chal":false,"attack_mode_dchal":false,"attack_mode_arrw":false,"attack_mode_draft_arrw":false},{"data":1000013,"id":500000124,"lvl":5,"x":18,"y":18,"attack_mode":false,"attack_mode_draft":false,"attack_mode_war":false,"attack_mode_draft_war":false,"attack_mode2":false,"attack_mode_d2":false,"attack_mode3":false,"attack_mode_d3":false,"attack_mode4":false,"attack_mode_d4":false,"attack_mode5":false,"attack_mode_d5":false,"attack_mode_chal":false,"attack_mode_dchal":false,"attack_mode_arrw":false,"attack_mode_draft_arrw":false},{"data":1000013,"id":500000125,"lvl":6,"x":21,"y":18,"attack_mode":false,"attack_mode_draft":false,"attack_mode_war":false,"attack_mode_draft_war":false,"attack_mode2":false,"attack_mode_d2":false,"attack_mode3":false,"attack_mode_d3":false,"attack_mode4":false,"attack_mode_d4":false,"attack_mode5":false,"attack_mode_d5":false,"attack_mode_chal":false,"attack_mode_dchal":false,"attack_mode_arrw":false,"attack_mode_draft_arrw":false},{"data":1000013,"id":500000126,"lvl":7,"x":24,"y":18,"attack_mode":false,"attack_mode_draft":false,"attack_mode_war":false,"attack_mode_draft_war":false,"attack_mode2":false,"attack_mode_d2":false,"attack_mode3":false,"attack_mode_d3":false,"attack_mode4":false,"attack_mode_d4":false,"attack_mode5":false,"attack_mode_d5":false,"attack_mode_chal":false,"attack_mode_dchal":false,"attack_mode_arrw":false,"attack_mode_draft_arrw":false},{"data":1000013,"id":500000127,"lvl":8,"x":27,"y":18,"attack_mode":false,"attack_mode_draft":false,"attack_mode_war":false,"attack_mode_draft_war":false,"attack_mode2":false,"attack_mode_d2":false,"attack_mode3":false,"attack_mode_d3":false,"attack_mode4":false,"attack_mode_d4":false,"attack_mode5":false,"attack_mode_d5":false,"attack_mode_chal":false,"attack_mode_dchal":false,"attack_mode_arrw":false,"attack_mode_draft_arrw":false},{"data":1000011,"id":500000132,"lvl":0,"x":3,"y":15},{"data":1000011,"id":500000133,"lvl":1,"x":6,"y":15},{"data":1000011,"id":500000134,"lvl":2,"x":9,"y":15},{"data":1000011,"id":500000135,"lvl":3,"x":12,"y":15},{"data":1000011,"id":500000136,"lvl":4,"x":15,"y":15},{"data":1000011,"id":500000137,"lvl":5,"x":18,"y":15},{"data":1000011,"id":500000138,"lvl":6,"x":21,"y":15},{"data":1000011,"id":500000139,"lvl":7,"x":24,"y":15},{"data":1000011,"id":500000140,"lvl":8,"x":27,"y":15},{"data":1000012,"id":500000143,"lvl":0,"x":3,"y":12},{"data":1000012,"id":500000144,"lvl":1,"x":6,"y":12},{"data":1000012,"id":500000145,"lvl":2,"x":9,"y":12},{"data":1000012,"id":500000146,"lvl":3,"x":12,"y":12},{"data":1000012,"id":500000147,"lvl":4,"x":15,"y":12},{"data":1000012,"id":500000148,"lvl":5,"x":18,"y":12},{"data":1000012,"id":500000149,"lvl":6,"x":21,"y":12},{"data":1000012,"id":500000150,"lvl":7,"x":24,"y":12},{"data":1000028,"id":500000153,"lvl":0,"x":27,"y":12,"aim_angle":0,"aim_angle_draft":0,"aim_angle_war":0,"aim_angle_draft_war":0,"aim_angle2":0,"aim_angle_d2":0,"aim_angle3":0,"aim_angle_d3":0,"aim_angle4":0,"aim_angle_d4":0,"aim_angle5":0,"aim_angle_d5":0,"aim_angle5_chal":0,"aim_angle_dchal":0,"aim_angle_arrw":0,"aim_angle_draft_arrw":0},{"data":1000028,"id":500000154,"lvl":1,"x":29,"y":12,"aim_angle":0,"aim_angle_draft":0,"aim_angle_war":0,"aim_angle_draft_war":0,"aim_angle2":0,"aim_angle_d2":0,"aim_angle3":0,"aim_angle_d3":0,"aim_angle4":0,"aim_angle_d4":0,"aim_angle5":0,"aim_angle_d5":0,"aim_angle5_chal":0,"aim_angle_dchal":0,"aim_angle_arrw":0,"aim_angle_draft_arrw":0},{"data":1000028,"id":500000155,"lvl":2,"x":31,"y":12,"aim_angle":0,"aim_angle_draft":0,"aim_angle_war":0,"aim_angle_draft_war":0,"aim_angle2":0,"aim_angle_d2":0,"aim_angle3":0,"aim_angle_d3":0,"aim_angle4":0,"aim_angle_d4":0,"aim_angle5":0,"aim_angle_d5":0,"aim_angle5_chal":0,"aim_angle_dchal":0,"aim_angle_arrw":0,"aim_angle_draft_arrw":0},{"data":1000028,"id":500000156,"lvl":3,"x":33,"y":12,"aim_angle":0,"aim_angle_draft":0,"aim_angle_war":0,"aim_angle_draft_war":0,"aim_angle2":0,"aim_angle_d2":0,"aim_angle3":0,"aim_angle_d3":0,"aim_angle4":0,"aim_angle_d4":0,"aim_angle5":0,"aim_angle_d5":0,"aim_angle5_chal":0,"aim_angle_dchal":0,"aim_angle_arrw":0,"aim_angle_draft_arrw":0},{"data":1000028,"id":500000157,"lvl":4,"x":35,"y":12,"aim_angle":0,"aim_angle_draft":0,"aim_angle_war":0,"aim_angle_draft_war":0,"aim_angle2":0,"aim_angle_d2":0,"aim_angle3":0,"aim_angle_d3":0,"aim_angle4":0,"aim_angle_d4":0,"aim_angle5":0,"aim_angle_d5":0,"aim_angle5_chal":0,"aim_angle_dchal":0,"aim_angle_arrw":0,"aim_angle_draft_arrw":0},{"data":1000028,"id":500000158,"lvl":5,"x":37,"y":12,"aim_angle":0,"aim_angle_draft":0,"aim_angle_war":0,"aim_angle_draft_war":0,"aim_angle2":0,"aim_angle_d2":0,"aim_angle3":0,"aim_angle_d3":0,"aim_angle4":0,"aim_angle_d4":0,"aim_angle5":0,"aim_angle_d5":0,"aim_angle5_chal":0,"aim_angle_dchal":0,"aim_angle_arrw":0,"aim_angle_draft_arrw":0},{"data":1000019,"id":500000159,"lvl":0,"x":30,"y":15},{"data":1000019,"id":500000160,"lvl":1,"x":32,"y":15},{"data":1000019,"id":500000161,"lvl":2,"x":34,"y":15},{"data":1000019,"id":500000162,"lvl":3,"x":36,"y":15},{"data":1000019,"id":500000163,"lvl":4,"x":38,"y":15},{"data":1000019,"id":500000164,"lvl":5,"x":40,"y":14},{"data":1000019,"id":500000165,"lvl":6,"x":42,"y":14},{"data":1000019,"id":500000166,"lvl":7,"x":44,"y":14},{"data":1000021,"id":500000168,"lvl":0,"x":30,"y":17,"attack_mode":false,"attack_mode_draft":false,"attack_mode_war":false,"attack_mode_draft_war":false,"attack_mode2":false,"attack_mode_d2":false,"attack_mode3":false,"attack_mode_d3":false,"attack_mode4":false,"attack_mode_d4":false,"attack_mode5":false,"attack_mode_d5":false,"attack_mode_chal":false,"attack_mode_dchal":false,"attack_mode_arrw":false,"attack_mode_draft_arrw":false,"ammo":1500},{"data":1000021,"id":500000169,"lvl":1,"x":33,"y":17,"attack_mode":false,"attack_mode_draft":false,"attack_mode_war":false,"attack_mode_draft_war":false,"attack_mode2":false,"attack_mode_d2":false,"attack_mode3":false,"attack_mode_d3":false,"attack_mode4":false,"attack_mode_d4":false,"attack_mode5":false,"attack_mode_d5":false,"attack_mode_chal":false,"attack_mode_dchal":false,"attack_mode_arrw":false,"attack_mode_draft_arrw":false,"ammo":1500},{"data":1000021,"id":500000170,"lvl":2,"x":36,"y":17,"attack_mode":false,"attack_mode_draft":false,"attack_mode_war":false,"attack_mode_draft_war":false,"attack_mode2":false,"attack_mode_d2":false,"attack_mode3":false,"attack_mode_d3":false,"attack_mode4":false,"attack_mode_d4":false,"attack_mode5":false,"attack_mode_d5":false,"attack_mode_chal":false,"attack_mode_dchal":false,"attack_mode_arrw":false,"attack_mode_draft_arrw":false,"ammo":1500},{"data":1000021,"id":500000171,"lvl":3,"x":39,"y":17,"attack_mode":false,"attack_mode_draft":false,"attack_mode_war":false,"attack_mode_draft_war":false,"attack_mode2":false,"attack_mode_d2":false,"attack_mode3":false,"attack_mode_d3":false,"attack_mode4":false,"attack_mode_d4":false,"attack_mode5":false,"attack_mode_d5":false,"attack_mode_chal":false,"attack_mode_dchal":false,"attack_mode_arrw":false,"attack_mode_draft_arrw":false,"ammo":1500},{"data":1000027,"id":500000172,"lvl":0,"x":48,"y":9,"attack_mode":false,"attack_mode_draft":false,"attack_mode_war":false,"attack_mode_draft_war":false,"attack_mode2":false,"attack_mode_d2":false,"attack_mode3":false,"attack_mode_d3":false,"attack_mode4":false,"attack_mode_d4":false,"attack_mode5":false,"attack_mode_d5":false,"attack_mode_chal":false,"attack_mode_dchal":false,"attack_mode_arrw":false,"attack_mode_draft_arrw":false,"ammo":1000},{"data":1000027,"id":500000173,"lvl":1,"x":48,"y":7,"attack_mode":false,"attack_mode_draft":false,"attack_mode_war":false,"attack_mode_draft_war":false,"attack_mode2":false,"attack_mode_d2":false,"attack_mode3":false,"attack_mode_d3":false,"attack_mode4":false,"attack_mode_d4":false,"attack_mode5":false,"attack_mode_d5":false,"attack_mode_chal":false,"attack_mode_dchal":false,"attack_mode_arrw":false,"attack_mode_draft_arrw":false,"ammo":1000},{"data":1000027,"id":500000174,"lvl":2,"x":48,"y":5,"attack_mode":false,"attack_mode_draft":false,"attack_mode_war":false,"attack_mode_draft_war":false,"attack_mode2":false,"attack_mode_d2":false,"attack_mode3":false,"attack_mode_d3":false,"attack_mode4":false,"attack_mode_d4":false,"attack_mode5":false,"attack_mode_d5":false,"attack_mode_chal":false,"attack_mode_dchal":false,"attack_mode_arrw":false,"attack_mode_draft_arrw":false,"ammo":1000},{"data":1000027,"id":500000175,"lvl":3,"x":48,"y":3,"attack_mode":false,"attack_mode_draft":false,"attack_mode_war":false,"attack_mode_draft_war":false,"attack_mode2":false,"attack_mode_d2":false,"attack_mode3":false,"attack_mode_d3":false,"attack_mode4":false,"attack_mode_d4":false,"attack_mode5":false,"attack_mode_d5":false,"attack_mode_chal":false,"attack_mode_dchal":false,"attack_mode_arrw":false,"attack_mode_draft_arrw":false,"ammo":1000},{"data":1000031,"id":500000177,"lvl":0,"x":39,"y":9,"ammo":30},{"data":1000031,"id":500000178,"lvl":1,"x":43,"y":9,"ammo":30},{"data":1000020,"id":500000179,"lvl":0,"x":3,"y":9,"units":[],"unit_prod":{"m":1,"unit_type":1}},{"data":1000020,"id":500000180,"lvl":1,"x":6,"y":9,"units":[],"unit_prod":{"m":1,"unit_type":1}},{"data":1000020,"id":500000181,"lvl":2,"x":9,"y":9,"units":[],"unit_prod":{"m":1,"unit_type":1}},{"data":1000020,"id":500000182,"lvl":3,"x":12,"y":9,"units":[],"unit_prod":{"m":1,"unit_type":1}},{"data":1000029,"id":500000187,"lvl":0,"x":15,"y":9,"units":[],"unit_prod":{"m":1,"unit_type":1}},{"data":1000029,"id":500000188,"lvl":1,"x":18,"y":9,"units":[],"unit_prod":{"m":1,"unit_type":1}},{"data":1000029,"id":500000189,"lvl":2,"x":21,"y":9,"units":[],"unit_prod":{"m":1,"unit_type":1}},{"data":1000007,"id":500000191,"lvl":6,"x":7,"y":3},{"data":1000022,"id":500000192,"lvl":0,"x":44,"y":3},{"data":1000025,"id":500000193,"lvl":0,"x":41,"y":5},{"data":1000030,"id":500000194,"lvl":0,"x":44,"y":6},{"data":1000010,"id":500000195,"lvl":1,"wI":0,"wX":0,"x":14,"y":3},{"data":1000010,"id":500000196,"lvl":1,"wI":0,"wX":0,"x":15,"y":3},{"data":1000010,"id":500000197,"lvl":2,"wI":0,"wX":0,"x":17,"y":3},{"data":1000010,"id":500000198,"lvl":2,"wI":0,"wX":0,"x":18,"y":3},{"data":1000010,"id":500000199,"lvl":3,"wI":0,"wX":0,"x":20,"y":3},{"data":1000010,"id":500000200,"lvl":3,"wI":0,"wX":0,"x":21,"y":3},{"data":1000010,"id":500000201,"lvl":1,"wI":0,"wX":0,"x":15,"y":4},{"data":1000010,"id":500000202,"lvl":2,"wI":0,"wX":0,"x":18,"y":4},{"data":1000010,"id":500000203,"lvl":3,"wI":0,"wX":0,"x":21,"y":4},{"data":1000010,"id":500000204,"lvl":4,"wI":0,"wX":0,"x":23,"y":3},{"data":1000010,"id":500000205,"lvl":4,"wI":0,"wX":0,"x":24,"y":3},{"data":1000010,"id":500000206,"lvl":4,"wI":0,"wX":0,"x":24,"y":4},{"data":1000010,"id":500000207,"lvl":5,"wI":0,"wX":0,"x":26,"y":3},{"data":1000010,"id":500000208,"lvl":5,"wI":0,"wX":0,"x":27,"y":3},{"data":1000010,"id":500000209,"lvl":5,"wI":0,"wX":0,"x":27,"y":4},{"data":1000010,"id":500000210,"lvl":6,"wI":0,"wX":0,"x":29,"y":3},{"data":1000010,"id":500000211,"lvl":6,"wI":0,"wX":0,"x":30,"y":3},{"data":1000010,"id":500000212,"lvl":6,"wI":0,"wX":0,"x":30,"y":4},{"data":1000010,"id":500000213,"lvl":7,"wI":0,"wX":0,"x":32,"y":3},{"data":1000010,"id":500000214,"lvl":7,"wI":0,"wX":0,"x":33,"y":3},{"data":1000010,"id":500000215,"lvl":7,"wI":0,"wX":0,"x":33,"y":4},{"data":1000010,"id":500000216,"lvl":0,"wI":0,"wX":0,"x":11,"y":3},{"data":1000010,"id":500000217,"lvl":0,"wI":0,"wX":0,"x":12,"y":3},{"data":1000010,"id":500000218,"lvl":0,"wI":0,"wX":0,"x":12,"y":4},{"data":1000010,"id":500000219,"lvl":8,"wI":0,"wX":0,"x":35,"y":3},{"data":1000010,"id":500000220,"lvl":8,"wI":0,"wX":0,"x":36,"y":3},{"data":1000010,"id":500000221,"lvl":8,"wI":0,"wX":0,"x":36,"y":4},{"data":1000010,"id":500000222,"lvl":9,"wI":0,"wX":0,"x":38,"y":3},{"data":1000010,"id":500000223,"lvl":9,"wI":0,"wX":0,"x":39,"y":3},{"data":1000010,"id":500000224,"lvl":9,"wI":0,"wX":0,"x":39,"y":4},{"data":1000010,"id":500000225,"lvl":10,"wI":0,"wX":0,"x":41,"y":3},{"data":1000010,"id":500000226,"lvl":10,"wI":0,"wX":0,"x":42,"y":3},{"data":1000010,"id":500000227,"lvl":10,"wI":0,"wX":0,"x":42,"y":4},{"data":1000015,"id":500000228,"lvl":0,"x":3,"y":7},{"data":1000018,"id":500000230,"lvl":0,"x":47,"y":48,"units":[]},{"data":1000008,"id":500000231,"lvl":13,"x":42,"y":24,"attack_mode":false,"attack_mode_draft":false,"attack_mode_war":false,"attack_mode_draft_war":false,"attack_mode2":false,"attack_mode_d2":false,"attack_mode3":false,"attack_mode_d3":false,"attack_mode4":false,"attack_mode_d4":false,"attack_mode5":false,"attack_mode_d5":false,"attack_mode_chal":false,"attack_mode_dchal":false,"attack_mode_arrw":false,"attack_mode_draft_arrw":false},{"data":1000029,"id":500000232,"lvl":3,"x":24,"y":9,"units":[],"unit_prod":{"m":1,"unit_type":1}},{"data":1000006,"id":500000233,"lvl":10,"x":33,"y":27,"unit_prod":{"m":1,"unit_type":0}},{"data":1000006,"id":500000234,"lvl":11,"x":36,"y":27,"unit_prod":{"m":1,"unit_type":0}},{"data":1000032,"id":500000235,"lvl":0,"x":12,"y":6},{"data":1000032,"id":500000236,"lvl":2,"x":18,"y":6},{"data":1000032,"id":500000237,"lvl":3,"x":21,"y":6},{"data":1000032,"id":500000238,"lvl":1,"x":15,"y":6},{"data":1000032,"id":500000239,"lvl":4,"x":24,"y":6},{"data":1000032,"id":500000240,"lvl":5,"x":27,"y":6}],"obstacles":[{"data":8000030,"id":503000011,"x":29,"y":48},{"data":8000007,"id":503000054,"x":48,"y":32,"lmv":2},{"data":8000008,"id":503000070,"x":48,"y":40,"lmv":2},{"data":8000006,"id":503000076,"x":48,"y":34,"lmv":2},{"data":8000004,"id":503000093,"x":48,"y":42,"lmv":2},{"data":8000010,"id":503000099,"x":48,"y":36,"lmv":2},{"data":8000000,"id":503000100,"x":48,"y":38,"lmv":2},{"data":8000001,"id":503000106,"x":32,"y":0},{"data":8000003,"id":503000107,"x":41,"y":0},{"data":8000002,"id":503000108,"x":39,"y":0},{"data":8000005,"id":503000109,"x":44,"y":0},{"data":8000013,"id":503000110,"x":47,"y":0},{"data":8000011,"id":503000111,"x":37,"y":0},{"data":8000015,"id":503000112,"x":28,"y":0},{"data":8000014,"id":503000113,"x":35,"y":0},{"data":8000021,"id":503000114,"x":14,"y":48},{"data":8000028,"id":503000115,"x":17,"y":48},{"data":8000037,"id":503000116,"x":20,"y":48},{"data":8000036,"id":503000117,"x":11,"y":48},{"data":8000031,"id":503000118,"x":8,"y":48},{"data":8000022,"id":503000121,"x":39,"y":48},{"data":8000023,"id":503000122,"x":37,"y":48},{"data":8000029,"id":503000123,"x":35,"y":48},{"data":8000020,"id":503000125,"x":8,"y":0},{"data":8000019,"id":503000126,"x":11,"y":0},{"data":8000016,"id":503000127,"x":14,"y":0},{"data":8000017,"id":503000128,"x":16,"y":0},{"data":8000018,"id":503000129,"x":18,"y":0},{"data":8000034,"id":503000130,"x":21,"y":0},{"data":8000035,"id":503000131,"x":24,"y":0},{"data":8000007,"id":503000132,"x":0,"y":9,"lmv":2},{"data":8000013,"id":503000133,"x":43,"y":18,"lmv":2},{"data":8000004,"id":503000134,"x":0,"y":1,"lmv":2}],"traps":[{"data":12000002,"id":504000000,"lvl":0,"x":27,"y":10},{"data":12000002,"id":504000002,"lvl":2,"x":29,"y":10},{"data":12000000,"id":504000004,"lvl":0,"x":34,"y":7},{"data":12000000,"id":504000005,"lvl":2,"x":35,"y":7},{"data":12000000,"id":504000006,"lvl":4,"x":36,"y":7},{"data":12000005,"id":504000007,"lvl":0,"x":31,"y":10},{"data":12000005,"id":504000008,"lvl":2,"x":33,"y":10},{"data":12000006,"id":504000009,"lvl":0,"x":35,"y":10},{"data":12000006,"id":504000010,"lvl":2,"x":37,"y":10},{"data":12000008,"id":504000011,"lvl":0,"air_mode":false,"air_mode_draft":false,"air_mode_war":false,"air_mode_draft_war":false,"air_mode2":false,"air_mode_d2":false,"air_mode3":false,"air_mode_d3":false,"air_mode4":false,"air_mode_d4":false,"air_mode5":false,"air_mode_d5":false,"air_mode6":false,"air_mode_d6":false,"air_mode7":false,"air_mode_d7":false,"x":37,"y":7},{"data":12000008,"id":504000012,"lvl":2,"air_mode":false,"air_mode_draft":false,"air_mode_war":false,"air_mode_draft_war":false,"air_mode2":false,"air_mode_d2":false,"air_mode3":false,"air_mode_d3":false,"air_mode4":false,"air_mode_d4":false,"air_mode5":false,"air_mode_d5":false,"air_mode6":false,"air_mode_d6":false,"air_mode7":false,"air_mode_d7":false,"x":38,"y":7},{"data":12000008,"id":504000013,"lvl":2,"air_mode":true,"air_mode_draft":false,"air_mode_war":false,"air_mode_draft_war":false,"air_mode2":false,"air_mode_d2":false,"air_mode3":false,"air_mode_d3":false,"air_mode4":false,"air_mode_d4":false,"air_mode5":false,"air_mode_d5":false,"air_mode6":false,"air_mode_d6":false,"air_mode7":false,"air_mode_d7":false,"x":40,"y":7},{"data":12000008,"id":504000014,"lvl":0,"air_mode":true,"air_mode_draft":false,"air_mode_war":false,"air_mode_draft_war":false,"air_mode2":false,"air_mode_d2":false,"air_mode3":false,"air_mode_d3":false,"air_mode4":false,"air_mode_d4":false,"air_mode5":false,"air_mode_d5":false,"air_mode6":false,"air_mode_d6":false,"air_mode7":false,"air_mode_d7":false,"x":39,"y":7},{"data":12000001,"id":504000015,"lvl":0,"x":20,"y":4},{"data":12000001,"id":504000017,"lvl":2,"x":19,"y":4},{"data":12000001,"id":504000018,"lvl":4,"x":22,"y":4}],"decos":[{"data":18000001,"id":506000000,"x":11,"y":7},{"data":18000000,"id":506000001,"x":7,"y":7},{"data":18000033,"id":506000002,"x":9,"y":7},{"data":18000010,"id":506000003,"x":5,"y":7},{"data":18000018,"id":506000005,"x":31,"y":5},{"data":18000007,"id":506000006,"x":33,"y":5},{"data":18000008,"id":506000007,"x":35,"y":5},{"data":18000009,"id":506000008,"x":37,"y":5},{"data":18000004,"id":506000009,"x":39,"y":5},{"data":18000005,"id":506000010,"x":26,"y":48},{"data":18000006,"id":506000011,"x":23,"y":48},{"data":18000002,"id":506000012,"x":44,"y":48}],"vobjs":[{"data":39000000,"id":508000000,"lvl":0,"x":25,"y":54},{"data":39000002,"id":508000001,"lvl":0,"x":34,"y":54},{"data":39000004,"id":508000002,"lvl":0,"x":61,"y":21},{"data":39000012,"id":508000003,"lvl":0,"x":59,"y":14},{"data":39000013,"id":508000004,"lvl":0,"x":61,"y":18},{"data":39000014,"id":508000005,"lvl":0,"x":59,"y":19},{"data":39000015,"id":508000006,"lvl":0,"x":60,"y":27},{"data":39000016,"id":508000007,"lvl":0,"x":62,"y":26},{"data":39000017,"id":508000008,"lvl":0,"x":62,"y":28},{"data":39000018,"id":508000009,"lvl":0,"x":62,"y":30},{"data":39000019,"id":508000010,"lvl":0,"x":61,"y":15},{"data":39000020,"id":508000011,"lvl":0,"x":60,"y":27},{"data":39000021,"id":508000012,"lvl":0,"x":60,"y":17}],"respawnVars":{"secondsFromLastRespawn":15788,"respawnSeed":2129598164,"obstacleClearCounter":0,"time_to_gembox_drop":693412,"time_in_gembox_period":74212},"units":{"unit_prod":{}},"spells":{"unit_prod":{}},"siege_machines":{"unit_prod":{}},"buildings2":[{"data":1000034,"id":500000000,"lvl":7,"x":3,"y":43},{"data":1000033,"id":500000006,"lvl":0,"wI":6,"wP":1,"wX":0,"x":13,"y":46},{"data":1000033,"id":500000007,"lvl":0,"wI":6,"wX":1,"x":11,"y":46},{"data":1000033,"id":500000008,"lvl":0,"wI":6,"wX":2,"x":15,"y":46},{"data":1000033,"id":500000009,"lvl":0,"wI":6,"wX":3,"x":12,"y":46},{"data":1000033,"id":500000010,"lvl":0,"wI":6,"wX":4,"x":14,"y":46},{"data":1000037,"id":500000058,"lvl":0,"x":3,"y":17,"res_time":0},{"data":1000035,"id":500000065,"lvl":0,"x":3,"y":14,"res_time":0},{"data":1000042,"id":500000066,"lvl":0,"x":11,"y":43,"up2":{"unit":[4000032,0],"t":31}},{"data":1000048,"id":500000105,"lvl":0,"x":3,"y":37,"attack_mode":false,"attack_mode_draft":false,"attack_mode_war":false,"attack_mode_draft_war":false,"attack_mode2":false,"attack_mode_d2":false,"attack_mode3":false,"attack_mode_d3":false,"attack_mode4":false,"attack_mode_d4":false,"attack_mode5":false,"attack_mode_d5":false,"attack_mode_chal":false,"attack_mode_dchal":false,"attack_mode_arrw":false,"attack_mode_draft_arrw":false},{"data":1000040,"id":500000115,"lvl":0,"x":3,"y":31,"unit_prod":{"m":1,"unit_type":0}},{"data":1000052,"id":500000117,"lvl":2,"x":3,"y":40},{"data":1000041,"id":500000118,"lvl":0,"x":3,"y":34},{"data":1000041,"id":500000119,"lvl":1,"x":6,"y":34},{"data":1000041,"id":500000120,"lvl":2,"x":9,"y":34},{"data":1000041,"id":500000121,"lvl":3,"x":12,"y":34},{"data":1000041,"id":500000122,"lvl":4,"x":15,"y":34},{"data":1000041,"id":500000123,"lvl":5,"x":18,"y":34},{"data":1000041,"id":500000124,"lvl":6,"x":21,"y":34},{"data":1000041,"id":500000125,"lvl":7,"x":24,"y":34},{"data":1000041,"id":500000126,"lvl":7,"x":27,"y":34},{"data":1000041,"id":500000127,"lvl":7,"x":30,"y":34},{"data":1000048,"id":500000128,"lvl":1,"x":6,"y":37,"attack_mode":false,"attack_mode_draft":false,"attack_mode_war":false,"attack_mode_draft_war":false,"attack_mode2":false,"attack_mode_d2":false,"attack_mode3":false,"attack_mode_d3":false,"attack_mode4":false,"attack_mode_d4":false,"attack_mode5":false,"attack_mode_d5":false,"attack_mode_chal":false,"attack_mode_dchal":false,"attack_mode_arrw":false,"attack_mode_draft_arrw":false},{"data":1000048,"id":500000129,"lvl":2,"x":9,"y":37,"attack_mode":false,"attack_mode_draft":false,"attack_mode_war":false,"attack_mode_draft_war":false,"attack_mode2":false,"attack_mode_d2":false,"attack_mode3":false,"attack_mode_d3":false,"attack_mode4":false,"attack_mode_d4":false,"attack_mode5":false,"attack_mode_d5":false,"attack_mode_chal":false,"attack_mode_dchal":false,"attack_mode_arrw":false,"attack_mode_draft_arrw":false},{"data":1000048,"id":500000130,"lvl":3,"x":12,"y":37,"attack_mode":false,"attack_mode_draft":false,"attack_mode_war":false,"attack_mode_draft_war":false,"attack_mode2":false,"attack_mode_d2":false,"attack_mode3":false,"attack_mode_d3":false,"attack_mode4":false,"attack_mode_d4":false,"attack_mode5":false,"attack_mode_d5":false,"attack_mode_chal":false,"attack_mode_dchal":false,"attack_mode_arrw":false,"attack_mode_draft_arrw":false},{"data":1000048,"id":500000131,"lvl":4,"x":15,"y":37,"attack_mode":false,"attack_mode_draft":false,"attack_mode_war":false,"attack_mode_draft_war":false,"attack_mode2":false,"attack_mode_d2":false,"attack_mode3":false,"attack_mode_d3":false,"attack_mode4":false,"attack_mode_d4":false,"attack_mode5":false,"attack_mode_d5":false,"attack_mode_chal":false,"attack_mode_dchal":false,"attack_mode_arrw":false,"attack_mode_draft_arrw":false},{"data":1000048,"id":500000132,"lvl":5,"x":18,"y":37,"attack_mode":false,"attack_mode_draft":false,"attack_mode_war":false,"attack_mode_draft_war":false,"attack_mode2":false,"attack_mode_d2":false,"attack_mode3":false,"attack_mode_d3":false,"attack_mode4":false,"attack_mode_d4":false,"attack_mode5":false,"attack_mode_d5":false,"attack_mode_chal":false,"attack_mode_dchal":false,"attack_mode_arrw":false,"attack_mode_draft_arrw":false},{"data":1000048,"id":500000133,"lvl":6,"x":21,"y":37,"attack_mode":false,"attack_mode_draft":false,"attack_mode_war":false,"attack_mode_draft_war":false,"attack_mode2":false,"attack_mode_d2":false,"attack_mode3":false,"attack_mode_d3":false,"attack_mode4":false,"attack_mode_d4":false,"attack_mode5":false,"attack_mode_d5":false,"attack_mode_chal":false,"attack_mode_dchal":false,"attack_mode_arrw":false,"attack_mode_draft_arrw":false},{"data":1000048,"id":500000134,"lvl":7,"x":24,"y":37,"attack_mode":false,"attack_mode_draft":false,"attack_mode_war":false,"attack_mode_draft_war":false,"attack_mode2":false,"attack_mode_d2":false,"attack_mode3":false,"attack_mode_d3":false,"attack_mode4":false,"attack_mode_d4":false,"attack_mode5":false,"attack_mode_d5":false,"attack_mode_chal":false,"attack_mode_dchal":false,"attack_mode_arrw":false,"attack_mode_draft_arrw":false},{"data":1000052,"id":500000137,"lvl":1,"x":6,"y":40},{"data":1000052,"id":500000138,"lvl":2,"x":9,"y":40},{"data":1000040,"id":500000140,"lvl":1,"x":6,"y":31,"unit_prod":{"m":1,"unit_type":0}},{"data":1000040,"id":500000141,"lvl":2,"x":9,"y":31,"unit_prod":{"m":1,"unit_type":0}},{"data":1000040,"id":500000142,"lvl":3,"x":12,"y":31,"unit_prod":{"m":1,"unit_type":0}},{"data":1000040,"id":500000143,"lvl":4,"x":15,"y":31,"unit_prod":{"m":1,"unit_type":0}},{"data":1000040,"id":500000144,"lvl":5,"x":18,"y":31,"unit_prod":{"m":1,"unit_type":0}},{"data":1000040,"id":500000145,"lvl":6,"x":21,"y":31,"unit_prod":{"m":1,"unit_type":0}},{"data":1000040,"id":500000146,"lvl":7,"x":24,"y":31,"unit_prod":{"m":1,"unit_type":0}},{"data":1000051,"id":500000147,"lvl":0,"x":3,"y":29},{"data":1000051,"id":500000148,"lvl":1,"x":5,"y":29},{"data":1000051,"id":500000149,"lvl":2,"x":7,"y":29},{"data":1000051,"id":500000150,"lvl":3,"x":9,"y":29},{"data":1000051,"id":500000151,"lvl":4,"x":11,"y":29},{"data":1000051,"id":500000152,"lvl":5,"x":13,"y":29},{"data":1000033,"id":500000154,"lvl":1,"wI":11,"wP":1,"wX":0,"x":18,"y":46},{"data":1000033,"id":500000155,"lvl":1,"wI":11,"wX":1,"x":20,"y":46},{"data":1000033,"id":500000156,"lvl":1,"wI":11,"wX":2,"x":16,"y":46},{"data":1000033,"id":500000157,"lvl":1,"wI":11,"wX":3,"x":19,"y":46},{"data":1000033,"id":500000158,"lvl":1,"wI":11,"wX":4,"x":17,"y":46},{"data":1000033,"id":500000159,"lvl":2,"wI":16,"wP":1,"wX":0,"x":23,"y":46},{"data":1000033,"id":500000160,"lvl":2,"wI":16,"wX":1,"x":25,"y":46},{"data":1000033,"id":500000161,"lvl":2,"wI":16,"wX":2,"x":21,"y":46},{"data":1000033,"id":500000162,"lvl":2,"wI":16,"wX":3,"x":24,"y":46},{"data":1000033,"id":500000163,"lvl":2,"wI":16,"wX":4,"x":22,"y":46},{"data":1000045,"id":500000184,"lvl":0,"x":33,"y":17},{"data":1000045,"id":500000185,"lvl":1,"x":36,"y":17},{"data":1000045,"id":500000186,"lvl":2,"x":39,"y":17},{"data":1000045,"id":500000187,"lvl":3,"x":42,"y":17},{"data":1000045,"id":500000188,"lvl":4,"x":33,"y":14},{"data":1000050,"id":500000199,"lvl":0,"x":27,"y":40},{"data":1000050,"id":500000200,"lvl":1,"x":29,"y":40},{"data":1000050,"id":500000201,"lvl":2,"x":31,"y":40},{"data":1000050,"id":500000202,"lvl":3,"x":33,"y":40},{"data":1000050,"id":500000203,"lvl":4,"x":27,"y":38},{"data":1000050,"id":500000204,"lvl":5,"x":29,"y":38},{"data":1000046,"id":500000205,"lvl":1,"x":7,"y":43},{"data":1000044,"id":500000211,"lvl":0,"x":3,"y":23},{"data":1000044,"id":500000212,"lvl":1,"x":6,"y":23},{"data":1000044,"id":500000213,"lvl":2,"x":9,"y":23},{"data":1000044,"id":500000214,"lvl":3,"x":12,"y":23},{"data":1000044,"id":500000215,"lvl":4,"x":15,"y":23},{"data":1000044,"id":500000216,"lvl":5,"x":18,"y":23},{"data":1000044,"id":500000217,"lvl":6,"x":21,"y":23},{"data":1000044,"id":500000218,"lvl":7,"x":24,"y":23},{"data":1000037,"id":500000226,"lvl":1,"x":6,"y":17,"res_time":0},{"data":1000037,"id":500000227,"lvl":2,"x":9,"y":17,"res_time":0},{"data":1000037,"id":500000228,"lvl":3,"x":12,"y":17,"res_time":0},{"data":1000037,"id":500000229,"lvl":4,"x":15,"y":17,"res_time":0},{"data":1000037,"id":500000230,"lvl":5,"x":18,"y":17,"res_time":0},{"data":1000037,"id":500000231,"lvl":6,"x":21,"y":17,"res_time":0},{"data":1000037,"id":500000232,"lvl":7,"x":24,"y":17,"res_time":0},{"data":1000037,"id":500000233,"lvl":7,"x":27,"y":17,"res_time":0},{"data":1000037,"id":500000234,"lvl":7,"x":30,"y":17,"res_time":0},{"data":1000035,"id":500000236,"lvl":1,"x":6,"y":14,"res_time":0},{"data":1000035,"id":500000237,"lvl":2,"x":9,"y":14,"res_time":0},{"data":1000035,"id":500000238,"lvl":3,"x":12,"y":14,"res_time":0},{"data":1000035,"id":500000239,"lvl":4,"x":15,"y":14,"res_time":0},{"data":1000035,"id":500000240,"lvl":5,"x":18,"y":14,"res_time":0},{"data":1000035,"id":500000241,"lvl":6,"x":21,"y":14,"res_time":0},{"data":1000035,"id":500000242,"lvl":7,"x":24,"y":14,"res_time":0},{"data":1000035,"id":500000243,"lvl":7,"x":27,"y":14,"res_time":0},{"data":1000035,"id":500000244,"lvl":7,"x":30,"y":14,"res_time":0},{"data":1000038,"id":500000245,"lvl":0,"x":3,"y":11},{"data":1000038,"id":500000246,"lvl":1,"x":6,"y":11},{"data":1000038,"id":500000247,"lvl":2,"x":9,"y":11},{"data":1000038,"id":500000248,"lvl":3,"x":12,"y":11},{"data":1000038,"id":500000249,"lvl":4,"x":15,"y":11},{"data":1000036,"id":500000251,"lvl":0,"x":3,"y":8},{"data":1000036,"id":500000252,"lvl":1,"x":6,"y":8},{"data":1000036,"id":500000253,"lvl":2,"x":9,"y":8},{"data":1000036,"id":500000254,"lvl":3,"x":12,"y":8},{"data":1000036,"id":500000255,"lvl":4,"x":15,"y":8},{"data":1000033,"id":500000256,"lvl":3,"wI":17,"wP":1,"wX":0,"x":28,"y":46},{"data":1000033,"id":500000257,"lvl":3,"wI":17,"wX":1,"x":30,"y":46},{"data":1000033,"id":500000258,"lvl":3,"wI":17,"wX":2,"x":26,"y":46},{"data":1000033,"id":500000259,"lvl":3,"wI":17,"wX":3,"x":29,"y":46},{"data":1000033,"id":500000260,"lvl":3,"wI":17,"wX":4,"x":27,"y":46},{"data":1000033,"id":500000261,"lvl":4,"wI":21,"wP":1,"wX":0,"x":33,"y":46},{"data":1000033,"id":500000262,"lvl":4,"wI":21,"wX":1,"x":35,"y":46},{"data":1000033,"id":500000263,"lvl":4,"wI":21,"wX":2,"x":31,"y":46},{"data":1000033,"id":500000264,"lvl":4,"wI":21,"wX":3,"x":34,"y":46},{"data":1000033,"id":500000265,"lvl":4,"wI":21,"wX":4,"x":32,"y":46},{"data":1000033,"id":500000266,"lvl":5,"wI":26,"wP":1,"wX":0,"x":38,"y":46},{"data":1000033,"id":500000267,"lvl":5,"wI":26,"wX":1,"x":40,"y":46},{"data":1000033,"id":500000268,"lvl":5,"wI":26,"wX":2,"x":36,"y":46},{"data":1000033,"id":500000269,"lvl":5,"wI":26,"wX":3,"x":39,"y":46},{"data":1000033,"id":500000270,"lvl":5,"wI":26,"wX":4,"x":37,"y":46},{"data":1000033,"id":500000271,"lvl":6,"wI":31,"wP":1,"wX":0,"x":43,"y":46},{"data":1000033,"id":500000272,"lvl":6,"wI":31,"wX":1,"x":45,"y":46},{"data":1000033,"id":500000273,"lvl":6,"wI":31,"wX":2,"x":41,"y":46},{"data":1000033,"id":500000274,"lvl":6,"wI":31,"wX":3,"x":44,"y":46},{"data":1000033,"id":500000275,"lvl":6,"wI":31,"wX":4,"x":42,"y":46},{"data":1000033,"id":500000276,"lvl":7,"wI":36,"wP":1,"wX":0,"x":46,"y":44},{"data":1000033,"id":500000277,"lvl":7,"wI":36,"wX":1,"x":46,"y":42},{"data":1000033,"id":500000278,"lvl":7,"wI":36,"wX":2,"x":46,"y":46},{"data":1000033,"id":500000279,"lvl":7,"wI":36,"wX":3,"x":46,"y":43},{"data":1000033,"id":500000280,"lvl":7,"wI":36,"wX":4,"x":46,"y":45},{"data":1000055,"id":500000281,"lvl":0,"x":27,"y":26},{"data":1000055,"id":500000282,"lvl":1,"x":27,"y":23},{"data":1000055,"id":500000283,"lvl":2,"x":30,"y":26},{"data":1000055,"id":500000284,"lvl":3,"x":30,"y":23},{"data":1000055,"id":500000285,"lvl":4,"x":33,"y":26},{"data":1000054,"id":500000289,"lvl":0,"x":27,"y":31},{"data":1000054,"id":500000290,"lvl":1,"x":30,"y":31},{"data":1000054,"id":500000291,"lvl":2,"x":33,"y":31},{"data":1000054,"id":500000292,"lvl":3,"x":36,"y":31},{"data":1000054,"id":500000293,"lvl":4,"x":39,"y":31},{"data":1000054,"id":500000294,"lvl":5,"x":36,"y":28},{"data":1000054,"id":500000295,"lvl":6,"x":39,"y":28},{"data":1000054,"id":500000296,"lvl":7,"x":39,"y":25},{"data":1000056,"id":500000297,"lvl":0,"x":3,"y":26},{"data":1000056,"id":500000298,"lvl":1,"x":6,"y":26},{"data":1000056,"id":500000299,"lvl":2,"x":9,"y":26},{"data":1000056,"id":500000300,"lvl":3,"x":12,"y":26},{"data":1000056,"id":500000301,"lvl":4,"x":15,"y":26},{"data":1000056,"id":500000302,"lvl":5,"x":18,"y":26},{"data":1000056,"id":500000303,"lvl":6,"x":21,"y":26},{"data":1000056,"id":500000304,"lvl":7,"x":24,"y":26},{"data":1000057,"id":500000307,"lvl":0,"x":3,"y":20},{"data":1000057,"id":500000308,"lvl":1,"x":6,"y":20},{"data":1000057,"id":500000309,"lvl":2,"x":9,"y":20},{"data":1000057,"id":500000310,"lvl":3,"x":12,"y":20},{"data":1000057,"id":500000311,"lvl":4,"x":15,"y":20},{"data":1000057,"id":500000312,"lvl":5,"x":18,"y":20},{"data":1000057,"id":500000313,"lvl":7,"x":21,"y":20},{"data":1000039,"id":500000318,"lvl":0,"locked":true,"x":27,"y":42},{"data":1000039,"id":500000319,"lvl":0,"x":31,"y":42},{"data":1000039,"id":500000320,"lvl":1,"x":35,"y":42},{"data":1000039,"id":500000321,"lvl":2,"x":39,"y":42},{"data":1000039,"id":500000322,"lvl":3,"x":42,"y":38},{"data":1000039,"id":500000323,"lvl":4,"x":42,"y":34},{"data":1000039,"id":500000324,"lvl":5,"x":42,"y":30},{"data":1000039,"id":500000325,"lvl":6,"x":42,"y":26},{"data":1000039,"id":500000326,"lvl":7,"x":42,"y":22},{"data":1000058,"id":500000327,"lvl":0,"x":6,"y":5,"res_time":306903},{"data":1000058,"id":500000328,"lvl":1,"x":9,"y":5,"res_time":302903},{"data":1000058,"id":500000329,"lvl":2,"x":12,"y":5,"res_time":299630},{"data":1000058,"id":500000330,"lvl":3,"x":15,"y":5,"res_time":296903},{"data":1000058,"id":500000331,"lvl":4,"x":18,"y":5,"res_time":294595},{"data":1000053,"id":500000335,"lvl":0,"locked":true,"x":3,"y":3},{"data":1000050,"id":500000337,"lvl":6,"x":31,"y":38},{"data":1000050,"id":500000338,"lvl":7,"x":33,"y":38},{"data":1000045,"id":500000341,"lvl":5,"x":36,"y":14},{"data":1000045,"id":500000342,"lvl":6,"x":39,"y":14},{"data":1000045,"id":500000343,"lvl":7,"x":42,"y":14},{"data":1000051,"id":500000344,"lvl":6,"x":15,"y":29},{"data":1000051,"id":500000345,"lvl":7,"x":17,"y":29},{"data":1000052,"id":500000349,"lvl":3,"x":12,"y":40},{"data":1000052,"id":500000350,"lvl":4,"x":15,"y":40},{"data":1000052,"id":500000351,"lvl":5,"x":18,"y":40},{"data":1000052,"id":500000352,"lvl":6,"x":21,"y":40},{"data":1000052,"id":500000353,"lvl":7,"x":24,"y":40},{"data":1000055,"id":500000354,"lvl":5,"x":33,"y":23},{"data":1000055,"id":500000355,"lvl":6,"x":36,"y":25},{"data":1000055,"id":500000356,"lvl":7,"x":36,"y":22},{"data":1000038,"id":500000357,"lvl":5,"x":18,"y":11},{"data":1000038,"id":500000358,"lvl":6,"x":21,"y":11},{"data":1000038,"id":500000359,"lvl":7,"x":24,"y":11},{"data":1000036,"id":500000360,"lvl":5,"x":18,"y":8},{"data":1000036,"id":500000361,"lvl":6,"x":21,"y":8},{"data":1000036,"id":500000362,"lvl":7,"x":24,"y":8}],"obstacles2":[{"data":8000049,"id":503000002,"x":34,"y":48},{"data":8000050,"id":503000006,"x":28,"y":48},{"data":8000041,"id":503000008,"x":39,"y":48},{"data":8000047,"id":503000033,"x":30,"y":48},{"data":8000055,"id":503000049,"x":18,"y":47},{"data":8000057,"id":503000051,"x":36,"y":47},{"data":8000062,"id":503000065,"x":24,"y":48},{"data":8000060,"id":503000067,"x":26,"y":48},{"data":8000059,"id":503000073,"x":41,"y":48},{"data":8000056,"id":503000088,"x":32,"y":48},{"data":8000045,"id":503000099,"x":47,"y":45,"lmv":2},{"data":8000063,"id":503000100,"x":44,"y":44},{"data":8000064,"id":503000101,"x":44,"y":43},{"data":8000052,"id":503000102,"x":43,"y":47},{"data":8000054,"id":503000103,"x":21,"y":47},{"data":8000046,"id":503000104,"x":46,"y":47},{"data":8000042,"id":503000105,"x":15,"y":47},{"data":8000058,"id":503000106,"x":35,"y":4,"lmv":2},{"data":8000058,"id":503000107,"x":39,"y":11,"lmv":2},{"data":8000041,"id":503000108,"x":29,"y":9,"lmv":2}],"traps2":[{"data":12000013,"id":504000000,"lvl":0,"air_mode":true,"air_mode_draft":false,"air_mode_war":false,"air_mode_draft_war":false,"air_mode2":false,"air_mode_d2":false,"air_mode3":false,"air_mode_d3":false,"air_mode4":false,"air_mode_d4":false,"air_mode5":false,"air_mode_d5":false,"air_mode6":false,"air_mode_d6":false,"air_mode7":false,"air_mode_d7":false,"x":46,"y":26},{"data":12000013,"id":504000001,"lvl":1,"air_mode":true,"air_mode_draft":false,"air_mode_war":false,"air_mode_draft_war":false,"air_mode2":false,"air_mode_d2":false,"air_mode3":false,"air_mode_d3":false,"air_mode4":false,"air_mode_d4":false,"air_mode5":false,"air_mode_d5":false,"air_mode6":false,"air_mode_d6":false,"air_mode7":false,"air_mode_d7":false,"x":46,"y":25},{"data":12000013,"id":504000002,"lvl":2,"air_mode":true,"air_mode_draft":false,"air_mode_war":false,"air_mode_draft_war":false,"air_mode2":false,"air_mode_d2":false,"air_mode3":false,"air_mode_d3":false,"air_mode4":false,"air_mode_d4":false,"air_mode5":false,"air_mode_d5":false,"air_mode6":false,"air_mode_d6":false,"air_mode7":false,"air_mode_d7":false,"x":46,"y":24},{"data":12000013,"id":504000003,"lvl":3,"air_mode":true,"air_mode_draft":false,"air_mode_war":false,"air_mode_draft_war":false,"air_mode2":false,"air_mode_d2":false,"air_mode3":false,"air_mode_d3":false,"air_mode4":false,"air_mode_d4":false,"air_mode5":false,"air_mode_d5":false,"air_mode6":false,"air_mode_d6":false,"air_mode7":false,"air_mode_d7":false,"x":46,"y":23},{"data":12000013,"id":504000004,"lvl":4,"air_mode":true,"air_mode_draft":false,"air_mode_war":false,"air_mode_draft_war":false,"air_mode2":false,"air_mode_d2":false,"air_mode3":false,"air_mode_d3":false,"air_mode4":false,"air_mode_d4":false,"air_mode5":false,"air_mode_d5":false,"air_mode6":false,"air_mode_d6":false,"air_mode7":false,"air_mode_d7":false,"x":46,"y":22},{"data":12000013,"id":504000005,"lvl":5,"air_mode":true,"air_mode_draft":false,"air_mode_war":false,"air_mode_draft_war":false,"air_mode2":false,"air_mode_d2":false,"air_mode3":false,"air_mode_d3":false,"air_mode4":false,"air_mode_d4":false,"air_mode5":false,"air_mode_d5":false,"air_mode6":false,"air_mode_d6":false,"air_mode7":false,"air_mode_d7":false,"x":46,"y":21},{"data":12000013,"id":504000006,"lvl":6,"air_mode":true,"air_mode_draft":false,"air_mode_war":false,"air_mode_draft_war":false,"air_mode2":false,"air_mode_d2":false,"air_mode3":false,"air_mode_d3":false,"air_mode4":false,"air_mode_d4":false,"air_mode5":false,"air_mode_d5":false,"air_mode6":false,"air_mode_d6":false,"air_mode7":false,"air_mode_d7":false,"x":46,"y":20},{"data":12000013,"id":504000007,"lvl":7,"air_mode":true,"air_mode_draft":false,"air_mode_war":false,"air_mode_draft_war":false,"air_mode2":false,"air_mode_d2":false,"air_mode3":false,"air_mode_d3":false,"air_mode4":false,"air_mode_d4":false,"air_mode5":false,"air_mode_d5":false,"air_mode6":false,"air_mode_d6":false,"air_mode7":false,"air_mode_d7":false,"x":46,"y":19},{"data":12000014,"id":504000008,"lvl":0,"air_mode":true,"air_mode_draft":false,"air_mode_war":false,"air_mode_draft_war":false,"air_mode2":false,"air_mode_d2":false,"air_mode3":false,"air_mode_d3":false,"air_mode4":false,"air_mode_d4":false,"air_mode5":false,"air_mode_d5":false,"air_mode6":false,"air_mode_d6":false,"air_mode7":false,"air_mode_d7":false,"x":45,"y":17},{"data":12000014,"id":504000009,"lvl":1,"air_mode":true,"air_mode_draft":false,"air_mode_war":false,"air_mode_draft_war":false,"air_mode2":false,"air_mode_d2":false,"air_mode3":false,"air_mode_d3":false,"air_mode4":false,"air_mode_d4":false,"air_mode5":false,"air_mode_d5":false,"air_mode6":false,"air_mode_d6":false,"air_mode7":false,"air_mode_d7":false,"x":45,"y":15},{"data":12000014,"id":504000010,"lvl":2,"air_mode":true,"air_mode_draft":false,"air_mode_war":false,"air_mode_draft_war":false,"air_mode2":false,"air_mode_d2":false,"air_mode3":false,"air_mode_d3":false,"air_mode4":false,"air_mode_d4":false,"air_mode5":false,"air_mode_d5":false,"air_mode6":false,"air_mode_d6":false,"air_mode7":false,"air_mode_d7":false,"x":45,"y":13},{"data":12000014,"id":504000011,"lvl":3,"air_mode":true,"air_mode_draft":false,"air_mode_war":false,"air_mode_draft_war":false,"air_mode2":false,"air_mode_d2":false,"air_mode3":false,"air_mode_d3":false,"air_mode4":false,"air_mode_d4":false,"air_mode5":false,"air_mode_d5":false,"air_mode6":false,"air_mode_d6":false,"air_mode7":false,"air_mode_d7":false,"x":45,"y":11},{"data":12000014,"id":504000012,"lvl":4,"air_mode":true,"air_mode_draft":false,"air_mode_war":false,"air_mode_draft_war":false,"air_mode2":false,"air_mode_d2":false,"air_mode3":false,"air_mode_d3":false,"air_mode4":false,"air_mode_d4":false,"air_mode5":false,"air_mode_d5":false,"air_mode6":false,"air_mode_d6":false,"air_mode7":false,"air_mode_d7":false,"x":45,"y":9},{"data":12000014,"id":504000013,"lvl":5,"air_mode":true,"air_mode_draft":false,"air_mode_war":false,"air_mode_draft_war":false,"air_mode2":false,"air_mode_d2":false,"air_mode3":false,"air_mode_d3":false,"air_mode4":false,"air_mode_d4":false,"air_mode5":false,"air_mode_d5":false,"air_mode6":false,"air_mode_d6":false,"air_mode7":false,"air_mode_d7":false,"x":45,"y":7},{"data":12000014,"id":504000014,"lvl":6,"air_mode":true,"air_mode_draft":false,"air_mode_war":false,"air_mode_draft_war":false,"air_mode2":false,"air_mode_d2":false,"air_mode3":false,"air_mode_d3":false,"air_mode4":false,"air_mode_d4":false,"air_mode5":false,"air_mode_d5":false,"air_mode6":false,"air_mode_d6":false,"air_mode7":false,"air_mode_d7":false,"x":45,"y":5},{"data":12000014,"id":504000015,"lvl":7,"air_mode":true,"air_mode_draft":false,"air_mode_war":false,"air_mode_draft_war":false,"air_mode2":false,"air_mode_d2":false,"air_mode3":false,"air_mode_d3":false,"air_mode4":false,"air_mode_d4":false,"air_mode5":false,"air_mode_d5":false,"air_mode6":false,"air_mode_d6":false,"air_mode7":false,"air_mode_d7":false,"x":45,"y":3},{"data":12000011,"id":504000025,"lvl":0,"trapd":0,"trapd_draft":0,"trapd_war":0,"trapd_draft_war":0,"trapd2":0,"trapd_d2":0,"trapd3":0,"trapd_d3":0,"trapd4":0,"trapd_d4":0,"trapd5":0,"trapd_d5":0,"trapd6":0,"trapd_d6":0,"trapd7":0,"trapd_d7":0,"x":6,"y":3},{"data":12000011,"id":504000026,"lvl":1,"trapd":0,"trapd_draft":0,"trapd_war":0,"trapd_draft_war":0,"trapd2":0,"trapd_d2":0,"trapd3":0,"trapd_d3":0,"trapd4":0,"trapd_d4":0,"trapd5":0,"trapd_d5":0,"trapd6":0,"trapd_d6":0,"trapd7":0,"trapd_d7":0,"x":8,"y":3},{"data":12000011,"id":504000027,"lvl":2,"trapd":0,"trapd_draft":0,"trapd_war":0,"trapd_draft_war":0,"trapd2":0,"trapd_d2":0,"trapd3":0,"trapd_d3":0,"trapd4":0,"trapd_d4":0,"trapd5":0,"trapd_d5":0,"trapd6":0,"trapd_d6":0,"trapd7":0,"trapd_d7":0,"x":10,"y":3},{"data":12000011,"id":504000028,"lvl":3,"trapd":0,"trapd_draft":0,"trapd_war":0,"trapd_draft_war":0,"trapd2":0,"trapd_d2":0,"trapd3":0,"trapd_d3":0,"trapd4":0,"trapd_d4":0,"trapd5":0,"trapd_d5":0,"trapd6":0,"trapd_d6":0,"trapd7":0,"trapd_d7":0,"x":12,"y":3},{"data":12000011,"id":504000029,"lvl":4,"trapd":0,"trapd_draft":0,"trapd_war":0,"trapd_draft_war":0,"trapd2":0,"trapd_d2":0,"trapd3":0,"trapd_d3":0,"trapd4":0,"trapd_d4":0,"trapd5":0,"trapd_d5":0,"trapd6":0,"trapd_d6":0,"trapd7":0,"trapd_d7":0,"x":14,"y":3},{"data":12000011,"id":504000030,"lvl":5,"trapd":0,"trapd_draft":0,"trapd_war":0,"trapd_draft_war":0,"trapd2":0,"trapd_d2":0,"trapd3":0,"trapd_d3":0,"trapd4":0,"trapd_d4":0,"trapd5":0,"trapd_d5":0,"trapd6":0,"trapd_d6":0,"trapd7":0,"trapd_d7":0,"x":16,"y":3},{"data":12000011,"id":504000031,"lvl":6,"trapd":0,"trapd_draft":0,"trapd_war":0,"trapd_draft_war":0,"trapd2":0,"trapd_d2":0,"trapd3":0,"trapd_d3":0,"trapd4":0,"trapd_d4":0,"trapd5":0,"trapd_d5":0,"trapd6":0,"trapd_d6":0,"trapd7":0,"trapd_d7":0,"x":18,"y":3},{"data":12000011,"id":504000032,"lvl":7,"trapd":0,"trapd_draft":0,"trapd_war":0,"trapd_draft_war":0,"trapd2":0,"trapd_d2":0,"trapd3":0,"trapd_d3":0,"trapd4":0,"trapd_d4":0,"trapd5":0,"trapd_d5":0,"trapd6":0,"trapd_d6":0,"trapd7":0,"trapd_d7":0,"x":20,"y":3}],"decos2":[{"data":18000044,"id":506000000,"x":47,"y":37},{"data":18000045,"id":506000001,"x":47,"y":43},{"data":18000042,"id":506000002,"x":43,"y":45},{"data":18000042,"id":506000003,"x":43,"y":44},{"data":18000042,"id":506000004,"x":43,"y":43},{"data":18000042,"id":506000005,"x":43,"y":42},{"data":18000042,"id":506000006,"x":44,"y":42},{"data":18000042,"id":506000007,"x":45,"y":42},{"data":18000042,"id":506000008,"x":45,"y":43},{"data":18000042,"id":506000009,"x":45,"y":44},{"data":18000042,"id":506000010,"x":45,"y":45},{"data":18000042,"id":506000011,"x":44,"y":45},{"data":18000043,"id":506000012,"x":47,"y":41},{"data":18000038,"id":506000013,"x":47,"y":39}],"vobjs2":[{"data":39000001,"id":508000000,"lvl":0,"x":14,"y":53},{"data":39000003,"id":508000001,"lvl":0,"x":9,"y":56}],"v2rs":12278,"v2rseed":112,"v2ccounter":0,"tgsec":10800,"tgseed":-1633664078,"cooldowns":[],"newShopBuildings":[0,0,1,1,0,1,1,0,2,0,0,0,0,0,0,4,0,0,0,0,0,0,0,0,0,0,0,0,0,0,0,0,0,150,0,2,2,2,2,0,1,3,5,2,2,1,0,0,3,0,3,1,1,0,1,2,1,1,0,0,0,0,0],"newShopTraps":[0,0,0,0,0,0,0,0,0,0,3,4,0,5,3,0],"newShopDecos":[1,4,0,0,1,0,0,0,0,0,0,0,0,0,0,0,0,0,0,0,0,0,0,0,0,0,0,0,0,0,0,0,0,0,0,0,0,1,4,0,0,0,0,0,0,0,0,0],"offer":{"offers":[],"top2":38000118},"last_league_rank":0,"last_alliance_level":1,"last_league_shuffle":0,"last_season_seen":-1,"last_news_seen":137,"war_tutorials_seen":0,"war_base":false,"arr_war_base":false,"army_names":["","","",""],"account_flags":0,"bool_layout_edit_shown_erase":false,"es":0,"alliance_games":{"last_seen":0,"last_id":-1,"last_end":0,"p_score":0,"p_max":0,"a_score":-1,"cooldown":0,"n_cooldown":0,"last_seen_id":-1,"thresholds":[],"rewards":[],"thresholdXP":[],"reward_indices":[],"chosen_indices":[],"rewards_claimed":false},"trader":{"day":17792,"cycle":2,"event":0,"seen":false},"disableShopPersonalisation":false,"lastNewsStorySeen":0,"last_name_change":0}