{"active_layout":0,"layout_state":[0,0,0,0,0,0],"buildings":[{"data":1000001,"lvl":1,"x":21,"y":18},{"data":1000015,"lvl":0,"x":28,"y":19},{"data":1000010,"lvl":0,"x":14,"y":27},{"data":1000010,"lvl":1,"x":26,"y":27},{"data":1000010,"lvl":1,"x":25,"y":14},{"data":1000010,"lvl":0,"x":26,"y":25},{"data":1000010,"lvl":0,"x":21,"y":25},{"data":1000010,"lvl":0,"x":31,"y":27},{"data":1000010,"lvl":1,"x":21,"y":27},{"data":1000010,"lvl":0,"x":19,"y":25},{"data":1000010,"lvl":0,"x":20,"y":25},{"data":1000010,"lvl":0,"x":29,"y":27},{"data":1000010,"lvl":0,"x":28,"y":27},{"data":1000010,"lvl":0,"x":14,"y":22},{"data":1000010,"lvl":0,"x":14,"y":12},{"data":1000010,"lvl":0,"x":31,"y":26},{"data":1000010,"lvl":0,"x":24,"y":25},{"data":1000010,"lvl":0,"x":14,"y":15},{"data":1000010,"lvl":0,"x":14,"y":21},{"data":1000010,"lvl":0,"x":14,"y":18},{"data":1000010,"lvl":0,"x":14,"y":20},{"data":1000010,"lvl":0,"x":14,"y":17},{"data":1000010,"lvl":0,"x":14,"y":16},{"data":1000010,"lvl":1,"x":20,"y":27},{"data":1000010,"lvl":1,"x":26,"y":14},{"data":1000010,"lvl":1,"x":27,"y":27},{"data":1000010,"lvl":0,"x":17,"y":27},{"data":1000010,"lvl":0,"x":14,"y":24},{"data":1000010,"lvl":0,"x":14,"y":25},{"data":1000010,"lvl":0,"x":21,"y":12},{"data":1000010,"lvl":0,"x":20,"y":12},{"data":1000010,"lvl":0,"x":24,"y":12},{"data":1000010,"lvl":0,"x":16,"y":27},{"data":1000010,"lvl":0,"x":14,"y":14},{"data":1000010,"lvl":0,"x":16,"y":12},{"data":1000010,"lvl":0,"x":30,"y":27},{"data":1000010,"lvl":0,"x":14,"y":26},{"data":1000010,"lvl":0,"x":18,"y":12},{"data":1000010,"lvl":0,"x":14,"y":19},{"data":1000010,"lvl":0,"x":14,"y":23},{"data":1000010,"lvl":0,"x":19,"y":12},{"data":1000010,"lvl":1,"x":18,"y":27},{"data":1000010,"lvl":1,"x":19,"y":27},{"data":1000010,"lvl":1,"x":25,"y":27},{"data":1000010,"lvl":1,"x":24,"y":14},{"data":1000010,"lvl":1,"x":24,"y":27},{"data":1000010,"lvl":0,"x":25,"y":25},{"data":1000010,"lvl":0,"x":17,"y":12},{"data":1000010,"lvl":1,"x":19,"y":14},{"data":1000010,"lvl":0,"x":19,"y":24},{"data":1000010,"lvl":0,"x":19,"y":23},{"data":1000010,"lvl":0,"x":19,"y":22},{"data":1000010,"lvl":0,"x":19,"y":21},{"data":1000010,"lvl":0,"x":19,"y":20},{"data":1000010,"lvl":0,"x":19,"y":19},{"data":1000010,"lvl":0,"x":19,"y":18},{"data":1000010,"lvl":0,"x":19,"y":17},{"data":1000010,"lvl":0,"x":19,"y":16},{"data":1000010,"lvl":1,"x":20,"y":14},{"data":1000010,"lvl":1,"x":21,"y":14},{"data":1000010,"lvl":0,"x":15,"y":12},{"data":1000015,"lvl":0,"x":16,"y":19},{"data":1000010,"lvl":0,"x":31,"y":25},{"data":1000010,"lvl":0,"x":31,"y":24},{"data":1000010,"lvl":0,"x":31,"y":23},{"data":1000010,"lvl":0,"x":31,"y":21},{"data":1000010,"lvl":0,"x":31,"y":20},{"data":1000010,"lvl":0,"x":31,"y":19},{"data":1000010,"lvl":0,"x":31,"y":17},{"data":1000010,"lvl":0,"x":31,"y":16},{"data":1000010,"lvl":0,"x":31,"y":15},{"data":1000010,"lvl":0,"x":31,"y":14},{"data":1000010,"lvl":0,"x":25,"y":12},{"data":1000010,"lvl":0,"x":26,"y":12},{"data":1000010,"lvl":0,"x":27,"y":12},{"data":1000010,"lvl":0,"x":28,"y":12},{"data":1000010,"lvl":0,"x":29,"y":12},{"data":1000010,"lvl":0,"x":30,"y":12},{"data":1000010,"lvl":0,"x":31,"y":12},{"data":1000010,"lvl":0,"x":26,"y":24},{"data":1000010,"lvl":0,"x":26,"y":23},{"data":1000010,"lvl":0,"x":26,"y":22},{"data":1000010,"lvl":0,"x":26,"y":21},{"data":1000010,"lvl":0,"x":26,"y":20},{"data":1000010,"lvl":0,"x":26,"y":19},{"data":1000010,"lvl":0,"x":26,"y":18},{"data":1000010,"lvl":0,"x":26,"y":17},{"data":1000010,"lvl":0,"x":26,"y":16},{"data":1000010,"lvl":0,"x":15,"y":27},{"data":1000008,"lvl":6,"x":15,"y":24},{"data":1000008,"lvl":6,"x":15,"y":13},{"data":1000008,"lvl":6,"x":28,"y":13},{"data":1000008,"lvl":6,"x":28,"y":24},{"data":1000010,"lvl":1,"x":22,"y":14},{"data":1000010,"lvl":1,"x":23,"y":14},{"data":1000010,"lvl":0,"x":31,"y":22},{"data":1000010,"lvl":0,"x":31,"y":18},{"data":1000010,"lvl":1,"x":22,"y":27},{"data":1000010,"lvl":1,"x":23,"y":27},{"data":1000013,"lvl":0,"x":20,"y":15},{"data":1000005,"lvl":2,"x":28,"y":16},{"data":1000005,"lvl":2,"x":28,"y":21},{"data":1000013,"lvl":0,"x":23,"y":15},{"data":1000012,"lvl":5,"x":20,"y":28},{"data":1000012,"lvl":5,"x":23,"y":28},{"data":1000010,"lvl":0,"x":19,"y":15},{"data":1000010,"lvl":0,"x":26,"y":15},{"data":1000010,"lvl":0,"x":31,"y":13},{"data":1000010,"lvl":0,"x":14,"y":13},{"data":1000003,"lvl":2,"x":15,"y":21},{"data":1000003,"lvl":2,"x":15,"y":16}],"obstacles":[{"data":8000000,"x":4,"y":24,"loot_multiply_ver":1},{"data":8000003,"x":16,"y":7,"loot_multiply_ver":1},{"data":8000002,"x":18,"y":33,"loot_multiply_ver":1},{"data":8000003,"x":33,"y":6,"loot_multiply_ver":1},{"data":8000012,"x":30,"y":6,"loot_multiply_ver":1},{"data":8000006,"x":4,"y":16,"loot_multiply_ver":1},{"data":8000011,"x":20,"y":33,"loot_multiply_ver":1},{"data":8000000,"x":6,"y":38,"loot_multiply_ver":1},{"data":8000000,"x":20,"y":38,"loot_multiply_ver":1},{"data":8000000,"x":38,"y":26,"loot_multiply_ver":1},{"data":8000000,"x":34,"y":38,"loot_multiply_ver":1},{"data":8000000,"x":38,"y":38,"loot_multiply_ver":1},{"data":8000000,"x":8,"y":38,"loot_multiply_ver":1},{"data":8000000,"x":4,"y":38,"loot_multiply_ver":1},{"data":8000000,"x":36,"y":38,"loot_multiply_ver":1},{"data":8000000,"x":30,"y":38,"loot_multiply_ver":1},{"data":8000000,"x":38,"y":36,"loot_multiply_ver":1},{"data":8000000,"x":4,"y":26,"loot_multiply_ver":1},{"data":8000000,"x":12,"y":38,"loot_multiply_ver":1},{"data":8000000,"x":28,"y":38,"loot_multiply_ver":1},{"data":8000000,"x":26,"y":38,"loot_multiply_ver":1},{"data":8000000,"x":4,"y":34,"loot_multiply_ver":1},{"data":8000000,"x":16,"y":38,"loot_multiply_ver":1},{"data":8000000,"x":14,"y":38,"loot_multiply_ver":1},{"data":8000000,"x":18,"y":38,"loot_multiply_ver":1},{"data":8000000,"x":4,"y":22,"loot_multiply_ver":1},{"data":8000000,"x":38,"y":30,"loot_multiply_ver":1},{"data":8000000,"x":4,"y":28,"loot_multiply_ver":1},{"data":8000000,"x":24,"y":38,"loot_multiply_ver":1},{"data":8000000,"x":32,"y":38,"loot_multiply_ver":1},{"data":8000000,"x":10,"y":38,"loot_multiply_ver":1},{"data":8000000,"x":38,"y":28,"loot_multiply_ver":1},{"data":8000000,"x":38,"y":32,"loot_multiply_ver":1},{"data":8000000,"x":4,"y":30,"loot_multiply_ver":1},{"data":8000000,"x":4,"y":18,"loot_multiply_ver":1},{"data":8000000,"x":38,"y":34,"loot_multiply_ver":1},{"data":8000000,"x":4,"y":36,"loot_multiply_ver":1},{"data":8000000,"x":4,"y":32,"loot_multiply_ver":1},{"data":8000000,"x":22,"y":38,"loot_multiply_ver":1},{"data":8000000,"x":4,"y":20,"loot_multiply_ver":1},{"data":8000000,"x":4,"y":14,"loot_multiply_ver":1},{"data":8000000,"x":4,"y":12,"loot_multiply_ver":1},{"data":8000000,"x":4,"y":10,"loot_multiply_ver":1},{"data":8000000,"x":4,"y":8,"loot_multiply_ver":1},{"data":8000000,"x":4,"y":6,"loot_multiply_ver":1},{"data":8000000,"x":4,"y":4,"loot_multiply_ver":1},{"data":8000000,"x":6,"y":4,"loot_multiply_ver":1},{"data":8000000,"x":8,"y":4,"loot_multiply_ver":1},{"data":8000000,"x":10,"y":4,"loot_multiply_ver":1},{"data":8000000,"x":12,"y":4,"loot_multiply_ver":1},{"data":8000000,"x":14,"y":4,"loot_multiply_ver":1},{"data":8000000,"x":16,"y":4,"loot_multiply_ver":1},{"data":8000000,"x":18,"y":4,"loot_multiply_ver":1},{"data":8000000,"x":20,"y":4,"loot_multiply_ver":1},{"data":8000000,"x":22,"y":4,"loot_multiply_ver":1},{"data":8000000,"x":24,"y":4,"loot_multiply_ver":1},{"data":8000000,"x":26,"y":4,"loot_multiply_ver":1},{"data":8000000,"x":28,"y":4,"loot_multiply_ver":1},{"data":8000000,"x":30,"y":4,"loot_multiply_ver":1},{"data":8000000,"x":32,"y":4,"loot_multiply_ver":1},{"data":8000000,"x":34,"y":4,"loot_multiply_ver":1},{"data":8000000,"x":36,"y":4,"loot_multiply_ver":1},{"data":8000000,"x":38,"y":4,"loot_multiply_ver":1},{"data":8000000,"x":38,"y":6,"loot_multiply_ver":1},{"data":8000000,"x":38,"y":8,"loot_multiply_ver":1},{"data":8000000,"x":38,"y":10,"loot_multiply_ver":1},{"data":8000000,"x":38,"y":12,"loot_multiply_ver":1},{"data":8000000,"x":38,"y":14,"loot_multiply_ver":1},{"data":8000000,"x":38,"y":16,"loot_multiply_ver":1},{"data":8000000,"x":38,"y":18,"loot_multiply_ver":1},{"data":8000000,"x":38,"y":20,"loot_multiply_ver":1},{"data":8000000,"x":38,"y":22,"loot_multiply_ver":1},{"data":8000000,"x":38,"y":24,"loot_multiply_ver":1},{"data":8000000,"x":11,"y":19,"loot_multiply_ver":1},{"data":8000000,"x":8,"y":9,"loot_multiply_ver":1},{"data":8000000,"x":11,"y":25,"loot_multiply_ver":1},{"data":8000000,"x":11,"y":13,"loot_multiply_ver":1},{"data":8000000,"x":22,"y":10,"loot_multiply_ver":1},{"data":8000000,"x":24,"y":10,"loot_multiply_ver":1},{"data":8000000,"x":20,"y":10,"loot_multiply_ver":1},{"data":8000000,"x":33,"y":13,"loot_multiply_ver":1},{"data":8000000,"x":33,"y":19,"loot_multiply_ver":1},{"data":8000000,"x":33,"y":26,"loot_multiply_ver":1},{"data":8000007,"x":21,"y":22,"loot_multiply_ver":1},{"data":8000007,"x":23,"y":22,"loot_multiply_ver":1},{"data":8000019,"x":15,"y":29,"loot_multiply_ver":1},{"data":8000019,"x":28,"y":29,"loot_multiply_ver":1},{"data":8000019,"x":33,"y":33,"loot_multiply_ver":1},{"data":8000019,"x":34,"y":16,"loot_multiply_ver":1},{"data":8000019,"x":26,"y":6,"loot_multiply_ver":1},{"data":8000019,"x":12,"y":9,"loot_multiply_ver":1},{"data":8000019,"x":6,"y":16,"loot_multiply_ver":1}],"traps":[{"data":12000000,"lvl":0,"x":22,"y":25},{"data":12000000,"lvl":0,"x":23,"y":25},{"data":12000001,"lvl":0,"x":20,"y":21},{"data":12000001,"lvl":0,"x":25,"y":21},{"data":12000001,"lvl":0,"x":26,"y":13},{"data":12000001,"lvl":0,"x":19,"y":13}],"decos":[{"data":18000002,"x":9,"y":23},{"data":18000002,"x":18,"y":10},{"data":18000002,"x":33,"y":23},{"data":18000002,"x":26,"y":33}],"respawnVars":{"secondsFromLastRespawn":0,"respawnSeed":162879964,"obstacleClearCounter":0,"time_to_gembox_drop":360000,"time_in_gembox_period":244800},"cooldowns":[],"newShopBuildings":[1,0,2,1,2,1,2,0,2,1,25,0,0,0,1,5,0,0,0,0,0,0,0,0,0,0,0,0],"newShopTraps":[0,0,0,0,0,0,0,0],"newShopDecos":[1,4,0,0,1,0,0,0,0,0,0,0,0,0,0,0,0,0,0,0,0,0,0,0,0,0,0,0,0,0,0,0,0,0,0,0,0,0],"last_league_rank":0,"last_league_shuffle":0,"last_news_seen":-1,"edit_mode_shown":false,"war_tutorials_seen":0}