{"active_layout":0,"act_l2":0,"layout_state":[0,0,0,0,0,0,0,0],"buildings":[{"data":1000001,"lvl":1,"x":24,"y":22},{"data":1000010,"lvl":0,"wI":0,"wX":0,"x":32,"y":16},{"data":1000010,"lvl":0,"wI":0,"wX":0,"x":23,"y":14},{"data":1000010,"lvl":0,"wI":0,"wX":0,"x":22,"y":15},{"data":1000010,"lvl":0,"wI":0,"wX":0,"x":20,"y":15},{"data":1000010,"lvl":0,"wI":0,"wX":0,"x":23,"y":15},{"data":1000010,"lvl":0,"wI":0,"wX":0,"x":29,"y":15},{"data":1000010,"lvl":0,"wI":0,"wX":0,"x":35,"y":21},{"data":1000010,"lvl":0,"wI":0,"wX":0,"x":35,"y":19},{"data":1000010,"lvl":0,"wI":0,"wX":0,"x":35,"y":18},{"data":1000010,"lvl":0,"wI":0,"wX":0,"x":33,"y":16},{"data":1000010,"lvl":0,"wI":0,"wX":0,"x":20,"y":24},{"data":1000010,"lvl":0,"wI":0,"wX":0,"x":20,"y":26},{"data":1000010,"lvl":0,"wI":0,"wX":0,"x":20,"y":27},{"data":1000010,"lvl":0,"wI":0,"wX":0,"x":20,"y":29},{"data":1000010,"lvl":0,"wI":0,"wX":0,"x":20,"y":28},{"data":1000010,"lvl":0,"wI":0,"wX":0,"x":20,"y":25},{"data":1000010,"lvl":0,"wI":0,"wX":0,"x":20,"y":21},{"data":1000010,"lvl":0,"wI":0,"wX":0,"x":20,"y":23},{"data":1000010,"lvl":0,"wI":0,"wX":0,"x":20,"y":22},{"data":1000010,"lvl":0,"wI":0,"wX":0,"x":20,"y":30},{"data":1000010,"lvl":0,"wI":0,"wX":0,"x":35,"y":29},{"data":1000010,"lvl":0,"wI":0,"wX":0,"x":35,"y":30},{"data":1000010,"lvl":0,"wI":0,"wX":0,"x":35,"y":33},{"data":1000010,"lvl":0,"wI":0,"wX":0,"x":25,"y":27},{"data":1000010,"lvl":0,"wI":0,"wX":0,"x":32,"y":33},{"data":1000010,"lvl":0,"wI":0,"wX":0,"x":33,"y":33},{"data":1000010,"lvl":0,"wI":0,"wX":0,"x":35,"y":32},{"data":1000010,"lvl":0,"wI":0,"wX":0,"x":35,"y":31},{"data":1000010,"lvl":0,"wI":0,"wX":0,"x":35,"y":28},{"data":1000010,"lvl":0,"wI":0,"wX":0,"x":35,"y":27},{"data":1000010,"lvl":0,"wI":0,"wX":0,"x":35,"y":26},{"data":1000010,"lvl":0,"wI":0,"wX":0,"x":35,"y":25},{"data":1000010,"lvl":0,"wI":0,"wX":0,"x":35,"y":22},{"data":1000010,"lvl":0,"wI":0,"wX":0,"x":35,"y":20},{"data":1000010,"lvl":0,"wI":0,"wX":0,"x":35,"y":17},{"data":1000010,"lvl":0,"wI":0,"wX":0,"x":35,"y":16},{"data":1000010,"lvl":0,"wI":0,"wX":0,"x":32,"y":17},{"data":1000010,"lvl":0,"wI":0,"wX":0,"x":34,"y":16},{"data":1000010,"lvl":0,"wI":0,"wX":0,"x":30,"y":15},{"data":1000010,"lvl":0,"wI":0,"wX":0,"x":30,"y":17},{"data":1000010,"lvl":0,"wI":0,"wX":0,"x":25,"y":14},{"data":1000010,"lvl":0,"wI":0,"wX":0,"x":26,"y":15},{"data":1000010,"lvl":0,"wI":0,"wX":0,"x":20,"y":18},{"data":1000010,"lvl":0,"wI":0,"wX":0,"x":20,"y":17},{"data":1000010,"lvl":0,"wI":0,"wX":0,"x":20,"y":16},{"data":1000010,"lvl":0,"wI":0,"wX":0,"x":20,"y":32},{"data":1000010,"lvl":0,"wI":0,"wX":0,"x":20,"y":31},{"data":1000010,"lvl":0,"wI":0,"wX":0,"x":20,"y":33},{"data":1000010,"lvl":0,"wI":0,"wX":0,"x":34,"y":33},{"data":1000010,"lvl":0,"wI":0,"wX":0,"x":29,"y":33},{"data":1000010,"lvl":0,"wI":0,"wX":0,"x":31,"y":31},{"data":1000010,"lvl":0,"wI":0,"wX":0,"x":28,"y":33},{"data":1000010,"lvl":0,"wI":0,"wX":0,"x":27,"y":33},{"data":1000010,"lvl":0,"wI":0,"wX":0,"x":22,"y":33},{"data":1000010,"lvl":0,"wI":0,"wX":0,"x":21,"y":33},{"data":1000010,"lvl":0,"wI":0,"wX":0,"x":30,"y":33},{"data":1000010,"lvl":0,"wI":0,"wX":0,"x":25,"y":21},{"data":1000010,"lvl":0,"wI":0,"wX":0,"x":23,"y":33},{"data":1000010,"lvl":0,"wI":0,"wX":0,"x":23,"y":34},{"data":1000010,"lvl":1,"wI":0,"wX":0,"x":30,"y":27},{"data":1000010,"lvl":0,"wI":0,"wX":0,"x":25,"y":33},{"data":1000010,"lvl":0,"wI":0,"wX":0,"x":26,"y":33},{"data":1000010,"lvl":0,"wI":0,"wX":0,"x":21,"y":15},{"data":1000010,"lvl":0,"wI":0,"wX":0,"x":26,"y":27},{"data":1000005,"lvl":3,"x":25,"y":18},{"data":1000005,"lvl":3,"x":25,"y":28},{"data":1000010,"lvl":1,"wI":0,"wX":0,"x":31,"y":27},{"data":1000010,"lvl":1,"wI":0,"wX":0,"x":32,"y":27},{"data":1000010,"lvl":1,"wI":0,"wX":0,"x":29,"y":27},{"data":1000010,"lvl":1,"wI":0,"wX":0,"x":29,"y":21},{"data":1000010,"lvl":1,"wI":0,"wX":0,"x":30,"y":21},{"data":1000010,"lvl":1,"wI":0,"wX":0,"x":32,"y":26},{"data":1000010,"lvl":1,"wI":0,"wX":0,"x":31,"y":21},{"data":1000010,"lvl":0,"wI":0,"wX":0,"x":31,"y":17},{"data":1000010,"lvl":0,"wI":0,"wX":0,"x":24,"y":21},{"data":1000010,"lvl":0,"wI":0,"wX":0,"x":37,"y":25},{"data":1000010,"lvl":1,"wI":0,"wX":0,"x":28,"y":27},{"data":1000010,"lvl":0,"wI":0,"wX":0,"x":36,"y":25},{"data":1000010,"lvl":0,"wI":0,"wX":0,"x":28,"y":30},{"data":1000010,"lvl":1,"wI":0,"wX":0,"x":28,"y":21},{"data":1000010,"lvl":0,"wI":0,"wX":0,"x":32,"y":15},{"data":1000010,"lvl":0,"wI":0,"wX":0,"x":27,"y":17},{"data":1000010,"lvl":0,"wI":0,"wX":0,"x":28,"y":17},{"data":1000010,"id":500000084,"lvl":0,"wI":0,"wX":0,"x":28,"y":18},{"data":1000010,"id":500000085,"lvl":0,"wI":0,"wX":0,"x":26,"y":17},{"data":1000010,"id":500000086,"lvl":0,"wI":0,"wX":0,"x":24,"y":18},{"data":1000010,"id":500000087,"lvl":0,"wI":0,"wX":0,"x":20,"y":20},{"data":1000010,"id":500000088,"lvl":0,"wI":0,"wX":0,"x":24,"y":20},{"data":1000010,"id":500000089,"lvl":0,"wI":0,"wX":0,"x":24,"y":19},{"data":1000010,"id":500000090,"lvl":0,"wI":0,"wX":0,"x":25,"y":17},{"data":1000010,"id":500000091,"lvl":0,"wI":0,"wX":0,"x":27,"y":31},{"data":1000010,"id":500000092,"lvl":0,"wI":0,"wX":0,"x":20,"y":19},{"data":1000010,"id":500000093,"lvl":0,"wI":0,"wX":0,"x":32,"y":32},{"data":1000010,"id":500000094,"lvl":0,"wI":0,"wX":0,"x":27,"y":21},{"data":1000010,"id":500000095,"lvl":1,"wI":0,"wX":0,"x":32,"y":21},{"data":1000010,"id":500000096,"lvl":0,"wI":0,"wX":0,"x":24,"y":27},{"data":1000010,"id":500000097,"lvl":0,"wI":0,"wX":0,"x":24,"y":28},{"data":1000010,"id":500000098,"lvl":0,"wI":0,"wX":0,"x":24,"y":17},{"data":1000010,"id":500000099,"lvl":0,"wI":0,"wX":0,"x":26,"y":31},{"data":1000010,"id":500000100,"lvl":0,"wI":0,"wX":0,"x":27,"y":27},{"data":1000010,"id":500000101,"lvl":0,"wI":0,"wX":0,"x":26,"y":21},{"data":1000010,"id":500000102,"lvl":0,"wI":0,"wX":0,"x":27,"y":15},{"data":1000010,"id":500000103,"lvl":0,"wI":0,"wX":0,"x":28,"y":15},{"data":1000010,"id":500000104,"lvl":0,"wI":0,"wX":0,"x":24,"y":30},{"data":1000010,"id":500000105,"lvl":0,"wI":0,"wX":0,"x":24,"y":29},{"data":1000010,"id":500000106,"lvl":0,"wI":0,"wX":0,"x":24,"y":31},{"data":1000010,"id":500000107,"lvl":0,"wI":0,"wX":0,"x":25,"y":31},{"data":1000010,"id":500000108,"lvl":0,"wI":0,"wX":0,"x":28,"y":31},{"data":1000010,"id":500000109,"lvl":1,"wI":0,"wX":0,"x":32,"y":22},{"data":1000010,"id":500000110,"lvl":0,"wI":0,"wX":0,"x":36,"y":23},{"data":1000010,"id":500000111,"lvl":0,"wI":0,"wX":0,"x":32,"y":31},{"data":1000010,"id":500000112,"lvl":0,"wI":0,"wX":0,"x":30,"y":31},{"data":1000010,"id":500000113,"lvl":0,"wI":0,"wX":0,"x":37,"y":23},{"data":1000010,"id":500000114,"lvl":0,"wI":0,"wX":0,"x":35,"y":23},{"data":1000008,"id":500000115,"lvl":8,"x":28,"y":22,"attack_mode":false,"attack_mode_draft":false,"attack_mode_war":false,"attack_mode_draft_war":false,"attack_mode2":false,"attack_mode_d2":false,"attack_mode3":false,"attack_mode_d3":false,"attack_mode4":false,"attack_mode_d4":false,"attack_mode5":false,"attack_mode_d5":false,"attack_mode_chal":false,"attack_mode_dchal":false,"attack_mode_arrw":false,"attack_mode_draft_arrw":false},{"data":1000012,"id":500000116,"lvl":0,"x":21,"y":23},{"data":1000010,"id":500000117,"lvl":0,"wI":0,"wX":0,"x":25,"y":34},{"data":1000010,"id":500000118,"lvl":0,"wI":0,"wX":0,"x":25,"y":15},{"data":1000010,"id":500000119,"lvl":0,"wI":0,"wX":0,"x":30,"y":34},{"data":1000010,"id":500000120,"lvl":0,"wI":0,"wX":0,"x":32,"y":34},{"data":1000010,"id":500000121,"lvl":0,"wI":0,"wX":0,"x":30,"y":14},{"data":1000010,"id":500000122,"lvl":0,"wI":0,"wX":0,"x":32,"y":14},{"data":1000010,"id":500000123,"lvl":1,"wI":0,"wX":0,"x":32,"y":23},{"data":1000008,"id":500000124,"lvl":3,"x":31,"y":28,"attack_mode":false,"attack_mode_draft":false,"attack_mode_war":false,"attack_mode_draft_war":false,"attack_mode2":false,"attack_mode_d2":false,"attack_mode3":false,"attack_mode_d3":false,"attack_mode4":false,"attack_mode_d4":false,"attack_mode5":false,"attack_mode_d5":false,"attack_mode_chal":false,"attack_mode_dchal":false,"attack_mode_arrw":false,"attack_mode_draft_arrw":false},{"data":1000008,"id":500000125,"lvl":3,"x":31,"y":18,"attack_mode":false,"attack_mode_draft":false,"attack_mode_war":false,"attack_mode_draft_war":false,"attack_mode2":false,"attack_mode_d2":false,"attack_mode3":false,"attack_mode_d3":false,"attack_mode4":false,"attack_mode_d4":false,"attack_mode5":false,"attack_mode_d5":false,"attack_mode_chal":false,"attack_mode_dchal":false,"attack_mode_arrw":false,"attack_mode_draft_arrw":false},{"data":1000010,"id":500000126,"lvl":0,"wI":0,"wX":0,"x":25,"y":32},{"data":1000010,"id":500000127,"lvl":0,"wI":0,"wX":0,"x":25,"y":16},{"data":1000010,"id":500000128,"lvl":1,"wI":0,"wX":0,"x":32,"y":25},{"data":1000010,"id":500000129,"lvl":1,"wI":0,"wX":0,"x":32,"y":24},{"data":1000018,"id":500000130,"lvl":0,"x":22,"y":29,"units":[[4000001,2]]},{"data":1000018,"id":500000131,"lvl":0,"x":22,"y":27,"units":[[4000001,20]]},{"data":1000018,"id":500000132,"lvl":0,"x":22,"y":20,"units":[[4000001,20]]},{"data":1000018,"id":500000133,"lvl":0,"x":22,"y":18,"units":[[4000001,18]]}],"obstacles":[{"data":8000000,"id":503000000,"x":7,"y":27},{"data":8000003,"id":503000001,"x":10,"y":13},{"data":8000002,"id":503000002,"x":21,"y":34},{"data":8000003,"id":503000003,"x":39,"y":9},{"data":8000012,"id":503000004,"x":12,"y":30},{"data":8000000,"id":503000005,"x":9,"y":41},{"data":8000000,"id":503000006,"x":23,"y":41},{"data":8000000,"id":503000007,"x":41,"y":29},{"data":8000000,"id":503000008,"x":37,"y":41},{"data":8000000,"id":503000009,"x":41,"y":41},{"data":8000000,"id":503000010,"x":11,"y":41},{"data":8000000,"id":503000011,"x":7,"y":41},{"data":8000000,"id":503000012,"x":39,"y":41},{"data":8000000,"id":503000013,"x":33,"y":41},{"data":8000000,"id":503000014,"x":41,"y":39},{"data":8000000,"id":503000015,"x":7,"y":29},{"data":8000000,"id":503000016,"x":15,"y":41},{"data":8000000,"id":503000017,"x":31,"y":41},{"data":8000000,"id":503000018,"x":29,"y":41},{"data":8000000,"id":503000019,"x":7,"y":37},{"data":8000000,"id":503000020,"x":19,"y":41},{"data":8000000,"id":503000021,"x":17,"y":41},{"data":8000000,"id":503000022,"x":21,"y":41},{"data":8000000,"id":503000023,"x":7,"y":25},{"data":8000000,"id":503000024,"x":41,"y":33},{"data":8000000,"id":503000025,"x":7,"y":31},{"data":8000000,"id":503000026,"x":27,"y":41},{"data":8000000,"id":503000027,"x":35,"y":41},{"data":8000000,"id":503000028,"x":13,"y":41},{"data":8000000,"id":503000029,"x":41,"y":31},{"data":8000000,"id":503000030,"x":41,"y":35},{"data":8000000,"id":503000031,"x":7,"y":33},{"data":8000000,"id":503000032,"x":7,"y":21},{"data":8000000,"id":503000033,"x":41,"y":37},{"data":8000000,"id":503000034,"x":7,"y":39},{"data":8000000,"id":503000035,"x":7,"y":35},{"data":8000000,"id":503000036,"x":25,"y":41},{"data":8000000,"id":503000037,"x":7,"y":23},{"data":8000000,"id":503000038,"x":7,"y":17},{"data":8000000,"id":503000039,"x":7,"y":15},{"data":8000000,"id":503000040,"x":7,"y":13},{"data":8000000,"id":503000041,"x":7,"y":11},{"data":8000000,"id":503000042,"x":7,"y":9},{"data":8000000,"id":503000043,"x":7,"y":7},{"data":8000000,"id":503000044,"x":9,"y":7},{"data":8000000,"id":503000045,"x":11,"y":7},{"data":8000000,"id":503000046,"x":13,"y":7},{"data":8000000,"id":503000047,"x":15,"y":7},{"data":8000000,"id":503000048,"x":17,"y":7},{"data":8000000,"id":503000049,"x":19,"y":7},{"data":8000000,"id":503000050,"x":21,"y":7},{"data":8000000,"id":503000051,"x":23,"y":7},{"data":8000000,"id":503000052,"x":25,"y":7},{"data":8000000,"id":503000053,"x":27,"y":7},{"data":8000000,"id":503000054,"x":29,"y":7},{"data":8000000,"id":503000055,"x":31,"y":7},{"data":8000000,"id":503000056,"x":33,"y":7},{"data":8000000,"id":503000057,"x":35,"y":7},{"data":8000000,"id":503000058,"x":37,"y":7},{"data":8000000,"id":503000059,"x":39,"y":7},{"data":8000000,"id":503000060,"x":41,"y":7},{"data":8000000,"id":503000061,"x":41,"y":9},{"data":8000000,"id":503000062,"x":41,"y":11},{"data":8000000,"id":503000063,"x":41,"y":13},{"data":8000000,"id":503000064,"x":41,"y":15},{"data":8000000,"id":503000065,"x":41,"y":17},{"data":8000000,"id":503000066,"x":41,"y":19},{"data":8000000,"id":503000067,"x":41,"y":21},{"data":8000000,"id":503000068,"x":41,"y":23},{"data":8000000,"id":503000069,"x":41,"y":25},{"data":8000000,"id":503000070,"x":41,"y":27},{"data":8000000,"id":503000071,"x":10,"y":35},{"data":8000000,"id":503000072,"x":18,"y":27},{"data":8000000,"id":503000073,"x":7,"y":19},{"data":8000000,"id":503000074,"x":10,"y":38},{"data":8000000,"id":503000075,"x":10,"y":10},{"data":8000000,"id":503000076,"x":26,"y":13},{"data":8000000,"id":503000077,"x":26,"y":34},{"data":8000014,"id":503000078,"x":33,"y":14},{"data":8000002,"id":503000079,"x":21,"y":13},{"data":8000020,"id":503000080,"x":12,"y":24},{"data":8000020,"id":503000081,"x":16,"y":20},{"data":8000020,"id":503000082,"x":12,"y":19},{"data":8000020,"id":503000083,"x":33,"y":10},{"data":8000020,"id":503000084,"x":37,"y":36},{"data":8000020,"id":503000085,"x":15,"y":36}],"traps":[{"data":12000000,"id":504000000,"lvl":0,"x":33,"y":24},{"data":12000000,"id":504000001,"lvl":0,"x":33,"y":25},{"data":12000000,"id":504000002,"lvl":0,"x":33,"y":23},{"data":12000000,"id":504000003,"lvl":0,"x":21,"y":26},{"data":12000000,"id":504000004,"lvl":0,"x":21,"y":22},{"data":12000000,"id":504000005,"lvl":0,"x":36,"y":26},{"data":12000000,"id":504000006,"lvl":0,"x":36,"y":22},{"data":12000000,"id":504000007,"lvl":0,"x":33,"y":22},{"data":12000000,"id":504000008,"lvl":0,"x":33,"y":26},{"data":12000001,"id":504000009,"lvl":0,"x":24,"y":33},{"data":12000001,"id":504000010,"lvl":0,"x":24,"y":14}],"decos":[{"data":18000010,"id":506000000,"x":28,"y":25},{"data":18000010,"id":506000001,"x":30,"y":25}],"vobjs":[],"respawnVars":{"secondsFromLastRespawn":17,"respawnSeed":162879964,"obstacleClearCounter":0,"time_to_gembox_drop":359983,"time_in_gembox_period":244783},"units":{"unit_prod":{}},"spells":{"unit_prod":{}},"buildings2":[],"obstacles2":[],"traps2":[],"decos2":[],"vobjs2":[],"v2rs":17,"v2rseed":112,"v2ccounter":0,"tgsec":0,"tgseed":0,"cooldowns":[],"newShopBuildings":[0,0,2,1,1,1,2,0,2,1,25,0,0,0,0,4,0,0,0,0,0,0,0,0,0,0,0,0,0,0,0,0,0,0,0,0,0,0,0,0,0,0,0,0,0,0,0,0,0,0,0,0,0,0,0,0,0,0,0],"newShopTraps":[0,0,0,0,0,0,0,0,0,0,0,0,0,0,0,0],"newShopDecos":[1,4,0,0,1,0,0,0,0,0,0,0,0,0,0,0,0,0,0,0,0,0,0,0,0,0,0,0,0,0,0,0,0,0,0,0,0,0,0,0,0,0,0,0,0,0,0]}
