{"active_layout":0,"layout_state":[0,0,0,0,0,0],"buildings":[{"data":1000001,"lvl":3,"x":18,"y":20},{"data":1000010,"lvl":1,"x":15,"y":14},{"data":1000010,"lvl":1,"x":16,"y":14},{"data":1000010,"lvl":1,"x":17,"y":15},{"data":1000010,"lvl":1,"x":18,"y":15},{"data":1000010,"lvl":1,"x":19,"y":14},{"data":1000010,"lvl":1,"x":20,"y":14},{"data":1000010,"lvl":1,"x":20,"y":15},{"data":1000010,"lvl":1,"x":21,"y":15},{"data":1000010,"lvl":1,"x":23,"y":14},{"data":1000010,"lvl":1,"x":24,"y":14},{"data":1000010,"lvl":1,"x":26,"y":14},{"data":1000010,"lvl":1,"x":26,"y":15},{"data":1000010,"lvl":1,"x":26,"y":18},{"data":1000010,"lvl":1,"x":26,"y":19},{"data":1000010,"lvl":1,"x":25,"y":21},{"data":1000010,"lvl":1,"x":26,"y":22},{"data":1000010,"lvl":1,"x":26,"y":23},{"data":1000010,"lvl":1,"x":25,"y":24},{"data":1000010,"lvl":1,"x":25,"y":25},{"data":1000010,"lvl":1,"x":26,"y":26},{"data":1000010,"lvl":1,"x":26,"y":27},{"data":1000010,"lvl":1,"x":25,"y":29},{"data":1000010,"lvl":1,"x":24,"y":29},{"data":1000010,"lvl":1,"x":23,"y":28},{"data":1000010,"lvl":1,"x":22,"y":28},{"data":1000010,"lvl":1,"x":21,"y":29},{"data":1000010,"lvl":1,"x":20,"y":29},{"data":1000010,"lvl":1,"x":19,"y":28},{"data":1000010,"lvl":1,"x":18,"y":28},{"data":1000010,"lvl":1,"x":17,"y":29},{"data":1000010,"lvl":1,"x":16,"y":29},{"data":1000010,"lvl":1,"x":15,"y":28},{"data":1000010,"lvl":1,"x":14,"y":28},{"data":1000010,"lvl":1,"x":13,"y":26},{"data":1000010,"lvl":1,"x":13,"y":25},{"data":1000010,"lvl":1,"x":14,"y":24},{"data":1000010,"lvl":1,"x":13,"y":22},{"data":1000010,"lvl":1,"x":13,"y":21},{"data":1000010,"lvl":1,"x":14,"y":20},{"data":1000010,"lvl":1,"x":14,"y":19},{"data":1000010,"lvl":1,"x":13,"y":17},{"data":1000010,"lvl":1,"x":13,"y":18},{"data":1000010,"lvl":1,"x":14,"y":16},{"data":1000010,"lvl":1,"x":14,"y":15},{"data":1000008,"lvl":8,"x":14,"y":16},{"data":1000008,"lvl":8,"x":23,"y":15},{"data":1000008,"lvl":8,"x":22,"y":25},{"data":1000008,"lvl":8,"x":14,"y":25},{"data":1000010,"lvl":1,"x":13,"y":24},{"data":1000010,"lvl":1,"x":14,"y":22},{"data":1000010,"lvl":1,"x":13,"y":20},{"data":1000010,"lvl":1,"x":14,"y":18},{"data":1000010,"lvl":1,"x":13,"y":16},{"data":1000010,"lvl":1,"x":14,"y":14},{"data":1000010,"lvl":1,"x":16,"y":15},{"data":1000010,"lvl":1,"x":18,"y":14},{"data":1000010,"lvl":1,"x":22,"y":15},{"data":1000010,"lvl":1,"x":25,"y":14},{"data":1000010,"lvl":1,"x":26,"y":17},{"data":1000010,"lvl":1,"x":25,"y":19},{"data":1000010,"lvl":1,"x":26,"y":21},{"data":1000010,"lvl":1,"x":25,"y":23},{"data":1000010,"lvl":1,"x":26,"y":25},{"data":1000010,"lvl":1,"x":25,"y":27},{"data":1000010,"lvl":1,"x":25,"y":28},{"data":1000010,"lvl":1,"x":23,"y":29},{"data":1000010,"lvl":1,"x":21,"y":28},{"data":1000010,"lvl":1,"x":19,"y":29},{"data":1000010,"lvl":1,"x":17,"y":28},{"data":1000010,"lvl":1,"x":15,"y":29},{"data":1000010,"lvl":1,"x":13,"y":27},{"data":1000010,"lvl":1,"x":13,"y":28},{"data":1000010,"lvl":1,"x":22,"y":14},{"data":1000010,"lvl":1,"x":26,"y":16},{"data":1000010,"lvl":1,"x":12,"y":22},{"data":1000010,"lvl":1,"x":11,"y":22},{"data":1000010,"lvl":1,"x":12,"y":24},{"data":1000010,"lvl":1,"x":11,"y":24},{"data":1000010,"lvl":1,"x":27,"y":21},{"data":1000010,"lvl":1,"x":28,"y":21},{"data":1000010,"lvl":1,"x":27,"y":19},{"data":1000010,"lvl":1,"x":28,"y":19},{"data":1000012,"lvl":2,"x":15,"y":20},{"data":1000013,"lvl":2,"x":22,"y":20},{"data":1000005,"lvl":5,"x":17,"y":17},{"data":1000005,"lvl":1,"x":17,"y":24},{"data":1000010,"lvl":1,"x":28,"y":22},{"data":1000010,"lvl":1,"x":28,"y":23},{"data":1000010,"lvl":1,"x":29,"y":23},{"data":1000010,"lvl":1,"x":30,"y":23},{"data":1000010,"lvl":1,"x":28,"y":18},{"data":1000010,"lvl":1,"x":28,"y":17},{"data":1000010,"lvl":1,"x":29,"y":17},{"data":1000010,"lvl":1,"x":30,"y":17},{"data":1000010,"lvl":1,"x":11,"y":21},{"data":1000010,"lvl":1,"x":11,"y":20},{"data":1000010,"lvl":1,"x":10,"y":20},{"data":1000010,"lvl":1,"x":9,"y":20},{"data":1000010,"lvl":1,"x":11,"y":25},{"data":1000010,"lvl":1,"x":11,"y":26},{"data":1000010,"lvl":1,"x":10,"y":26},{"data":1000010,"lvl":1,"x":9,"y":26},{"data":1000009,"lvl":6,"x":10,"y":17},{"data":1000009,"lvl":6,"x":27,"y":24},{"data":1000009,"lvl":6,"x":23,"y":11},{"data":1000009,"lvl":6,"x":18,"y":30},{"data":1000003,"lvl":5,"x":20,"y":17}],"obstacles":[{"data":8000000,"x":4,"y":24,"loot_multiply_ver":1},{"data":8000003,"x":6,"y":23,"loot_multiply_ver":1},{"data":8000002,"x":8,"y":34,"loot_multiply_ver":1},{"data":8000003,"x":31,"y":14,"loot_multiply_ver":1},{"data":8000010,"x":9,"y":9,"loot_multiply_ver":1},{"data":8000006,"x":4,"y":16,"loot_multiply_ver":1},{"data":8000011,"x":21,"y":32,"loot_multiply_ver":1},{"data":8000000,"x":6,"y":38,"loot_multiply_ver":1},{"data":8000000,"x":22,"y":38,"loot_multiply_ver":1},{"data":8000000,"x":38,"y":26,"loot_multiply_ver":1},{"data":8000000,"x":34,"y":38,"loot_multiply_ver":1},{"data":8000000,"x":38,"y":38,"loot_multiply_ver":1},{"data":8000000,"x":8,"y":38,"loot_multiply_ver":1},{"data":8000000,"x":4,"y":38,"loot_multiply_ver":1},{"data":8000000,"x":36,"y":38,"loot_multiply_ver":1},{"data":8000000,"x":30,"y":38,"loot_multiply_ver":1},{"data":8000000,"x":38,"y":36,"loot_multiply_ver":1},{"data":8000000,"x":4,"y":26,"loot_multiply_ver":1},{"data":8000000,"x":12,"y":38,"loot_multiply_ver":1},{"data":8000000,"x":28,"y":38,"loot_multiply_ver":1},{"data":8000000,"x":26,"y":38,"loot_multiply_ver":1},{"data":8000000,"x":4,"y":34,"loot_multiply_ver":1},{"data":8000000,"x":16,"y":38,"loot_multiply_ver":1},{"data":8000000,"x":14,"y":38,"loot_multiply_ver":1},{"data":8000000,"x":18,"y":38,"loot_multiply_ver":1},{"data":8000000,"x":4,"y":22,"loot_multiply_ver":1},{"data":8000000,"x":38,"y":30,"loot_multiply_ver":1},{"data":8000000,"x":4,"y":28,"loot_multiply_ver":1},{"data":8000000,"x":24,"y":38,"loot_multiply_ver":1},{"data":8000000,"x":32,"y":38,"loot_multiply_ver":1},{"data":8000000,"x":10,"y":38,"loot_multiply_ver":1},{"data":8000000,"x":38,"y":28,"loot_multiply_ver":1},{"data":8000000,"x":38,"y":32,"loot_multiply_ver":1},{"data":8000000,"x":4,"y":30,"loot_multiply_ver":1},{"data":8000000,"x":4,"y":18,"loot_multiply_ver":1},{"data":8000000,"x":38,"y":34,"loot_multiply_ver":1},{"data":8000000,"x":4,"y":36,"loot_multiply_ver":1},{"data":8000000,"x":4,"y":32,"loot_multiply_ver":1},{"data":8000000,"x":20,"y":38,"loot_multiply_ver":1},{"data":8000000,"x":4,"y":20,"loot_multiply_ver":1},{"data":8000000,"x":4,"y":14,"loot_multiply_ver":1},{"data":8000000,"x":4,"y":12,"loot_multiply_ver":1},{"data":8000000,"x":4,"y":10,"loot_multiply_ver":1},{"data":8000000,"x":4,"y":8,"loot_multiply_ver":1},{"data":8000000,"x":4,"y":6,"loot_multiply_ver":1},{"data":8000000,"x":4,"y":4,"loot_multiply_ver":1},{"data":8000000,"x":6,"y":4,"loot_multiply_ver":1},{"data":8000000,"x":8,"y":4,"loot_multiply_ver":1},{"data":8000000,"x":10,"y":4,"loot_multiply_ver":1},{"data":8000000,"x":12,"y":4,"loot_multiply_ver":1},{"data":8000000,"x":14,"y":4,"loot_multiply_ver":1},{"data":8000000,"x":16,"y":4,"loot_multiply_ver":1},{"data":8000000,"x":18,"y":4,"loot_multiply_ver":1},{"data":8000000,"x":20,"y":4,"loot_multiply_ver":1},{"data":8000000,"x":22,"y":4,"loot_multiply_ver":1},{"data":8000000,"x":24,"y":4,"loot_multiply_ver":1},{"data":8000000,"x":26,"y":4,"loot_multiply_ver":1},{"data":8000000,"x":28,"y":4,"loot_multiply_ver":1},{"data":8000000,"x":30,"y":4,"loot_multiply_ver":1},{"data":8000000,"x":32,"y":4,"loot_multiply_ver":1},{"data":8000000,"x":34,"y":4,"loot_multiply_ver":1},{"data":8000000,"x":36,"y":4,"loot_multiply_ver":1},{"data":8000000,"x":38,"y":4,"loot_multiply_ver":1},{"data":8000000,"x":38,"y":6,"loot_multiply_ver":1},{"data":8000000,"x":38,"y":8,"loot_multiply_ver":1},{"data":8000000,"x":38,"y":10,"loot_multiply_ver":1},{"data":8000000,"x":38,"y":12,"loot_multiply_ver":1},{"data":8000000,"x":38,"y":14,"loot_multiply_ver":1},{"data":8000000,"x":38,"y":16,"loot_multiply_ver":1},{"data":8000000,"x":38,"y":18,"loot_multiply_ver":1},{"data":8000000,"x":38,"y":20,"loot_multiply_ver":1},{"data":8000000,"x":38,"y":22,"loot_multiply_ver":1},{"data":8000000,"x":38,"y":24,"loot_multiply_ver":1},{"data":8000008,"x":34,"y":23,"loot_multiply_ver":1},{"data":8000013,"x":16,"y":11,"loot_multiply_ver":1},{"data":8000013,"x":19,"y":11,"loot_multiply_ver":1},{"data":8000013,"x":28,"y":28,"loot_multiply_ver":1},{"data":8000013,"x":15,"y":31,"loot_multiply_ver":1},{"data":8000011,"x":32,"y":19,"loot_multiply_ver":1},{"data":8000011,"x":9,"y":28,"loot_multiply_ver":1},{"data":8000019,"x":31,"y":8,"loot_multiply_ver":1},{"data":8000019,"x":31,"y":32,"loot_multiply_ver":1},{"data":8000019,"x":12,"y":32,"loot_multiply_ver":1}],"traps":[{"data":12000000,"lvl":0,"x":25,"y":20},{"data":12000000,"lvl":0,"x":14,"y":23},{"data":12000000,"lvl":0,"x":27,"y":20},{"data":12000000,"lvl":0,"x":12,"y":23},{"data":12000001,"lvl":0,"x":29,"y":20},{"data":12000001,"lvl":0,"x":10,"y":23}],"decos":[],"respawnVars":{"secondsFromLastRespawn":0,"respawnSeed":1529463799,"obstacleClearCounter":0},"cooldowns":[],"newShopBuildings":[2,0,4,2,4,2,3,1,2,2,75,0,1,1,1,5,0,0,0,0,0,0,0,0,0,0,0],"newShopTraps":[2,2,0,0,0,0,0],"newShopDecos":[1,4,0,0,1,0,0,0,0,0,0,0,0,0,0,0,0,0,0,0,0,0,0,0,0,0,0,0,0,0,0,0,0,0,0]}