{"active_layout":0,"layout_state":[0,0,0,0,0,0],"buildings":[{"data":1000001,"lvl":0,"x":17,"y":20},{"data":1000010,"lvl":2,"x":24,"y":27},{"data":1000010,"lvl":2,"x":23,"y":27},{"data":1000010,"lvl":1,"x":22,"y":27},{"data":1000010,"lvl":1,"x":25,"y":27},{"data":1000010,"lvl":2,"x":29,"y":26},{"data":1000010,"lvl":2,"x":29,"y":25},{"data":1000010,"lvl":2,"x":21,"y":27},{"data":1000010,"lvl":1,"x":18,"y":27},{"data":1000010,"lvl":2,"x":19,"y":27},{"data":1000010,"lvl":2,"x":20,"y":27},{"data":1000010,"lvl":2,"x":15,"y":27},{"data":1000010,"lvl":1,"x":29,"y":18},{"data":1000010,"lvl":2,"x":29,"y":17},{"data":1000010,"lvl":2,"x":25,"y":16},{"data":1000010,"lvl":1,"x":29,"y":24},{"data":1000010,"lvl":1,"x":29,"y":19},{"data":1000010,"lvl":1,"x":24,"y":16},{"data":1000010,"lvl":1,"x":23,"y":16},{"data":1000010,"lvl":2,"x":22,"y":16},{"data":1000010,"lvl":2,"x":21,"y":16},{"data":1000010,"lvl":1,"x":20,"y":16},{"data":1000010,"lvl":2,"x":19,"y":16},{"data":1000010,"lvl":1,"x":17,"y":16},{"data":1000010,"lvl":2,"x":18,"y":16},{"data":1000010,"lvl":1,"x":16,"y":16},{"data":1000010,"lvl":1,"x":15,"y":16},{"data":1000010,"lvl":2,"x":17,"y":27},{"data":1000010,"lvl":1,"x":16,"y":27},{"data":1000010,"lvl":1,"x":13,"y":27},{"data":1000010,"lvl":1,"x":12,"y":26},{"data":1000010,"lvl":1,"x":12,"y":25},{"data":1000010,"lvl":2,"x":12,"y":24},{"data":1000010,"lvl":1,"x":12,"y":23},{"data":1000010,"lvl":0,"x":12,"y":22},{"data":1000010,"lvl":0,"x":12,"y":21},{"data":1000010,"lvl":0,"x":12,"y":20},{"data":1000010,"lvl":2,"x":12,"y":19},{"data":1000010,"lvl":0,"x":17,"y":19},{"data":1000010,"lvl":2,"x":14,"y":16},{"data":1000010,"lvl":1,"x":12,"y":18},{"data":1000010,"lvl":1,"x":12,"y":17},{"data":1000010,"lvl":0,"x":20,"y":24},{"data":1000010,"lvl":1,"x":29,"y":23},{"data":1000010,"lvl":1,"x":30,"y":20},{"data":1000010,"lvl":0,"x":17,"y":24},{"data":1000010,"lvl":0,"x":15,"y":19},{"data":1000010,"lvl":0,"x":20,"y":19},{"data":1000010,"lvl":0,"x":23,"y":18},{"data":1000010,"lvl":1,"x":25,"y":22},{"data":1000010,"lvl":1,"x":25,"y":21},{"data":1000010,"lvl":0,"x":23,"y":23},{"data":1000010,"lvl":0,"x":23,"y":20},{"data":1000010,"lvl":0,"x":23,"y":25},{"data":1000010,"lvl":1,"x":30,"y":23},{"data":1000010,"lvl":2,"x":29,"y":20},{"data":1000010,"lvl":0,"x":15,"y":24},{"data":1000008,"lvl":1,"x":13,"y":20},{"data":1000018,"lvl":0,"x":14,"y":25,"units":[[4000001,20]],"storage_type":0},{"data":1000018,"lvl":0,"x":14,"y":17,"units":[[4000001,10],[4000003,2]],"storage_type":0},{"data":1000010,"lvl":1,"x":13,"y":16},{"data":1000010,"lvl":2,"x":14,"y":27},{"data":1000010,"lvl":1,"x":12,"y":27},{"data":1000010,"lvl":1,"x":12,"y":16},{"data":1000008,"lvl":0,"x":26,"y":24},{"data":1000008,"lvl":0,"x":26,"y":17},{"data":1000010,"lvl":1,"x":26,"y":27},{"data":1000010,"lvl":1,"x":26,"y":16},{"data":1000010,"lvl":2,"x":29,"y":27},{"data":1000010,"lvl":2,"x":29,"y":16},{"data":1000010,"lvl":2,"x":27,"y":27},{"data":1000010,"lvl":2,"x":27,"y":16},{"data":1000010,"lvl":1,"x":30,"y":16},{"data":1000010,"lvl":1,"x":29,"y":15},{"data":1000010,"lvl":1,"x":30,"y":27},{"data":1000010,"lvl":1,"x":29,"y":28},{"data":1000010,"lvl":1,"x":20,"y":28},{"data":1000010,"lvl":1,"x":12,"y":28},{"data":1000010,"lvl":1,"x":11,"y":27},{"data":1000010,"lvl":1,"x":20,"y":15},{"data":1000010,"lvl":2,"x":11,"y":16},{"data":1000010,"lvl":2,"x":12,"y":15},{"data":1000010,"lvl":1,"x":28,"y":16},{"data":1000010,"lvl":1,"x":28,"y":27}],"obstacles":[{"data":8000000,"x":4,"y":24,"loot_multiply_ver":1},{"data":8000003,"x":14,"y":30,"loot_multiply_ver":1},{"data":8000002,"x":8,"y":34,"loot_multiply_ver":1},{"data":8000003,"x":19,"y":17,"loot_multiply_ver":1},{"data":8000012,"x":23,"y":30,"loot_multiply_ver":1},{"data":8000012,"x":17,"y":12,"loot_multiply_ver":1},{"data":8000010,"x":9,"y":9,"loot_multiply_ver":1},{"data":8000006,"x":4,"y":16,"loot_multiply_ver":1},{"data":8000011,"x":19,"y":25,"loot_multiply_ver":1},{"data":8000000,"x":7,"y":32,"loot_multiply_ver":1},{"data":8000000,"x":22,"y":38,"loot_multiply_ver":1},{"data":8000000,"x":38,"y":26,"loot_multiply_ver":1},{"data":8000000,"x":34,"y":38,"loot_multiply_ver":1},{"data":8000000,"x":10,"y":34,"loot_multiply_ver":1},{"data":8000000,"x":9,"y":32,"loot_multiply_ver":1},{"data":8000000,"x":36,"y":38,"loot_multiply_ver":1},{"data":8000000,"x":30,"y":38,"loot_multiply_ver":1},{"data":8000000,"x":38,"y":36,"loot_multiply_ver":1},{"data":8000000,"x":4,"y":26,"loot_multiply_ver":1},{"data":8000000,"x":10,"y":36,"loot_multiply_ver":1},{"data":8000000,"x":28,"y":37,"loot_multiply_ver":1},{"data":8000000,"x":26,"y":38,"loot_multiply_ver":1},{"data":8000000,"x":7,"y":36,"loot_multiply_ver":1},{"data":8000000,"x":15,"y":36,"loot_multiply_ver":1},{"data":8000000,"x":13,"y":36,"loot_multiply_ver":1},{"data":8000000,"x":17,"y":37,"loot_multiply_ver":1},{"data":8000000,"x":4,"y":22,"loot_multiply_ver":1},{"data":8000000,"x":38,"y":30,"loot_multiply_ver":1},{"data":8000000,"x":4,"y":28,"loot_multiply_ver":1},{"data":8000000,"x":24,"y":38,"loot_multiply_ver":1},{"data":8000000,"x":32,"y":38,"loot_multiply_ver":1},{"data":8000000,"x":12,"y":37,"loot_multiply_ver":1},{"data":8000000,"x":38,"y":28,"loot_multiply_ver":1},{"data":8000000,"x":38,"y":32,"loot_multiply_ver":1},{"data":8000000,"x":4,"y":30,"loot_multiply_ver":1},{"data":8000000,"x":4,"y":18,"loot_multiply_ver":1},{"data":8000000,"x":38,"y":34,"loot_multiply_ver":1},{"data":8000000,"x":6,"y":30,"loot_multiply_ver":1},{"data":8000000,"x":5,"y":33,"loot_multiply_ver":1},{"data":8000000,"x":20,"y":38,"loot_multiply_ver":1},{"data":8000000,"x":4,"y":20,"loot_multiply_ver":1},{"data":8000000,"x":4,"y":14,"loot_multiply_ver":1},{"data":8000000,"x":4,"y":12,"loot_multiply_ver":1},{"data":8000000,"x":5,"y":11,"loot_multiply_ver":1},{"data":8000000,"x":6,"y":9,"loot_multiply_ver":1},{"data":8000000,"x":9,"y":5,"loot_multiply_ver":1},{"data":8000000,"x":8,"y":11,"loot_multiply_ver":1},{"data":8000000,"x":8,"y":7,"loot_multiply_ver":1},{"data":8000000,"x":6,"y":7,"loot_multiply_ver":1},{"data":8000000,"x":11,"y":7,"loot_multiply_ver":1},{"data":8000000,"x":13,"y":5,"loot_multiply_ver":1},{"data":8000000,"x":14,"y":7,"loot_multiply_ver":1},{"data":8000000,"x":16,"y":4,"loot_multiply_ver":1},{"data":8000000,"x":18,"y":4,"loot_multiply_ver":1},{"data":8000000,"x":20,"y":4,"loot_multiply_ver":1},{"data":8000000,"x":22,"y":4,"loot_multiply_ver":1},{"data":8000000,"x":24,"y":4,"loot_multiply_ver":1},{"data":8000000,"x":26,"y":4,"loot_multiply_ver":1},{"data":8000000,"x":28,"y":4,"loot_multiply_ver":1},{"data":8000000,"x":30,"y":4,"loot_multiply_ver":1},{"data":8000000,"x":32,"y":4,"loot_multiply_ver":1},{"data":8000000,"x":34,"y":4,"loot_multiply_ver":1},{"data":8000000,"x":36,"y":4,"loot_multiply_ver":1},{"data":8000000,"x":38,"y":4,"loot_multiply_ver":1},{"data":8000000,"x":38,"y":6,"loot_multiply_ver":1},{"data":8000000,"x":38,"y":8,"loot_multiply_ver":1},{"data":8000000,"x":38,"y":10,"loot_multiply_ver":1},{"data":8000000,"x":38,"y":12,"loot_multiply_ver":1},{"data":8000000,"x":38,"y":14,"loot_multiply_ver":1},{"data":8000000,"x":38,"y":16,"loot_multiply_ver":1},{"data":8000000,"x":38,"y":18,"loot_multiply_ver":1},{"data":8000000,"x":38,"y":20,"loot_multiply_ver":1},{"data":8000000,"x":38,"y":22,"loot_multiply_ver":1},{"data":8000000,"x":38,"y":24,"loot_multiply_ver":1},{"data":8000020,"x":30,"y":24,"loot_multiply_ver":1},{"data":8000020,"x":30,"y":17,"loot_multiply_ver":1},{"data":8000020,"x":14,"y":38,"loot_multiply_ver":1},{"data":8000020,"x":18,"y":7,"loot_multiply_ver":1},{"data":8000008,"x":16,"y":25,"loot_multiply_ver":1},{"data":8000008,"x":16,"y":17,"loot_multiply_ver":1},{"data":8000025,"x":28,"y":20,"loot_multiply_ver":1},{"data":8000000,"x":10,"y":17,"loot_multiply_ver":1},{"data":8000000,"x":10,"y":25,"loot_multiply_ver":1},{"data":8000009,"x":28,"y":23,"loot_multiply_ver":1},{"data":8000009,"x":22,"y":23,"loot_multiply_ver":1},{"data":8000009,"x":21,"y":20,"loot_multiply_ver":1},{"data":8000009,"x":21,"y":24,"loot_multiply_ver":1},{"data":8000016,"x":10,"y":18,"loot_multiply_ver":1},{"data":8000017,"x":10,"y":24,"loot_multiply_ver":1},{"data":8000018,"x":10,"y":19,"loot_multiply_ver":1},{"data":8000018,"x":10,"y":23,"loot_multiply_ver":1},{"data":8000009,"x":31,"y":23,"loot_multiply_ver":1},{"data":8000009,"x":31,"y":20,"loot_multiply_ver":1}],"traps":[{"data":12000000,"lvl":0,"x":29,"y":22}],"decos":[{"data":18000001,"x":26,"y":20},{"data":18000001,"x":26,"y":22},{"data":18000004,"x":23,"y":21},{"data":18000008,"x":7,"y":19},{"data":18000008,"x":7,"y":23},{"data":18000002,"x":6,"y":21}],"respawnVars":{"secondsFromLastRespawn":796,"respawnSeed":162879964,"obstacleClearCounter":0,"time_to_gembox_drop":359204,"time_in_gembox_period":244004},"cooldowns":[],"newShopBuildings":[1,0,2,1,2,1,2,0,2,1,25,0,0,0,1,5,0,0,0,0,0,0,0,0,0,0,0],"newShopTraps":[0,0,0,0,0,0,0],"newShopDecos":[1,4,0,0,1,0,0,0,0,0,0,0,0,0,0,0,0,0,0,0,0,0,0,0,0,0,0,0,0,0,0,0,0,0,0,0,0]}