{"buildings":[{"data":1000001,"lvl":3,"x":19,"y":19},{"data":1000018,"lvl":0,"x":14,"y":26,"units":[]},{"data":1000018,"lvl":0,"x":16,"y":26,"units":[]},{"data":1000018,"lvl":0,"x":18,"y":26,"units":[]},{"data":1000010,"lvl":3,"x":27,"y":25},{"data":1000010,"lvl":3,"x":27,"y":24},{"data":1000010,"lvl":3,"x":27,"y":23},{"data":1000010,"lvl":3,"x":27,"y":22},{"data":1000010,"lvl":3,"x":27,"y":21},{"data":1000010,"lvl":3,"x":27,"y":20},{"data":1000010,"lvl":3,"x":27,"y":19},{"data":1000010,"lvl":3,"x":27,"y":18},{"data":1000010,"lvl":3,"x":27,"y":17},{"data":1000010,"lvl":3,"x":27,"y":16},{"data":1000010,"lvl":3,"x":27,"y":15},{"data":1000010,"lvl":3,"x":27,"y":14},{"data":1000010,"lvl":3,"x":27,"y":13},{"data":1000010,"lvl":3,"x":26,"y":13},{"data":1000010,"lvl":3,"x":25,"y":13},{"data":1000010,"lvl":3,"x":24,"y":13},{"data":1000010,"lvl":3,"x":23,"y":13},{"data":1000010,"lvl":3,"x":22,"y":13},{"data":1000010,"lvl":3,"x":21,"y":13},{"data":1000010,"lvl":3,"x":20,"y":13},{"data":1000010,"lvl":3,"x":19,"y":13},{"data":1000010,"lvl":3,"x":18,"y":13},{"data":1000010,"lvl":3,"x":17,"y":13},{"data":1000010,"lvl":3,"x":16,"y":13},{"data":1000010,"lvl":3,"x":15,"y":13},{"data":1000010,"lvl":3,"x":14,"y":13},{"data":1000010,"lvl":3,"x":27,"y":26},{"data":1000010,"lvl":3,"x":27,"y":27},{"data":1000010,"lvl":3,"x":27,"y":28},{"data":1000010,"lvl":3,"x":26,"y":28},{"data":1000010,"lvl":3,"x":25,"y":28},{"data":1000010,"lvl":3,"x":24,"y":28},{"data":1000010,"lvl":3,"x":23,"y":28},{"data":1000010,"lvl":3,"x":22,"y":28},{"data":1000010,"lvl":3,"x":21,"y":28},{"data":1000010,"lvl":3,"x":20,"y":28},{"data":1000010,"lvl":3,"x":19,"y":28},{"data":1000010,"lvl":3,"x":18,"y":28},{"data":1000010,"lvl":3,"x":17,"y":28},{"data":1000010,"lvl":3,"x":16,"y":28},{"data":1000010,"lvl":3,"x":15,"y":28},{"data":1000010,"lvl":3,"x":26,"y":26},{"data":1000010,"lvl":3,"x":26,"y":25},{"data":1000010,"lvl":3,"x":26,"y":24},{"data":1000010,"lvl":3,"x":26,"y":23},{"data":1000010,"lvl":3,"x":26,"y":22},{"data":1000010,"lvl":3,"x":26,"y":21},{"data":1000010,"lvl":3,"x":26,"y":20},{"data":1000010,"lvl":3,"x":26,"y":19},{"data":1000010,"lvl":3,"x":26,"y":18},{"data":1000010,"lvl":3,"x":26,"y":17},{"data":1000010,"lvl":3,"x":26,"y":16},{"data":1000010,"lvl":3,"x":26,"y":15},{"data":1000010,"lvl":3,"x":26,"y":14},{"data":1000010,"lvl":3,"x":26,"y":27},{"data":1000003,"lvl":5,"x":20,"y":14},{"data":1000003,"lvl":5,"x":20,"y":25},{"data":1000008,"lvl":7,"x":23,"y":22},{"data":1000008,"lvl":7,"x":23,"y":17},{"data":1000010,"lvl":3,"x":14,"y":28},{"data":1000010,"lvl":3,"x":13,"y":28},{"data":1000010,"lvl":3,"x":13,"y":27},{"data":1000010,"lvl":3,"x":13,"y":26},{"data":1000010,"lvl":3,"x":13,"y":25},{"data":1000010,"lvl":3,"x":13,"y":24},{"data":1000010,"lvl":3,"x":13,"y":13},{"data":1000010,"lvl":3,"x":13,"y":14},{"data":1000010,"lvl":3,"x":13,"y":15},{"data":1000010,"lvl":3,"x":13,"y":16},{"data":1000010,"lvl":3,"x":13,"y":17},{"data":1000010,"lvl":3,"x":13,"y":23},{"data":1000009,"lvl":5,"x":14,"y":17},{"data":1000009,"lvl":5,"x":14,"y":23},{"data":1000013,"lvl":4,"x":17,"y":17},{"data":1000013,"lvl":4,"x":17,"y":23},{"data":1000012,"lvl":4,"x":16,"y":20},{"data":1000011,"lvl":2,"x":23,"y":25},{"data":1000011,"lvl":2,"x":23,"y":14},{"data":1000005,"lvl":5,"x":14,"y":14},{"data":1000005,"lvl":5,"x":17,"y":14}],"obstacles":[{"data":8000000,"x":4,"y":24},{"data":8000003,"x":9,"y":24},{"data":8000002,"x":8,"y":34},{"data":8000003,"x":24,"y":10},{"data":8000012,"x":23,"y":29},{"data":8000012,"x":17,"y":10},{"data":8000010,"x":9,"y":9},{"data":8000006,"x":4,"y":16},{"data":8000000,"x":6,"y":38},{"data":8000000,"x":22,"y":38},{"data":8000000,"x":38,"y":26},{"data":8000000,"x":34,"y":38},{"data":8000000,"x":38,"y":38},{"data":8000000,"x":8,"y":38},{"data":8000000,"x":4,"y":38},{"data":8000000,"x":36,"y":38},{"data":8000000,"x":30,"y":38},{"data":8000000,"x":38,"y":36},{"data":8000000,"x":4,"y":26},{"data":8000000,"x":12,"y":38},{"data":8000000,"x":28,"y":38},{"data":8000000,"x":26,"y":38},{"data":8000000,"x":4,"y":34},{"data":8000000,"x":16,"y":38},{"data":8000000,"x":14,"y":38},{"data":8000000,"x":18,"y":38},{"data":8000000,"x":4,"y":22},{"data":8000000,"x":38,"y":30},{"data":8000000,"x":4,"y":28},{"data":8000000,"x":24,"y":38},{"data":8000000,"x":32,"y":38},{"data":8000000,"x":10,"y":38},{"data":8000000,"x":38,"y":28},{"data":8000000,"x":38,"y":32},{"data":8000000,"x":4,"y":30},{"data":8000000,"x":4,"y":18},{"data":8000000,"x":38,"y":34},{"data":8000000,"x":4,"y":36},{"data":8000000,"x":4,"y":32},{"data":8000000,"x":20,"y":38},{"data":8000000,"x":4,"y":20},{"data":8000000,"x":4,"y":14},{"data":8000000,"x":4,"y":12},{"data":8000000,"x":4,"y":10},{"data":8000000,"x":4,"y":8},{"data":8000000,"x":4,"y":6},{"data":8000000,"x":4,"y":4},{"data":8000000,"x":6,"y":4},{"data":8000000,"x":8,"y":4},{"data":8000000,"x":10,"y":4},{"data":8000000,"x":12,"y":4},{"data":8000000,"x":14,"y":4},{"data":8000000,"x":16,"y":4},{"data":8000000,"x":18,"y":4},{"data":8000000,"x":20,"y":4},{"data":8000000,"x":22,"y":4},{"data":8000000,"x":24,"y":4},{"data":8000000,"x":26,"y":4},{"data":8000000,"x":28,"y":4},{"data":8000000,"x":30,"y":4},{"data":8000000,"x":32,"y":4},{"data":8000000,"x":34,"y":4},{"data":8000000,"x":36,"y":4},{"data":8000000,"x":38,"y":4},{"data":8000000,"x":38,"y":6},{"data":8000000,"x":38,"y":8},{"data":8000000,"x":38,"y":10},{"data":8000000,"x":38,"y":12},{"data":8000000,"x":38,"y":14},{"data":8000000,"x":38,"y":16},{"data":8000000,"x":38,"y":18},{"data":8000000,"x":38,"y":20},{"data":8000000,"x":38,"y":22},{"data":8000000,"x":38,"y":24},{"data":8000019,"x":12,"y":30},{"data":8000019,"x":29,"y":24},{"data":8000019,"x":27,"y":8},{"data":8000020,"x":13,"y":9},{"data":8000020,"x":7,"y":18}],"traps":[{"data":12000000,"x":20,"y":23},{"data":12000000,"x":21,"y":23},{"data":12000000,"x":22,"y":23},{"data":12000000,"x":23,"y":21},{"data":12000000,"x":23,"y":20},{"data":12000000,"x":22,"y":18},{"data":12000000,"x":21,"y":18},{"data":12000000,"x":20,"y":18}],"decos":[{"data":18000002,"x":11,"y":16},{"data":18000002,"x":11,"y":23}],"respawnVars":{"secondsFromLastRespawn":0,"respawnSeed":1529463799,"obstacleClearCounter":0}}