{"active_layout":0,"layout_state":[0,0,0,0,0,0],"buildings":[{"data":1000001,"lvl":3,"x":18,"y":17},{"data":1000008,"lvl":5,"x":20,"y":26},{"data":1000010,"lvl":2,"x":26,"y":25},{"data":1000010,"lvl":2,"x":26,"y":26},{"data":1000010,"lvl":2,"x":26,"y":24},{"data":1000010,"lvl":2,"x":26,"y":21},{"data":1000010,"lvl":2,"x":26,"y":22},{"data":1000010,"lvl":2,"x":26,"y":14},{"data":1000010,"lvl":2,"x":23,"y":29},{"data":1000010,"lvl":2,"x":26,"y":15},{"data":1000010,"lvl":2,"x":26,"y":18},{"data":1000010,"lvl":2,"x":26,"y":23},{"data":1000010,"lvl":2,"x":16,"y":22},{"data":1000010,"lvl":2,"x":16,"y":13},{"data":1000010,"lvl":2,"x":26,"y":17},{"data":1000010,"lvl":2,"x":26,"y":19},{"data":1000010,"lvl":2,"x":16,"y":15},{"data":1000010,"lvl":2,"x":16,"y":21},{"data":1000010,"lvl":2,"x":16,"y":18},{"data":1000010,"lvl":2,"x":16,"y":17},{"data":1000010,"lvl":2,"x":16,"y":16},{"data":1000010,"lvl":2,"x":26,"y":16},{"data":1000010,"lvl":2,"x":26,"y":20},{"data":1000010,"lvl":2,"x":16,"y":25},{"data":1000010,"lvl":2,"x":16,"y":24},{"data":1000010,"lvl":2,"x":23,"y":13},{"data":1000010,"lvl":2,"x":25,"y":13},{"data":1000010,"lvl":2,"x":24,"y":13},{"data":1000010,"lvl":2,"x":26,"y":13},{"data":1000010,"lvl":2,"x":16,"y":28},{"data":1000010,"lvl":2,"x":16,"y":14},{"data":1000010,"lvl":2,"x":16,"y":11},{"data":1000010,"lvl":2,"x":16,"y":26},{"data":1000010,"lvl":2,"x":16,"y":23},{"data":1000010,"lvl":2,"x":25,"y":26},{"data":1000010,"lvl":2,"x":24,"y":26},{"data":1000010,"lvl":2,"x":16,"y":29},{"data":1000010,"lvl":2,"x":23,"y":26},{"data":1000010,"lvl":2,"x":16,"y":12},{"data":1000008,"lvl":5,"x":20,"y":11},{"data":1000010,"lvl":2,"x":21,"y":29},{"data":1000010,"lvl":2,"x":22,"y":29},{"data":1000010,"lvl":2,"x":20,"y":29},{"data":1000010,"lvl":2,"x":19,"y":29},{"data":1000010,"lvl":2,"x":18,"y":29},{"data":1000010,"lvl":2,"x":17,"y":29},{"data":1000010,"lvl":2,"x":16,"y":27},{"data":1000010,"lvl":2,"x":23,"y":28},{"data":1000010,"lvl":2,"x":23,"y":27},{"data":1000010,"lvl":2,"x":23,"y":12},{"data":1000010,"lvl":2,"x":23,"y":11},{"data":1000010,"lvl":2,"x":23,"y":10},{"data":1000010,"lvl":2,"x":22,"y":10},{"data":1000010,"lvl":2,"x":21,"y":10},{"data":1000010,"lvl":2,"x":20,"y":10},{"data":1000010,"lvl":2,"x":19,"y":10},{"data":1000010,"lvl":2,"x":18,"y":10},{"data":1000010,"lvl":2,"x":16,"y":10},{"data":1000010,"lvl":2,"x":17,"y":10},{"data":1000009,"lvl":7,"x":17,"y":14},{"data":1000009,"lvl":7,"x":17,"y":23},{"data":1000010,"lvl":2,"x":15,"y":18},{"data":1000010,"lvl":2,"x":14,"y":18},{"data":1000010,"lvl":2,"x":15,"y":21},{"data":1000010,"lvl":2,"x":14,"y":21},{"data":1000012,"lvl":2,"x":23,"y":20},{"data":1000010,"lvl":2,"x":11,"y":21},{"data":1000010,"lvl":2,"x":11,"y":20},{"data":1000010,"lvl":2,"x":11,"y":19},{"data":1000010,"lvl":2,"x":11,"y":18},{"data":1000010,"lvl":2,"x":11,"y":17},{"data":1000010,"lvl":2,"x":11,"y":16},{"data":1000010,"lvl":2,"x":11,"y":15},{"data":1000010,"lvl":2,"x":11,"y":22},{"data":1000010,"lvl":2,"x":11,"y":23},{"data":1000010,"lvl":2,"x":11,"y":24},{"data":1000010,"lvl":2,"x":11,"y":14},{"data":1000010,"lvl":2,"x":15,"y":14},{"data":1000010,"lvl":2,"x":14,"y":14},{"data":1000010,"lvl":2,"x":15,"y":25},{"data":1000010,"lvl":2,"x":14,"y":25},{"data":1000010,"lvl":2,"x":11,"y":25},{"data":1000010,"lvl":2,"x":11,"y":26},{"data":1000010,"lvl":2,"x":11,"y":13},{"data":1000010,"lvl":2,"x":11,"y":12},{"data":1000013,"lvl":2,"x":13,"y":22},{"data":1000013,"lvl":2,"x":13,"y":15},{"data":1000018,"lvl":0,"x":22,"y":24,"units":[[4000001,2],[4000003,4]],"storage_type":0},{"data":1000018,"lvl":0,"x":20,"y":24,"units":[[4000001,20]],"storage_type":0},{"data":1000018,"lvl":0,"x":24,"y":14,"units":[[4000001,20]],"storage_type":0},{"data":1000018,"lvl":0,"x":22,"y":14,"units":[[4000001,18]],"storage_type":0},{"data":1000012,"lvl":2,"x":23,"y":17},{"data":1000009,"lvl":7,"x":27,"y":20},{"data":1000009,"lvl":7,"x":27,"y":17},{"data":1000005,"lvl":5,"x":17,"y":26},{"data":1000003,"lvl":5,"x":17,"y":11}],"obstacles":[{"data":8000000,"x":4,"y":24,"loot_multiply_ver":1},{"data":8000003,"x":33,"y":23,"loot_multiply_ver":1},{"data":8000003,"x":26,"y":28,"loot_multiply_ver":1},{"data":8000012,"x":25,"y":10,"loot_multiply_ver":1},{"data":8000006,"x":4,"y":16,"loot_multiply_ver":1},{"data":8000000,"x":6,"y":38,"loot_multiply_ver":1},{"data":8000000,"x":20,"y":38,"loot_multiply_ver":1},{"data":8000000,"x":38,"y":26,"loot_multiply_ver":1},{"data":8000000,"x":34,"y":38,"loot_multiply_ver":1},{"data":8000000,"x":38,"y":38,"loot_multiply_ver":1},{"data":8000000,"x":8,"y":38,"loot_multiply_ver":1},{"data":8000000,"x":4,"y":38,"loot_multiply_ver":1},{"data":8000000,"x":36,"y":38,"loot_multiply_ver":1},{"data":8000000,"x":30,"y":38,"loot_multiply_ver":1},{"data":8000000,"x":38,"y":36,"loot_multiply_ver":1},{"data":8000000,"x":4,"y":26,"loot_multiply_ver":1},{"data":8000000,"x":12,"y":38,"loot_multiply_ver":1},{"data":8000000,"x":28,"y":38,"loot_multiply_ver":1},{"data":8000000,"x":26,"y":38,"loot_multiply_ver":1},{"data":8000000,"x":4,"y":34,"loot_multiply_ver":1},{"data":8000000,"x":16,"y":38,"loot_multiply_ver":1},{"data":8000000,"x":14,"y":38,"loot_multiply_ver":1},{"data":8000000,"x":18,"y":38,"loot_multiply_ver":1},{"data":8000000,"x":4,"y":22,"loot_multiply_ver":1},{"data":8000000,"x":38,"y":30,"loot_multiply_ver":1},{"data":8000000,"x":4,"y":28,"loot_multiply_ver":1},{"data":8000000,"x":24,"y":38,"loot_multiply_ver":1},{"data":8000000,"x":32,"y":38,"loot_multiply_ver":1},{"data":8000000,"x":10,"y":38,"loot_multiply_ver":1},{"data":8000000,"x":38,"y":28,"loot_multiply_ver":1},{"data":8000000,"x":38,"y":32,"loot_multiply_ver":1},{"data":8000000,"x":4,"y":30,"loot_multiply_ver":1},{"data":8000000,"x":4,"y":18,"loot_multiply_ver":1},{"data":8000000,"x":38,"y":34,"loot_multiply_ver":1},{"data":8000000,"x":4,"y":36,"loot_multiply_ver":1},{"data":8000000,"x":4,"y":32,"loot_multiply_ver":1},{"data":8000000,"x":22,"y":38,"loot_multiply_ver":1},{"data":8000000,"x":4,"y":20,"loot_multiply_ver":1},{"data":8000000,"x":4,"y":14,"loot_multiply_ver":1},{"data":8000000,"x":4,"y":12,"loot_multiply_ver":1},{"data":8000000,"x":4,"y":10,"loot_multiply_ver":1},{"data":8000000,"x":4,"y":8,"loot_multiply_ver":1},{"data":8000000,"x":4,"y":6,"loot_multiply_ver":1},{"data":8000000,"x":4,"y":4,"loot_multiply_ver":1},{"data":8000000,"x":6,"y":4,"loot_multiply_ver":1},{"data":8000000,"x":8,"y":4,"loot_multiply_ver":1},{"data":8000000,"x":10,"y":4,"loot_multiply_ver":1},{"data":8000000,"x":12,"y":4,"loot_multiply_ver":1},{"data":8000000,"x":14,"y":4,"loot_multiply_ver":1},{"data":8000000,"x":16,"y":4,"loot_multiply_ver":1},{"data":8000000,"x":18,"y":4,"loot_multiply_ver":1},{"data":8000000,"x":20,"y":4,"loot_multiply_ver":1},{"data":8000000,"x":22,"y":4,"loot_multiply_ver":1},{"data":8000000,"x":24,"y":4,"loot_multiply_ver":1},{"data":8000000,"x":26,"y":4,"loot_multiply_ver":1},{"data":8000000,"x":28,"y":4,"loot_multiply_ver":1},{"data":8000000,"x":30,"y":4,"loot_multiply_ver":1},{"data":8000000,"x":32,"y":4,"loot_multiply_ver":1},{"data":8000000,"x":34,"y":4,"loot_multiply_ver":1},{"data":8000000,"x":36,"y":4,"loot_multiply_ver":1},{"data":8000000,"x":38,"y":4,"loot_multiply_ver":1},{"data":8000000,"x":38,"y":6,"loot_multiply_ver":1},{"data":8000000,"x":38,"y":8,"loot_multiply_ver":1},{"data":8000000,"x":38,"y":10,"loot_multiply_ver":1},{"data":8000000,"x":38,"y":12,"loot_multiply_ver":1},{"data":8000000,"x":38,"y":14,"loot_multiply_ver":1},{"data":8000000,"x":38,"y":16,"loot_multiply_ver":1},{"data":8000000,"x":38,"y":18,"loot_multiply_ver":1},{"data":8000000,"x":38,"y":20,"loot_multiply_ver":1},{"data":8000000,"x":38,"y":22,"loot_multiply_ver":1},{"data":8000000,"x":38,"y":24,"loot_multiply_ver":1},{"data":8000000,"x":29,"y":14,"loot_multiply_ver":1},{"data":8000000,"x":20,"y":15,"loot_multiply_ver":1},{"data":8000000,"x":20,"y":22,"loot_multiply_ver":1},{"data":8000000,"x":29,"y":24,"loot_multiply_ver":1},{"data":8000008,"x":33,"y":33,"loot_multiply_ver":1},{"data":8000008,"x":20,"y":30,"loot_multiply_ver":1},{"data":8000008,"x":7,"y":21,"loot_multiply_ver":1},{"data":8000013,"x":9,"y":7,"loot_multiply_ver":1},{"data":8000013,"x":29,"y":8,"loot_multiply_ver":1},{"data":8000019,"x":9,"y":31,"loot_multiply_ver":1},{"data":8000020,"x":8,"y":33,"loot_multiply_ver":1},{"data":8000020,"x":28,"y":32,"loot_multiply_ver":1},{"data":8000020,"x":31,"y":19,"loot_multiply_ver":1},{"data":8000020,"x":17,"y":6,"loot_multiply_ver":1}],"traps":[{"data":12000000,"lvl":0,"x":22,"y":21},{"data":12000000,"lvl":0,"x":21,"y":21},{"data":12000000,"lvl":0,"x":20,"y":21},{"data":12000000,"lvl":0,"x":19,"y":21},{"data":12000000,"lvl":0,"x":18,"y":21},{"data":12000000,"lvl":0,"x":18,"y":20},{"data":12000000,"lvl":0,"x":18,"y":19},{"data":12000000,"lvl":0,"x":18,"y":18},{"data":12000000,"lvl":0,"x":18,"y":17},{"data":12000000,"lvl":0,"x":19,"y":17},{"data":12000000,"lvl":0,"x":20,"y":17},{"data":12000000,"lvl":0,"x":21,"y":17},{"data":12000000,"lvl":0,"x":22,"y":17},{"data":12000001,"lvl":0,"x":12,"y":23},{"data":12000001,"lvl":0,"x":12,"y":16}],"decos":[],"respawnVars":{"secondsFromLastRespawn":0,"respawnSeed":1529463799,"obstacleClearCounter":0},"cooldowns":[],"newShopBuildings":[3,0,5,2,5,2,3,1,3,3,100,1,1,1,1,5,0,0,0,0,1,0,0,0,0,0,0],"newShopTraps":[4,2,0,0,0,0,0],"newShopDecos":[1,4,0,0,1,0,0,0,0,0,0,0,0,0,0,0,0,0,0,0,0,0,0,0,0,0,0,0,0,0,0,0,0,0,0]}help_opened":false,"bool_layout_edit_shown_erase":false}