{"buildings":[{"data":1000001,"lvl":4,"x":19,"y":17},{"data":1000008,"lvl":7,"x":14,"y":11},{"data":1000008,"lvl":7,"x":26,"y":11},{"data":1000008,"lvl":7,"x":26,"y":25},{"data":1000008,"lvl":7,"x":14,"y":25},{"data":1000010,"lvl":3,"x":29,"y":12},{"data":1000010,"lvl":3,"x":29,"y":13},{"data":1000010,"lvl":3,"x":29,"y":14},{"data":1000010,"lvl":3,"x":29,"y":15},{"data":1000010,"lvl":3,"x":29,"y":16},{"data":1000010,"lvl":3,"x":29,"y":22},{"data":1000010,"lvl":3,"x":29,"y":23},{"data":1000010,"lvl":3,"x":29,"y":24},{"data":1000010,"lvl":3,"x":29,"y":25},{"data":1000010,"lvl":3,"x":29,"y":26},{"data":1000010,"lvl":3,"x":29,"y":27},{"data":1000010,"lvl":3,"x":29,"y":28},{"data":1000010,"lvl":3,"x":28,"y":28},{"data":1000010,"lvl":3,"x":27,"y":28},{"data":1000010,"lvl":3,"x":26,"y":28},{"data":1000010,"lvl":3,"x":25,"y":28},{"data":1000010,"lvl":3,"x":24,"y":28},{"data":1000010,"lvl":3,"x":23,"y":28},{"data":1000010,"lvl":3,"x":19,"y":28},{"data":1000010,"lvl":3,"x":18,"y":28},{"data":1000010,"lvl":3,"x":17,"y":28},{"data":1000010,"lvl":3,"x":16,"y":28},{"data":1000010,"lvl":3,"x":15,"y":28},{"data":1000010,"lvl":3,"x":14,"y":28},{"data":1000018,"lvl":0,"x":23,"y":26,"units":[],"storage_type":0},{"data":1000018,"lvl":0,"x":27,"y":22,"units":[],"storage_type":0},{"data":1000018,"lvl":0,"x":23,"y":22,"units":[],"storage_type":0},{"data":1000018,"lvl":0,"x":14,"y":14,"units":[],"storage_type":0},{"data":1000018,"lvl":0,"x":17,"y":14,"units":[],"storage_type":0},{"data":1000018,"lvl":0,"x":17,"y":11,"units":[],"storage_type":0},{"data":1000010,"lvl":3,"x":13,"y":28},{"data":1000010,"lvl":3,"x":13,"y":27},{"data":1000010,"lvl":3,"x":13,"y":26},{"data":1000010,"lvl":3,"x":13,"y":25},{"data":1000010,"lvl":3,"x":13,"y":24},{"data":1000010,"lvl":3,"x":13,"y":23},{"data":1000010,"lvl":3,"x":13,"y":22},{"data":1000010,"lvl":3,"x":13,"y":21},{"data":1000010,"lvl":3,"x":13,"y":20},{"data":1000010,"lvl":3,"x":13,"y":19},{"data":1000010,"lvl":3,"x":13,"y":18},{"data":1000010,"lvl":3,"x":13,"y":17},{"data":1000010,"lvl":3,"x":13,"y":16},{"data":1000010,"lvl":3,"x":13,"y":15},{"data":1000010,"lvl":3,"x":13,"y":14},{"data":1000010,"lvl":3,"x":13,"y":13},{"data":1000010,"lvl":3,"x":13,"y":12},{"data":1000010,"lvl":3,"x":13,"y":11},{"data":1000010,"lvl":3,"x":13,"y":10},{"data":1000010,"lvl":3,"x":14,"y":10},{"data":1000010,"lvl":3,"x":15,"y":10},{"data":1000010,"lvl":3,"x":16,"y":10},{"data":1000010,"lvl":3,"x":17,"y":10},{"data":1000010,"lvl":3,"x":18,"y":10},{"data":1000010,"lvl":3,"x":19,"y":10},{"data":1000010,"lvl":3,"x":23,"y":10},{"data":1000010,"lvl":3,"x":24,"y":10},{"data":1000010,"lvl":3,"x":25,"y":10},{"data":1000010,"lvl":3,"x":26,"y":10},{"data":1000010,"lvl":3,"x":27,"y":10},{"data":1000010,"lvl":3,"x":28,"y":10},{"data":1000010,"lvl":3,"x":29,"y":10},{"data":1000010,"lvl":3,"x":29,"y":11},{"data":1000013,"lvl":4,"x":15,"y":18},{"data":1000013,"lvl":4,"x":25,"y":18},{"data":1000009,"lvl":7,"x":20,"y":12},{"data":1000009,"lvl":7,"x":20,"y":23},{"data":1000005,"lvl":4,"x":14,"y":22},{"data":1000005,"lvl":4,"x":17,"y":22},{"data":1000005,"lvl":4,"x":17,"y":25},{"data":1000003,"lvl":4,"x":23,"y":11},{"data":1000003,"lvl":4,"x":23,"y":14},{"data":1000003,"lvl":4,"x":26,"y":14}],"obstacles":[{"data":8000000,"x":4,"y":24},{"data":8000006,"x":4,"y":16},{"data":8000000,"x":6,"y":38},{"data":8000000,"x":20,"y":38},{"data":8000000,"x":38,"y":26},{"data":8000000,"x":34,"y":38},{"data":8000000,"x":38,"y":38},{"data":8000000,"x":8,"y":38},{"data":8000000,"x":4,"y":38},{"data":8000000,"x":36,"y":38},{"data":8000000,"x":30,"y":38},{"data":8000000,"x":38,"y":36},{"data":8000000,"x":4,"y":26},{"data":8000000,"x":12,"y":38},{"data":8000000,"x":28,"y":38},{"data":8000000,"x":26,"y":38},{"data":8000000,"x":4,"y":34},{"data":8000000,"x":16,"y":38},{"data":8000000,"x":14,"y":38},{"data":8000000,"x":18,"y":38},{"data":8000000,"x":4,"y":22},{"data":8000000,"x":38,"y":30},{"data":8000000,"x":4,"y":28},{"data":8000000,"x":24,"y":38},{"data":8000000,"x":32,"y":38},{"data":8000000,"x":10,"y":38},{"data":8000000,"x":38,"y":28},{"data":8000000,"x":38,"y":32},{"data":8000000,"x":4,"y":30},{"data":8000000,"x":4,"y":18},{"data":8000000,"x":38,"y":34},{"data":8000000,"x":4,"y":36},{"data":8000000,"x":4,"y":32},{"data":8000000,"x":22,"y":38},{"data":8000000,"x":4,"y":20},{"data":8000000,"x":4,"y":14},{"data":8000000,"x":4,"y":12},{"data":8000000,"x":4,"y":10},{"data":8000000,"x":4,"y":8},{"data":8000000,"x":4,"y":6},{"data":8000000,"x":4,"y":4},{"data":8000000,"x":6,"y":4},{"data":8000000,"x":8,"y":4},{"data":8000000,"x":10,"y":4},{"data":8000000,"x":12,"y":4},{"data":8000000,"x":14,"y":4},{"data":8000000,"x":16,"y":4},{"data":8000000,"x":18,"y":4},{"data":8000000,"x":20,"y":4},{"data":8000000,"x":22,"y":4},{"data":8000000,"x":24,"y":4},{"data":8000000,"x":26,"y":4},{"data":8000000,"x":28,"y":4},{"data":8000000,"x":30,"y":4},{"data":8000000,"x":32,"y":4},{"data":8000000,"x":34,"y":4},{"data":8000000,"x":36,"y":4},{"data":8000000,"x":38,"y":4},{"data":8000000,"x":38,"y":6},{"data":8000000,"x":38,"y":8},{"data":8000000,"x":38,"y":10},{"data":8000000,"x":38,"y":12},{"data":8000000,"x":38,"y":14},{"data":8000000,"x":38,"y":16},{"data":8000000,"x":38,"y":18},{"data":8000000,"x":38,"y":20},{"data":8000000,"x":38,"y":22},{"data":8000000,"x":38,"y":24},{"data":8000000,"x":30,"y":15},{"data":8000000,"x":18,"y":29},{"data":8000000,"x":30,"y":22},{"data":8000000,"x":23,"y":29},{"data":8000000,"x":23,"y":8},{"data":8000000,"x":18,"y":8},{"data":8000018,"x":7,"y":25},{"data":8000019,"x":9,"y":33},{"data":8000019,"x":9,"y":19},{"data":8000019,"x":34,"y":27},{"data":8000019,"x":26,"y":32},{"data":8000020,"x":34,"y":24}],"traps":[{"data":12000001,"x":29,"y":17},{"data":12000001,"x":28,"y":18},{"data":12000001,"x":29,"y":19},{"data":12000001,"x":28,"y":20},{"data":12000001,"x":29,"y":21},{"data":12000001,"x":20,"y":28},{"data":12000001,"x":21,"y":27},{"data":12000001,"x":22,"y":28},{"data":12000001,"x":21,"y":11},{"data":12000001,"x":22,"y":10},{"data":12000001,"x":20,"y":10},{"data":12000000,"x":23,"y":17},{"data":12000000,"x":25,"y":17},{"data":12000000,"x":27,"y":17},{"data":12000000,"x":23,"y":21},{"data":12000000,"x":25,"y":21},{"data":12000000,"x":27,"y":21},{"data":12000000,"x":22,"y":22},{"data":12000000,"x":22,"y":23},{"data":12000000,"x":22,"y":25},{"data":12000000,"x":22,"y":27},{"data":12000000,"x":20,"y":27},{"data":12000000,"x":20,"y":25},{"data":12000000,"x":20,"y":24},{"data":12000000,"x":20,"y":23},{"data":12000000,"x":20,"y":22},{"data":12000000,"x":20,"y":16},{"data":12000000,"x":20,"y":14},{"data":12000000,"x":20,"y":12},{"data":12000000,"x":22,"y":11},{"data":12000000,"x":22,"y":13},{"data":12000000,"x":22,"y":15}],"decos":[{"data":18000002,"x":23,"y":34},{"data":18000002,"x":32,"y":10},{"data":18000002,"x":34,"y":15}],"respawnVars":{"secondsFromLastRespawn":0,"respawnSeed":1529463799,"obstacleClearCounter":0},"cooldowns":[],"newShopBuildings":[3,0,5,2,5,2,3,1,3,3,100,1,1,1,1,5,0,0,0,0,1,0,0,0,0,0,0],"newShopTraps":[4,2,0,0,0,0,0],"newShopDecos":[1,4,0,0,1,0,0,0,0,0,0,0,0,0,0,0,0,0,0,0,0,0,0,0,0,0,0,0,0,0,0,0,0,0,0]}