{"buildings":[{"data":1000001,"lvl":4,"x":21,"y":20},{"data":1000010,"lvl":4,"x":29,"y":13},{"data":1000010,"lvl":4,"x":22,"y":13},{"data":1000010,"lvl":4,"x":19,"y":13},{"data":1000010,"lvl":4,"x":21,"y":13},{"data":1000010,"lvl":4,"x":20,"y":13},{"data":1000010,"lvl":4,"x":26,"y":13},{"data":1000010,"lvl":4,"x":32,"y":18},{"data":1000010,"lvl":4,"x":32,"y":16},{"data":1000010,"lvl":4,"x":32,"y":15},{"data":1000010,"lvl":4,"x":30,"y":13},{"data":1000010,"lvl":4,"x":17,"y":21},{"data":1000010,"lvl":4,"x":17,"y":23},{"data":1000010,"lvl":4,"x":17,"y":24},{"data":1000010,"lvl":4,"x":17,"y":26},{"data":1000010,"lvl":4,"x":17,"y":25},{"data":1000010,"lvl":4,"x":17,"y":22},{"data":1000010,"lvl":4,"x":17,"y":18},{"data":1000010,"lvl":4,"x":17,"y":20},{"data":1000010,"lvl":4,"x":17,"y":19},{"data":1000010,"lvl":4,"x":17,"y":27},{"data":1000010,"lvl":4,"x":32,"y":26},{"data":1000010,"lvl":4,"x":32,"y":27},{"data":1000010,"lvl":4,"x":32,"y":30},{"data":1000010,"lvl":4,"x":29,"y":25},{"data":1000010,"lvl":4,"x":29,"y":30},{"data":1000010,"lvl":4,"x":30,"y":30},{"data":1000010,"lvl":4,"x":32,"y":29},{"data":1000010,"lvl":4,"x":32,"y":28},{"data":1000010,"lvl":4,"x":32,"y":25},{"data":1000010,"lvl":4,"x":32,"y":24},{"data":1000010,"lvl":4,"x":32,"y":23},{"data":1000010,"lvl":4,"x":32,"y":19},{"data":1000010,"lvl":4,"x":32,"y":17},{"data":1000010,"lvl":4,"x":32,"y":14},{"data":1000010,"lvl":4,"x":32,"y":13},{"data":1000010,"lvl":4,"x":28,"y":13},{"data":1000010,"lvl":4,"x":31,"y":13},{"data":1000010,"lvl":4,"x":27,"y":13},{"data":1000010,"lvl":4,"x":25,"y":13},{"data":1000010,"lvl":4,"x":24,"y":13},{"data":1000010,"lvl":4,"x":23,"y":13},{"data":1000010,"lvl":4,"x":17,"y":15},{"data":1000010,"lvl":4,"x":17,"y":14},{"data":1000010,"lvl":4,"x":17,"y":13},{"data":1000010,"lvl":4,"x":17,"y":29},{"data":1000010,"lvl":4,"x":17,"y":28},{"data":1000010,"lvl":4,"x":17,"y":30},{"data":1000010,"lvl":4,"x":31,"y":30},{"data":1000010,"lvl":4,"x":27,"y":30},{"data":1000010,"lvl":4,"x":26,"y":30},{"data":1000010,"lvl":4,"x":25,"y":30},{"data":1000010,"lvl":4,"x":24,"y":30},{"data":1000010,"lvl":4,"x":19,"y":30},{"data":1000010,"lvl":4,"x":18,"y":30},{"data":1000010,"lvl":4,"x":28,"y":30},{"data":1000010,"lvl":4,"x":30,"y":22},{"data":1000010,"lvl":4,"x":20,"y":30},{"data":1000010,"lvl":4,"x":21,"y":30},{"data":1000010,"lvl":4,"x":27,"y":25},{"data":1000010,"lvl":4,"x":22,"y":30},{"data":1000010,"lvl":4,"x":23,"y":30},{"data":1000010,"lvl":4,"x":18,"y":13},{"data":1000005,"lvl":8,"x":26,"y":15},{"data":1000005,"lvl":8,"x":26,"y":26},{"data":1000008,"lvl":8,"x":22,"y":25},{"data":1000010,"lvl":4,"x":28,"y":25},{"data":1000010,"lvl":4,"x":28,"y":24},{"data":1000010,"lvl":4,"x":26,"y":25},{"data":1000010,"lvl":4,"x":26,"y":18},{"data":1000010,"lvl":4,"x":27,"y":18},{"data":1000010,"lvl":4,"x":28,"y":18},{"data":1000010,"lvl":4,"x":28,"y":19},{"data":1000010,"lvl":4,"x":30,"y":18},{"data":1000010,"lvl":4,"x":31,"y":18},{"data":1000010,"lvl":4,"x":30,"y":21},{"data":1000010,"lvl":4,"x":31,"y":23},{"data":1000010,"lvl":4,"x":25,"y":25},{"data":1000010,"lvl":4,"x":33,"y":23},{"data":1000010,"lvl":4,"x":25,"y":26},{"data":1000010,"lvl":4,"x":25,"y":27},{"data":1000010,"lvl":4,"x":25,"y":18},{"data":1000010,"lvl":4,"x":25,"y":17},{"data":1000010,"lvl":4,"x":24,"y":15},{"data":1000010,"lvl":4,"x":25,"y":15},{"data":1000010,"lvl":4,"x":25,"y":16},{"data":1000010,"lvl":4,"x":23,"y":15},{"data":1000010,"lvl":4,"x":21,"y":15},{"data":1000010,"lvl":4,"x":17,"y":17},{"data":1000010,"lvl":4,"x":21,"y":17},{"data":1000010,"lvl":4,"x":21,"y":16},{"data":1000010,"lvl":4,"x":22,"y":15},{"data":1000010,"lvl":4,"x":21,"y":25},{"data":1000010,"lvl":4,"x":24,"y":28},{"data":1000010,"lvl":4,"x":17,"y":16},{"data":1000010,"lvl":4,"x":24,"y":19},{"data":1000010,"lvl":4,"x":25,"y":19},{"data":1000010,"lvl":4,"x":22,"y":19},{"data":1000010,"lvl":4,"x":21,"y":19},{"data":1000010,"lvl":4,"x":21,"y":18},{"data":1000010,"lvl":4,"x":23,"y":28},{"data":1000010,"lvl":4,"x":21,"y":24},{"data":1000010,"lvl":4,"x":22,"y":24},{"data":1000010,"lvl":4,"x":31,"y":25},{"data":1000010,"lvl":4,"x":24,"y":24},{"data":1000010,"lvl":4,"x":25,"y":24},{"data":1000010,"lvl":4,"x":21,"y":27},{"data":1000010,"lvl":4,"x":21,"y":26},{"data":1000010,"lvl":4,"x":21,"y":28},{"data":1000010,"lvl":4,"x":22,"y":28},{"data":1000010,"lvl":4,"x":25,"y":28},{"data":1000010,"lvl":4,"x":28,"y":22},{"data":1000010,"lvl":4,"x":30,"y":23},{"data":1000010,"lvl":4,"x":28,"y":21},{"data":1000010,"lvl":4,"x":33,"y":20},{"data":1000010,"lvl":4,"x":34,"y":23},{"data":1000010,"lvl":4,"x":29,"y":18},{"data":1000010,"lvl":4,"x":34,"y":20},{"data":1000010,"lvl":4,"x":32,"y":20},{"data":1000008,"lvl":8,"x":22,"y":16},{"data":1000018,"lvl":0,"x":26,"y":23,"units":[]},{"data":1000018,"lvl":0,"x":26,"y":19,"units":[]},{"data":1000018,"lvl":0,"x":15,"y":19,"units":[]},{"data":1000018,"lvl":0,"x":15,"y":21,"units":[]},{"data":1000012,"lvl":4,"x":18,"y":24},{"data":1000012,"lvl":4,"x":18,"y":17},{"data":1000013,"lvl":4,"x":29,"y":15},{"data":1000013,"lvl":4,"x":29,"y":26},{"data":1000009,"lvl":8,"x":18,"y":20},{"data":1000009,"lvl":8,"x":21,"y":31},{"data":1000009,"lvl":8,"x":22,"y":10},{"data":1000010,"lvl":4,"x":25,"y":23},{"data":1000010,"lvl":4,"x":25,"y":22},{"data":1000010,"lvl":4,"x":25,"y":21},{"data":1000010,"lvl":4,"x":25,"y":20},{"data":1000008,"lvl":8,"x":18,"y":27},{"data":1000008,"lvl":8,"x":18,"y":14},{"data":1000003,"lvl":6,"x":14,"y":27},{"data":1000003,"lvl":6,"x":14,"y":14},{"data":1000010,"lvl":4,"x":16,"y":30},{"data":1000010,"lvl":4,"x":15,"y":30},{"data":1000010,"lvl":4,"x":14,"y":30},{"data":1000010,"lvl":4,"x":13,"y":30},{"data":1000010,"lvl":4,"x":13,"y":29},{"data":1000010,"lvl":4,"x":13,"y":28},{"data":1000010,"lvl":4,"x":13,"y":27},{"data":1000010,"lvl":4,"x":13,"y":26},{"data":1000010,"lvl":4,"x":14,"y":26},{"data":1000010,"lvl":4,"x":15,"y":26},{"data":1000010,"lvl":4,"x":16,"y":26},{"data":1000010,"lvl":4,"x":16,"y":17},{"data":1000010,"lvl":4,"x":15,"y":17},{"data":1000010,"lvl":4,"x":14,"y":17},{"data":1000010,"lvl":4,"x":13,"y":17},{"data":1000010,"lvl":4,"x":13,"y":16},{"data":1000010,"lvl":4,"x":13,"y":15},{"data":1000010,"lvl":4,"x":13,"y":14},{"data":1000010,"lvl":4,"x":13,"y":13},{"data":1000010,"lvl":4,"x":14,"y":13},{"data":1000010,"lvl":4,"x":15,"y":13},{"data":1000010,"lvl":4,"x":16,"y":13}],"obstacles":[{"data":8000000,"x":4,"y":24},{"data":8000003,"x":7,"y":10},{"data":8000002,"x":12,"y":19},{"data":8000003,"x":36,"y":6},{"data":8000012,"x":9,"y":27},{"data":8000000,"x":6,"y":38},{"data":8000000,"x":20,"y":38},{"data":8000000,"x":38,"y":26},{"data":8000000,"x":34,"y":38},{"data":8000000,"x":38,"y":38},{"data":8000000,"x":8,"y":38},{"data":8000000,"x":4,"y":38},{"data":8000000,"x":36,"y":38},{"data":8000000,"x":30,"y":38},{"data":8000000,"x":38,"y":36},{"data":8000000,"x":4,"y":26},{"data":8000000,"x":12,"y":38},{"data":8000000,"x":28,"y":38},{"data":8000000,"x":26,"y":38},{"data":8000000,"x":4,"y":34},{"data":8000000,"x":16,"y":38},{"data":8000000,"x":14,"y":38},{"data":8000000,"x":18,"y":38},{"data":8000000,"x":4,"y":22},{"data":8000000,"x":38,"y":30},{"data":8000000,"x":4,"y":28},{"data":8000000,"x":24,"y":38},{"data":8000000,"x":32,"y":38},{"data":8000000,"x":10,"y":38},{"data":8000000,"x":38,"y":28},{"data":8000000,"x":38,"y":32},{"data":8000000,"x":4,"y":30},{"data":8000000,"x":4,"y":18},{"data":8000000,"x":38,"y":34},{"data":8000000,"x":4,"y":36},{"data":8000000,"x":4,"y":32},{"data":8000000,"x":22,"y":38},{"data":8000000,"x":4,"y":20},{"data":8000000,"x":4,"y":14},{"data":8000000,"x":4,"y":12},{"data":8000000,"x":4,"y":10},{"data":8000000,"x":4,"y":8},{"data":8000000,"x":4,"y":6},{"data":8000000,"x":4,"y":4},{"data":8000000,"x":6,"y":4},{"data":8000000,"x":8,"y":4},{"data":8000000,"x":10,"y":4},{"data":8000000,"x":12,"y":4},{"data":8000000,"x":14,"y":4},{"data":8000000,"x":16,"y":4},{"data":8000000,"x":18,"y":4},{"data":8000000,"x":20,"y":4},{"data":8000000,"x":22,"y":4},{"data":8000000,"x":24,"y":4},{"data":8000000,"x":26,"y":4},{"data":8000000,"x":28,"y":4},{"data":8000000,"x":30,"y":4},{"data":8000000,"x":32,"y":4},{"data":8000000,"x":34,"y":4},{"data":8000000,"x":36,"y":4},{"data":8000000,"x":38,"y":4},{"data":8000000,"x":38,"y":6},{"data":8000000,"x":38,"y":8},{"data":8000000,"x":38,"y":10},{"data":8000000,"x":38,"y":12},{"data":8000000,"x":38,"y":14},{"data":8000000,"x":38,"y":16},{"data":8000000,"x":38,"y":18},{"data":8000000,"x":38,"y":20},{"data":8000000,"x":38,"y":22},{"data":8000000,"x":38,"y":24},{"data":8000000,"x":7,"y":32},{"data":8000000,"x":15,"y":23},{"data":8000000,"x":4,"y":16},{"data":8000000,"x":7,"y":35},{"data":8000000,"x":7,"y":7},{"data":8000000,"x":25,"y":10},{"data":8000000,"x":24,"y":31},{"data":8000014,"x":31,"y":10},{"data":8000002,"x":17,"y":8},{"data":8000000,"x":34,"y":28},{"data":8000000,"x":34,"y":14},{"data":8000006,"x":27,"y":7},{"data":8000006,"x":27,"y":33},{"data":8000006,"x":16,"y":33},{"data":8000006,"x":9,"y":18},{"data":8000006,"x":11,"y":8},{"data":8000020,"x":32,"y":33},{"data":8000020,"x":11,"y":34},{"data":8000020,"x":8,"y":22},{"data":8000020,"x":18,"y":9}],"traps":[{"data":12000000,"x":31,"y":21},{"data":12000000,"x":31,"y":20},{"data":12000001,"x":29,"y":23},{"data":12000001,"x":23,"y":19},{"data":12000001,"x":21,"y":29},{"data":12000000,"x":26,"y":22},{"data":12000000,"x":26,"y":21},{"data":12000000,"x":28,"y":14},{"data":12000000,"x":28,"y":29},{"data":12000001,"x":30,"y":25}],"decos":[{"data":18000002,"x":34,"y":6},{"data":18000002,"x":9,"y":14},{"data":18000002,"x":33,"y":18},{"data":18000002,"x":34,"y":31},{"data":18000002,"x":21,"y":34},{"data":18000002,"x":12,"y":31}],"respawnVars":{"secondsFromLastRespawn":0,"respawnSeed":1529463799,"obstacleClearCounter":0}}