{"buildings":[{"data":1000001,"lvl":4,"x":20,"y":20},{"data":1000003,"lvl":8,"x":13,"y":20},{"data":1000005,"lvl":7,"x":28,"y":21},{"data":1000008,"lvl":7,"x":24,"y":25},{"data":1000008,"lvl":7,"x":17,"y":16},{"data":1000009,"lvl":5,"x":25,"y":17},{"data":1000010,"lvl":4,"x":13,"y":23},{"data":1000010,"lvl":4,"x":12,"y":20},{"data":1000010,"lvl":4,"x":23,"y":28},{"data":1000010,"lvl":4,"x":27,"y":22},{"data":1000010,"lvl":4,"x":27,"y":21},{"data":1000010,"lvl":4,"x":27,"y":23},{"data":1000010,"lvl":4,"x":20,"y":15},{"data":1000010,"lvl":4,"x":22,"y":27},{"data":1000010,"lvl":4,"x":21,"y":27},{"data":1000010,"lvl":4,"x":20,"y":19},{"data":1000010,"lvl":4,"x":21,"y":16},{"data":1000010,"lvl":4,"x":23,"y":16},{"data":1000010,"lvl":4,"x":12,"y":23},{"data":1000010,"lvl":4,"x":26,"y":16},{"data":1000010,"lvl":4,"x":24,"y":16},{"data":1000010,"lvl":4,"x":27,"y":16},{"data":1000010,"lvl":4,"x":28,"y":19},{"data":1000010,"lvl":4,"x":22,"y":16},{"data":1000010,"lvl":4,"x":28,"y":20},{"data":1000010,"lvl":4,"x":28,"y":17},{"data":1000010,"lvl":4,"x":25,"y":16},{"data":1000010,"lvl":4,"x":26,"y":20},{"data":1000010,"lvl":4,"x":23,"y":25},{"data":1000010,"lvl":4,"x":27,"y":20},{"data":1000010,"lvl":4,"x":20,"y":17},{"data":1000010,"lvl":4,"x":20,"y":18},{"data":1000010,"lvl":4,"x":20,"y":16},{"data":1000010,"lvl":4,"x":28,"y":16},{"data":1000010,"lvl":4,"x":12,"y":19},{"data":1000010,"lvl":4,"x":23,"y":24},{"data":1000010,"lvl":4,"x":23,"y":27},{"data":1000010,"lvl":4,"x":20,"y":27},{"data":1000010,"lvl":4,"x":26,"y":24},{"data":1000010,"lvl":4,"x":25,"y":24},{"data":1000010,"lvl":4,"x":27,"y":24},{"data":1000010,"lvl":4,"x":25,"y":20},{"data":1000010,"lvl":4,"x":29,"y":20},{"data":1000010,"lvl":4,"x":24,"y":24},{"data":1000010,"lvl":4,"x":28,"y":18},{"data":1000010,"lvl":4,"x":24,"y":18},{"data":1000010,"lvl":4,"x":24,"y":20},{"data":1000010,"lvl":4,"x":31,"y":21},{"data":1000010,"lvl":4,"x":30,"y":20},{"data":1000010,"lvl":4,"x":24,"y":17},{"data":1000010,"lvl":4,"x":31,"y":20},{"data":1000010,"lvl":4,"x":24,"y":19},{"data":1000010,"lvl":4,"x":23,"y":26},{"data":1000009,"lvl":5,"x":16,"y":24},{"data":1000012,"lvl":2,"x":21,"y":17},{"data":1000010,"lvl":4,"x":19,"y":19},{"data":1000010,"lvl":4,"x":12,"y":21},{"data":1000010,"lvl":4,"x":13,"y":19},{"data":1000010,"lvl":4,"x":14,"y":19},{"data":1000010,"lvl":4,"x":19,"y":23},{"data":1000010,"lvl":4,"x":19,"y":24},{"data":1000010,"lvl":4,"x":15,"y":19},{"data":1000010,"lvl":4,"x":19,"y":25},{"data":1000010,"lvl":4,"x":19,"y":26},{"data":1000010,"lvl":4,"x":19,"y":27},{"data":1000010,"lvl":4,"x":18,"y":23},{"data":1000010,"lvl":4,"x":17,"y":23},{"data":1000010,"lvl":4,"x":16,"y":23},{"data":1000010,"lvl":4,"x":15,"y":23},{"data":1000010,"lvl":4,"x":16,"y":22},{"data":1000010,"lvl":4,"x":16,"y":21},{"data":1000010,"lvl":4,"x":16,"y":20},{"data":1000010,"lvl":4,"x":16,"y":19},{"data":1000010,"lvl":4,"x":17,"y":19},{"data":1000010,"lvl":4,"x":18,"y":19},{"data":1000010,"lvl":4,"x":24,"y":28},{"data":1000010,"lvl":4,"x":25,"y":28},{"data":1000010,"lvl":4,"x":26,"y":28},{"data":1000010,"lvl":4,"x":27,"y":28},{"data":1000010,"lvl":4,"x":27,"y":27},{"data":1000010,"lvl":4,"x":27,"y":25},{"data":1000010,"lvl":4,"x":29,"y":24},{"data":1000010,"lvl":4,"x":30,"y":24},{"data":1000010,"lvl":4,"x":19,"y":15},{"data":1000010,"lvl":4,"x":18,"y":15},{"data":1000010,"lvl":4,"x":31,"y":22},{"data":1000010,"lvl":4,"x":31,"y":23},{"data":1000010,"lvl":4,"x":31,"y":24},{"data":1000010,"lvl":4,"x":28,"y":24},{"data":1000010,"lvl":4,"x":27,"y":26},{"data":1000010,"lvl":4,"x":18,"y":27},{"data":1000010,"lvl":4,"x":17,"y":27},{"data":1000010,"lvl":4,"x":16,"y":27},{"data":1000010,"lvl":4,"x":15,"y":27},{"data":1000010,"lvl":4,"x":15,"y":26},{"data":1000010,"lvl":4,"x":15,"y":25},{"data":1000010,"lvl":4,"x":15,"y":24},{"data":1000010,"lvl":4,"x":16,"y":18},{"data":1000010,"lvl":4,"x":16,"y":17},{"data":1000010,"lvl":4,"x":16,"y":16},{"data":1000010,"lvl":4,"x":16,"y":15},{"data":1000010,"lvl":4,"x":17,"y":15},{"data":1000010,"lvl":4,"x":12,"y":22},{"data":1000010,"lvl":4,"x":14,"y":23},{"data":1000008,"lvl":7,"x":20,"y":24},{"data":1000013,"lvl":4,"x":24,"y":21},{"data":1000011,"lvl":1,"x":17,"y":20},{"data":1000011,"lvl":1,"x":20,"y":28},{"data":1000011,"lvl":1,"x":21,"y":13},{"data":1000010,"lvl":4,"x":19,"y":28},{"data":1000010,"lvl":4,"x":19,"y":29},{"data":1000010,"lvl":4,"x":19,"y":30},{"data":1000010,"lvl":4,"x":19,"y":31},{"data":1000010,"lvl":4,"x":20,"y":31},{"data":1000010,"lvl":4,"x":21,"y":31},{"data":1000010,"lvl":4,"x":22,"y":31},{"data":1000010,"lvl":4,"x":23,"y":31},{"data":1000010,"lvl":4,"x":23,"y":30},{"data":1000010,"lvl":4,"x":23,"y":29},{"data":1000010,"lvl":4,"x":24,"y":15},{"data":1000010,"lvl":4,"x":24,"y":14},{"data":1000010,"lvl":4,"x":24,"y":13},{"data":1000010,"lvl":4,"x":24,"y":12},{"data":1000010,"lvl":4,"x":23,"y":12},{"data":1000010,"lvl":4,"x":22,"y":12},{"data":1000010,"lvl":4,"x":21,"y":12},{"data":1000010,"lvl":4,"x":20,"y":12},{"data":1000010,"lvl":4,"x":20,"y":13},{"data":1000010,"lvl":4,"x":20,"y":14},{"data":1000003,"lvl":8,"x":12,"y":24},{"data":1000003,"lvl":8,"x":13,"y":16},{"data":1000005,"lvl":7,"x":16,"y":28},{"data":1000005,"lvl":7,"x":17,"y":12},{"data":1000010,"lvl":4,"x":18,"y":31},{"data":1000010,"lvl":4,"x":17,"y":31},{"data":1000010,"lvl":4,"x":16,"y":31},{"data":1000010,"lvl":4,"x":15,"y":31},{"data":1000010,"lvl":4,"x":15,"y":30},{"data":1000010,"lvl":4,"x":15,"y":29},{"data":1000010,"lvl":4,"x":15,"y":28},{"data":1000010,"lvl":4,"x":14,"y":27},{"data":1000010,"lvl":4,"x":13,"y":27},{"data":1000010,"lvl":4,"x":12,"y":27},{"data":1000010,"lvl":4,"x":11,"y":27},{"data":1000010,"lvl":4,"x":11,"y":26},{"data":1000010,"lvl":4,"x":11,"y":25},{"data":1000010,"lvl":4,"x":11,"y":24},{"data":1000010,"lvl":4,"x":11,"y":23},{"data":1000010,"lvl":4,"x":11,"y":22},{"data":1000010,"lvl":4,"x":11,"y":21},{"data":1000010,"lvl":4,"x":11,"y":20},{"data":1000010,"lvl":4,"x":11,"y":19},{"data":1000010,"lvl":4,"x":12,"y":18},{"data":1000010,"lvl":4,"x":12,"y":17},{"data":1000010,"lvl":4,"x":12,"y":16},{"data":1000010,"lvl":4,"x":12,"y":16},{"data":1000010,"lvl":4,"x":12,"y":15},{"data":1000010,"lvl":4,"x":13,"y":15},{"data":1000010,"lvl":4,"x":14,"y":15},{"data":1000010,"lvl":4,"x":15,"y":15},{"data":1000010,"lvl":4,"x":16,"y":14},{"data":1000010,"lvl":4,"x":16,"y":13},{"data":1000010,"lvl":4,"x":16,"y":12},{"data":1000010,"lvl":4,"x":16,"y":11},{"data":1000010,"lvl":4,"x":17,"y":11},{"data":1000010,"lvl":4,"x":18,"y":11},{"data":1000010,"lvl":4,"x":19,"y":11},{"data":1000010,"lvl":4,"x":20,"y":11}],"obstacles":[{"data":8000008,"x":6,"y":6},{"data":8000005,"x":35,"y":26},{"data":8000007,"x":6,"y":16},{"data":8000008,"x":35,"y":7},{"data":8000005,"x":5,"y":29},{"data":8000002,"x":4,"y":38},{"data":8000008,"x":5,"y":36},{"data":8000001,"x":7,"y":35},{"data":8000007,"x":4,"y":9},{"data":8000003,"x":29,"y":37},{"data":8000010,"x":26,"y":38},{"data":8000013,"x":34,"y":33},{"data":8000000,"x":33,"y":13},{"data":8000000,"x":15,"y":32},{"data":8000000,"x":9,"y":23},{"data":8000000,"x":9,"y":11},{"data":8000020,"x":8,"y":31},{"data":8000020,"x":6,"y":20},{"data":8000020,"x":22,"y":5},{"data":8000020,"x":33,"y":5},{"data":8000020,"x":35,"y":22},{"data":8000019,"x":31,"y":31},{"data":8000019,"x":21,"y":34}],"traps":[{"data":12000001,"x":28,"y":26},{"data":12000001,"x":29,"y":18},{"data":12000001,"x":25,"y":14},{"data":12000001,"x":24,"y":30},{"data":12000001,"x":32,"y":22}],"decos":[{"data":18000002,"x":28,"y":34},{"data":18000002,"x":29,"y":7},{"data":18000002,"x":13,"y":9}],"respawnVars":{"secondsFromLastRespawn":7200,"respawnSeed":1529463799,"obstacleClearCounter":16},"cooldowns":[],"newShopBuildings":[3,0,5,2,5,2,3,1,3,3,100,1,1,1,1,5,0,0,0,0,1,0,0,0,0,0,0],"newShopTraps":[4,2,0,0,0,0,0],"newShopDecos":[1,4,0,0,1,0,0,0,0,0,0,0,0,0,0,0,0,0,0,0,0,0,0,0,0,0,0,0,0,0,0,0,0,0,0]}