{"buildings":[{"data":1000001,"lvl":4,"x":18,"y":22},{"data":1000008,"lvl":9,"x":15,"y":25},{"data":1000008,"lvl":9,"x":22,"y":25},{"data":1000010,"lvl":4,"x":25,"y":28},{"data":1000010,"lvl":4,"x":23,"y":28},{"data":1000010,"lvl":4,"x":25,"y":27},{"data":1000010,"lvl":4,"x":25,"y":26},{"data":1000010,"lvl":4,"x":25,"y":25},{"data":1000010,"lvl":4,"x":22,"y":28},{"data":1000010,"lvl":4,"x":21,"y":28},{"data":1000010,"lvl":4,"x":18,"y":28},{"data":1000010,"lvl":4,"x":19,"y":28},{"data":1000010,"lvl":4,"x":20,"y":28},{"data":1000010,"lvl":4,"x":15,"y":28},{"data":1000010,"lvl":4,"x":26,"y":19},{"data":1000010,"lvl":4,"x":25,"y":17},{"data":1000010,"lvl":4,"x":25,"y":16},{"data":1000010,"lvl":4,"x":25,"y":15},{"data":1000010,"lvl":4,"x":26,"y":17},{"data":1000010,"lvl":4,"x":25,"y":24},{"data":1000010,"lvl":4,"x":25,"y":19},{"data":1000010,"lvl":4,"x":24,"y":15},{"data":1000010,"lvl":4,"x":23,"y":15},{"data":1000010,"lvl":4,"x":22,"y":15},{"data":1000010,"lvl":4,"x":21,"y":15},{"data":1000010,"lvl":4,"x":20,"y":15},{"data":1000010,"lvl":4,"x":19,"y":15},{"data":1000010,"lvl":4,"x":18,"y":15},{"data":1000010,"lvl":4,"x":17,"y":15},{"data":1000010,"lvl":4,"x":16,"y":15},{"data":1000010,"lvl":4,"x":15,"y":15},{"data":1000010,"lvl":4,"x":25,"y":22},{"data":1000010,"lvl":4,"x":14,"y":28},{"data":1000010,"lvl":4,"x":14,"y":27},{"data":1000010,"lvl":4,"x":14,"y":26},{"data":1000010,"lvl":4,"x":14,"y":25},{"data":1000010,"lvl":4,"x":14,"y":24},{"data":1000010,"lvl":4,"x":14,"y":23},{"data":1000010,"lvl":4,"x":14,"y":22},{"data":1000010,"lvl":4,"x":14,"y":21},{"data":1000010,"lvl":4,"x":14,"y":20},{"data":1000010,"lvl":4,"x":14,"y":19},{"data":1000010,"lvl":4,"x":13,"y":17},{"data":1000010,"lvl":4,"x":14,"y":16},{"data":1000010,"lvl":4,"x":14,"y":15},{"data":1000010,"lvl":4,"x":17,"y":28},{"data":1000010,"lvl":4,"x":14,"y":17},{"data":1000010,"lvl":4,"x":25,"y":21},{"data":1000010,"lvl":4,"x":25,"y":20},{"data":1000010,"lvl":4,"x":31,"y":28},{"data":1000010,"lvl":4,"x":25,"y":23},{"data":1000018,"lvl":0,"x":15,"y":16,"units":[]},{"data":1000018,"lvl":0,"x":23,"y":16,"units":[]},{"data":1000010,"lvl":4,"x":28,"y":19},{"data":1000010,"lvl":4,"x":28,"y":18},{"data":1000010,"lvl":4,"x":28,"y":17},{"data":1000010,"lvl":4,"x":28,"y":16},{"data":1000010,"lvl":4,"x":28,"y":15},{"data":1000010,"lvl":4,"x":28,"y":14},{"data":1000010,"lvl":4,"x":28,"y":13},{"data":1000010,"lvl":4,"x":28,"y":12},{"data":1000010,"lvl":4,"x":27,"y":12},{"data":1000010,"lvl":4,"x":26,"y":12},{"data":1000010,"lvl":4,"x":25,"y":12},{"data":1000010,"lvl":4,"x":24,"y":12},{"data":1000010,"lvl":4,"x":23,"y":12},{"data":1000010,"lvl":4,"x":22,"y":12},{"data":1000010,"lvl":4,"x":21,"y":12},{"data":1000010,"lvl":4,"x":18,"y":12},{"data":1000010,"lvl":4,"x":17,"y":12},{"data":1000010,"lvl":4,"x":16,"y":12},{"data":1000010,"lvl":4,"x":15,"y":12},{"data":1000010,"lvl":4,"x":14,"y":12},{"data":1000010,"lvl":4,"x":13,"y":12},{"data":1000010,"lvl":4,"x":12,"y":19},{"data":1000010,"lvl":4,"x":11,"y":19},{"data":1000010,"lvl":4,"x":11,"y":18},{"data":1000010,"lvl":4,"x":11,"y":17},{"data":1000010,"lvl":4,"x":11,"y":16},{"data":1000010,"lvl":4,"x":11,"y":15},{"data":1000010,"lvl":4,"x":11,"y":14},{"data":1000010,"lvl":4,"x":11,"y":13},{"data":1000010,"lvl":4,"x":11,"y":12},{"data":1000010,"lvl":4,"x":12,"y":12},{"data":1000018,"lvl":0,"x":18,"y":26,"units":[]},{"data":1000018,"lvl":0,"x":20,"y":26,"units":[]},{"data":1000008,"lvl":9,"x":17,"y":16},{"data":1000008,"lvl":9,"x":20,"y":16},{"data":1000013,"lvl":5,"x":26,"y":20},{"data":1000013,"lvl":5,"x":11,"y":20},{"data":1000010,"lvl":4,"x":29,"y":19},{"data":1000010,"lvl":4,"x":29,"y":20},{"data":1000010,"lvl":4,"x":29,"y":21},{"data":1000010,"lvl":4,"x":29,"y":22},{"data":1000010,"lvl":4,"x":29,"y":23},{"data":1000010,"lvl":4,"x":28,"y":23},{"data":1000010,"lvl":4,"x":27,"y":23},{"data":1000010,"lvl":4,"x":26,"y":23},{"data":1000010,"lvl":4,"x":13,"y":23},{"data":1000010,"lvl":4,"x":12,"y":23},{"data":1000010,"lvl":4,"x":11,"y":23},{"data":1000010,"lvl":4,"x":10,"y":23},{"data":1000010,"lvl":4,"x":10,"y":22},{"data":1000010,"lvl":4,"x":10,"y":21},{"data":1000010,"lvl":4,"x":10,"y":20},{"data":1000010,"lvl":4,"x":10,"y":19},{"data":1000011,"lvl":3,"x":18,"y":19},{"data":1000009,"lvl":9,"x":14,"y":29},{"data":1000009,"lvl":9,"x":23,"y":29},{"data":1000010,"lvl":4,"x":17,"y":29},{"data":1000010,"lvl":4,"x":17,"y":30},{"data":1000010,"lvl":4,"x":17,"y":31},{"data":1000010,"lvl":4,"x":17,"y":32},{"data":1000010,"lvl":4,"x":16,"y":32},{"data":1000010,"lvl":4,"x":15,"y":32},{"data":1000010,"lvl":4,"x":14,"y":32},{"data":1000010,"lvl":4,"x":13,"y":32},{"data":1000010,"lvl":4,"x":13,"y":31},{"data":1000010,"lvl":4,"x":13,"y":30},{"data":1000010,"lvl":4,"x":13,"y":29},{"data":1000010,"lvl":4,"x":13,"y":28},{"data":1000010,"lvl":4,"x":26,"y":28},{"data":1000010,"lvl":4,"x":26,"y":29},{"data":1000010,"lvl":4,"x":26,"y":30},{"data":1000010,"lvl":4,"x":26,"y":31},{"data":1000010,"lvl":4,"x":26,"y":32},{"data":1000010,"lvl":4,"x":25,"y":32},{"data":1000010,"lvl":4,"x":24,"y":32},{"data":1000010,"lvl":4,"x":23,"y":32},{"data":1000010,"lvl":4,"x":22,"y":32},{"data":1000010,"lvl":4,"x":22,"y":31},{"data":1000010,"lvl":4,"x":22,"y":30},{"data":1000010,"lvl":4,"x":22,"y":29},{"data":1000012,"lvl":5,"x":21,"y":19},{"data":1000012,"lvl":5,"x":15,"y":19},{"data":1000005,"lvl":8,"x":15,"y":22},{"data":1000003,"lvl":8,"x":22,"y":22}],"obstacles":[{"data":8000000,"x":4,"y":24},{"data":8000003,"x":6,"y":23},{"data":8000002,"x":8,"y":34},{"data":8000003,"x":31,"y":14},{"data":8000012,"x":9,"y":28},{"data":8000012,"x":25,"y":8},{"data":8000010,"x":9,"y":9},{"data":8000014,"x":14,"y":9},{"data":8000006,"x":4,"y":16},{"data":8000011,"x":19,"y":34},{"data":8000000,"x":6,"y":38},{"data":8000000,"x":22,"y":38},{"data":8000000,"x":38,"y":26},{"data":8000014,"x":30,"y":28},{"data":8000000,"x":34,"y":38},{"data":8000000,"x":38,"y":38},{"data":8000000,"x":8,"y":38},{"data":8000000,"x":4,"y":38},{"data":8000000,"x":36,"y":38},{"data":8000000,"x":30,"y":38},{"data":8000000,"x":38,"y":36},{"data":8000000,"x":4,"y":26},{"data":8000000,"x":12,"y":38},{"data":8000000,"x":28,"y":38},{"data":8000000,"x":26,"y":38},{"data":8000000,"x":4,"y":34},{"data":8000000,"x":16,"y":38},{"data":8000000,"x":14,"y":38},{"data":8000000,"x":18,"y":38},{"data":8000000,"x":4,"y":22},{"data":8000000,"x":38,"y":30},{"data":8000000,"x":4,"y":28},{"data":8000000,"x":24,"y":38},{"data":8000000,"x":32,"y":38},{"data":8000000,"x":10,"y":38},{"data":8000000,"x":38,"y":28},{"data":8000000,"x":38,"y":32},{"data":8000000,"x":4,"y":30},{"data":8000000,"x":4,"y":18},{"data":8000000,"x":38,"y":34},{"data":8000000,"x":4,"y":36},{"data":8000000,"x":4,"y":32},{"data":8000000,"x":20,"y":38},{"data":8000000,"x":4,"y":20},{"data":8000000,"x":4,"y":14},{"data":8000000,"x":4,"y":12},{"data":8000000,"x":4,"y":10},{"data":8000000,"x":4,"y":8},{"data":8000000,"x":4,"y":6},{"data":8000000,"x":4,"y":4},{"data":8000000,"x":6,"y":4},{"data":8000000,"x":8,"y":4},{"data":8000000,"x":10,"y":4},{"data":8000000,"x":12,"y":4},{"data":8000000,"x":14,"y":4},{"data":8000000,"x":16,"y":4},{"data":8000000,"x":18,"y":4},{"data":8000000,"x":20,"y":4},{"data":8000000,"x":22,"y":4},{"data":8000000,"x":24,"y":4},{"data":8000000,"x":26,"y":4},{"data":8000000,"x":28,"y":4},{"data":8000000,"x":30,"y":4},{"data":8000000,"x":32,"y":4},{"data":8000000,"x":34,"y":4},{"data":8000000,"x":36,"y":4},{"data":8000000,"x":38,"y":4},{"data":8000000,"x":38,"y":6},{"data":8000000,"x":38,"y":8},{"data":8000000,"x":38,"y":10},{"data":8000000,"x":38,"y":12},{"data":8000000,"x":38,"y":14},{"data":8000000,"x":38,"y":16},{"data":8000000,"x":38,"y":18},{"data":8000000,"x":38,"y":20},{"data":8000000,"x":38,"y":22},{"data":8000000,"x":38,"y":24},{"data":8000008,"x":34,"y":23},{"data":8000019,"x":8,"y":25},{"data":8000019,"x":29,"y":32},{"data":8000019,"x":30,"y":20},{"data":8000019,"x":30,"y":7}],"traps":[{"data":12000001,"x":14,"y":18},{"data":12000000,"x":27,"y":19},{"data":12000001,"x":24,"y":28},{"data":12000000,"x":13,"y":14},{"data":12000000,"x":13,"y":15},{"data":12000000,"x":13,"y":16},{"data":12000000,"x":14,"y":14},{"data":12000000,"x":15,"y":14},{"data":12000000,"x":16,"y":14},{"data":12000000,"x":17,"y":14},{"data":12000000,"x":18,"y":14}],"decos":[{"data":18000001,"x":19,"y":13},{"data":18000002,"x":17,"y":10},{"data":18000002,"x":21,"y":10},{"data":18000002,"x":33,"y":17},{"data":18000002,"x":7,"y":14},{"data":18000002,"x":11,"y":25}],"respawnVars":{"secondsFromLastRespawn":0,"respawnSeed":1529463799,"obstacleClearCounter":0}}