{"active_layout":0,"layout_state":[0,0,0,0,0,0],"buildings":[{"data":1000001,"lvl":4,"x":10,"y":26},{"data":1000005,"lvl":4,"x":10,"y":34},{"data":1000005,"lvl":4,"x":7,"y":34},{"data":1000010,"lvl":4,"x":6,"y":30},{"data":1000010,"lvl":4,"x":7,"y":30},{"data":1000010,"lvl":4,"x":8,"y":30},{"data":1000010,"lvl":4,"x":9,"y":30},{"data":1000010,"lvl":4,"x":10,"y":30},{"data":1000010,"lvl":4,"x":11,"y":30},{"data":1000010,"lvl":4,"x":12,"y":30},{"data":1000010,"lvl":4,"x":6,"y":25},{"data":1000010,"lvl":4,"x":7,"y":25},{"data":1000010,"lvl":4,"x":8,"y":25},{"data":1000010,"lvl":4,"x":9,"y":25},{"data":1000010,"lvl":4,"x":10,"y":25},{"data":1000010,"lvl":4,"x":11,"y":25},{"data":1000010,"lvl":4,"x":12,"y":25},{"data":1000010,"lvl":4,"x":13,"y":25},{"data":1000010,"lvl":4,"x":14,"y":25},{"data":1000010,"lvl":4,"x":15,"y":25},{"data":1000010,"lvl":4,"x":16,"y":25},{"data":1000010,"lvl":4,"x":16,"y":24},{"data":1000010,"lvl":4,"x":16,"y":23},{"data":1000010,"lvl":4,"x":16,"y":22},{"data":1000010,"lvl":4,"x":16,"y":21},{"data":1000010,"lvl":4,"x":16,"y":20},{"data":1000010,"lvl":4,"x":16,"y":19},{"data":1000010,"lvl":4,"x":16,"y":18},{"data":1000010,"lvl":4,"x":13,"y":30},{"data":1000010,"lvl":4,"x":14,"y":30},{"data":1000010,"lvl":4,"x":15,"y":30},{"data":1000010,"lvl":4,"x":16,"y":30},{"data":1000010,"lvl":4,"x":16,"y":31},{"data":1000010,"lvl":4,"x":16,"y":32},{"data":1000010,"lvl":4,"x":16,"y":33},{"data":1000010,"lvl":4,"x":16,"y":34},{"data":1000010,"lvl":4,"x":16,"y":35},{"data":1000010,"lvl":4,"x":16,"y":36},{"data":1000010,"lvl":4,"x":15,"y":37},{"data":1000013,"lvl":3,"x":7,"y":26},{"data":1000013,"lvl":3,"x":18,"y":22},{"data":1000013,"lvl":3,"x":18,"y":31},{"data":1000010,"lvl":4,"x":16,"y":17},{"data":1000010,"lvl":4,"x":15,"y":17},{"data":1000010,"lvl":4,"x":14,"y":17},{"data":1000010,"lvl":4,"x":13,"y":17},{"data":1000010,"lvl":4,"x":12,"y":17},{"data":1000010,"lvl":4,"x":11,"y":17},{"data":1000010,"lvl":4,"x":10,"y":17},{"data":1000010,"lvl":4,"x":9,"y":17},{"data":1000010,"lvl":4,"x":8,"y":17},{"data":1000010,"lvl":4,"x":7,"y":17},{"data":1000010,"lvl":4,"x":6,"y":17},{"data":1000010,"lvl":4,"x":6,"y":16},{"data":1000010,"lvl":4,"x":7,"y":16},{"data":1000010,"lvl":4,"x":8,"y":16},{"data":1000010,"lvl":4,"x":9,"y":16},{"data":1000010,"lvl":4,"x":10,"y":16},{"data":1000010,"lvl":4,"x":11,"y":16},{"data":1000010,"lvl":4,"x":12,"y":16},{"data":1000010,"lvl":4,"x":13,"y":16},{"data":1000010,"lvl":4,"x":14,"y":16},{"data":1000010,"lvl":4,"x":15,"y":16},{"data":1000010,"lvl":4,"x":16,"y":16},{"data":1000010,"lvl":4,"x":17,"y":16},{"data":1000010,"lvl":4,"x":17,"y":17},{"data":1000010,"lvl":4,"x":17,"y":18},{"data":1000010,"lvl":4,"x":17,"y":19},{"data":1000010,"lvl":4,"x":17,"y":20},{"data":1000010,"lvl":4,"x":17,"y":21},{"data":1000010,"lvl":4,"x":17,"y":22},{"data":1000010,"lvl":4,"x":17,"y":23},{"data":1000010,"lvl":4,"x":17,"y":24},{"data":1000010,"lvl":4,"x":17,"y":25},{"data":1000010,"lvl":4,"x":17,"y":30},{"data":1000010,"lvl":4,"x":17,"y":31},{"data":1000010,"lvl":4,"x":17,"y":32},{"data":1000010,"lvl":4,"x":17,"y":33},{"data":1000010,"lvl":4,"x":17,"y":34},{"data":1000010,"lvl":4,"x":17,"y":35},{"data":1000010,"lvl":4,"x":17,"y":36},{"data":1000010,"lvl":4,"x":14,"y":37},{"data":1000010,"lvl":4,"x":18,"y":25},{"data":1000010,"lvl":4,"x":19,"y":25},{"data":1000010,"lvl":4,"x":20,"y":25},{"data":1000010,"lvl":4,"x":21,"y":25},{"data":1000010,"lvl":4,"x":21,"y":24},{"data":1000010,"lvl":4,"x":21,"y":23},{"data":1000010,"lvl":4,"x":21,"y":22},{"data":1000010,"lvl":4,"x":21,"y":21},{"data":1000010,"lvl":4,"x":20,"y":21},{"data":1000010,"lvl":4,"x":19,"y":21},{"data":1000010,"lvl":4,"x":18,"y":21},{"data":1000010,"lvl":4,"x":18,"y":30},{"data":1000010,"lvl":4,"x":19,"y":30},{"data":1000010,"lvl":4,"x":20,"y":30},{"data":1000010,"lvl":4,"x":21,"y":30},{"data":1000010,"lvl":4,"x":21,"y":31},{"data":1000010,"lvl":4,"x":21,"y":32},{"data":1000010,"lvl":4,"x":21,"y":33},{"data":1000010,"lvl":4,"x":21,"y":34},{"data":1000010,"lvl":4,"x":20,"y":34},{"data":1000010,"lvl":4,"x":19,"y":34},{"data":1000010,"lvl":4,"x":18,"y":34},{"data":1000010,"lvl":4,"x":17,"y":37},{"data":1000010,"lvl":4,"x":16,"y":37},{"data":1000012,"lvl":4,"x":13,"y":31},{"data":1000012,"lvl":4,"x":13,"y":22},{"data":1000018,"lvl":0,"x":17,"y":28,"units":[[4000000,20]],"storage_type":0},{"data":1000018,"lvl":0,"x":17,"y":26,"units":[[4000000,20]],"storage_type":0},{"data":1000018,"lvl":0,"x":14,"y":26,"units":[[4000000,20]],"storage_type":0},{"data":1000018,"lvl":0,"x":14,"y":28,"units":[[4000000,20]],"storage_type":0},{"data":1000010,"lvl":4,"x":13,"y":37},{"data":1000010,"lvl":4,"x":12,"y":37},{"data":1000010,"lvl":4,"x":11,"y":37},{"data":1000010,"lvl":4,"x":10,"y":37},{"data":1000010,"lvl":4,"x":9,"y":37},{"data":1000010,"lvl":4,"x":8,"y":37},{"data":1000010,"lvl":4,"x":7,"y":37},{"data":1000010,"lvl":4,"x":6,"y":37},{"data":1000010,"lvl":4,"x":6,"y":36},{"data":1000010,"lvl":4,"x":6,"y":35},{"data":1000010,"lvl":4,"x":6,"y":34},{"data":1000010,"lvl":4,"x":6,"y":33},{"data":1000010,"lvl":4,"x":6,"y":32},{"data":1000010,"lvl":4,"x":6,"y":31},{"data":1000010,"lvl":4,"x":6,"y":18},{"data":1000010,"lvl":4,"x":6,"y":19},{"data":1000010,"lvl":4,"x":6,"y":20},{"data":1000010,"lvl":4,"x":6,"y":21},{"data":1000010,"lvl":4,"x":6,"y":22},{"data":1000010,"lvl":4,"x":6,"y":23},{"data":1000010,"lvl":4,"x":6,"y":24},{"data":1000008,"lvl":7,"x":10,"y":31},{"data":1000008,"lvl":7,"x":10,"y":22},{"data":1000013,"lvl":2,"x":7,"y":31},{"data":1000013,"lvl":2,"x":7,"y":22},{"data":1000010,"lvl":4,"x":6,"y":29},{"data":1000010,"lvl":4,"x":6,"y":28},{"data":1000010,"lvl":4,"x":6,"y":27},{"data":1000010,"lvl":4,"x":6,"y":26},{"data":1000003,"lvl":6,"x":7,"y":19},{"data":1000003,"lvl":6,"x":10,"y":19},{"data":1000002,"lvl":5,"x":13,"y":19,"res_time":55367},{"data":1000004,"lvl":5,"x":13,"y":34,"res_time":55370}],"obstacles":[{"data":8000000,"x":4,"y":24,"loot_multiply_ver":1},{"data":8000003,"x":18,"y":15,"loot_multiply_ver":1},{"data":8000003,"x":31,"y":14,"loot_multiply_ver":1},{"data":8000012,"x":11,"y":11,"loot_multiply_ver":1},{"data":8000012,"x":19,"y":10,"loot_multiply_ver":1},{"data":8000010,"x":9,"y":9,"loot_multiply_ver":1},{"data":8000014,"x":12,"y":14,"loot_multiply_ver":1},{"data":8000006,"x":4,"y":16,"loot_multiply_ver":1},{"data":8000000,"x":6,"y":38,"loot_multiply_ver":1},{"data":8000000,"x":22,"y":38,"loot_multiply_ver":1},{"data":8000000,"x":38,"y":26,"loot_multiply_ver":1},{"data":8000000,"x":34,"y":38,"loot_multiply_ver":1},{"data":8000000,"x":38,"y":38,"loot_multiply_ver":1},{"data":8000000,"x":8,"y":38,"loot_multiply_ver":1},{"data":8000000,"x":4,"y":38,"loot_multiply_ver":1},{"data":8000000,"x":36,"y":38,"loot_multiply_ver":1},{"data":8000000,"x":30,"y":38,"loot_multiply_ver":1},{"data":8000000,"x":38,"y":36,"loot_multiply_ver":1},{"data":8000000,"x":4,"y":26,"loot_multiply_ver":1},{"data":8000000,"x":12,"y":38,"loot_multiply_ver":1},{"data":8000000,"x":28,"y":38,"loot_multiply_ver":1},{"data":8000000,"x":26,"y":38,"loot_multiply_ver":1},{"data":8000000,"x":4,"y":34,"loot_multiply_ver":1},{"data":8000000,"x":16,"y":38,"loot_multiply_ver":1},{"data":8000000,"x":14,"y":38,"loot_multiply_ver":1},{"data":8000000,"x":18,"y":38,"loot_multiply_ver":1},{"data":8000000,"x":4,"y":22,"loot_multiply_ver":1},{"data":8000000,"x":38,"y":30,"loot_multiply_ver":1},{"data":8000000,"x":4,"y":28,"loot_multiply_ver":1},{"data":8000000,"x":24,"y":38,"loot_multiply_ver":1},{"data":8000000,"x":32,"y":38,"loot_multiply_ver":1},{"data":8000000,"x":10,"y":38,"loot_multiply_ver":1},{"data":8000000,"x":38,"y":28,"loot_multiply_ver":1},{"data":8000000,"x":38,"y":32,"loot_multiply_ver":1},{"data":8000000,"x":4,"y":30,"loot_multiply_ver":1},{"data":8000000,"x":4,"y":18,"loot_multiply_ver":1},{"data":8000000,"x":38,"y":34,"loot_multiply_ver":1},{"data":8000000,"x":4,"y":36,"loot_multiply_ver":1},{"data":8000000,"x":4,"y":32,"loot_multiply_ver":1},{"data":8000000,"x":20,"y":38,"loot_multiply_ver":1},{"data":8000000,"x":4,"y":20,"loot_multiply_ver":1},{"data":8000000,"x":4,"y":14,"loot_multiply_ver":1},{"data":8000000,"x":4,"y":12,"loot_multiply_ver":1},{"data":8000000,"x":4,"y":10,"loot_multiply_ver":1},{"data":8000000,"x":4,"y":8,"loot_multiply_ver":1},{"data":8000000,"x":4,"y":6,"loot_multiply_ver":1},{"data":8000000,"x":4,"y":4,"loot_multiply_ver":1},{"data":8000000,"x":6,"y":4,"loot_multiply_ver":1},{"data":8000000,"x":8,"y":4,"loot_multiply_ver":1},{"data":8000000,"x":10,"y":4,"loot_multiply_ver":1},{"data":8000000,"x":12,"y":4,"loot_multiply_ver":1},{"data":8000000,"x":14,"y":4,"loot_multiply_ver":1},{"data":8000000,"x":16,"y":4,"loot_multiply_ver":1},{"data":8000000,"x":18,"y":4,"loot_multiply_ver":1},{"data":8000000,"x":20,"y":4,"loot_multiply_ver":1},{"data":8000000,"x":22,"y":4,"loot_multiply_ver":1},{"data":8000000,"x":24,"y":4,"loot_multiply_ver":1},{"data":8000000,"x":26,"y":4,"loot_multiply_ver":1},{"data":8000000,"x":28,"y":4,"loot_multiply_ver":1},{"data":8000000,"x":30,"y":4,"loot_multiply_ver":1},{"data":8000000,"x":32,"y":4,"loot_multiply_ver":1},{"data":8000000,"x":34,"y":4,"loot_multiply_ver":1},{"data":8000000,"x":36,"y":4,"loot_multiply_ver":1},{"data":8000000,"x":38,"y":4,"loot_multiply_ver":1},{"data":8000000,"x":38,"y":6,"loot_multiply_ver":1},{"data":8000000,"x":38,"y":8,"loot_multiply_ver":1},{"data":8000000,"x":38,"y":10,"loot_multiply_ver":1},{"data":8000000,"x":38,"y":12,"loot_multiply_ver":1},{"data":8000000,"x":38,"y":14,"loot_multiply_ver":1},{"data":8000000,"x":38,"y":16,"loot_multiply_ver":1},{"data":8000000,"x":38,"y":18,"loot_multiply_ver":1},{"data":8000000,"x":38,"y":20,"loot_multiply_ver":1},{"data":8000000,"x":38,"y":22,"loot_multiply_ver":1},{"data":8000000,"x":38,"y":24,"loot_multiply_ver":1},{"data":8000008,"x":34,"y":23,"loot_multiply_ver":1},{"data":8000020,"x":28,"y":33,"loot_multiply_ver":1},{"data":8000020,"x":26,"y":9,"loot_multiply_ver":1},{"data":8000020,"x":33,"y":12,"loot_multiply_ver":1},{"data":8000020,"x":7,"y":12,"loot_multiply_ver":1}],"traps":[{"data":12000001,"lvl":0,"x":16,"y":26},{"data":12000001,"lvl":0,"x":16,"y":29},{"data":12000001,"lvl":0,"x":7,"y":29},{"data":12000003,"lvl":0,"x":28,"y":33},{"data":12000003,"lvl":0,"x":33,"y":13},{"data":12000003,"lvl":0,"x":27,"y":9},{"data":12000003,"lvl":0,"x":7,"y":13}],"decos":[{"data":18000001,"x":22,"y":24},{"data":18000001,"x":22,"y":30},{"data":18000002,"x":27,"y":20},{"data":18000002,"x":33,"y":30},{"data":18000002,"x":16,"y":10}],"respawnVars":{"secondsFromLastRespawn":0,"respawnSeed":1529463799,"obstacleClearCounter":0}}