{"buildings":[{"data":1000001,"lvl":5,"x":22,"y":20},{"data":1000010,"lvl":6,"x":20,"y":19},{"data":1000010,"lvl":6,"x":20,"y":20},{"data":1000010,"lvl":6,"x":20,"y":18},{"data":1000010,"lvl":6,"x":22,"y":18},{"data":1000010,"lvl":6,"x":23,"y":18},{"data":1000010,"lvl":6,"x":24,"y":18},{"data":1000010,"lvl":6,"x":25,"y":18},{"data":1000010,"lvl":6,"x":26,"y":18},{"data":1000010,"lvl":6,"x":27,"y":18},{"data":1000010,"lvl":6,"x":27,"y":19},{"data":1000010,"lvl":6,"x":27,"y":20},{"data":1000010,"lvl":6,"x":27,"y":21},{"data":1000010,"lvl":6,"x":27,"y":22},{"data":1000010,"lvl":6,"x":27,"y":23},{"data":1000010,"lvl":6,"x":27,"y":24},{"data":1000010,"lvl":6,"x":27,"y":25},{"data":1000010,"lvl":6,"x":26,"y":25},{"data":1000010,"lvl":6,"x":25,"y":25},{"data":1000010,"lvl":6,"x":22,"y":25},{"data":1000010,"lvl":6,"x":21,"y":25},{"data":1000010,"lvl":6,"x":20,"y":25},{"data":1000010,"lvl":6,"x":20,"y":24},{"data":1000010,"lvl":6,"x":20,"y":23},{"data":1000010,"lvl":6,"x":20,"y":22},{"data":1000010,"lvl":6,"x":20,"y":21},{"data":1000010,"lvl":6,"x":18,"y":15},{"data":1000010,"lvl":6,"x":18,"y":14},{"data":1000010,"lvl":6,"x":18,"y":18},{"data":1000010,"lvl":6,"x":18,"y":19},{"data":1000010,"lvl":6,"x":18,"y":20},{"data":1000010,"lvl":6,"x":18,"y":21},{"data":1000010,"lvl":6,"x":18,"y":22},{"data":1000010,"lvl":6,"x":18,"y":23},{"data":1000010,"lvl":6,"x":18,"y":24},{"data":1000010,"lvl":6,"x":18,"y":25},{"data":1000010,"lvl":6,"x":18,"y":26},{"data":1000010,"lvl":6,"x":18,"y":27},{"data":1000010,"lvl":6,"x":19,"y":27},{"data":1000010,"lvl":6,"x":20,"y":27},{"data":1000010,"lvl":6,"x":21,"y":27},{"data":1000010,"lvl":6,"x":22,"y":27},{"data":1000010,"lvl":6,"x":23,"y":27},{"data":1000010,"lvl":6,"x":24,"y":27},{"data":1000010,"lvl":6,"x":25,"y":27},{"data":1000010,"lvl":6,"x":26,"y":27},{"data":1000010,"lvl":6,"x":29,"y":29},{"data":1000010,"lvl":6,"x":29,"y":28},{"data":1000010,"lvl":6,"x":29,"y":27},{"data":1000010,"lvl":6,"x":29,"y":26},{"data":1000010,"lvl":6,"x":29,"y":25},{"data":1000010,"lvl":6,"x":29,"y":24},{"data":1000010,"lvl":6,"x":29,"y":23},{"data":1000010,"lvl":6,"x":29,"y":22},{"data":1000010,"lvl":6,"x":29,"y":21},{"data":1000010,"lvl":6,"x":29,"y":20},{"data":1000010,"lvl":6,"x":29,"y":19},{"data":1000010,"lvl":6,"x":29,"y":18},{"data":1000010,"lvl":6,"x":29,"y":17},{"data":1000010,"lvl":6,"x":29,"y":16},{"data":1000010,"lvl":6,"x":29,"y":15},{"data":1000010,"lvl":6,"x":28,"y":15},{"data":1000010,"lvl":6,"x":27,"y":15},{"data":1000010,"lvl":6,"x":26,"y":15},{"data":1000010,"lvl":6,"x":25,"y":15},{"data":1000010,"lvl":6,"x":24,"y":15},{"data":1000010,"lvl":6,"x":20,"y":15},{"data":1000010,"lvl":6,"x":20,"y":16},{"data":1000010,"lvl":6,"x":18,"y":12},{"data":1000010,"lvl":6,"x":19,"y":12},{"data":1000010,"lvl":6,"x":20,"y":12},{"data":1000010,"lvl":6,"x":21,"y":12},{"data":1000010,"lvl":6,"x":22,"y":12},{"data":1000010,"lvl":6,"x":23,"y":12},{"data":1000010,"lvl":6,"x":24,"y":12},{"data":1000010,"lvl":6,"x":25,"y":12},{"data":1000010,"lvl":6,"x":26,"y":12},{"data":1000010,"lvl":6,"x":27,"y":12},{"data":1000010,"lvl":6,"x":28,"y":12},{"data":1000010,"lvl":6,"x":29,"y":12},{"data":1000010,"lvl":6,"x":30,"y":12},{"data":1000010,"lvl":6,"x":31,"y":12},{"data":1000010,"lvl":6,"x":32,"y":12},{"data":1000010,"lvl":6,"x":33,"y":12},{"data":1000010,"lvl":6,"x":33,"y":13},{"data":1000010,"lvl":6,"x":33,"y":14},{"data":1000010,"lvl":6,"x":33,"y":15},{"data":1000010,"lvl":6,"x":33,"y":16},{"data":1000010,"lvl":6,"x":33,"y":17},{"data":1000010,"lvl":6,"x":33,"y":18},{"data":1000010,"lvl":6,"x":33,"y":19},{"data":1000010,"lvl":6,"x":33,"y":20},{"data":1000010,"lvl":6,"x":33,"y":21},{"data":1000010,"lvl":6,"x":33,"y":22},{"data":1000010,"lvl":6,"x":33,"y":23},{"data":1000010,"lvl":6,"x":33,"y":24},{"data":1000010,"lvl":6,"x":33,"y":25},{"data":1000010,"lvl":6,"x":33,"y":26},{"data":1000010,"lvl":6,"x":33,"y":27},{"data":1000010,"lvl":6,"x":33,"y":28},{"data":1000010,"lvl":6,"x":33,"y":29},{"data":1000010,"lvl":6,"x":33,"y":30},{"data":1000010,"lvl":6,"x":32,"y":30},{"data":1000010,"lvl":6,"x":31,"y":30},{"data":1000010,"lvl":6,"x":30,"y":30},{"data":1000010,"lvl":6,"x":29,"y":30},{"data":1000010,"lvl":6,"x":15,"y":26},{"data":1000010,"lvl":6,"x":14,"y":26},{"data":1000010,"lvl":6,"x":14,"y":26},{"data":1000010,"lvl":6,"x":16,"y":26},{"data":1000010,"lvl":6,"x":17,"y":26},{"data":1000010,"lvl":6,"x":14,"y":21},{"data":1000010,"lvl":6,"x":14,"y":20},{"data":1000010,"lvl":6,"x":14,"y":19},{"data":1000010,"lvl":6,"x":14,"y":18},{"data":1000010,"lvl":6,"x":14,"y":17},{"data":1000010,"lvl":6,"x":14,"y":16},{"data":1000010,"lvl":6,"x":14,"y":15},{"data":1000010,"lvl":6,"x":14,"y":14},{"data":1000010,"lvl":6,"x":14,"y":13},{"data":1000010,"lvl":6,"x":14,"y":12},{"data":1000010,"lvl":6,"x":15,"y":12},{"data":1000010,"lvl":6,"x":16,"y":12},{"data":1000010,"lvl":6,"x":18,"y":17},{"data":1000010,"lvl":6,"x":18,"y":16},{"data":1000013,"lvl":6,"x":30,"y":23},{"data":1000013,"lvl":6,"x":15,"y":23},{"data":1000009,"lvl":9,"x":30,"y":16},{"data":1000009,"lvl":9,"x":15,"y":17},{"data":1000009,"lvl":9,"x":18,"y":28},{"data":1000008,"lvl":9,"x":15,"y":13},{"data":1000008,"lvl":9,"x":30,"y":27},{"data":1000008,"lvl":9,"x":30,"y":13},{"data":1000010,"lvl":6,"x":18,"y":13},{"data":1000010,"lvl":6,"x":23,"y":25},{"data":1000010,"lvl":6,"x":24,"y":25},{"data":1000010,"lvl":6,"x":20,"y":17},{"data":1000009,"lvl":9,"x":22,"y":28},{"data":1000009,"lvl":9,"x":26,"y":28},{"data":1000010,"lvl":6,"x":17,"y":12},{"data":1000010,"lvl":6,"x":18,"y":12},{"data":1000010,"lvl":6,"x":14,"y":22},{"data":1000010,"lvl":6,"x":14,"y":23},{"data":1000010,"lvl":6,"x":14,"y":24},{"data":1000010,"lvl":6,"x":14,"y":25},{"data":1000010,"lvl":6,"x":29,"y":14},{"data":1000010,"lvl":6,"x":29,"y":13},{"data":1000012,"lvl":4,"x":34,"y":16},{"data":1000012,"lvl":4,"x":34,"y":22},{"data":1000011,"lvl":4,"x":15,"y":20},{"data":1000011,"lvl":4,"x":30,"y":19},{"data":1000010,"lvl":6,"x":29,"y":31},{"data":1000010,"lvl":6,"x":28,"y":31},{"data":1000010,"lvl":6,"x":27,"y":31},{"data":1000010,"lvl":6,"x":26,"y":31},{"data":1000010,"lvl":6,"x":25,"y":31},{"data":1000010,"lvl":6,"x":24,"y":31},{"data":1000010,"lvl":6,"x":23,"y":31},{"data":1000010,"lvl":6,"x":22,"y":31},{"data":1000010,"lvl":6,"x":21,"y":31},{"data":1000010,"lvl":6,"x":20,"y":31},{"data":1000010,"lvl":6,"x":19,"y":31},{"data":1000010,"lvl":6,"x":18,"y":31},{"data":1000010,"lvl":6,"x":17,"y":31},{"data":1000010,"lvl":6,"x":16,"y":31},{"data":1000010,"lvl":6,"x":15,"y":31},{"data":1000005,"lvl":10,"x":27,"y":9},{"data":1000005,"lvl":10,"x":21,"y":9},{"data":1000003,"lvl":10,"x":24,"y":9},{"data":1000003,"lvl":10,"x":18,"y":9},{"data":1000005,"lvl":10,"x":15,"y":9},{"data":1000003,"lvl":10,"x":30,"y":9},{"data":1000010,"lvl":6,"x":33,"y":11},{"data":1000010,"lvl":6,"x":33,"y":10},{"data":1000010,"lvl":6,"x":33,"y":9},{"data":1000010,"lvl":6,"x":33,"y":8},{"data":1000010,"lvl":6,"x":33,"y":7},{"data":1000010,"lvl":6,"x":32,"y":7},{"data":1000010,"lvl":6,"x":31,"y":7},{"data":1000010,"lvl":6,"x":30,"y":7},{"data":1000010,"lvl":6,"x":29,"y":7},{"data":1000010,"lvl":6,"x":28,"y":7},{"data":1000010,"lvl":6,"x":27,"y":7},{"data":1000010,"lvl":6,"x":26,"y":7},{"data":1000010,"lvl":6,"x":25,"y":7},{"data":1000010,"lvl":6,"x":24,"y":7},{"data":1000010,"lvl":6,"x":23,"y":7},{"data":1000010,"lvl":6,"x":22,"y":7},{"data":1000010,"lvl":6,"x":21,"y":7},{"data":1000010,"lvl":6,"x":20,"y":7},{"data":1000010,"lvl":6,"x":19,"y":7},{"data":1000010,"lvl":6,"x":18,"y":7},{"data":1000010,"lvl":6,"x":17,"y":7},{"data":1000010,"lvl":6,"x":16,"y":7},{"data":1000010,"lvl":6,"x":15,"y":7},{"data":1000010,"lvl":6,"x":14,"y":7},{"data":1000010,"lvl":6,"x":14,"y":8},{"data":1000010,"lvl":6,"x":14,"y":9},{"data":1000010,"lvl":6,"x":14,"y":10},{"data":1000010,"lvl":6,"x":14,"y":11},{"data":1000019,"lvl":0,"x":14,"y":5},{"data":1000019,"lvl":0,"x":18,"y":5},{"data":1000019,"lvl":0,"x":22,"y":5},{"data":1000019,"lvl":0,"x":26,"y":5},{"data":1000019,"lvl":0,"x":30,"y":5},{"data":1000013,"lvl":6,"x":21,"y":13}],"obstacles":[{"data":8000000,"x":4,"y":24},{"data":8000003,"x":9,"y":25},{"data":8000006,"x":12,"y":33},{"data":8000000,"x":6,"y":38},{"data":8000000,"x":20,"y":38},{"data":8000000,"x":38,"y":26},{"data":8000000,"x":34,"y":38},{"data":8000000,"x":38,"y":38},{"data":8000000,"x":8,"y":38},{"data":8000000,"x":4,"y":38},{"data":8000000,"x":36,"y":38},{"data":8000000,"x":30,"y":38},{"data":8000000,"x":38,"y":36},{"data":8000000,"x":4,"y":26},{"data":8000000,"x":12,"y":38},{"data":8000000,"x":28,"y":38},{"data":8000000,"x":26,"y":38},{"data":8000000,"x":4,"y":34},{"data":8000000,"x":16,"y":38},{"data":8000000,"x":14,"y":38},{"data":8000000,"x":18,"y":38},{"data":8000000,"x":4,"y":22},{"data":8000000,"x":38,"y":30},{"data":8000000,"x":4,"y":28},{"data":8000000,"x":24,"y":38},{"data":8000000,"x":32,"y":38},{"data":8000000,"x":10,"y":38},{"data":8000000,"x":38,"y":28},{"data":8000000,"x":38,"y":32},{"data":8000000,"x":4,"y":30},{"data":8000000,"x":4,"y":18},{"data":8000000,"x":38,"y":34},{"data":8000000,"x":4,"y":36},{"data":8000000,"x":4,"y":32},{"data":8000000,"x":22,"y":38},{"data":8000000,"x":4,"y":20},{"data":8000000,"x":4,"y":14},{"data":8000000,"x":4,"y":12},{"data":8000000,"x":4,"y":10},{"data":8000000,"x":4,"y":8},{"data":8000000,"x":4,"y":6},{"data":8000000,"x":4,"y":4},{"data":8000000,"x":6,"y":3},{"data":8000000,"x":8,"y":4},{"data":8000000,"x":10,"y":3},{"data":8000000,"x":12,"y":4},{"data":8000000,"x":14,"y":3},{"data":8000000,"x":16,"y":4},{"data":8000000,"x":18,"y":3},{"data":8000000,"x":20,"y":4},{"data":8000000,"x":22,"y":3},{"data":8000000,"x":24,"y":4},{"data":8000000,"x":26,"y":3},{"data":8000000,"x":28,"y":4},{"data":8000000,"x":30,"y":3},{"data":8000000,"x":32,"y":4},{"data":8000000,"x":34,"y":3},{"data":8000000,"x":36,"y":4},{"data":8000000,"x":38,"y":4},{"data":8000000,"x":38,"y":6},{"data":8000000,"x":38,"y":8},{"data":8000000,"x":38,"y":10},{"data":8000000,"x":38,"y":12},{"data":8000000,"x":38,"y":14},{"data":8000000,"x":38,"y":16},{"data":8000000,"x":38,"y":18},{"data":8000000,"x":38,"y":20},{"data":8000000,"x":38,"y":22},{"data":8000000,"x":38,"y":24},{"data":8000000,"x":4,"y":16},{"data":8000000,"x":36,"y":20},{"data":8000000,"x":34,"y":20},{"data":8000000,"x":12,"y":20},{"data":8000000,"x":10,"y":20},{"data":8000000,"x":31,"y":35},{"data":8000000,"x":26,"y":33},{"data":8000000,"x":34,"y":31},{"data":8000000,"x":35,"y":10},{"data":8000000,"x":8,"y":10},{"data":8000000,"x":12,"y":8},{"data":8000000,"x":8,"y":29},{"data":8000000,"x":12,"y":26},{"data":8000000,"x":9,"y":34},{"data":8000000,"x":18,"y":36},{"data":8000000,"x":20,"y":33},{"data":8000019,"x":35,"y":6},{"data":8000019,"x":9,"y":15},{"data":8000019,"x":10,"y":12},{"data":8000019,"x":15,"y":32},{"data":8000020,"x":6,"y":31},{"data":8000020,"x":30,"y":31}],"traps":[{"data":12000000,"x":21,"y":19},{"data":12000000,"x":21,"y":20},{"data":12000000,"x":21,"y":21},{"data":12000000,"x":21,"y":22},{"data":12000000,"x":21,"y":23},{"data":12000000,"x":21,"y":24},{"data":12000000,"x":22,"y":24},{"data":12000000,"x":23,"y":24},{"data":12000000,"x":24,"y":24},{"data":12000000,"x":25,"y":24},{"data":12000000,"x":26,"y":24},{"data":12000000,"x":26,"y":23},{"data":12000000,"x":26,"y":22},{"data":12000000,"x":26,"y":21},{"data":12000000,"x":26,"y":20},{"data":12000000,"x":26,"y":19},{"data":12000000,"x":25,"y":19},{"data":12000000,"x":24,"y":19},{"data":12000000,"x":23,"y":19},{"data":12000000,"x":22,"y":19},{"data":12000001,"x":28,"y":26},{"data":12000001,"x":18,"y":28},{"data":12000001,"x":21,"y":18},{"data":12000000,"x":16,"y":8},{"data":12000000,"x":17,"y":8},{"data":12000000,"x":18,"y":8},{"data":12000000,"x":19,"y":8},{"data":12000000,"x":20,"y":8},{"data":12000000,"x":21,"y":8},{"data":12000000,"x":22,"y":8},{"data":12000000,"x":23,"y":8},{"data":12000000,"x":24,"y":8},{"data":12000000,"x":25,"y":8},{"data":12000000,"x":26,"y":8},{"data":12000000,"x":27,"y":8},{"data":12000000,"x":28,"y":8},{"data":12000000,"x":29,"y":8},{"data":12000000,"x":30,"y":8},{"data":12000000,"x":31,"y":8}],"decos":[{"data":18000002,"x":23,"y":35},{"data":18000002,"x":7,"y":18},{"data":18000002,"x":12,"y":15}],"respawnVars":{"secondsFromLastRespawn":0,"respawnSeed":1529463799,"obstacleClearCounter":0},"cooldowns":[],"newShopBuildings":[3,0,6,2,6,2,3,1,3,3,125,2,1,2,1,5,0,0,0,0,1,0,0,0,0,0,0],"newShopTraps":[4,4,1,0,0,2,0],"newShopDecos":[1,4,0,0,1,0,0,0,0,0,0,0,0,0,0,0,0,0,0,0,0,0,0,0,0,0,0,0,0,0,0,0,0,0,0]}