{"buildings":[{"data":1000001,"lvl":6,"x":17,"y":18},{"data":1000008,"lvl":9,"x":13,"y":17},{"data":1000010,"lvl":5,"x":16,"y":27},{"data":1000010,"lvl":5,"x":26,"y":27},{"data":1000010,"lvl":5,"x":25,"y":15},{"data":1000010,"lvl":5,"x":26,"y":25},{"data":1000010,"lvl":5,"x":23,"y":25},{"data":1000010,"lvl":5,"x":24,"y":25},{"data":1000010,"lvl":5,"x":28,"y":13},{"data":1000010,"lvl":5,"x":22,"y":27},{"data":1000010,"lvl":5,"x":21,"y":25},{"data":1000010,"lvl":5,"x":22,"y":25},{"data":1000010,"lvl":5,"x":26,"y":15},{"data":1000010,"lvl":5,"x":28,"y":27},{"data":1000010,"lvl":5,"x":25,"y":25},{"data":1000010,"lvl":5,"x":16,"y":22},{"data":1000010,"lvl":5,"x":16,"y":13},{"data":1000010,"lvl":5,"x":27,"y":13},{"data":1000010,"lvl":5,"x":27,"y":25},{"data":1000010,"lvl":5,"x":16,"y":15},{"data":1000010,"lvl":5,"x":16,"y":21},{"data":1000010,"lvl":5,"x":16,"y":18},{"data":1000010,"lvl":5,"x":16,"y":19},{"data":1000010,"lvl":5,"x":16,"y":17},{"data":1000010,"lvl":5,"x":16,"y":16},{"data":1000010,"lvl":5,"x":21,"y":27},{"data":1000010,"lvl":5,"x":27,"y":15},{"data":1000010,"lvl":5,"x":27,"y":27},{"data":1000010,"lvl":5,"x":18,"y":27},{"data":1000010,"lvl":5,"x":16,"y":25},{"data":1000010,"lvl":5,"x":16,"y":24},{"data":1000010,"lvl":5,"x":23,"y":13},{"data":1000010,"lvl":5,"x":25,"y":13},{"data":1000010,"lvl":5,"x":22,"y":13},{"data":1000010,"lvl":5,"x":24,"y":13},{"data":1000010,"lvl":5,"x":26,"y":13},{"data":1000010,"lvl":5,"x":17,"y":27},{"data":1000010,"lvl":5,"x":16,"y":14},{"data":1000010,"lvl":5,"x":17,"y":13},{"data":1000010,"lvl":5,"x":28,"y":15},{"data":1000010,"lvl":5,"x":16,"y":26},{"data":1000010,"lvl":5,"x":19,"y":13},{"data":1000010,"lvl":5,"x":16,"y":20},{"data":1000010,"lvl":5,"x":16,"y":23},{"data":1000010,"lvl":5,"x":20,"y":13},{"data":1000010,"lvl":5,"x":19,"y":27},{"data":1000010,"lvl":5,"x":20,"y":27},{"data":1000010,"lvl":5,"x":25,"y":27},{"data":1000010,"lvl":5,"x":24,"y":15},{"data":1000010,"lvl":5,"x":24,"y":27},{"data":1000010,"lvl":5,"x":28,"y":25},{"data":1000010,"lvl":5,"x":23,"y":27},{"data":1000010,"lvl":5,"x":18,"y":13},{"data":1000010,"lvl":5,"x":21,"y":13},{"data":1000008,"lvl":9,"x":13,"y":20},{"data":1000010,"lvl":5,"x":21,"y":24},{"data":1000010,"lvl":5,"x":21,"y":23},{"data":1000010,"lvl":5,"x":21,"y":22},{"data":1000010,"lvl":5,"x":21,"y":21},{"data":1000010,"lvl":5,"x":21,"y":20},{"data":1000010,"lvl":5,"x":21,"y":19},{"data":1000010,"lvl":5,"x":21,"y":18},{"data":1000010,"lvl":5,"x":21,"y":17},{"data":1000010,"lvl":5,"x":21,"y":16},{"data":1000010,"lvl":5,"x":21,"y":15},{"data":1000010,"lvl":5,"x":22,"y":15},{"data":1000010,"lvl":5,"x":23,"y":15},{"data":1000018,"lvl":0,"x":14,"y":28,"units":[],"storage_type":0},{"data":1000018,"lvl":0,"x":14,"y":10,"units":[],"storage_type":0},{"data":1000013,"lvl":5,"x":26,"y":19},{"data":1000010,"lvl":3,"x":29,"y":25},{"data":1000010,"lvl":3,"x":29,"y":24},{"data":1000010,"lvl":3,"x":29,"y":23},{"data":1000010,"lvl":3,"x":29,"y":22},{"data":1000010,"lvl":3,"x":29,"y":21},{"data":1000010,"lvl":3,"x":29,"y":20},{"data":1000010,"lvl":3,"x":29,"y":19},{"data":1000010,"lvl":3,"x":29,"y":18},{"data":1000010,"lvl":3,"x":29,"y":17},{"data":1000010,"lvl":3,"x":29,"y":16},{"data":1000010,"lvl":5,"x":29,"y":15},{"data":1000010,"lvl":5,"x":28,"y":12},{"data":1000010,"lvl":5,"x":28,"y":11},{"data":1000010,"lvl":5,"x":29,"y":11},{"data":1000010,"lvl":5,"x":30,"y":11},{"data":1000010,"lvl":5,"x":31,"y":11},{"data":1000010,"lvl":5,"x":32,"y":11},{"data":1000010,"lvl":5,"x":32,"y":12},{"data":1000010,"lvl":5,"x":32,"y":13},{"data":1000010,"lvl":5,"x":32,"y":14},{"data":1000010,"lvl":5,"x":32,"y":15},{"data":1000010,"lvl":5,"x":32,"y":16},{"data":1000010,"lvl":5,"x":32,"y":17},{"data":1000010,"lvl":5,"x":32,"y":21},{"data":1000010,"lvl":5,"x":32,"y":22},{"data":1000010,"lvl":5,"x":32,"y":23},{"data":1000010,"lvl":5,"x":28,"y":28},{"data":1000010,"lvl":5,"x":28,"y":29},{"data":1000010,"lvl":5,"x":29,"y":29},{"data":1000010,"lvl":5,"x":30,"y":29},{"data":1000010,"lvl":5,"x":31,"y":29},{"data":1000010,"lvl":5,"x":32,"y":29},{"data":1000010,"lvl":5,"x":32,"y":28},{"data":1000010,"lvl":5,"x":32,"y":27},{"data":1000010,"lvl":5,"x":32,"y":26},{"data":1000010,"lvl":5,"x":32,"y":25},{"data":1000010,"lvl":5,"x":32,"y":24},{"data":1000009,"lvl":9,"x":24,"y":11},{"data":1000009,"lvl":9,"x":23,"y":28},{"data":1000009,"lvl":9,"x":29,"y":26},{"data":1000009,"lvl":9,"x":29,"y":12},{"data":1000010,"lvl":5,"x":17,"y":22},{"data":1000010,"lvl":5,"x":18,"y":22},{"data":1000010,"lvl":5,"x":19,"y":22},{"data":1000010,"lvl":5,"x":20,"y":22},{"data":1000010,"lvl":5,"x":16,"y":17},{"data":1000010,"lvl":5,"x":17,"y":17},{"data":1000010,"lvl":5,"x":18,"y":17},{"data":1000010,"lvl":5,"x":19,"y":17},{"data":1000010,"lvl":5,"x":20,"y":17},{"data":1000012,"lvl":5,"x":13,"y":12},{"data":1000012,"lvl":5,"x":13,"y":25},{"data":1000010,"lvl":5,"x":15,"y":23},{"data":1000010,"lvl":5,"x":14,"y":23},{"data":1000010,"lvl":5,"x":13,"y":23},{"data":1000010,"lvl":5,"x":12,"y":23},{"data":1000010,"lvl":5,"x":12,"y":22},{"data":1000010,"lvl":5,"x":12,"y":21},{"data":1000010,"lvl":5,"x":12,"y":20},{"data":1000010,"lvl":5,"x":12,"y":19},{"data":1000010,"lvl":5,"x":12,"y":18},{"data":1000010,"lvl":5,"x":12,"y":17},{"data":1000010,"lvl":5,"x":12,"y":16},{"data":1000010,"lvl":5,"x":13,"y":16},{"data":1000010,"lvl":5,"x":14,"y":16},{"data":1000010,"lvl":5,"x":15,"y":16},{"data":1000005,"lvl":10,"x":16,"y":28},{"data":1000005,"lvl":10,"x":19,"y":10},{"data":1000003,"lvl":10,"x":16,"y":10},{"data":1000003,"lvl":10,"x":19,"y":28},{"data":1000013,"lvl":5,"x":17,"y":14},{"data":1000013,"lvl":5,"x":17,"y":23},{"data":1000004,"lvl":8,"x":24,"y":22,"res_time":122725},{"data":1000004,"lvl":8,"x":24,"y":16,"res_time":122726}],"obstacles":[{"data":8000000,"x":4,"y":24},{"data":8000003,"x":16,"y":7},{"data":8000002,"x":19,"y":34},{"data":8000003,"x":35,"y":27},{"data":8000006,"x":4,"y":16},{"data":8000000,"x":6,"y":38},{"data":8000000,"x":20,"y":38},{"data":8000000,"x":38,"y":26},{"data":8000000,"x":34,"y":38},{"data":8000000,"x":38,"y":38},{"data":8000000,"x":8,"y":38},{"data":8000000,"x":4,"y":38},{"data":8000000,"x":36,"y":38},{"data":8000000,"x":30,"y":38},{"data":8000000,"x":38,"y":36},{"data":8000000,"x":4,"y":26},{"data":8000000,"x":12,"y":38},{"data":8000000,"x":28,"y":38},{"data":8000000,"x":26,"y":38},{"data":8000000,"x":4,"y":34},{"data":8000000,"x":16,"y":38},{"data":8000000,"x":14,"y":38},{"data":8000000,"x":18,"y":38},{"data":8000000,"x":4,"y":22},{"data":8000000,"x":38,"y":30},{"data":8000000,"x":4,"y":28},{"data":8000000,"x":24,"y":38},{"data":8000000,"x":32,"y":38},{"data":8000000,"x":10,"y":38},{"data":8000000,"x":38,"y":28},{"data":8000000,"x":38,"y":32},{"data":8000000,"x":4,"y":30},{"data":8000000,"x":4,"y":18},{"data":8000000,"x":38,"y":34},{"data":8000000,"x":4,"y":36},{"data":8000000,"x":4,"y":32},{"data":8000000,"x":22,"y":38},{"data":8000000,"x":4,"y":20},{"data":8000000,"x":4,"y":14},{"data":8000000,"x":4,"y":12},{"data":8000000,"x":4,"y":10},{"data":8000000,"x":4,"y":8},{"data":8000000,"x":4,"y":6},{"data":8000000,"x":4,"y":4},{"data":8000000,"x":6,"y":4},{"data":8000000,"x":8,"y":4},{"data":8000000,"x":10,"y":4},{"data":8000000,"x":12,"y":4},{"data":8000000,"x":14,"y":4},{"data":8000000,"x":16,"y":4},{"data":8000000,"x":18,"y":4},{"data":8000000,"x":20,"y":4},{"data":8000000,"x":22,"y":4},{"data":8000000,"x":24,"y":4},{"data":8000000,"x":26,"y":4},{"data":8000000,"x":28,"y":4},{"data":8000000,"x":30,"y":4},{"data":8000000,"x":32,"y":4},{"data":8000000,"x":34,"y":4},{"data":8000000,"x":36,"y":4},{"data":8000000,"x":38,"y":4},{"data":8000000,"x":38,"y":6},{"data":8000000,"x":38,"y":8},{"data":8000000,"x":38,"y":10},{"data":8000000,"x":38,"y":12},{"data":8000000,"x":38,"y":14},{"data":8000000,"x":38,"y":16},{"data":8000000,"x":38,"y":18},{"data":8000000,"x":38,"y":20},{"data":8000000,"x":38,"y":22},{"data":8000000,"x":38,"y":24},{"data":8000009,"x":22,"y":22},{"data":8000009,"x":23,"y":22},{"data":8000009,"x":23,"y":21},{"data":8000009,"x":23,"y":19},{"data":8000009,"x":22,"y":18},{"data":8000009,"x":22,"y":19},{"data":8000009,"x":22,"y":20},{"data":8000009,"x":22,"y":21},{"data":8000020,"x":22,"y":6},{"data":8000020,"x":32,"y":32},{"data":8000020,"x":9,"y":32},{"data":8000020,"x":10,"y":29},{"data":8000019,"x":12,"y":31},{"data":8000019,"x":6,"y":21},{"data":8000019,"x":7,"y":8},{"data":8000019,"x":8,"y":12}],"traps":[{"data":12000000,"x":27,"y":14},{"data":12000000,"x":24,"y":26},{"data":12000000,"x":27,"y":26},{"data":12000000,"x":24,"y":14},{"data":12000000,"x":23,"y":20},{"data":12000001,"x":30,"y":19},{"data":12000001,"x":21,"y":26},{"data":12000001,"x":21,"y":14},{"data":12000000,"x":24,"y":20},{"data":12000000,"x":25,"y":20},{"data":12000001,"x":15,"y":24},{"data":12000001,"x":14,"y":24},{"data":12000001,"x":13,"y":24},{"data":12000001,"x":12,"y":24},{"data":12000001,"x":11,"y":23},{"data":12000001,"x":11,"y":22},{"data":12000001,"x":11,"y":21},{"data":12000001,"x":11,"y":20},{"data":12000001,"x":11,"y":19},{"data":12000001,"x":11,"y":18},{"data":12000001,"x":11,"y":17},{"data":12000001,"x":11,"y":16},{"data":12000001,"x":12,"y":15},{"data":12000001,"x":13,"y":15},{"data":12000001,"x":14,"y":15},{"data":12000001,"x":15,"y":15}],"decos":[{"data":18000002,"x":22,"y":16},{"data":18000002,"x":22,"y":23},{"data":18000002,"x":27,"y":16},{"data":18000002,"x":27,"y":23},{"data":18000002,"x":36,"y":15},{"data":18000002,"x":34,"y":22},{"data":18000002,"x":32,"y":7}],"respawnVars":{"secondsFromLastRespawn":0,"respawnSeed":1529463799,"obstacleClearCounter":0},"cooldowns":[],"newShopBuildings":[4,0,6,2,6,2,4,1,5,4,150,2,2,3,1,5,0,0,0,2,1,0,1,0,1,0,1],"newShopTraps":[6,4,2,0,0,2,1],"newShopDecos":[1,4,0,0,1,0,0,0,0,0,0,0,0,0,0,0,0,0,0,0,0,0,0,0,0,0,0,0,0,0,0,0,0,0,0]}