{"buildings":[{"data":1000001,"id":500000000,"lvl":8,"x":16,"y":20},{"data":1000009,"id":500000017,"lvl":10,"x":11,"y":17,"attack_mode":false,"attack_mode_draft":false,"attack_mode_war":false,"attack_mode_draft_war":false,"attack_mode2":false,"attack_mode_d2":false,"attack_mode3":false,"attack_mode_d3":false,"attack_mode4":false,"attack_mode_d4":false,"attack_mode5":false,"attack_mode_d5":false,"attack_mode_chal":false,"attack_mode_dchal":false,"attack_mode_arrw":false,"attack_mode_draft_arrw":false},{"data":1000012,"id":500000021,"lvl":6,"x":16,"y":16},{"data":1000019,"id":500000026,"lvl":6,"x":21,"y":21},{"data":1000021,"id":500000028,"lvl":2,"x":20,"y":11,"attack_mode":false,"attack_mode_draft":false,"attack_mode_war":false,"attack_mode_draft_war":false,"attack_mode2":false,"attack_mode_d2":false,"attack_mode3":false,"attack_mode_d3":false,"attack_mode4":false,"attack_mode_d4":false,"attack_mode5":false,"attack_mode_d5":false,"attack_mode_chal":false,"attack_mode_dchal":false,"attack_mode_arrw":false,"attack_mode_draft_arrw":false,"ammo":1500},{"data":1000021,"id":500000036,"lvl":2,"x":20,"y":30,"attack_mode":false,"attack_mode_draft":false,"attack_mode_war":false,"attack_mode_draft_war":false,"attack_mode2":false,"attack_mode_d2":false,"attack_mode3":false,"attack_mode_d3":false,"attack_mode4":false,"attack_mode_d4":false,"attack_mode5":false,"attack_mode_d5":false,"attack_mode_chal":false,"attack_mode_dchal":false,"attack_mode_arrw":false,"attack_mode_draft_arrw":false,"ammo":1500},{"data":1000012,"id":500000037,"lvl":6,"x":16,"y":25},{"data":1000010,"id":500000038,"lvl":9,"wI":0,"wX":0,"x":20,"y":16},{"data":1000010,"id":500000039,"lvl":9,"wI":0,"wX":0,"x":20,"y":17},{"data":1000010,"id":500000040,"lvl":9,"wI":0,"wX":0,"x":20,"y":18},{"data":1000010,"id":500000041,"lvl":9,"wI":0,"wX":0,"x":20,"y":19},{"data":1000010,"id":500000042,"lvl":9,"wI":0,"wX":0,"x":20,"y":20},{"data":1000010,"id":500000045,"lvl":9,"wI":0,"wX":0,"x":20,"y":23},{"data":1000010,"id":500000046,"lvl":9,"wI":0,"wX":0,"x":20,"y":24},{"data":1000010,"id":500000047,"lvl":9,"wI":0,"wX":0,"x":20,"y":25},{"data":1000010,"id":500000048,"lvl":9,"wI":0,"wX":0,"x":20,"y":26},{"data":1000010,"id":500000049,"lvl":9,"wI":0,"wX":0,"x":20,"y":27},{"data":1000010,"id":500000050,"lvl":9,"wI":0,"wX":0,"x":21,"y":28},{"data":1000010,"id":500000051,"lvl":9,"wI":0,"wX":0,"x":22,"y":29},{"data":1000010,"id":500000052,"lvl":9,"wI":0,"wX":0,"x":23,"y":30},{"data":1000010,"id":500000055,"lvl":9,"wI":0,"wX":0,"x":26,"y":33},{"data":1000010,"id":500000056,"lvl":9,"wI":0,"wX":0,"x":21,"y":15},{"data":1000010,"id":500000057,"lvl":9,"wI":0,"wX":0,"x":22,"y":14},{"data":1000010,"id":500000058,"lvl":9,"wI":0,"wX":0,"x":23,"y":13},{"data":1000010,"id":500000061,"lvl":9,"wI":0,"wX":0,"x":26,"y":10},{"data":1000010,"id":500000062,"lvl":9,"wI":0,"wX":0,"x":27,"y":9},{"data":1000010,"id":500000063,"lvl":9,"wI":0,"wX":0,"x":22,"y":28},{"data":1000010,"id":500000064,"lvl":9,"wI":0,"wX":0,"x":23,"y":28},{"data":1000010,"id":500000065,"lvl":9,"wI":0,"wX":0,"x":24,"y":28},{"data":1000010,"id":500000066,"lvl":9,"wI":0,"wX":0,"x":21,"y":24},{"data":1000010,"id":500000067,"lvl":9,"wI":0,"wX":0,"x":22,"y":24},{"data":1000010,"id":500000068,"lvl":9,"wI":0,"wX":0,"x":23,"y":24},{"data":1000010,"id":500000069,"lvl":9,"wI":0,"wX":0,"x":24,"y":24},{"data":1000010,"id":500000070,"lvl":9,"wI":0,"wX":0,"x":24,"y":25},{"data":1000010,"id":500000071,"lvl":9,"wI":0,"wX":0,"x":24,"y":26},{"data":1000010,"id":500000072,"lvl":9,"wI":0,"wX":0,"x":24,"y":27},{"data":1000010,"id":500000073,"lvl":9,"wI":0,"wX":0,"x":21,"y":19},{"data":1000010,"id":500000074,"lvl":9,"wI":0,"wX":0,"x":22,"y":19},{"data":1000010,"id":500000075,"lvl":9,"wI":0,"wX":0,"x":23,"y":19},{"data":1000010,"id":500000076,"lvl":9,"wI":0,"wX":0,"x":24,"y":19},{"data":1000010,"id":500000077,"lvl":9,"wI":0,"wX":0,"x":24,"y":18},{"data":1000010,"id":500000078,"lvl":9,"wI":0,"wX":0,"x":24,"y":17},{"data":1000010,"id":500000079,"lvl":9,"wI":0,"wX":0,"x":24,"y":16},{"data":1000010,"id":500000080,"lvl":9,"wI":0,"wX":0,"x":24,"y":15},{"data":1000010,"id":500000081,"lvl":9,"wI":0,"wX":0,"x":23,"y":15},{"data":1000010,"id":500000082,"lvl":9,"wI":0,"wX":0,"x":22,"y":15},{"data":1000010,"id":500000083,"lvl":9,"wI":0,"wX":0,"x":23,"y":29},{"data":1000010,"id":500000084,"lvl":9,"wI":0,"wX":0,"x":24,"y":29},{"data":1000010,"id":500000085,"lvl":9,"wI":0,"wX":0,"x":25,"y":29},{"data":1000010,"id":500000086,"lvl":9,"wI":0,"wX":0,"x":25,"y":28},{"data":1000010,"id":500000087,"lvl":9,"wI":0,"wX":0,"x":25,"y":27},{"data":1000010,"id":500000088,"lvl":9,"wI":0,"wX":0,"x":25,"y":26},{"data":1000010,"id":500000089,"lvl":9,"wI":0,"wX":0,"x":25,"y":25},{"data":1000010,"id":500000090,"lvl":9,"wI":0,"wX":0,"x":25,"y":24},{"data":1000010,"id":500000094,"lvl":9,"wI":0,"wX":0,"x":24,"y":23},{"data":1000010,"id":500000095,"lvl":9,"wI":0,"wX":0,"x":25,"y":23},{"data":1000010,"id":500000096,"lvl":9,"wI":0,"wX":0,"x":21,"y":20},{"data":1000010,"id":500000097,"lvl":9,"wI":0,"wX":0,"x":22,"y":20},{"data":1000010,"id":500000098,"lvl":9,"wI":0,"wX":0,"x":23,"y":20},{"data":1000010,"id":500000099,"lvl":9,"wI":0,"wX":0,"x":24,"y":20},{"data":1000010,"id":500000100,"lvl":9,"wI":0,"wX":0,"x":25,"y":20},{"data":1000010,"id":500000101,"lvl":9,"wI":0,"wX":0,"x":25,"y":19},{"data":1000010,"id":500000102,"lvl":9,"wI":0,"wX":0,"x":25,"y":18},{"data":1000010,"id":500000103,"lvl":9,"wI":0,"wX":0,"x":25,"y":17},{"data":1000010,"id":500000104,"lvl":9,"wI":0,"wX":0,"x":25,"y":16},{"data":1000010,"id":500000105,"lvl":9,"wI":0,"wX":0,"x":25,"y":15},{"data":1000010,"id":500000106,"lvl":9,"wI":0,"wX":0,"x":23,"y":14},{"data":1000010,"id":500000107,"lvl":9,"wI":0,"wX":0,"x":24,"y":14},{"data":1000010,"id":500000108,"lvl":9,"wI":0,"wX":0,"x":25,"y":14},{"data":1000010,"id":500000110,"lvl":9,"wI":0,"wX":0,"x":21,"y":23},{"data":1000010,"id":500000111,"lvl":9,"wI":0,"wX":0,"x":22,"y":23},{"data":1000010,"id":500000112,"lvl":9,"wI":0,"wX":0,"x":23,"y":23},{"data":1000019,"id":500000113,"lvl":6,"x":23,"y":21},{"data":1000019,"id":500000114,"lvl":6,"x":25,"y":21},{"data":1000019,"id":500000115,"lvl":6,"x":27,"y":21},{"data":1000010,"id":500000116,"lvl":9,"wI":0,"wX":0,"x":27,"y":34},{"data":1000010,"id":500000117,"lvl":9,"wI":0,"wX":0,"x":28,"y":35},{"data":1000010,"id":500000118,"lvl":9,"wI":0,"wX":0,"x":28,"y":8},{"data":1000010,"id":500000119,"lvl":9,"wI":0,"wX":0,"x":26,"y":20},{"data":1000010,"id":500000120,"lvl":9,"wI":0,"wX":0,"x":27,"y":20},{"data":1000010,"id":500000121,"lvl":9,"wI":0,"wX":0,"x":28,"y":20},{"data":1000010,"id":500000122,"lvl":9,"wI":0,"wX":0,"x":29,"y":20},{"data":1000010,"id":500000123,"lvl":9,"wI":0,"wX":0,"x":26,"y":23},{"data":1000010,"id":500000124,"lvl":9,"wI":0,"wX":0,"x":27,"y":23},{"data":1000010,"id":500000125,"lvl":9,"wI":0,"wX":0,"x":28,"y":23},{"data":1000010,"id":500000126,"lvl":9,"wI":0,"wX":0,"x":29,"y":23},{"data":1000010,"id":500000127,"lvl":9,"wI":0,"wX":0,"x":30,"y":23},{"data":1000010,"id":500000128,"lvl":9,"wI":0,"wX":0,"x":31,"y":23},{"data":1000010,"id":500000129,"lvl":9,"wI":0,"wX":0,"x":30,"y":20},{"data":1000010,"id":500000130,"lvl":9,"wI":0,"wX":0,"x":31,"y":20},{"data":1000010,"id":500000131,"lvl":9,"wI":0,"wX":0,"x":20,"y":15},{"data":1000010,"id":500000132,"lvl":9,"wI":0,"wX":0,"x":19,"y":15},{"data":1000010,"id":500000133,"lvl":9,"wI":0,"wX":0,"x":18,"y":15},{"data":1000010,"id":500000134,"lvl":9,"wI":0,"wX":0,"x":17,"y":15},{"data":1000010,"id":500000135,"lvl":9,"wI":0,"wX":0,"x":16,"y":15},{"data":1000010,"id":500000136,"lvl":9,"wI":0,"wX":0,"x":15,"y":15},{"data":1000010,"id":500000137,"lvl":9,"wI":0,"wX":0,"x":15,"y":16},{"data":1000010,"id":500000138,"lvl":9,"wI":0,"wX":0,"x":15,"y":17},{"data":1000010,"id":500000139,"lvl":9,"wI":0,"wX":0,"x":15,"y":18},{"data":1000010,"id":500000140,"lvl":9,"wI":0,"wX":0,"x":15,"y":19},{"data":1000010,"id":500000141,"lvl":9,"wI":0,"wX":0,"x":15,"y":20},{"data":1000010,"id":500000142,"lvl":9,"wI":0,"wX":0,"x":15,"y":21},{"data":1000010,"id":500000143,"lvl":9,"wI":0,"wX":0,"x":15,"y":22},{"data":1000010,"id":500000144,"lvl":9,"wI":0,"wX":0,"x":15,"y":23},{"data":1000010,"id":500000145,"lvl":9,"wI":0,"wX":0,"x":15,"y":24},{"data":1000010,"id":500000146,"lvl":9,"wI":0,"wX":0,"x":15,"y":25},{"data":1000010,"id":500000147,"lvl":9,"wI":0,"wX":0,"x":15,"y":26},{"data":1000010,"id":500000148,"lvl":9,"wI":0,"wX":0,"x":15,"y":27},{"data":1000010,"id":500000149,"lvl":9,"wI":0,"wX":0,"x":15,"y":28},{"data":1000010,"id":500000150,"lvl":9,"wI":0,"wX":0,"x":16,"y":28},{"data":1000010,"id":500000151,"lvl":9,"wI":0,"wX":0,"x":17,"y":28},{"data":1000010,"id":500000152,"lvl":9,"wI":0,"wX":0,"x":18,"y":28},{"data":1000010,"id":500000153,"lvl":9,"wI":0,"wX":0,"x":19,"y":28},{"data":1000010,"id":500000154,"lvl":9,"wI":0,"wX":0,"x":20,"y":28},{"data":1000010,"id":500000155,"lvl":9,"wI":0,"wX":0,"x":23,"y":31},{"data":1000010,"id":500000157,"lvl":9,"wI":0,"wX":0,"x":25,"y":33},{"data":1000010,"id":500000158,"lvl":9,"wI":0,"wX":0,"x":26,"y":34},{"data":1000010,"id":500000159,"lvl":9,"wI":0,"wX":0,"x":27,"y":35},{"data":1000010,"id":500000160,"lvl":9,"wI":0,"wX":0,"x":23,"y":12},{"data":1000010,"id":500000162,"lvl":9,"wI":0,"wX":0,"x":25,"y":10},{"data":1000010,"id":500000163,"lvl":9,"wI":0,"wX":0,"x":26,"y":9},{"data":1000010,"id":500000164,"lvl":9,"wI":0,"wX":0,"x":27,"y":8},{"data":1000010,"id":500000165,"lvl":9,"wI":0,"wX":0,"x":21,"y":14},{"data":1000010,"id":500000166,"lvl":9,"wI":0,"wX":0,"x":20,"y":14},{"data":1000010,"id":500000167,"lvl":9,"wI":0,"wX":0,"x":19,"y":14},{"data":1000010,"id":500000168,"lvl":9,"wI":0,"wX":0,"x":18,"y":14},{"data":1000010,"id":500000169,"lvl":9,"wI":0,"wX":0,"x":17,"y":14},{"data":1000010,"id":500000170,"lvl":9,"wI":0,"wX":0,"x":16,"y":14},{"data":1000010,"id":500000171,"lvl":9,"wI":0,"wX":0,"x":15,"y":14},{"data":1000010,"id":500000172,"lvl":9,"wI":0,"wX":0,"x":14,"y":14},{"data":1000010,"id":500000173,"lvl":9,"wI":0,"wX":0,"x":14,"y":15},{"data":1000010,"id":500000174,"lvl":9,"wI":0,"wX":0,"x":14,"y":16},{"data":1000010,"id":500000175,"lvl":9,"wI":0,"wX":0,"x":14,"y":17},{"data":1000010,"id":500000176,"lvl":9,"wI":0,"wX":0,"x":14,"y":18},{"data":1000010,"id":500000177,"lvl":9,"wI":0,"wX":0,"x":14,"y":19},{"data":1000010,"id":500000178,"lvl":9,"wI":0,"wX":0,"x":14,"y":20},{"data":1000010,"id":500000179,"lvl":9,"wI":0,"wX":0,"x":14,"y":21},{"data":1000010,"id":500000180,"lvl":9,"wI":0,"wX":0,"x":14,"y":22},{"data":1000010,"id":500000181,"lvl":9,"wI":0,"wX":0,"x":14,"y":23},{"data":1000010,"id":500000182,"lvl":9,"wI":0,"wX":0,"x":14,"y":24},{"data":1000010,"id":500000183,"lvl":9,"wI":0,"wX":0,"x":14,"y":25},{"data":1000010,"id":500000184,"lvl":9,"wI":0,"wX":0,"x":14,"y":26},{"data":1000010,"id":500000185,"lvl":9,"wI":0,"wX":0,"x":14,"y":27},{"data":1000010,"id":500000186,"lvl":9,"wI":0,"wX":0,"x":14,"y":28},{"data":1000010,"id":500000187,"lvl":9,"wI":0,"wX":0,"x":14,"y":29},{"data":1000010,"id":500000188,"lvl":9,"wI":0,"wX":0,"x":15,"y":29},{"data":1000010,"id":500000189,"lvl":9,"wI":0,"wX":0,"x":16,"y":29},{"data":1000010,"id":500000190,"lvl":9,"wI":0,"wX":0,"x":17,"y":29},{"data":1000010,"id":500000191,"lvl":9,"wI":0,"wX":0,"x":18,"y":29},{"data":1000010,"id":500000192,"lvl":9,"wI":0,"wX":0,"x":19,"y":29},{"data":1000010,"id":500000193,"lvl":9,"wI":0,"wX":0,"x":20,"y":29},{"data":1000010,"id":500000194,"lvl":9,"wI":0,"wX":0,"x":21,"y":29},{"data":1000003,"id":500000195,"lvl":10,"x":17,"y":11},{"data":1000005,"id":500000197,"lvl":10,"x":17,"y":30},{"data":1000008,"id":500000200,"lvl":10,"x":11,"y":13,"attack_mode":false,"attack_mode_draft":false,"attack_mode_war":false,"attack_mode_draft_war":false,"attack_mode2":false,"attack_mode_d2":false,"attack_mode3":false,"attack_mode_d3":false,"attack_mode4":false,"attack_mode_d4":false,"attack_mode5":false,"attack_mode_d5":false,"attack_mode_chal":false,"attack_mode_dchal":false,"attack_mode_arrw":false,"attack_mode_draft_arrw":false},{"data":1000008,"id":500000201,"lvl":10,"x":11,"y":27,"attack_mode":false,"attack_mode_draft":false,"attack_mode_war":false,"attack_mode_draft_war":false,"attack_mode2":false,"attack_mode_d2":false,"attack_mode3":false,"attack_mode_d3":false,"attack_mode4":false,"attack_mode_d4":false,"attack_mode5":false,"attack_mode_d5":false,"attack_mode_chal":false,"attack_mode_dchal":false,"attack_mode_arrw":false,"attack_mode_draft_arrw":false},{"data":1000032,"id":500000203,"lvl":2,"x":11,"y":20},{"data":1000010,"id":500000204,"lvl":9,"wI":0,"wX":0,"x":13,"y":26},{"data":1000010,"id":500000205,"lvl":9,"wI":0,"wX":0,"x":12,"y":26},{"data":1000010,"id":500000206,"lvl":9,"wI":0,"wX":0,"x":11,"y":26},{"data":1000010,"id":500000207,"lvl":9,"wI":0,"wX":0,"x":10,"y":26},{"data":1000010,"id":500000208,"lvl":9,"wI":0,"wX":0,"x":10,"y":25},{"data":1000010,"id":500000209,"lvl":9,"wI":0,"wX":0,"x":10,"y":24},{"data":1000010,"id":500000210,"lvl":9,"wI":0,"wX":0,"x":10,"y":23},{"data":1000010,"id":500000211,"lvl":9,"wI":0,"wX":0,"x":10,"y":22},{"data":1000010,"id":500000212,"lvl":9,"wI":0,"wX":0,"x":10,"y":21},{"data":1000010,"id":500000213,"lvl":9,"wI":0,"wX":0,"x":10,"y":20},{"data":1000010,"id":500000214,"lvl":9,"wI":0,"wX":0,"x":10,"y":19},{"data":1000010,"id":500000215,"lvl":9,"wI":0,"wX":0,"x":10,"y":18},{"data":1000010,"id":500000216,"lvl":9,"wI":0,"wX":0,"x":10,"y":17},{"data":1000010,"id":500000217,"lvl":9,"wI":0,"wX":0,"x":10,"y":16},{"data":1000010,"id":500000218,"lvl":9,"wI":0,"wX":0,"x":11,"y":16},{"data":1000010,"id":500000219,"lvl":9,"wI":0,"wX":0,"x":12,"y":16},{"data":1000010,"id":500000220,"lvl":9,"wI":0,"wX":0,"x":13,"y":16},{"data":1000009,"id":500000221,"lvl":10,"x":11,"y":23,"attack_mode":false,"attack_mode_draft":false,"attack_mode_war":false,"attack_mode_draft_war":false,"attack_mode2":false,"attack_mode_d2":false,"attack_mode3":false,"attack_mode_d3":false,"attack_mode4":false,"attack_mode_d4":false,"attack_mode5":false,"attack_mode_d5":false,"attack_mode_chal":false,"attack_mode_dchal":false,"attack_mode_arrw":false,"attack_mode_draft_arrw":false},{"data":1000010,"id":500000222,"lvl":9,"wI":0,"wX":0,"x":23,"y":32},{"data":1000010,"id":500000223,"lvl":9,"wI":0,"wX":0,"x":23,"y":33},{"data":1000010,"id":500000224,"lvl":9,"wI":0,"wX":0,"x":22,"y":33},{"data":1000010,"id":500000225,"lvl":9,"wI":0,"wX":0,"x":21,"y":33},{"data":1000010,"id":500000226,"lvl":9,"wI":0,"wX":0,"x":20,"y":33},{"data":1000010,"id":500000227,"lvl":9,"wI":0,"wX":0,"x":19,"y":33},{"data":1000010,"id":500000228,"lvl":9,"wI":0,"wX":0,"x":18,"y":33},{"data":1000010,"id":500000229,"lvl":9,"wI":0,"wX":0,"x":17,"y":33},{"data":1000010,"id":500000230,"lvl":9,"wI":0,"wX":0,"x":16,"y":33},{"data":1000010,"id":500000231,"lvl":9,"wI":0,"wX":0,"x":16,"y":32},{"data":1000010,"id":500000232,"lvl":9,"wI":0,"wX":0,"x":16,"y":31},{"data":1000010,"id":500000233,"lvl":9,"wI":0,"wX":0,"x":16,"y":30},{"data":1000010,"id":500000234,"lvl":9,"wI":0,"wX":0,"x":15,"y":30},{"data":1000010,"id":500000235,"lvl":9,"wI":0,"wX":0,"x":15,"y":31},{"data":1000010,"id":500000236,"lvl":9,"wI":0,"wX":0,"x":15,"y":32},{"data":1000010,"id":500000237,"lvl":9,"wI":0,"wX":0,"x":15,"y":33},{"data":1000010,"id":500000238,"lvl":9,"wI":0,"wX":0,"x":15,"y":34},{"data":1000010,"id":500000239,"lvl":9,"wI":0,"wX":0,"x":16,"y":34},{"data":1000010,"id":500000240,"lvl":9,"wI":0,"wX":0,"x":17,"y":34},{"data":1000010,"id":500000241,"lvl":9,"wI":0,"wX":0,"x":18,"y":34},{"data":1000010,"id":500000242,"lvl":9,"wI":0,"wX":0,"x":19,"y":34},{"data":1000010,"id":500000243,"lvl":9,"wI":0,"wX":0,"x":20,"y":34},{"data":1000010,"id":500000244,"lvl":9,"wI":0,"wX":0,"x":21,"y":34},{"data":1000010,"id":500000245,"lvl":9,"wI":0,"wX":0,"x":22,"y":34},{"data":1000010,"id":500000246,"lvl":9,"wI":0,"wX":0,"x":23,"y":34},{"data":1000010,"id":500000247,"lvl":9,"wI":0,"wX":0,"x":24,"y":34},{"data":1000010,"id":500000248,"lvl":9,"wI":0,"wX":0,"x":24,"y":33},{"data":1000010,"id":500000249,"lvl":9,"wI":0,"wX":0,"x":16,"y":13},{"data":1000010,"id":500000250,"lvl":9,"wI":0,"wX":0,"x":16,"y":12},{"data":1000010,"id":500000251,"lvl":9,"wI":0,"wX":0,"x":16,"y":11},{"data":1000010,"id":500000252,"lvl":9,"wI":0,"wX":0,"x":23,"y":11},{"data":1000010,"id":500000254,"lvl":9,"wI":0,"wX":0,"x":23,"y":10},{"data":1000010,"id":500000256,"lvl":9,"wI":0,"wX":0,"x":22,"y":10},{"data":1000010,"id":500000257,"lvl":9,"wI":0,"wX":0,"x":21,"y":10},{"data":1000010,"id":500000258,"lvl":9,"wI":0,"wX":0,"x":20,"y":10},{"data":1000010,"id":500000259,"lvl":9,"wI":0,"wX":0,"x":19,"y":10},{"data":1000010,"id":500000260,"lvl":9,"wI":0,"wX":0,"x":18,"y":10},{"data":1000010,"id":500000261,"lvl":9,"wI":0,"wX":0,"x":17,"y":10},{"data":1000010,"id":500000262,"lvl":9,"wI":0,"wX":0,"x":16,"y":10},{"data":1000010,"id":500000263,"lvl":9,"wI":0,"wX":0,"x":15,"y":10},{"data":1000010,"id":500000264,"lvl":9,"wI":0,"wX":0,"x":15,"y":11},{"data":1000010,"id":500000265,"lvl":9,"wI":0,"wX":0,"x":15,"y":12},{"data":1000010,"id":500000266,"lvl":9,"wI":0,"wX":0,"x":15,"y":13},{"data":1000010,"id":500000267,"lvl":9,"wI":0,"wX":0,"x":23,"y":9},{"data":1000010,"id":500000268,"lvl":9,"wI":0,"wX":0,"x":22,"y":9},{"data":1000010,"id":500000269,"lvl":9,"wI":0,"wX":0,"x":21,"y":9},{"data":1000010,"id":500000270,"lvl":9,"wI":0,"wX":0,"x":20,"y":9},{"data":1000010,"id":500000271,"lvl":9,"wI":0,"wX":0,"x":19,"y":9},{"data":1000010,"id":500000272,"lvl":9,"wI":0,"wX":0,"x":18,"y":9},{"data":1000010,"id":500000273,"lvl":9,"wI":0,"wX":0,"x":17,"y":9},{"data":1000010,"id":500000274,"lvl":9,"wI":0,"wX":0,"x":16,"y":9},{"data":1000010,"id":500000275,"lvl":9,"wI":0,"wX":0,"x":15,"y":9},{"data":1000010,"id":500000276,"lvl":9,"wI":0,"wX":0,"x":24,"y":10},{"data":1000009,"id":500000277,"lvl":10,"x":24,"y":11,"attack_mode":false,"attack_mode_draft":false,"attack_mode_war":false,"attack_mode_draft_war":false,"attack_mode2":false,"attack_mode_d2":false,"attack_mode3":false,"attack_mode_d3":false,"attack_mode4":false,"attack_mode_d4":false,"attack_mode5":false,"attack_mode_d5":false,"attack_mode_chal":false,"attack_mode_dchal":false,"attack_mode_arrw":false,"attack_mode_draft_arrw":false},{"data":1000009,"id":500000278,"lvl":10,"x":24,"y":30,"attack_mode":false,"attack_mode_draft":false,"attack_mode_war":false,"attack_mode_draft_war":false,"attack_mode2":false,"attack_mode_d2":false,"attack_mode3":false,"attack_mode_d3":false,"attack_mode4":false,"attack_mode_d4":false,"attack_mode5":false,"attack_mode_d5":false,"attack_mode_chal":false,"attack_mode_dchal":false,"attack_mode_arrw":false,"attack_mode_draft_arrw":false},{"data":1000021,"id":500000279,"lvl":2,"x":21,"y":16,"attack_mode":true,"attack_mode_draft":false,"attack_mode_war":false,"attack_mode_draft_war":false,"attack_mode2":false,"attack_mode_d2":false,"attack_mode3":false,"attack_mode_d3":false,"attack_mode4":false,"attack_mode_d4":false,"attack_mode5":false,"attack_mode_d5":false,"attack_mode_chal":false,"attack_mode_dchal":false,"attack_mode_arrw":false,"attack_mode_draft_arrw":false,"ammo":1500},{"data":1000021,"id":500000280,"lvl":2,"x":21,"y":25,"attack_mode":true,"attack_mode_draft":false,"attack_mode_war":false,"attack_mode_draft_war":false,"attack_mode2":false,"attack_mode_d2":false,"attack_mode3":false,"attack_mode_d3":false,"attack_mode4":false,"attack_mode_d4":false,"attack_mode5":false,"attack_mode_d5":false,"attack_mode_chal":false,"attack_mode_dchal":false,"attack_mode_arrw":false,"attack_mode_draft_arrw":false,"ammo":1500}],"decos":[{"data":18000001,"id":506000009,"x":32,"y":23},{"data":18000001,"id":506000010,"x":32,"y":19},{"data":18000001,"id":506000011,"x":27,"y":6},{"data":18000001,"id":506000012,"x":27,"y":36}],"traps":[{"data":12000002,"id":504000003,"lvl":2,"x":9,"y":11},{"data":12000002,"id":504000006,"lvl":2,"x":9,"y":30},{"data":12000008,"id":504000007,"lvl":2,"air_mode":false,"air_mode_draft":false,"air_mode_war":false,"air_mode_draft_war":false,"air_mode2":false,"air_mode_d2":false,"air_mode3":false,"air_mode_d3":false,"air_mode4":false,"air_mode_d4":false,"air_mode5":false,"air_mode_d5":false,"air_mode6":false,"air_mode_d6":false,"air_mode7":false,"air_mode_d7":false,"x":26,"y":17},{"data":12000008,"id":504000008,"lvl":2,"air_mode":false,"air_mode_draft":false,"air_mode_war":false,"air_mode_draft_war":false,"air_mode2":false,"air_mode_d2":false,"air_mode3":false,"air_mode_d3":false,"air_mode4":false,"air_mode_d4":false,"air_mode5":false,"air_mode_d5":false,"air_mode6":false,"air_mode_d6":false,"air_mode7":false,"air_mode_d7":false,"x":26,"y":29},{"data":12000002,"id":504000009,"lvl":3,"x":26,"y":18},{"data":12000002,"id":504000010,"lvl":3,"x":26,"y":24},{"data":12000001,"id":504000011,"lvl":2,"x":29,"y":21},{"data":12000001,"id":504000012,"lvl":2,"x":29,"y":22},{"data":12000001,"id":504000013,"lvl":2,"x":9,"y":26},{"data":12000001,"id":504000014,"lvl":2,"x":9,"y":22},{"data":12000001,"id":504000015,"lvl":2,"x":9,"y":19},{"data":12000001,"id":504000016,"lvl":2,"x":9,"y":16},{"data":12000001,"id":504000017,"lvl":2,"x":29,"y":15},{"data":12000001,"id":504000018,"lvl":2,"x":29,"y":18},{"data":12000001,"id":504000019,"lvl":2,"x":29,"y":25},{"data":12000001,"id":504000020,"lvl":2,"x":29,"y":28},{"data":12000005,"id":504000021,"lvl":3,"x":7,"y":27},{"data":12000005,"id":504000022,"lvl":3,"x":8,"y":14},{"data":12000005,"id":504000023,"lvl":3,"x":24,"y":6},{"data":12000005,"id":504000024,"lvl":3,"x":26,"y":37},{"data":12000005,"id":504000025,"lvl":3,"x":14,"y":37},{"data":12000005,"id":504000026,"lvl":3,"x":15,"y":7},{"data":12000005,"id":504000027,"lvl":3,"x":34,"y":26},{"data":12000005,"id":504000028,"lvl":3,"x":33,"y":17},{"data":12000000,"id":504000029,"lvl":4,"x":20,"y":22},{"data":12000000,"id":504000030,"lvl":4,"x":20,"y":21},{"data":12000000,"id":504000031,"lvl":4,"x":19,"y":16},{"data":12000000,"id":504000032,"lvl":4,"x":19,"y":17},{"data":12000000,"id":504000033,"lvl":4,"x":19,"y":18},{"data":12000000,"id":504000034,"lvl":4,"x":19,"y":27},{"data":12000000,"id":504000035,"lvl":4,"x":19,"y":26},{"data":12000000,"id":504000036,"lvl":4,"x":19,"y":25},{"data":12000000,"id":504000037,"lvl":4,"x":16,"y":24},{"data":12000000,"id":504000038,"lvl":4,"x":17,"y":24},{"data":12000000,"id":504000039,"lvl":4,"x":18,"y":24},{"data":12000000,"id":504000040,"lvl":4,"x":16,"y":19},{"data":12000000,"id":504000041,"lvl":4,"x":17,"y":19},{"data":12000000,"id":504000042,"lvl":4,"x":18,"y":19},{"data":12000000,"id":504000043,"lvl":4,"x":19,"y":19},{"data":12000000,"id":504000044,"lvl":4,"x":19,"y":24}],"obstacles":[{"data":8000000,"id":503000001,"x":9,"y":6},{"data":8000000,"id":503000002,"x":3,"y":15},{"data":8000000,"id":503000003,"x":4,"y":13},{"data":8000000,"id":503000004,"x":9,"y":3},{"data":8000000,"id":503000005,"x":29,"y":4},{"data":8000000,"id":503000006,"x":15,"y":4},{"data":8000000,"id":503000007,"x":22,"y":4},{"data":8000000,"id":503000008,"x":17,"y":3},{"data":8000000,"id":503000018,"x":15,"y":2},{"data":8000000,"id":503000085,"x":4,"y":30},{"data":8000000,"id":503000091,"x":5,"y":35},{"data":8000000,"id":503000095,"x":4,"y":5},{"data":8000000,"id":503000096,"x":10,"y":8},{"data":8000016,"id":503000115,"x":12,"y":31},{"data":8000017,"id":503000116,"x":26,"y":38},{"data":8000018,"id":503000117,"x":11,"y":33},{"data":8000019,"id":503000118,"x":18,"y":35},{"data":8000020,"id":503000119,"x":12,"y":6},{"data":8000020,"id":503000126,"x":28,"y":12},{"data":8000020,"id":503000127,"x":4,"y":17},{"data":8000020,"id":503000128,"x":26,"y":26},{"data":8000020,"id":503000129,"x":35,"y":26},{"data":8000017,"id":503000130,"x":4,"y":28},{"data":8000017,"id":503000132,"x":6,"y":12},{"data":8000016,"id":503000133,"x":22,"y":35},{"data":8000016,"id":503000134,"x":29,"y":10},{"data":8000016,"id":503000135,"x":6,"y":20},{"data":8000000,"id":503000145,"x":36,"y":17},{"data":8000000,"id":503000146,"x":27,"y":16},{"data":8000000,"id":503000147,"x":30,"y":26},{"data":8000000,"id":503000149,"x":23,"y":37},{"data":8000000,"id":503000150,"x":16,"y":36},{"data":8000000,"id":503000151,"x":16,"y":38},{"data":8000000,"id":503000152,"x":12,"y":35},{"data":8000000,"id":503000153,"x":8,"y":24},{"data":8000000,"id":503000154,"x":7,"y":31},{"data":8000000,"id":503000155,"x":4,"y":21},{"data":8000000,"id":503000156,"x":10,"y":36},{"data":8000000,"id":503000157,"x":5,"y":23},{"data":8000000,"id":503000158,"x":32,"y":27},{"data":8000000,"id":503000159,"x":31,"y":9},{"data":8000000,"id":503000160,"x":33,"y":11},{"data":8000000,"id":503000161,"x":33,"y":15},{"data":8000000,"id":503000162,"x":32,"y":7},{"data":8000000,"id":503000165,"x":7,"y":29},{"data":8000000,"id":503000166,"x":30,"y":28},{"data":8000000,"id":503000167,"x":38,"y":29},{"data":8000000,"id":503000168,"x":31,"y":36},{"data":8000000,"id":503000169,"x":31,"y":33},{"data":8000017,"id":503000170,"x":27,"y":29}],"exp_ver":1}