{"buildings":[{"data":1000001,"lvl":7,"x":11,"y":19},{"data":1000011,"lvl":6,"x":7,"y":25},{"data":1000011,"lvl":6,"x":7,"y":14},{"data":1000010,"lvl":7,"x":14,"y":24},{"data":1000010,"lvl":7,"x":15,"y":24},{"data":1000010,"lvl":7,"x":16,"y":24},{"data":1000010,"lvl":7,"x":17,"y":24},{"data":1000010,"lvl":7,"x":17,"y":23},{"data":1000010,"lvl":7,"x":17,"y":22},{"data":1000010,"lvl":7,"x":17,"y":19},{"data":1000010,"lvl":7,"x":17,"y":18},{"data":1000010,"lvl":7,"x":17,"y":17},{"data":1000010,"lvl":7,"x":16,"y":17},{"data":1000010,"lvl":7,"x":15,"y":17},{"data":1000010,"lvl":7,"x":14,"y":17},{"data":1000010,"lvl":7,"x":13,"y":17},{"data":1000010,"lvl":7,"x":12,"y":17},{"data":1000010,"lvl":7,"x":11,"y":17},{"data":1000010,"lvl":7,"x":12,"y":24},{"data":1000010,"lvl":7,"x":13,"y":24},{"data":1000012,"lvl":5,"x":7,"y":17},{"data":1000012,"lvl":5,"x":7,"y":22},{"data":1000012,"lvl":5,"x":19,"y":25},{"data":1000012,"lvl":5,"x":19,"y":14},{"data":1000018,"lvl":0,"x":31,"y":19,"units":[[4000007,1]],"storage_type":0},{"data":1000018,"lvl":0,"x":31,"y":23,"units":[[4000007,1]],"storage_type":0},{"data":1000010,"lvl":7,"x":32,"y":25},{"data":1000010,"lvl":7,"x":32,"y":26},{"data":1000010,"lvl":7,"x":32,"y":27},{"data":1000010,"lvl":7,"x":32,"y":28},{"data":1000010,"lvl":7,"x":32,"y":29},{"data":1000010,"lvl":7,"x":32,"y":30},{"data":1000010,"lvl":7,"x":32,"y":31},{"data":1000010,"lvl":7,"x":32,"y":32},{"data":1000010,"lvl":7,"x":32,"y":33},{"data":1000010,"lvl":7,"x":32,"y":34},{"data":1000010,"lvl":7,"x":32,"y":35},{"data":1000010,"lvl":7,"x":32,"y":36},{"data":1000010,"lvl":7,"x":31,"y":36},{"data":1000010,"lvl":7,"x":30,"y":36},{"data":1000010,"lvl":7,"x":29,"y":36},{"data":1000010,"lvl":7,"x":28,"y":36},{"data":1000010,"lvl":7,"x":27,"y":36},{"data":1000010,"lvl":7,"x":26,"y":36},{"data":1000010,"lvl":7,"x":25,"y":36},{"data":1000010,"lvl":7,"x":24,"y":36},{"data":1000010,"lvl":7,"x":23,"y":36},{"data":1000010,"lvl":7,"x":22,"y":36},{"data":1000010,"lvl":7,"x":21,"y":36},{"data":1000010,"lvl":7,"x":20,"y":36},{"data":1000010,"lvl":7,"x":19,"y":36},{"data":1000010,"lvl":7,"x":18,"y":36},{"data":1000010,"lvl":7,"x":17,"y":36},{"data":1000010,"lvl":7,"x":16,"y":36},{"data":1000010,"lvl":7,"x":15,"y":36},{"data":1000010,"lvl":7,"x":14,"y":36},{"data":1000010,"lvl":7,"x":13,"y":36},{"data":1000010,"lvl":7,"x":12,"y":36},{"data":1000010,"lvl":7,"x":11,"y":36},{"data":1000010,"lvl":7,"x":10,"y":36},{"data":1000010,"lvl":7,"x":9,"y":36},{"data":1000010,"lvl":7,"x":8,"y":36},{"data":1000010,"lvl":7,"x":7,"y":36},{"data":1000010,"lvl":7,"x":6,"y":36},{"data":1000010,"lvl":7,"x":6,"y":35},{"data":1000010,"lvl":7,"x":6,"y":34},{"data":1000010,"lvl":7,"x":6,"y":33},{"data":1000010,"lvl":7,"x":6,"y":32},{"data":1000010,"lvl":7,"x":6,"y":31},{"data":1000010,"lvl":7,"x":6,"y":30},{"data":1000010,"lvl":7,"x":6,"y":29},{"data":1000010,"lvl":7,"x":6,"y":28},{"data":1000010,"lvl":7,"x":6,"y":27},{"data":1000010,"lvl":7,"x":6,"y":26},{"data":1000010,"lvl":7,"x":6,"y":25},{"data":1000010,"lvl":7,"x":6,"y":24},{"data":1000010,"lvl":7,"x":6,"y":23},{"data":1000010,"lvl":7,"x":6,"y":22},{"data":1000010,"lvl":7,"x":6,"y":21},{"data":1000010,"lvl":7,"x":6,"y":20},{"data":1000010,"lvl":7,"x":6,"y":19},{"data":1000010,"lvl":7,"x":6,"y":18},{"data":1000010,"lvl":7,"x":6,"y":17},{"data":1000010,"lvl":7,"x":6,"y":16},{"data":1000010,"lvl":7,"x":6,"y":15},{"data":1000010,"lvl":7,"x":6,"y":14},{"data":1000010,"lvl":7,"x":6,"y":13},{"data":1000010,"lvl":7,"x":6,"y":12},{"data":1000010,"lvl":7,"x":6,"y":11},{"data":1000010,"lvl":7,"x":6,"y":10},{"data":1000010,"lvl":7,"x":6,"y":9},{"data":1000010,"lvl":7,"x":6,"y":8},{"data":1000010,"lvl":7,"x":6,"y":7},{"data":1000010,"lvl":7,"x":30,"y":6},{"data":1000010,"lvl":7,"x":31,"y":6},{"data":1000010,"lvl":7,"x":32,"y":6},{"data":1000010,"lvl":7,"x":32,"y":17},{"data":1000010,"lvl":7,"x":32,"y":18},{"data":1000010,"lvl":7,"x":32,"y":16},{"data":1000010,"lvl":7,"x":32,"y":15},{"data":1000010,"lvl":7,"x":32,"y":14},{"data":1000010,"lvl":7,"x":32,"y":13},{"data":1000010,"lvl":7,"x":32,"y":12},{"data":1000010,"lvl":7,"x":32,"y":11},{"data":1000010,"lvl":7,"x":32,"y":10},{"data":1000010,"lvl":7,"x":32,"y":9},{"data":1000010,"lvl":7,"x":32,"y":8},{"data":1000010,"lvl":7,"x":32,"y":7},{"data":1000010,"lvl":7,"x":28,"y":24},{"data":1000010,"lvl":7,"x":28,"y":23},{"data":1000010,"lvl":7,"x":28,"y":22},{"data":1000010,"lvl":7,"x":28,"y":21},{"data":1000010,"lvl":7,"x":28,"y":20},{"data":1000010,"lvl":7,"x":28,"y":19},{"data":1000010,"lvl":7,"x":28,"y":18},{"data":1000010,"lvl":7,"x":28,"y":17},{"data":1000010,"lvl":7,"x":27,"y":17},{"data":1000010,"lvl":7,"x":26,"y":17},{"data":1000010,"lvl":7,"x":25,"y":17},{"data":1000010,"lvl":7,"x":24,"y":17},{"data":1000010,"lvl":7,"x":28,"y":25},{"data":1000010,"lvl":7,"x":27,"y":25},{"data":1000010,"lvl":7,"x":26,"y":25},{"data":1000010,"lvl":7,"x":25,"y":25},{"data":1000010,"lvl":7,"x":24,"y":25},{"data":1000010,"lvl":7,"x":22,"y":25},{"data":1000008,"lvl":10,"x":23,"y":21},{"data":1000008,"lvl":10,"x":25,"y":26},{"data":1000008,"lvl":10,"x":25,"y":14},{"data":1000010,"lvl":7,"x":28,"y":29},{"data":1000010,"lvl":7,"x":28,"y":30},{"data":1000010,"lvl":7,"x":28,"y":31},{"data":1000010,"lvl":7,"x":28,"y":32},{"data":1000010,"lvl":7,"x":27,"y":32},{"data":1000010,"lvl":7,"x":26,"y":32},{"data":1000010,"lvl":7,"x":25,"y":32},{"data":1000010,"lvl":7,"x":24,"y":34},{"data":1000010,"lvl":7,"x":23,"y":34},{"data":1000010,"lvl":7,"x":28,"y":26},{"data":1000010,"lvl":7,"x":28,"y":27},{"data":1000010,"lvl":7,"x":28,"y":28},{"data":1000013,"lvl":6,"x":25,"y":29},{"data":1000010,"lvl":7,"x":22,"y":34},{"data":1000010,"lvl":7,"x":21,"y":34},{"data":1000010,"lvl":7,"x":20,"y":34},{"data":1000010,"lvl":7,"x":19,"y":34},{"data":1000010,"lvl":7,"x":18,"y":34},{"data":1000010,"lvl":7,"x":17,"y":34},{"data":1000010,"lvl":7,"x":16,"y":34},{"data":1000010,"lvl":7,"x":15,"y":34},{"data":1000010,"lvl":7,"x":14,"y":34},{"data":1000010,"lvl":7,"x":13,"y":34},{"data":1000010,"lvl":7,"x":12,"y":34},{"data":1000010,"lvl":7,"x":11,"y":34},{"data":1000010,"lvl":7,"x":10,"y":34},{"data":1000010,"lvl":7,"x":10,"y":32},{"data":1000010,"lvl":7,"x":11,"y":32},{"data":1000010,"lvl":7,"x":12,"y":32},{"data":1000010,"lvl":7,"x":13,"y":32},{"data":1000010,"lvl":7,"x":14,"y":32},{"data":1000010,"lvl":7,"x":15,"y":32},{"data":1000010,"lvl":7,"x":16,"y":32},{"data":1000010,"lvl":7,"x":17,"y":32},{"data":1000010,"lvl":7,"x":18,"y":32},{"data":1000010,"lvl":7,"x":19,"y":32},{"data":1000010,"lvl":7,"x":20,"y":32},{"data":1000010,"lvl":7,"x":21,"y":32},{"data":1000010,"lvl":7,"x":22,"y":32},{"data":1000010,"lvl":7,"x":23,"y":32},{"data":1000010,"lvl":7,"x":24,"y":32},{"data":1000010,"lvl":7,"x":24,"y":31},{"data":1000010,"lvl":7,"x":24,"y":30},{"data":1000010,"lvl":7,"x":24,"y":29},{"data":1000010,"lvl":7,"x":24,"y":28},{"data":1000010,"lvl":7,"x":24,"y":27},{"data":1000010,"lvl":7,"x":24,"y":26},{"data":1000010,"lvl":7,"x":24,"y":33},{"data":1000010,"lvl":7,"x":23,"y":33},{"data":1000010,"lvl":7,"x":22,"y":33},{"data":1000010,"lvl":7,"x":21,"y":33},{"data":1000010,"lvl":7,"x":20,"y":33},{"data":1000010,"lvl":7,"x":19,"y":33},{"data":1000010,"lvl":7,"x":18,"y":33},{"data":1000010,"lvl":7,"x":17,"y":33},{"data":1000010,"lvl":7,"x":16,"y":33},{"data":1000010,"lvl":7,"x":15,"y":33},{"data":1000010,"lvl":7,"x":14,"y":33},{"data":1000010,"lvl":7,"x":13,"y":33},{"data":1000010,"lvl":7,"x":12,"y":33},{"data":1000010,"lvl":7,"x":11,"y":33},{"data":1000010,"lvl":7,"x":10,"y":33},{"data":1000010,"lvl":7,"x":7,"y":28},{"data":1000010,"lvl":7,"x":8,"y":28},{"data":1000010,"lvl":7,"x":9,"y":28},{"data":1000010,"lvl":7,"x":10,"y":28},{"data":1000010,"lvl":7,"x":11,"y":28},{"data":1000010,"lvl":7,"x":12,"y":28},{"data":1000010,"lvl":7,"x":13,"y":28},{"data":1000010,"lvl":7,"x":14,"y":28},{"data":1000010,"lvl":7,"x":15,"y":28},{"data":1000010,"lvl":7,"x":16,"y":28},{"data":1000010,"lvl":7,"x":17,"y":28},{"data":1000010,"lvl":7,"x":18,"y":28},{"data":1000010,"lvl":7,"x":19,"y":28},{"data":1000010,"lvl":7,"x":20,"y":28},{"data":1000010,"lvl":7,"x":21,"y":28},{"data":1000010,"lvl":7,"x":22,"y":28},{"data":1000010,"lvl":7,"x":22,"y":27},{"data":1000010,"lvl":7,"x":22,"y":26},{"data":1000011,"lvl":6,"x":19,"y":29},{"data":1000010,"lvl":7,"x":28,"y":16},{"data":1000010,"lvl":7,"x":28,"y":15},{"data":1000010,"lvl":7,"x":28,"y":14},{"data":1000010,"lvl":7,"x":28,"y":13},{"data":1000013,"lvl":6,"x":25,"y":11},{"data":1000010,"lvl":7,"x":28,"y":12},{"data":1000010,"lvl":7,"x":28,"y":11},{"data":1000010,"lvl":7,"x":28,"y":10},{"data":1000010,"lvl":7,"x":27,"y":10},{"data":1000010,"lvl":7,"x":26,"y":10},{"data":1000010,"lvl":7,"x":25,"y":10},{"data":1000010,"lvl":7,"x":24,"y":8},{"data":1000010,"lvl":7,"x":23,"y":8},{"data":1000010,"lvl":7,"x":22,"y":8},{"data":1000010,"lvl":7,"x":21,"y":8},{"data":1000010,"lvl":7,"x":19,"y":8},{"data":1000010,"lvl":7,"x":18,"y":8},{"data":1000010,"lvl":7,"x":17,"y":8},{"data":1000010,"lvl":7,"x":16,"y":8},{"data":1000010,"lvl":7,"x":15,"y":8},{"data":1000010,"lvl":7,"x":14,"y":8},{"data":1000010,"lvl":7,"x":13,"y":8},{"data":1000010,"lvl":7,"x":12,"y":8},{"data":1000010,"lvl":7,"x":11,"y":8},{"data":1000010,"lvl":7,"x":10,"y":8},{"data":1000010,"lvl":7,"x":10,"y":9},{"data":1000010,"lvl":7,"x":11,"y":9},{"data":1000010,"lvl":7,"x":12,"y":9},{"data":1000010,"lvl":7,"x":13,"y":9},{"data":1000010,"lvl":7,"x":14,"y":9},{"data":1000010,"lvl":7,"x":15,"y":9},{"data":1000010,"lvl":7,"x":16,"y":9},{"data":1000010,"lvl":7,"x":17,"y":9},{"data":1000010,"lvl":7,"x":18,"y":9},{"data":1000010,"lvl":7,"x":19,"y":9},{"data":1000010,"lvl":7,"x":20,"y":8},{"data":1000010,"lvl":7,"x":21,"y":13},{"data":1000010,"lvl":7,"x":20,"y":13},{"data":1000010,"lvl":7,"x":19,"y":13},{"data":1000010,"lvl":7,"x":18,"y":13},{"data":1000010,"lvl":7,"x":17,"y":13},{"data":1000010,"lvl":7,"x":16,"y":13},{"data":1000010,"lvl":7,"x":15,"y":13},{"data":1000010,"lvl":7,"x":14,"y":13},{"data":1000010,"lvl":7,"x":13,"y":13},{"data":1000010,"lvl":7,"x":12,"y":13},{"data":1000010,"lvl":7,"x":11,"y":13},{"data":1000010,"lvl":7,"x":10,"y":13},{"data":1000010,"lvl":7,"x":9,"y":13},{"data":1000010,"lvl":7,"x":8,"y":13},{"data":1000010,"lvl":7,"x":7,"y":13},{"data":1000010,"lvl":7,"x":24,"y":16},{"data":1000010,"lvl":7,"x":24,"y":15},{"data":1000010,"lvl":7,"x":24,"y":14},{"data":1000010,"lvl":7,"x":24,"y":13},{"data":1000010,"lvl":7,"x":24,"y":12},{"data":1000010,"lvl":7,"x":24,"y":11},{"data":1000010,"lvl":7,"x":24,"y":10},{"data":1000010,"lvl":7,"x":29,"y":6},{"data":1000010,"lvl":7,"x":28,"y":6},{"data":1000010,"lvl":7,"x":27,"y":6},{"data":1000010,"lvl":7,"x":26,"y":6},{"data":1000010,"lvl":7,"x":25,"y":6},{"data":1000010,"lvl":7,"x":24,"y":6},{"data":1000010,"lvl":7,"x":23,"y":6},{"data":1000010,"lvl":7,"x":22,"y":6},{"data":1000010,"lvl":7,"x":21,"y":6},{"data":1000010,"lvl":7,"x":20,"y":6},{"data":1000010,"lvl":7,"x":19,"y":6},{"data":1000010,"lvl":7,"x":18,"y":6},{"data":1000010,"lvl":7,"x":17,"y":6},{"data":1000010,"lvl":7,"x":16,"y":6},{"data":1000010,"lvl":7,"x":15,"y":6},{"data":1000010,"lvl":7,"x":14,"y":6},{"data":1000010,"lvl":7,"x":13,"y":6},{"data":1000010,"lvl":7,"x":12,"y":6},{"data":1000010,"lvl":7,"x":11,"y":6},{"data":1000010,"lvl":7,"x":10,"y":6},{"data":1000010,"lvl":7,"x":9,"y":6},{"data":1000010,"lvl":7,"x":8,"y":6},{"data":1000010,"lvl":7,"x":7,"y":6},{"data":1000010,"lvl":7,"x":6,"y":6},{"data":1000010,"lvl":7,"x":20,"y":9},{"data":1000010,"lvl":7,"x":21,"y":9},{"data":1000010,"lvl":7,"x":22,"y":9},{"data":1000010,"lvl":7,"x":23,"y":9},{"data":1000010,"lvl":7,"x":24,"y":9},{"data":1000011,"lvl":6,"x":19,"y":10},{"data":1000010,"lvl":7,"x":22,"y":13},{"data":1000010,"lvl":7,"x":22,"y":14},{"data":1000010,"lvl":7,"x":22,"y":15},{"data":1000010,"lvl":7,"x":22,"y":16},{"data":1000010,"lvl":7,"x":22,"y":17},{"data":1000010,"lvl":7,"x":21,"y":17},{"data":1000010,"lvl":7,"x":21,"y":17},{"data":1000010,"lvl":7,"x":21,"y":18},{"data":1000010,"lvl":7,"x":21,"y":19},{"data":1000010,"lvl":7,"x":22,"y":24},{"data":1000010,"lvl":7,"x":21,"y":24},{"data":1000010,"lvl":7,"x":21,"y":23},{"data":1000010,"lvl":7,"x":21,"y":22},{"data":1000018,"lvl":0,"x":30,"y":27,"units":[],"storage_type":0},{"data":1000018,"lvl":0,"x":29,"y":33,"units":[],"storage_type":0},{"data":1000018,"lvl":0,"x":30,"y":31,"units":[],"storage_type":0},{"data":1000018,"lvl":0,"x":29,"y":29,"units":[],"storage_type":0},{"data":1000018,"lvl":0,"x":30,"y":15,"units":[],"storage_type":0},{"data":1000018,"lvl":0,"x":29,"y":13,"units":[],"storage_type":0},{"data":1000018,"lvl":0,"x":30,"y":11,"units":[],"storage_type":0},{"data":1000018,"lvl":0,"x":29,"y":9,"units":[],"storage_type":0},{"data":1000010,"lvl":7,"x":27,"y":24},{"data":1000010,"lvl":7,"x":27,"y":23},{"data":1000010,"lvl":7,"x":27,"y":22},{"data":1000010,"lvl":7,"x":27,"y":21},{"data":1000010,"lvl":7,"x":27,"y":20},{"data":1000010,"lvl":7,"x":27,"y":19},{"data":1000010,"lvl":7,"x":27,"y":18},{"data":1000010,"lvl":7,"x":26,"y":18},{"data":1000010,"lvl":7,"x":26,"y":19},{"data":1000010,"lvl":7,"x":26,"y":20},{"data":1000010,"lvl":7,"x":26,"y":24},{"data":1000010,"lvl":7,"x":26,"y":23},{"data":1000010,"lvl":7,"x":26,"y":22},{"data":1000010,"lvl":7,"x":26,"y":21},{"data":1000009,"lvl":10,"x":18,"y":22},{"data":1000009,"lvl":10,"x":18,"y":17},{"data":1000012,"lvl":6,"x":11,"y":14},{"data":1000012,"lvl":6,"x":11,"y":25},{"data":1000011,"lvl":6,"x":25,"y":33},{"data":1000011,"lvl":6,"x":25,"y":7},{"data":1000013,"lvl":6,"x":10,"y":29},{"data":1000013,"lvl":6,"x":10,"y":10},{"data":1000005,"lvl":10,"x":15,"y":14},{"data":1000005,"lvl":10,"x":15,"y":25},{"data":1000003,"lvl":10,"x":7,"y":10},{"data":1000003,"lvl":10,"x":7,"y":33},{"data":1000003,"lvl":10,"x":7,"y":29},{"data":1000003,"lvl":10,"x":7,"y":7},{"data":1000010,"lvl":7,"x":5,"y":6},{"data":1000010,"lvl":7,"x":5,"y":7},{"data":1000010,"lvl":7,"x":5,"y":8},{"data":1000010,"lvl":7,"x":5,"y":9},{"data":1000010,"lvl":7,"x":5,"y":10},{"data":1000010,"lvl":7,"x":5,"y":11},{"data":1000010,"lvl":7,"x":5,"y":12},{"data":1000010,"lvl":7,"x":5,"y":13},{"data":1000010,"lvl":7,"x":5,"y":14},{"data":1000010,"lvl":7,"x":5,"y":15},{"data":1000010,"lvl":7,"x":5,"y":16},{"data":1000010,"lvl":7,"x":5,"y":17},{"data":1000010,"lvl":7,"x":5,"y":18},{"data":1000010,"lvl":7,"x":5,"y":19},{"data":1000010,"lvl":7,"x":5,"y":20},{"data":1000010,"lvl":7,"x":5,"y":21},{"data":1000010,"lvl":7,"x":5,"y":22},{"data":1000010,"lvl":7,"x":5,"y":23},{"data":1000010,"lvl":7,"x":5,"y":24},{"data":1000010,"lvl":7,"x":5,"y":25},{"data":1000010,"lvl":7,"x":5,"y":26},{"data":1000010,"lvl":7,"x":5,"y":27},{"data":1000010,"lvl":7,"x":5,"y":28},{"data":1000010,"lvl":7,"x":5,"y":29},{"data":1000010,"lvl":7,"x":5,"y":30},{"data":1000010,"lvl":7,"x":5,"y":31},{"data":1000010,"lvl":7,"x":5,"y":32},{"data":1000010,"lvl":7,"x":5,"y":33},{"data":1000010,"lvl":7,"x":5,"y":34},{"data":1000010,"lvl":7,"x":5,"y":35},{"data":1000010,"lvl":7,"x":5,"y":36},{"data":1000010,"lvl":7,"x":11,"y":24},{"data":1000013,"lvl":6,"x":15,"y":29},{"data":1000013,"lvl":6,"x":15,"y":10},{"data":1000019,"lvl":5,"x":15,"y":22},{"data":1000019,"lvl":5,"x":9,"y":20},{"data":1000005,"lvl":10,"x":23,"y":18},{"data":1000019,"lvl":5,"x":15,"y":18}],"obstacles":[{"data":8000020,"x":34,"y":30},{"data":8000020,"x":34,"y":12},{"data":8000020,"x":35,"y":9},{"data":8000020,"x":37,"y":4},{"data":8000020,"x":37,"y":20},{"data":8000020,"x":2,"y":24},{"data":8000020,"x":2,"y":14}],"traps":[{"data":12000001,"x":11,"y":7},{"data":12000001,"x":21,"y":21},{"data":12000001,"x":21,"y":20},{"data":12000000,"x":29,"y":21},{"data":12000000,"x":24,"y":7},{"data":12000000,"x":16,"y":7},{"data":12000000,"x":23,"y":35},{"data":12000000,"x":14,"y":35},{"data":12000000,"x":23,"y":26},{"data":12000000,"x":23,"y":15},{"data":12000001,"x":17,"y":20},{"data":12000001,"x":17,"y":21},{"data":12000005,"x":11,"y":23},{"data":12000005,"x":13,"y":23},{"data":12000005,"x":13,"y":18},{"data":12000005,"x":11,"y":18},{"data":12000002,"x":19,"y":20},{"data":12000002,"x":7,"y":20},{"data":12000000,"x":9,"y":37},{"data":12000000,"x":8,"y":38},{"data":12000000,"x":7,"y":37},{"data":12000000,"x":6,"y":38},{"data":12000000,"x":5,"y":37},{"data":12000000,"x":4,"y":35},{"data":12000000,"x":3,"y":34},{"data":12000000,"x":4,"y":33},{"data":12000000,"x":3,"y":32},{"data":12000000,"x":4,"y":31},{"data":12000000,"x":3,"y":30},{"data":12000000,"x":4,"y":29},{"data":12000000,"x":3,"y":36},{"data":12000000,"x":4,"y":12},{"data":12000000,"x":3,"y":11},{"data":12000000,"x":4,"y":10},{"data":12000000,"x":3,"y":9},{"data":12000000,"x":4,"y":8},{"data":12000000,"x":3,"y":7},{"data":12000000,"x":4,"y":6},{"data":12000000,"x":5,"y":5},{"data":12000000,"x":6,"y":4},{"data":12000000,"x":7,"y":5},{"data":12000000,"x":8,"y":4},{"data":12000000,"x":9,"y":5},{"data":12000000,"x":10,"y":4},{"data":12000000,"x":11,"y":5}],"decos":[{"data":18000001,"x":33,"y":25},{"data":18000001,"x":33,"y":17},{"data":18000002,"x":36,"y":36},{"data":18000002,"x":36,"y":6},{"data":18000002,"x":33,"y":6},{"data":18000002,"x":33,"y":36}],"respawnVars":{"secondsFromLastRespawn":0,"respawnSeed":1529463799,"obstacleClearCounter":0},"cooldowns":[],"newShopBuildings":[4,0,6,3,6,3,4,1,5,5,200,3,2,3,1,5,0,0,0,3,1,0,1,1,1,0,1],"newShopTraps":[6,6,3,0,0,4,2],"newShopDecos":[1,4,0,0,1,0,0,0,0,0,0,0,0,0,0,0,0,0,0,0,0,0,0,0,0,0,0,0,0,0,0,0,0,0,0]}