{"buildings":[{"data":1000001,"lvl":5,"x":20,"y":20},{"data":1000008,"lvl":9,"x":29,"y":29},{"data":1000010,"lvl":5,"x":30,"y":11},{"data":1000010,"lvl":5,"x":24,"y":11},{"data":1000010,"lvl":5,"x":21,"y":11},{"data":1000010,"lvl":5,"x":23,"y":11},{"data":1000010,"lvl":5,"x":22,"y":11},{"data":1000010,"lvl":5,"x":29,"y":11},{"data":1000010,"lvl":5,"x":32,"y":18},{"data":1000010,"lvl":5,"x":32,"y":16},{"data":1000010,"lvl":5,"x":32,"y":15},{"data":1000010,"lvl":5,"x":31,"y":11},{"data":1000010,"lvl":5,"x":12,"y":29},{"data":1000010,"lvl":5,"x":12,"y":30},{"data":1000010,"lvl":5,"x":12,"y":31},{"data":1000010,"lvl":5,"x":13,"y":32},{"data":1000010,"lvl":5,"x":12,"y":32},{"data":1000010,"lvl":5,"x":12,"y":28},{"data":1000010,"lvl":5,"x":12,"y":26},{"data":1000010,"lvl":5,"x":12,"y":27},{"data":1000010,"lvl":5,"x":12,"y":25},{"data":1000010,"lvl":5,"x":14,"y":32},{"data":1000010,"lvl":5,"x":32,"y":26},{"data":1000010,"lvl":5,"x":32,"y":27},{"data":1000010,"lvl":5,"x":32,"y":30},{"data":1000010,"lvl":5,"x":30,"y":32},{"data":1000010,"lvl":5,"x":32,"y":32},{"data":1000010,"lvl":5,"x":32,"y":31},{"data":1000010,"lvl":5,"x":32,"y":29},{"data":1000010,"lvl":5,"x":32,"y":28},{"data":1000010,"lvl":5,"x":32,"y":25},{"data":1000010,"lvl":5,"x":32,"y":24},{"data":1000010,"lvl":5,"x":32,"y":23},{"data":1000010,"lvl":5,"x":32,"y":20},{"data":1000010,"lvl":5,"x":32,"y":19},{"data":1000010,"lvl":5,"x":32,"y":17},{"data":1000010,"lvl":5,"x":32,"y":14},{"data":1000010,"lvl":5,"x":32,"y":13},{"data":1000010,"lvl":5,"x":32,"y":12},{"data":1000010,"lvl":5,"x":32,"y":11},{"data":1000010,"lvl":5,"x":28,"y":11},{"data":1000010,"lvl":5,"x":27,"y":11},{"data":1000010,"lvl":5,"x":26,"y":11},{"data":1000010,"lvl":5,"x":25,"y":11},{"data":1000010,"lvl":5,"x":19,"y":11},{"data":1000010,"lvl":5,"x":18,"y":11},{"data":1000010,"lvl":5,"x":17,"y":11},{"data":1000010,"lvl":5,"x":15,"y":32},{"data":1000010,"lvl":5,"x":16,"y":32},{"data":1000010,"lvl":5,"x":17,"y":32},{"data":1000010,"lvl":5,"x":31,"y":32},{"data":1000010,"lvl":5,"x":29,"y":32},{"data":1000010,"lvl":5,"x":28,"y":32},{"data":1000010,"lvl":5,"x":27,"y":32},{"data":1000010,"lvl":5,"x":26,"y":32},{"data":1000010,"lvl":5,"x":18,"y":32},{"data":1000010,"lvl":5,"x":19,"y":32},{"data":1000010,"lvl":5,"x":20,"y":32},{"data":1000010,"lvl":5,"x":21,"y":32},{"data":1000010,"lvl":5,"x":22,"y":32},{"data":1000010,"lvl":5,"x":23,"y":32},{"data":1000010,"lvl":5,"x":27,"y":25},{"data":1000010,"lvl":5,"x":24,"y":32},{"data":1000010,"lvl":5,"x":25,"y":32},{"data":1000010,"lvl":5,"x":20,"y":11},{"data":1000010,"lvl":5,"x":12,"y":24},{"data":1000010,"lvl":5,"x":12,"y":23},{"data":1000010,"lvl":5,"x":12,"y":19},{"data":1000010,"lvl":5,"x":16,"y":18},{"data":1000010,"lvl":5,"x":12,"y":18},{"data":1000010,"lvl":5,"x":12,"y":17},{"data":1000010,"lvl":5,"x":12,"y":16},{"data":1000010,"lvl":5,"x":12,"y":15},{"data":1000010,"lvl":5,"x":12,"y":14},{"data":1000010,"lvl":5,"x":16,"y":11},{"data":1000010,"lvl":5,"x":15,"y":11},{"data":1000010,"lvl":5,"x":14,"y":11},{"data":1000010,"lvl":5,"x":12,"y":13},{"data":1000010,"lvl":5,"x":12,"y":12},{"data":1000010,"lvl":5,"x":12,"y":11},{"data":1000010,"lvl":5,"x":13,"y":11},{"data":1000008,"lvl":9,"x":29,"y":12},{"data":1000008,"lvl":9,"x":13,"y":29},{"data":1000008,"lvl":9,"x":13,"y":12},{"data":1000010,"lvl":5,"x":25,"y":21},{"data":1000010,"lvl":5,"x":25,"y":22},{"data":1000010,"lvl":5,"x":26,"y":25},{"data":1000010,"lvl":5,"x":26,"y":18},{"data":1000010,"lvl":5,"x":27,"y":18},{"data":1000010,"lvl":5,"x":28,"y":18},{"data":1000010,"lvl":5,"x":25,"y":23},{"data":1000010,"lvl":5,"x":25,"y":24},{"data":1000010,"lvl":5,"x":25,"y":20},{"data":1000010,"lvl":5,"x":31,"y":20},{"data":1000010,"lvl":5,"x":31,"y":23},{"data":1000010,"lvl":5,"x":25,"y":25},{"data":1000010,"lvl":5,"x":25,"y":19},{"data":1000010,"lvl":5,"x":25,"y":26},{"data":1000010,"lvl":5,"x":25,"y":27},{"data":1000010,"lvl":5,"x":25,"y":18},{"data":1000010,"lvl":5,"x":25,"y":17},{"data":1000010,"lvl":5,"x":23,"y":16},{"data":1000010,"lvl":5,"x":25,"y":16},{"data":1000010,"lvl":5,"x":22,"y":16},{"data":1000010,"lvl":5,"x":21,"y":16},{"data":1000010,"lvl":5,"x":20,"y":16},{"data":1000010,"lvl":5,"x":19,"y":16},{"data":1000010,"lvl":5,"x":18,"y":16},{"data":1000010,"lvl":5,"x":17,"y":16},{"data":1000010,"lvl":5,"x":16,"y":16},{"data":1000010,"lvl":5,"x":16,"y":17},{"data":1000010,"lvl":5,"x":12,"y":20},{"data":1000010,"lvl":5,"x":16,"y":19},{"data":1000010,"lvl":5,"x":16,"y":20},{"data":1000010,"lvl":5,"x":16,"y":23},{"data":1000010,"lvl":5,"x":16,"y":24},{"data":1000010,"lvl":5,"x":16,"y":25},{"data":1000010,"lvl":5,"x":16,"y":26},{"data":1000010,"lvl":5,"x":16,"y":27},{"data":1000010,"lvl":5,"x":17,"y":27},{"data":1000010,"lvl":5,"x":18,"y":27},{"data":1000010,"lvl":5,"x":19,"y":27},{"data":1000010,"lvl":5,"x":20,"y":27},{"data":1000010,"lvl":5,"x":21,"y":27},{"data":1000010,"lvl":5,"x":22,"y":27},{"data":1000010,"lvl":5,"x":23,"y":27},{"data":1000010,"lvl":5,"x":24,"y":27},{"data":1000013,"lvl":5,"x":26,"y":22},{"data":1000013,"lvl":5,"x":26,"y":19},{"data":1000010,"lvl":5,"x":33,"y":23},{"data":1000010,"lvl":5,"x":12,"y":21},{"data":1000010,"lvl":5,"x":30,"y":20},{"data":1000010,"lvl":5,"x":12,"y":22},{"data":1000010,"lvl":5,"x":33,"y":20},{"data":1000010,"lvl":5,"x":30,"y":23},{"data":1000011,"lvl":2,"x":13,"y":23},{"data":1000011,"lvl":2,"x":13,"y":18},{"data":1000010,"lvl":5,"x":31,"y":28},{"data":1000010,"lvl":5,"x":29,"y":28},{"data":1000010,"lvl":5,"x":30,"y":28},{"data":1000010,"lvl":5,"x":28,"y":28},{"data":1000010,"lvl":5,"x":28,"y":29},{"data":1000010,"lvl":5,"x":28,"y":31},{"data":1000010,"lvl":5,"x":16,"y":31},{"data":1000010,"lvl":5,"x":16,"y":29},{"data":1000010,"lvl":5,"x":13,"y":28},{"data":1000010,"lvl":5,"x":15,"y":28},{"data":1000010,"lvl":5,"x":16,"y":28},{"data":1000010,"lvl":5,"x":16,"y":12},{"data":1000010,"lvl":5,"x":16,"y":14},{"data":1000010,"lvl":5,"x":16,"y":15},{"data":1000010,"lvl":5,"x":15,"y":15},{"data":1000010,"lvl":5,"x":13,"y":15},{"data":1000010,"lvl":5,"x":28,"y":12},{"data":1000010,"lvl":5,"x":28,"y":14},{"data":1000010,"lvl":5,"x":28,"y":15},{"data":1000010,"lvl":5,"x":29,"y":15},{"data":1000010,"lvl":5,"x":30,"y":15},{"data":1000010,"lvl":5,"x":31,"y":15},{"data":1000010,"lvl":5,"x":28,"y":25},{"data":1000012,"lvl":4,"x":20,"y":12},{"data":1000012,"lvl":4,"x":20,"y":29},{"data":1000010,"lvl":5,"x":19,"y":28},{"data":1000010,"lvl":5,"x":19,"y":29},{"data":1000010,"lvl":5,"x":19,"y":30},{"data":1000010,"lvl":5,"x":23,"y":29},{"data":1000010,"lvl":5,"x":23,"y":30},{"data":1000010,"lvl":5,"x":23,"y":31},{"data":1000010,"lvl":5,"x":23,"y":15},{"data":1000010,"lvl":5,"x":23,"y":14},{"data":1000010,"lvl":5,"x":23,"y":13},{"data":1000010,"lvl":5,"x":19,"y":12},{"data":1000010,"lvl":5,"x":19,"y":13},{"data":1000010,"lvl":5,"x":19,"y":14},{"data":1000010,"lvl":5,"x":24,"y":24},{"data":1000010,"lvl":5,"x":24,"y":23},{"data":1000010,"lvl":5,"x":24,"y":22},{"data":1000010,"lvl":5,"x":24,"y":21},{"data":1000010,"lvl":5,"x":24,"y":20},{"data":1000010,"lvl":5,"x":24,"y":19},{"data":1000010,"lvl":5,"x":24,"y":24},{"data":1000010,"lvl":5,"x":24,"y":25},{"data":1000010,"lvl":5,"x":24,"y":26},{"data":1000010,"lvl":5,"x":24,"y":16},{"data":1000010,"lvl":5,"x":24,"y":17},{"data":1000010,"lvl":5,"x":24,"y":18},{"data":1000008,"lvl":9,"x":24,"y":29},{"data":1000008,"lvl":9,"x":25,"y":12},{"data":1000005,"lvl":9,"x":17,"y":24},{"data":1000005,"lvl":9,"x":20,"y":24},{"data":1000003,"lvl":9,"x":17,"y":17},{"data":1000003,"lvl":9,"x":20,"y":17},{"data":1000018,"lvl":0,"x":17,"y":20,"units":[]},{"data":1000018,"lvl":0,"x":17,"y":22,"units":[]}],"obstacles":[{"data":8000000,"x":4,"y":24},{"data":8000003,"x":6,"y":8},{"data":8000002,"x":28,"y":9},{"data":8000003,"x":36,"y":6},{"data":8000012,"x":34,"y":36},{"data":8000006,"x":6,"y":36},{"data":8000000,"x":6,"y":38},{"data":8000000,"x":20,"y":38},{"data":8000000,"x":38,"y":26},{"data":8000000,"x":34,"y":38},{"data":8000000,"x":38,"y":38},{"data":8000000,"x":8,"y":38},{"data":8000000,"x":4,"y":38},{"data":8000000,"x":36,"y":38},{"data":8000000,"x":30,"y":38},{"data":8000000,"x":38,"y":36},{"data":8000000,"x":4,"y":26},{"data":8000000,"x":12,"y":38},{"data":8000000,"x":28,"y":38},{"data":8000000,"x":26,"y":38},{"data":8000000,"x":4,"y":34},{"data":8000000,"x":16,"y":38},{"data":8000000,"x":14,"y":38},{"data":8000000,"x":18,"y":38},{"data":8000000,"x":4,"y":22},{"data":8000000,"x":38,"y":30},{"data":8000000,"x":4,"y":28},{"data":8000000,"x":24,"y":38},{"data":8000000,"x":32,"y":38},{"data":8000000,"x":10,"y":38},{"data":8000000,"x":38,"y":28},{"data":8000000,"x":38,"y":32},{"data":8000000,"x":4,"y":30},{"data":8000000,"x":4,"y":18},{"data":8000000,"x":38,"y":34},{"data":8000000,"x":4,"y":36},{"data":8000000,"x":4,"y":32},{"data":8000000,"x":22,"y":38},{"data":8000000,"x":4,"y":20},{"data":8000000,"x":4,"y":14},{"data":8000000,"x":4,"y":12},{"data":8000000,"x":4,"y":10},{"data":8000000,"x":4,"y":8},{"data":8000000,"x":4,"y":6},{"data":8000000,"x":4,"y":4},{"data":8000000,"x":6,"y":4},{"data":8000000,"x":8,"y":4},{"data":8000000,"x":10,"y":4},{"data":8000000,"x":12,"y":4},{"data":8000000,"x":14,"y":4},{"data":8000000,"x":16,"y":4},{"data":8000000,"x":18,"y":4},{"data":8000000,"x":20,"y":4},{"data":8000000,"x":22,"y":4},{"data":8000000,"x":24,"y":4},{"data":8000000,"x":26,"y":4},{"data":8000000,"x":28,"y":4},{"data":8000000,"x":30,"y":4},{"data":8000000,"x":32,"y":4},{"data":8000000,"x":34,"y":4},{"data":8000000,"x":36,"y":4},{"data":8000000,"x":38,"y":4},{"data":8000000,"x":38,"y":6},{"data":8000000,"x":38,"y":8},{"data":8000000,"x":38,"y":10},{"data":8000000,"x":38,"y":12},{"data":8000000,"x":38,"y":14},{"data":8000000,"x":38,"y":16},{"data":8000000,"x":38,"y":18},{"data":8000000,"x":38,"y":20},{"data":8000000,"x":38,"y":22},{"data":8000000,"x":38,"y":24},{"data":8000000,"x":36,"y":36},{"data":8000000,"x":33,"y":18},{"data":8000000,"x":4,"y":16},{"data":8000000,"x":6,"y":33},{"data":8000000,"x":6,"y":17},{"data":8000000,"x":7,"y":29},{"data":8000000,"x":33,"y":24},{"data":8000002,"x":36,"y":16},{"data":8000020,"x":6,"y":22},{"data":8000020,"x":15,"y":6},{"data":8000020,"x":34,"y":30},{"data":8000020,"x":28,"y":34},{"data":8000020,"x":34,"y":9},{"data":8000020,"x":30,"y":6},{"data":8000020,"x":10,"y":34}],"traps":[{"data":12000000,"x":29,"y":19},{"data":12000000,"x":29,"y":23},{"data":12000001,"x":14,"y":15},{"data":12000001,"x":16,"y":30},{"data":12000001,"x":23,"y":12},{"data":12000001,"x":23,"y":28},{"data":12000000,"x":16,"y":22},{"data":12000000,"x":16,"y":21},{"data":12000000,"x":23,"y":17},{"data":12000000,"x":23,"y":26}],"decos":[{"data":18000002,"x":26,"y":26},{"data":18000002,"x":26,"y":16},{"data":18000001,"x":30,"y":16},{"data":18000001,"x":30,"y":26},{"data":18000002,"x":10,"y":20},{"data":18000002,"x":17,"y":35},{"data":18000002,"x":22,"y":7}],"respawnVars":{"secondsFromLastRespawn":0,"respawnSeed":1529463799,"obstacleClearCounter":0}}