{"buildings":[{"data":1000001,"id":500000000,"lvl":9,"x":15,"y":15},{"data":1000023,"id":500000001,"lvl":0,"x":29,"y":29,"res_time":28644},{"data":1000027,"id":500000002,"lvl":0,"x":26,"y":30,"attack_mode":false,"attack_mode_draft":false,"attack_mode_war":false,"attack_mode_draft_war":false,"attack_mode2":false,"attack_mode_d2":false,"attack_mode3":false,"attack_mode_d3":false,"attack_mode4":false,"attack_mode_d4":false,"attack_mode5":false,"attack_mode_d5":false,"attack_mode_chal":false,"attack_mode_dchal":false,"attack_mode_arrw":false,"attack_mode_draft_arrw":false,"ammo":1000},{"data":1000027,"id":500000003,"lvl":0,"x":30,"y":26,"attack_mode":false,"attack_mode_draft":false,"attack_mode_war":false,"attack_mode_draft_war":false,"attack_mode2":false,"attack_mode_d2":false,"attack_mode3":false,"attack_mode_d3":false,"attack_mode4":false,"attack_mode_d4":false,"attack_mode5":false,"attack_mode_d5":false,"attack_mode_chal":false,"attack_mode_dchal":false,"attack_mode_arrw":false,"attack_mode_draft_arrw":false,"ammo":1000},{"data":1000024,"id":500000004,"lvl":5,"x":26,"y":26},{"data":1000011,"id":500000005,"lvl":7,"x":17,"y":11},{"data":1000011,"id":500000006,"lvl":7,"x":21,"y":17},{"data":1000011,"id":500000007,"lvl":7,"x":17,"y":20},{"data":1000011,"id":500000008,"lvl":7,"x":10,"y":17},{"data":1000009,"id":500000009,"lvl":14,"x":11,"y":20,"attack_mode":false,"attack_mode_draft":false,"attack_mode_war":false,"attack_mode_draft_war":false,"attack_mode2":false,"attack_mode_d2":false,"attack_mode3":false,"attack_mode_d3":false,"attack_mode4":false,"attack_mode_d4":false,"attack_mode5":false,"attack_mode_d5":false,"attack_mode_chal":false,"attack_mode_dchal":false,"attack_mode_arrw":false,"attack_mode_draft_arrw":false},{"data":1000009,"id":500000010,"lvl":14,"x":20,"y":11,"attack_mode":false,"attack_mode_draft":false,"attack_mode_war":false,"attack_mode_draft_war":false,"attack_mode2":false,"attack_mode_d2":false,"attack_mode3":false,"attack_mode_d3":false,"attack_mode4":false,"attack_mode_d4":false,"attack_mode5":false,"attack_mode_d5":false,"attack_mode_chal":false,"attack_mode_dchal":false,"attack_mode_arrw":false,"attack_mode_draft_arrw":false},{"data":1000008,"id":500000011,"lvl":11,"x":21,"y":14,"attack_mode":false,"attack_mode_draft":false,"attack_mode_war":false,"attack_mode_draft_war":false,"attack_mode2":false,"attack_mode_d2":false,"attack_mode3":false,"attack_mode_d3":false,"attack_mode4":false,"attack_mode_d4":false,"attack_mode5":false,"attack_mode_d5":false,"attack_mode_chal":false,"attack_mode_dchal":false,"attack_mode_arrw":false,"attack_mode_draft_arrw":false},{"data":1000008,"id":500000012,"lvl":11,"x":14,"y":11,"attack_mode":false,"attack_mode_draft":false,"attack_mode_war":false,"attack_mode_draft_war":false,"attack_mode2":false,"attack_mode_d2":false,"attack_mode3":false,"attack_mode_d3":false,"attack_mode4":false,"attack_mode_d4":false,"attack_mode5":false,"attack_mode_d5":false,"attack_mode_chal":false,"attack_mode_dchal":false,"attack_mode_arrw":false,"attack_mode_draft_arrw":false},{"data":1000012,"id":500000013,"lvl":7,"x":11,"y":11},{"data":1000012,"id":500000014,"lvl":7,"x":20,"y":20},{"data":1000008,"id":500000015,"lvl":11,"x":14,"y":20,"attack_mode":false,"attack_mode_draft":false,"attack_mode_war":false,"attack_mode_draft_war":false,"attack_mode2":false,"attack_mode_d2":false,"attack_mode3":false,"attack_mode_d3":false,"attack_mode4":false,"attack_mode_d4":false,"attack_mode5":false,"attack_mode_d5":false,"attack_mode_chal":false,"attack_mode_dchal":false,"attack_mode_arrw":false,"attack_mode_draft_arrw":false},{"data":1000008,"id":500000016,"lvl":11,"x":10,"y":14,"attack_mode":false,"attack_mode_draft":false,"attack_mode_war":false,"attack_mode_draft_war":false,"attack_mode2":false,"attack_mode_d2":false,"attack_mode3":false,"attack_mode_d3":false,"attack_mode4":false,"attack_mode_d4":false,"attack_mode5":false,"attack_mode_d5":false,"attack_mode_chal":false,"attack_mode_dchal":false,"attack_mode_arrw":false,"attack_mode_draft_arrw":false},{"data":1000010,"id":500000017,"lvl":10,"wI":0,"wX":0,"x":23,"y":23},{"data":1000010,"id":500000018,"lvl":10,"wI":0,"wX":0,"x":23,"y":22},{"data":1000010,"id":500000019,"lvl":10,"wI":0,"wX":0,"x":23,"y":21},{"data":1000010,"id":500000020,"lvl":10,"wI":0,"wX":0,"x":23,"y":20},{"data":1000010,"id":500000021,"lvl":10,"wI":0,"wX":0,"x":24,"y":20},{"data":1000010,"id":500000022,"lvl":10,"wI":0,"wX":0,"x":24,"y":19},{"data":1000010,"id":500000023,"lvl":10,"wI":0,"wX":0,"x":24,"y":18},{"data":1000010,"id":500000024,"lvl":10,"wI":0,"wX":0,"x":24,"y":17},{"data":1000010,"id":500000025,"lvl":10,"wI":0,"wX":0,"x":24,"y":16},{"data":1000010,"id":500000026,"lvl":10,"wI":0,"wX":0,"x":24,"y":15},{"data":1000010,"id":500000027,"lvl":10,"wI":0,"wX":0,"x":24,"y":14},{"data":1000010,"id":500000028,"lvl":10,"wI":0,"wX":0,"x":23,"y":12},{"data":1000010,"id":500000029,"lvl":10,"wI":0,"wX":0,"x":23,"y":11},{"data":1000010,"id":500000030,"lvl":10,"wI":0,"wX":0,"x":23,"y":10},{"data":1000010,"id":500000031,"lvl":10,"wI":0,"wX":0,"x":22,"y":10},{"data":1000010,"id":500000032,"lvl":10,"wI":0,"wX":0,"x":21,"y":10},{"data":1000010,"id":500000033,"lvl":10,"wI":0,"wX":0,"x":20,"y":10},{"data":1000010,"id":500000034,"lvl":10,"wI":0,"wX":0,"x":19,"y":10},{"data":1000010,"id":500000035,"lvl":10,"wI":0,"wX":0,"x":18,"y":10},{"data":1000010,"id":500000036,"lvl":10,"wI":0,"wX":0,"x":16,"y":10},{"data":1000010,"id":500000037,"lvl":10,"wI":0,"wX":0,"x":17,"y":10},{"data":1000010,"id":500000038,"lvl":10,"wI":0,"wX":0,"x":15,"y":10},{"data":1000010,"id":500000039,"lvl":10,"wI":0,"wX":0,"x":14,"y":10},{"data":1000010,"id":500000040,"lvl":10,"wI":0,"wX":0,"x":13,"y":10},{"data":1000010,"id":500000041,"lvl":10,"wI":0,"wX":0,"x":12,"y":10},{"data":1000010,"id":500000042,"lvl":10,"wI":0,"wX":0,"x":11,"y":10},{"data":1000010,"id":500000043,"lvl":10,"wI":0,"wX":0,"x":10,"y":10},{"data":1000010,"id":500000044,"lvl":10,"wI":0,"wX":0,"x":10,"y":11},{"data":1000010,"id":500000045,"lvl":10,"wI":0,"wX":0,"x":10,"y":12},{"data":1000010,"id":500000046,"lvl":10,"wI":0,"wX":0,"x":10,"y":13},{"data":1000010,"id":500000047,"lvl":10,"wI":0,"wX":0,"x":9,"y":15},{"data":1000010,"id":500000048,"lvl":10,"wI":0,"wX":0,"x":9,"y":16},{"data":1000010,"id":500000049,"lvl":10,"wI":0,"wX":0,"x":9,"y":17},{"data":1000010,"id":500000050,"lvl":10,"wI":0,"wX":0,"x":9,"y":18},{"data":1000010,"id":500000051,"lvl":10,"wI":0,"wX":0,"x":9,"y":19},{"data":1000010,"id":500000052,"lvl":10,"wI":0,"wX":0,"x":9,"y":20},{"data":1000010,"id":500000053,"lvl":10,"wI":0,"wX":0,"x":10,"y":20},{"data":1000010,"id":500000054,"lvl":10,"wI":0,"wX":0,"x":10,"y":21},{"data":1000010,"id":500000055,"lvl":10,"wI":0,"wX":0,"x":10,"y":22},{"data":1000010,"id":500000056,"lvl":10,"wI":0,"wX":0,"x":10,"y":23},{"data":1000010,"id":500000057,"lvl":10,"wI":0,"wX":0,"x":11,"y":23},{"data":1000010,"id":500000058,"lvl":10,"wI":0,"wX":0,"x":12,"y":23},{"data":1000010,"id":500000059,"lvl":10,"wI":0,"wX":0,"x":13,"y":23},{"data":1000010,"id":500000060,"lvl":10,"wI":0,"wX":0,"x":14,"y":23},{"data":1000010,"id":500000061,"lvl":10,"wI":0,"wX":0,"x":15,"y":23},{"data":1000010,"id":500000062,"lvl":10,"wI":0,"wX":0,"x":16,"y":23},{"data":1000010,"id":500000063,"lvl":10,"wI":0,"wX":0,"x":17,"y":23},{"data":1000010,"id":500000064,"lvl":10,"wI":0,"wX":0,"x":18,"y":23},{"data":1000010,"id":500000065,"lvl":10,"wI":0,"wX":0,"x":19,"y":23},{"data":1000010,"id":500000066,"lvl":10,"wI":0,"wX":0,"x":20,"y":23},{"data":1000010,"id":500000067,"lvl":10,"wI":0,"wX":0,"x":21,"y":23},{"data":1000010,"id":500000068,"lvl":10,"wI":0,"wX":0,"x":22,"y":23},{"data":1000010,"id":500000069,"lvl":10,"wI":0,"wX":0,"x":25,"y":25},{"data":1000010,"id":500000070,"lvl":10,"wI":0,"wX":0,"x":26,"y":25},{"data":1000010,"id":500000071,"lvl":10,"wI":0,"wX":0,"x":27,"y":25},{"data":1000010,"id":500000072,"lvl":10,"wI":0,"wX":0,"x":28,"y":25},{"data":1000010,"id":500000073,"lvl":10,"wI":0,"wX":0,"x":29,"y":25},{"data":1000010,"id":500000074,"lvl":10,"wI":0,"wX":0,"x":30,"y":25},{"data":1000010,"id":500000075,"lvl":10,"wI":0,"wX":0,"x":31,"y":25},{"data":1000010,"id":500000076,"lvl":10,"wI":0,"wX":0,"x":32,"y":25},{"data":1000010,"id":500000077,"lvl":10,"wI":0,"wX":0,"x":32,"y":26},{"data":1000010,"id":500000078,"lvl":10,"wI":0,"wX":0,"x":32,"y":27},{"data":1000010,"id":500000079,"lvl":10,"wI":0,"wX":0,"x":32,"y":28},{"data":1000010,"id":500000080,"lvl":10,"wI":0,"wX":0,"x":32,"y":29},{"data":1000010,"id":500000081,"lvl":10,"wI":0,"wX":0,"x":32,"y":30},{"data":1000010,"id":500000082,"lvl":10,"wI":0,"wX":0,"x":32,"y":31},{"data":1000010,"id":500000083,"lvl":10,"wI":0,"wX":0,"x":32,"y":32},{"data":1000010,"id":500000084,"lvl":10,"wI":0,"wX":0,"x":31,"y":32},{"data":1000010,"id":500000085,"lvl":10,"wI":0,"wX":0,"x":30,"y":32},{"data":1000010,"id":500000086,"lvl":10,"wI":0,"wX":0,"x":29,"y":32},{"data":1000010,"id":500000087,"lvl":10,"wI":0,"wX":0,"x":28,"y":32},{"data":1000010,"id":500000088,"lvl":10,"wI":0,"wX":0,"x":27,"y":32},{"data":1000010,"id":500000089,"lvl":10,"wI":0,"wX":0,"x":26,"y":32},{"data":1000010,"id":500000090,"lvl":10,"wI":0,"wX":0,"x":25,"y":32},{"data":1000010,"id":500000091,"lvl":10,"wI":0,"wX":0,"x":25,"y":31},{"data":1000010,"id":500000092,"lvl":10,"wI":0,"wX":0,"x":25,"y":30},{"data":1000010,"id":500000093,"lvl":10,"wI":0,"wX":0,"x":25,"y":29},{"data":1000010,"id":500000094,"lvl":10,"wI":0,"wX":0,"x":25,"y":28},{"data":1000010,"id":500000095,"lvl":10,"wI":0,"wX":0,"x":25,"y":27},{"data":1000010,"id":500000096,"lvl":10,"wI":0,"wX":0,"x":25,"y":26},{"data":1000010,"id":500000097,"lvl":10,"wI":0,"wX":0,"x":24,"y":24},{"data":1000010,"id":500000098,"lvl":10,"wI":0,"wX":0,"x":25,"y":24},{"data":1000010,"id":500000104,"lvl":10,"wI":0,"wX":0,"x":31,"y":24},{"data":1000010,"id":500000105,"lvl":10,"wI":0,"wX":0,"x":33,"y":24},{"data":1000010,"id":500000106,"lvl":10,"wI":0,"wX":0,"x":33,"y":25},{"data":1000010,"id":500000107,"lvl":10,"wI":0,"wX":0,"x":32,"y":24},{"data":1000010,"id":500000108,"lvl":10,"wI":0,"wX":0,"x":33,"y":26},{"data":1000010,"id":500000113,"lvl":10,"wI":0,"wX":0,"x":33,"y":31},{"data":1000010,"id":500000114,"lvl":10,"wI":0,"wX":0,"x":33,"y":32},{"data":1000010,"id":500000115,"lvl":10,"wI":0,"wX":0,"x":33,"y":33},{"data":1000010,"id":500000116,"lvl":10,"wI":0,"wX":0,"x":32,"y":33},{"data":1000010,"id":500000117,"lvl":10,"wI":0,"wX":0,"x":31,"y":33},{"data":1000010,"id":500000122,"lvl":10,"wI":0,"wX":0,"x":26,"y":33},{"data":1000010,"id":500000123,"lvl":10,"wI":0,"wX":0,"x":25,"y":33},{"data":1000010,"id":500000124,"lvl":10,"wI":0,"wX":0,"x":24,"y":33},{"data":1000010,"id":500000125,"lvl":10,"wI":0,"wX":0,"x":24,"y":32},{"data":1000010,"id":500000126,"lvl":10,"wI":0,"wX":0,"x":24,"y":31},{"data":1000010,"id":500000132,"lvl":10,"wI":0,"wX":0,"x":24,"y":25},{"data":1000010,"id":500000133,"lvl":10,"wI":0,"wX":0,"x":24,"y":23},{"data":1000010,"id":500000135,"lvl":10,"wI":0,"wX":0,"x":23,"y":24},{"data":1000010,"id":500000137,"lvl":10,"wI":0,"wX":0,"x":24,"y":11},{"data":1000010,"id":500000138,"lvl":10,"wI":0,"wX":0,"x":24,"y":10},{"data":1000010,"id":500000139,"lvl":10,"wI":0,"wX":0,"x":24,"y":9},{"data":1000010,"id":500000140,"lvl":10,"wI":0,"wX":0,"x":23,"y":9},{"data":1000010,"id":500000141,"lvl":10,"wI":0,"wX":0,"x":22,"y":9},{"data":1000010,"id":500000142,"lvl":10,"wI":0,"wX":0,"x":11,"y":9},{"data":1000010,"id":500000143,"lvl":10,"wI":0,"wX":0,"x":10,"y":9},{"data":1000010,"id":500000144,"lvl":10,"wI":0,"wX":0,"x":9,"y":9},{"data":1000010,"id":500000145,"lvl":10,"wI":0,"wX":0,"x":9,"y":10},{"data":1000010,"id":500000146,"lvl":10,"wI":0,"wX":0,"x":9,"y":11},{"data":1000010,"id":500000148,"lvl":10,"wI":0,"wX":0,"x":9,"y":22},{"data":1000010,"id":500000149,"lvl":10,"wI":0,"wX":0,"x":9,"y":23},{"data":1000010,"id":500000150,"lvl":10,"wI":0,"wX":0,"x":9,"y":24},{"data":1000010,"id":500000151,"lvl":10,"wI":0,"wX":0,"x":10,"y":24},{"data":1000010,"id":500000152,"lvl":10,"wI":0,"wX":0,"x":11,"y":24},{"data":1000005,"id":500000153,"lvl":10,"x":18,"y":27},{"data":1000003,"id":500000154,"lvl":10,"x":28,"y":18},{"data":1000010,"id":500000155,"lvl":10,"wI":0,"wX":0,"x":27,"y":21},{"data":1000010,"id":500000156,"lvl":10,"wI":0,"wX":0,"x":28,"y":21},{"data":1000010,"id":500000157,"lvl":10,"wI":0,"wX":0,"x":29,"y":21},{"data":1000010,"id":500000158,"lvl":10,"wI":0,"wX":0,"x":30,"y":21},{"data":1000010,"id":500000159,"lvl":10,"wI":0,"wX":0,"x":31,"y":21},{"data":1000010,"id":500000160,"lvl":10,"wI":0,"wX":0,"x":31,"y":20},{"data":1000010,"id":500000161,"lvl":10,"wI":0,"wX":0,"x":31,"y":19},{"data":1000010,"id":500000162,"lvl":10,"wI":0,"wX":0,"x":31,"y":18},{"data":1000010,"id":500000163,"lvl":10,"wI":0,"wX":0,"x":31,"y":17},{"data":1000010,"id":500000164,"lvl":10,"wI":0,"wX":0,"x":30,"y":17},{"data":1000010,"id":500000165,"lvl":10,"wI":0,"wX":0,"x":29,"y":17},{"data":1000010,"id":500000166,"lvl":10,"wI":0,"wX":0,"x":28,"y":17},{"data":1000010,"id":500000167,"lvl":10,"wI":0,"wX":0,"x":27,"y":17},{"data":1000010,"id":500000168,"lvl":10,"wI":0,"wX":0,"x":27,"y":18},{"data":1000010,"id":500000169,"lvl":10,"wI":0,"wX":0,"x":27,"y":19},{"data":1000010,"id":500000170,"lvl":10,"wI":0,"wX":0,"x":27,"y":20},{"data":1000010,"id":500000171,"lvl":10,"wI":0,"wX":0,"x":17,"y":30},{"data":1000010,"id":500000172,"lvl":10,"wI":0,"wX":0,"x":18,"y":30},{"data":1000010,"id":500000173,"lvl":10,"wI":0,"wX":0,"x":19,"y":30},{"data":1000010,"id":500000174,"lvl":10,"wI":0,"wX":0,"x":20,"y":30},{"data":1000010,"id":500000175,"lvl":10,"wI":0,"wX":0,"x":21,"y":30},{"data":1000010,"id":500000176,"lvl":10,"wI":0,"wX":0,"x":21,"y":29},{"data":1000010,"id":500000177,"lvl":10,"wI":0,"wX":0,"x":21,"y":28},{"data":1000010,"id":500000178,"lvl":10,"wI":0,"wX":0,"x":21,"y":27},{"data":1000010,"id":500000179,"lvl":10,"wI":0,"wX":0,"x":21,"y":26},{"data":1000010,"id":500000180,"lvl":10,"wI":0,"wX":0,"x":20,"y":26},{"data":1000010,"id":500000181,"lvl":10,"wI":0,"wX":0,"x":19,"y":26},{"data":1000010,"id":500000182,"lvl":10,"wI":0,"wX":0,"x":18,"y":26},{"data":1000010,"id":500000183,"lvl":10,"wI":0,"wX":0,"x":17,"y":26},{"data":1000010,"id":500000184,"lvl":10,"wI":0,"wX":0,"x":17,"y":27},{"data":1000010,"id":500000185,"lvl":10,"wI":0,"wX":0,"x":17,"y":28},{"data":1000010,"id":500000186,"lvl":10,"wI":0,"wX":0,"x":17,"y":29},{"data":1000010,"id":500000187,"lvl":10,"wI":0,"wX":0,"x":16,"y":29},{"data":1000010,"id":500000188,"lvl":10,"wI":0,"wX":0,"x":16,"y":30},{"data":1000010,"id":500000189,"lvl":10,"wI":0,"wX":0,"x":16,"y":31},{"data":1000010,"id":500000190,"lvl":10,"wI":0,"wX":0,"x":17,"y":31},{"data":1000010,"id":500000191,"lvl":10,"wI":0,"wX":0,"x":18,"y":31},{"data":1000010,"id":500000192,"lvl":10,"wI":0,"wX":0,"x":32,"y":18},{"data":1000010,"id":500000193,"lvl":10,"wI":0,"wX":0,"x":32,"y":17},{"data":1000010,"id":500000194,"lvl":10,"wI":0,"wX":0,"x":32,"y":16},{"data":1000010,"id":500000195,"lvl":10,"wI":0,"wX":0,"x":31,"y":16},{"data":1000010,"id":500000196,"lvl":10,"wI":0,"wX":0,"x":30,"y":16},{"data":1000019,"id":500000198,"lvl":6,"x":27,"y":15},{"data":1000019,"id":500000199,"lvl":6,"x":15,"y":27},{"data":1000010,"id":500000200,"lvl":10,"wI":0,"wX":0,"x":23,"y":13},{"data":1000010,"id":500000201,"lvl":10,"wI":0,"wX":0,"x":24,"y":13},{"data":1000010,"id":500000202,"lvl":10,"wI":0,"wX":0,"x":9,"y":13},{"data":1000010,"id":500000203,"lvl":10,"wI":0,"wX":0,"x":9,"y":14},{"data":1000027,"id":500000204,"lvl":0,"x":13,"y":17,"attack_mode":false,"attack_mode_draft":false,"attack_mode_war":false,"attack_mode_draft_war":false,"attack_mode2":false,"attack_mode_d2":false,"attack_mode3":false,"attack_mode_d3":false,"attack_mode4":false,"attack_mode_d4":false,"attack_mode5":false,"attack_mode_d5":false,"attack_mode_chal":false,"attack_mode_dchal":false,"attack_mode_arrw":false,"attack_mode_draft_arrw":false,"ammo":1000},{"data":1000027,"id":500000205,"lvl":0,"x":19,"y":15,"attack_mode":false,"attack_mode_draft":false,"attack_mode_war":false,"attack_mode_draft_war":false,"attack_mode2":false,"attack_mode_d2":false,"attack_mode3":false,"attack_mode_d3":false,"attack_mode4":false,"attack_mode_d4":false,"attack_mode5":false,"attack_mode_d5":false,"attack_mode_chal":false,"attack_mode_dchal":false,"attack_mode_arrw":false,"attack_mode_draft_arrw":false,"ammo":1000},{"data":1000009,"id":500000206,"lvl":14,"x":32,"y":19,"attack_mode":false,"attack_mode_draft":false,"attack_mode_war":false,"attack_mode_draft_war":false,"attack_mode2":false,"attack_mode_d2":false,"attack_mode3":false,"attack_mode_d3":false,"attack_mode4":false,"attack_mode_d4":false,"attack_mode5":false,"attack_mode_d5":false,"attack_mode_chal":false,"attack_mode_dchal":false,"attack_mode_arrw":false,"attack_mode_draft_arrw":false},{"data":1000009,"id":500000207,"lvl":14,"x":19,"y":31,"attack_mode":false,"attack_mode_draft":false,"attack_mode_war":false,"attack_mode_draft_war":false,"attack_mode2":false,"attack_mode_d2":false,"attack_mode3":false,"attack_mode_d3":false,"attack_mode4":false,"attack_mode_d4":false,"attack_mode5":false,"attack_mode_d5":false,"attack_mode_chal":false,"attack_mode_dchal":false,"attack_mode_arrw":false,"attack_mode_draft_arrw":false},{"data":1000008,"id":500000208,"lvl":11,"x":33,"y":28,"attack_mode":false,"attack_mode_draft":false,"attack_mode_war":false,"attack_mode_draft_war":false,"attack_mode2":false,"attack_mode_d2":false,"attack_mode3":false,"attack_mode_d3":false,"attack_mode4":false,"attack_mode_d4":false,"attack_mode5":false,"attack_mode_d5":false,"attack_mode_chal":false,"attack_mode_dchal":false,"attack_mode_arrw":false,"attack_mode_draft_arrw":false},{"data":1000008,"id":500000209,"lvl":11,"x":28,"y":33,"attack_mode":false,"attack_mode_draft":false,"attack_mode_war":false,"attack_mode_draft_war":false,"attack_mode2":false,"attack_mode_d2":false,"attack_mode3":false,"attack_mode_d3":false,"attack_mode4":false,"attack_mode_d4":false,"attack_mode5":false,"attack_mode_d5":false,"attack_mode_chal":false,"attack_mode_dchal":false,"attack_mode_arrw":false,"attack_mode_draft_arrw":false}],"decos":[],"traps":[{"data":12000001,"id":504000001,"lvl":3,"x":13,"y":19},{"data":12000001,"id":504000002,"lvl":3,"x":13,"y":9},{"data":12000001,"id":504000006,"lvl":3,"x":21,"y":9},{"data":12000001,"id":504000007,"lvl":3,"x":24,"y":12},{"data":12000001,"id":504000012,"lvl":3,"x":21,"y":24},{"data":12000001,"id":504000013,"lvl":3,"x":24,"y":22},{"data":12000001,"id":504000018,"lvl":3,"x":9,"y":21},{"data":12000001,"id":504000019,"lvl":3,"x":9,"y":12},{"data":12000001,"id":504000022,"lvl":3,"x":19,"y":19},{"data":12000001,"id":504000024,"lvl":3,"x":13,"y":15},{"data":12000001,"id":504000028,"lvl":3,"x":19,"y":14},{"data":12000006,"id":504000029,"lvl":2,"x":8,"y":16},{"data":12000006,"id":504000030,"lvl":2,"x":16,"y":9},{"data":12000006,"id":504000031,"lvl":2,"x":25,"y":16},{"data":12000006,"id":504000032,"lvl":2,"x":17,"y":24},{"data":12000005,"id":504000033,"lvl":4,"x":22,"y":24},{"data":12000005,"id":504000034,"lvl":4,"x":25,"y":22},{"data":12000005,"id":504000035,"lvl":4,"x":25,"y":17},{"data":12000005,"id":504000036,"lvl":4,"x":25,"y":12},{"data":12000005,"id":504000037,"lvl":4,"x":16,"y":24},{"data":12000005,"id":504000038,"lvl":4,"x":12,"y":24},{"data":12000005,"id":504000039,"lvl":5,"x":8,"y":22},{"data":12000005,"id":504000040,"lvl":5,"x":22,"y":8},{"data":12000005,"id":504000041,"lvl":5,"x":8,"y":10},{"data":12000005,"id":504000042,"lvl":5,"x":10,"y":8},{"data":12000005,"id":504000043,"lvl":5,"x":8,"y":8},{"data":12000005,"id":504000044,"lvl":5,"x":32,"y":34},{"data":12000005,"id":504000045,"lvl":5,"x":34,"y":34},{"data":12000005,"id":504000046,"lvl":5,"x":34,"y":32},{"data":12000005,"id":504000047,"lvl":5,"x":34,"y":25},{"data":12000005,"id":504000048,"lvl":5,"x":25,"y":34},{"data":12000005,"id":504000049,"lvl":5,"x":23,"y":32},{"data":12000005,"id":504000050,"lvl":5,"x":32,"y":23},{"data":12000005,"id":504000051,"lvl":5,"x":34,"y":23},{"data":12000005,"id":504000052,"lvl":5,"x":23,"y":34},{"data":12000005,"id":504000053,"lvl":5,"x":31,"y":15},{"data":12000005,"id":504000054,"lvl":5,"x":33,"y":17},{"data":12000005,"id":504000055,"lvl":5,"x":33,"y":15},{"data":12000005,"id":504000056,"lvl":5,"x":15,"y":32},{"data":12000005,"id":504000057,"lvl":5,"x":17,"y":32},{"data":12000005,"id":504000058,"lvl":5,"x":15,"y":30},{"data":12000006,"id":504000059,"lvl":2,"x":17,"y":9},{"data":12000006,"id":504000060,"lvl":2,"x":8,"y":17},{"data":12000006,"id":504000061,"lvl":2,"x":22,"y":35},{"data":12000006,"id":504000062,"lvl":2,"x":35,"y":22},{"data":12000006,"id":504000063,"lvl":2,"x":24,"y":26},{"data":12000006,"id":504000064,"lvl":2,"x":26,"y":24},{"data":12000001,"id":504000065,"lvl":3,"x":33,"y":34},{"data":12000001,"id":504000066,"lvl":3,"x":34,"y":33},{"data":12000001,"id":504000067,"lvl":3,"x":33,"y":23},{"data":12000001,"id":504000068,"lvl":3,"x":34,"y":24},{"data":12000001,"id":504000069,"lvl":3,"x":23,"y":33},{"data":12000001,"id":504000070,"lvl":3,"x":24,"y":34},{"data":12000001,"id":504000071,"lvl":3,"x":32,"y":15},{"data":12000001,"id":504000072,"lvl":3,"x":33,"y":16},{"data":12000001,"id":504000073,"lvl":3,"x":16,"y":32},{"data":12000001,"id":504000074,"lvl":3,"x":15,"y":31},{"data":12000001,"id":504000075,"lvl":3,"x":8,"y":9},{"data":12000001,"id":504000076,"lvl":3,"x":9,"y":8},{"data":12000001,"id":504000077,"lvl":3,"x":25,"y":8},{"data":12000001,"id":504000078,"lvl":3,"x":8,"y":25},{"data":12000001,"id":504000079,"lvl":3,"x":18,"y":24},{"data":12000001,"id":504000080,"lvl":3,"x":15,"y":24},{"data":12000001,"id":504000081,"lvl":3,"x":25,"y":18},{"data":12000001,"id":504000082,"lvl":3,"x":25,"y":15},{"data":12000001,"id":504000083,"lvl":3,"x":18,"y":9},{"data":12000001,"id":504000084,"lvl":3,"x":15,"y":9},{"data":12000001,"id":504000085,"lvl":3,"x":8,"y":15},{"data":12000001,"id":504000086,"lvl":3,"x":8,"y":18},{"data":12000002,"id":504000087,"lvl":4,"x":25,"y":20},{"data":12000002,"id":504000088,"lvl":4,"x":27,"y":23},{"data":12000002,"id":504000089,"lvl":4,"x":29,"y":23},{"data":12000002,"id":504000090,"lvl":4,"x":23,"y":27},{"data":12000002,"id":504000091,"lvl":4,"x":23,"y":29},{"data":12000002,"id":504000092,"lvl":4,"x":19,"y":24},{"data":12000002,"id":504000093,"lvl":4,"x":26,"y":34},{"data":12000002,"id":504000094,"lvl":4,"x":34,"y":26},{"data":12000002,"id":504000095,"lvl":4,"x":32,"y":35},{"data":12000002,"id":504000096,"lvl":4,"x":35,"y":33},{"data":12000002,"id":504000097,"lvl":4,"x":25,"y":13},{"data":12000002,"id":504000098,"lvl":4,"x":13,"y":24}],"obstacles":[{"data":8000000,"id":503000015,"x":38,"y":38},{"data":8000000,"id":503000017,"x":4,"y":38},{"data":8000000,"id":503000049,"x":4,"y":4},{"data":8000000,"id":503000066,"x":38,"y":4},{"data":8000000,"id":503000135,"x":4,"y":6},{"data":8000000,"id":503000136,"x":4,"y":8},{"data":8000000,"id":503000137,"x":4,"y":10},{"data":8000000,"id":503000138,"x":4,"y":12},{"data":8000000,"id":503000139,"x":4,"y":14},{"data":8000000,"id":503000140,"x":4,"y":16},{"data":8000000,"id":503000141,"x":4,"y":18},{"data":8000000,"id":503000142,"x":4,"y":20},{"data":8000000,"id":503000143,"x":4,"y":22},{"data":8000000,"id":503000144,"x":4,"y":24},{"data":8000000,"id":503000145,"x":4,"y":26},{"data":8000000,"id":503000146,"x":4,"y":28},{"data":8000000,"id":503000147,"x":4,"y":30},{"data":8000000,"id":503000148,"x":4,"y":32},{"data":8000000,"id":503000149,"x":4,"y":34},{"data":8000000,"id":503000150,"x":4,"y":36},{"data":8000000,"id":503000151,"x":6,"y":4},{"data":8000000,"id":503000152,"x":8,"y":4},{"data":8000000,"id":503000153,"x":10,"y":4},{"data":8000000,"id":503000154,"x":12,"y":4},{"data":8000000,"id":503000155,"x":14,"y":4},{"data":8000000,"id":503000156,"x":16,"y":4},{"data":8000000,"id":503000157,"x":18,"y":4},{"data":8000000,"id":503000158,"x":20,"y":4},{"data":8000000,"id":503000159,"x":22,"y":4},{"data":8000000,"id":503000160,"x":24,"y":4},{"data":8000000,"id":503000161,"x":26,"y":4},{"data":8000000,"id":503000162,"x":28,"y":4},{"data":8000000,"id":503000163,"x":30,"y":4},{"data":8000000,"id":503000164,"x":32,"y":4},{"data":8000000,"id":503000165,"x":34,"y":4},{"data":8000000,"id":503000166,"x":36,"y":4},{"data":8000000,"id":503000167,"x":38,"y":6},{"data":8000000,"id":503000168,"x":38,"y":8},{"data":8000000,"id":503000169,"x":38,"y":10},{"data":8000000,"id":503000170,"x":38,"y":12},{"data":8000000,"id":503000171,"x":38,"y":14},{"data":8000000,"id":503000172,"x":38,"y":16},{"data":8000000,"id":503000173,"x":38,"y":18},{"data":8000000,"id":503000174,"x":38,"y":20},{"data":8000000,"id":503000175,"x":38,"y":22},{"data":8000000,"id":503000176,"x":38,"y":24},{"data":8000000,"id":503000177,"x":38,"y":26},{"data":8000000,"id":503000178,"x":38,"y":28},{"data":8000000,"id":503000179,"x":38,"y":30},{"data":8000000,"id":503000180,"x":38,"y":32},{"data":8000000,"id":503000181,"x":38,"y":34},{"data":8000000,"id":503000182,"x":38,"y":36},{"data":8000000,"id":503000183,"x":36,"y":38},{"data":8000000,"id":503000184,"x":34,"y":38},{"data":8000000,"id":503000185,"x":32,"y":38},{"data":8000000,"id":503000186,"x":30,"y":38},{"data":8000000,"id":503000187,"x":28,"y":38},{"data":8000000,"id":503000188,"x":26,"y":38},{"data":8000000,"id":503000189,"x":24,"y":38},{"data":8000000,"id":503000190,"x":22,"y":38},{"data":8000000,"id":503000191,"x":20,"y":38},{"data":8000000,"id":503000192,"x":18,"y":38},{"data":8000000,"id":503000193,"x":16,"y":38},{"data":8000000,"id":503000194,"x":14,"y":38},{"data":8000000,"id":503000195,"x":12,"y":38},{"data":8000000,"id":503000196,"x":10,"y":38},{"data":8000000,"id":503000197,"x":8,"y":38},{"data":8000000,"id":503000198,"x":6,"y":38}],"exp_ver":1}