{"buildings":[{"data":1000001,"id":500000000,"lvl":8,"x":19,"y":20,"l2x":21,"l2y":21},{"data":1000010,"id":500000001,"lvl":7,"wI":0,"wX":0,"x":9,"y":14,"l2x":11,"l2y":16},{"data":1000010,"id":500000002,"lvl":7,"wI":0,"wX":0,"x":10,"y":14,"l2x":12,"l2y":16},{"data":1000010,"id":500000003,"lvl":7,"wI":0,"wX":0,"x":10,"y":13,"l2x":12,"l2y":15},{"data":1000010,"id":500000004,"lvl":7,"wI":0,"wX":0,"x":10,"y":12,"l2x":12,"l2y":14},{"data":1000010,"id":500000005,"lvl":7,"wI":0,"wX":0,"x":10,"y":11,"l2x":12,"l2y":13},{"data":1000010,"id":500000006,"lvl":7,"wI":0,"wX":0,"x":11,"y":11,"l2x":13,"l2y":13},{"data":1000010,"id":500000007,"lvl":7,"wI":0,"wX":0,"x":12,"y":11,"l2x":14,"l2y":13},{"data":1000010,"id":500000008,"lvl":7,"wI":0,"wX":0,"x":12,"y":10,"l2x":14,"l2y":12},{"data":1000010,"id":500000009,"lvl":7,"wI":0,"wX":0,"x":12,"y":9,"l2x":14,"l2y":11},{"data":1000010,"id":500000010,"lvl":7,"wI":0,"wX":0,"x":13,"y":9,"l2x":15,"l2y":11},{"data":1000010,"id":500000011,"lvl":7,"wI":0,"wX":0,"x":14,"y":9,"l2x":16,"l2y":11},{"data":1000010,"id":500000012,"lvl":7,"wI":0,"wX":0,"x":10,"y":16,"l2x":12,"l2y":18},{"data":1000010,"id":500000013,"lvl":7,"wI":0,"wX":0,"x":11,"y":16,"l2x":13,"l2y":18},{"data":1000010,"id":500000014,"lvl":7,"wI":0,"wX":0,"x":11,"y":17,"l2x":13,"l2y":19},{"data":1000010,"id":500000015,"lvl":7,"wI":0,"wX":0,"x":11,"y":18,"l2x":13,"l2y":20},{"data":1000010,"id":500000016,"lvl":7,"wI":0,"wX":0,"x":11,"y":19,"l2x":13,"l2y":21},{"data":1000010,"id":500000017,"lvl":7,"wI":0,"wX":0,"x":11,"y":20,"l2x":13,"l2y":22},{"data":1000010,"id":500000018,"lvl":7,"wI":0,"wX":0,"x":11,"y":21,"l2x":13,"l2y":23},{"data":1000010,"id":500000019,"lvl":7,"wI":0,"wX":0,"x":9,"y":18,"l2x":11,"l2y":20},{"data":1000010,"id":500000020,"lvl":7,"wI":0,"wX":0,"x":10,"y":18,"l2x":12,"l2y":20},{"data":1000010,"id":500000021,"lvl":7,"wI":0,"wX":0,"x":9,"y":20,"l2x":11,"l2y":22},{"data":1000010,"id":500000022,"lvl":7,"wI":0,"wX":0,"x":9,"y":21,"l2x":11,"l2y":23},{"data":1000010,"id":500000023,"lvl":7,"wI":0,"wX":0,"x":9,"y":22,"l2x":11,"l2y":24},{"data":1000010,"id":500000024,"lvl":7,"wI":0,"wX":0,"x":9,"y":23,"l2x":11,"l2y":25},{"data":1000010,"id":500000025,"lvl":7,"wI":0,"wX":0,"x":10,"y":23,"l2x":12,"l2y":25},{"data":1000010,"id":500000026,"lvl":7,"wI":0,"wX":0,"x":11,"y":23,"l2x":13,"l2y":25},{"data":1000010,"id":500000027,"lvl":7,"wI":0,"wX":0,"x":12,"y":23,"l2x":14,"l2y":25},{"data":1000010,"id":500000028,"lvl":7,"wI":0,"wX":0,"x":13,"y":23,"l2x":15,"l2y":25},{"data":1000010,"id":500000029,"lvl":7,"wI":0,"wX":0,"x":13,"y":21,"l2x":15,"l2y":23},{"data":1000010,"id":500000030,"lvl":7,"wI":0,"wX":0,"x":14,"y":21,"l2x":16,"l2y":23},{"data":1000010,"id":500000031,"lvl":7,"wI":0,"wX":0,"x":15,"y":21,"l2x":17,"l2y":23},{"data":1000010,"id":500000032,"lvl":7,"wI":0,"wX":0,"x":16,"y":21,"l2x":18,"l2y":23},{"data":1000010,"id":500000033,"lvl":7,"wI":0,"wX":0,"x":13,"y":20,"l2x":15,"l2y":22},{"data":1000010,"id":500000034,"lvl":7,"wI":0,"wX":0,"x":13,"y":19,"l2x":15,"l2y":21},{"data":1000010,"id":500000035,"lvl":7,"wI":0,"wX":0,"x":13,"y":18,"l2x":15,"l2y":20},{"data":1000010,"id":500000036,"lvl":7,"wI":0,"wX":0,"x":13,"y":16,"l2x":15,"l2y":18},{"data":1000010,"id":500000037,"lvl":7,"wI":0,"wX":0,"x":14,"y":16,"l2x":16,"l2y":18},{"data":1000010,"id":500000038,"lvl":7,"wI":0,"wX":0,"x":13,"y":14,"l2x":15,"l2y":17},{"data":1000010,"id":500000039,"lvl":7,"wI":0,"wX":0,"x":12,"y":14,"l2x":15,"l2y":16},{"data":1000010,"id":500000040,"lvl":7,"wI":0,"wX":0,"x":12,"y":13,"l2x":14,"l2y":15},{"data":1000010,"id":500000041,"lvl":7,"wI":0,"wX":0,"x":13,"y":15,"l2x":15,"l2y":15},{"data":1000010,"id":500000042,"lvl":7,"wI":0,"wX":0,"x":15,"y":19,"l2x":17,"l2y":21},{"data":1000010,"id":500000043,"lvl":7,"wI":0,"wX":0,"x":16,"y":19,"l2x":18,"l2y":21},{"data":1000010,"id":500000044,"lvl":7,"wI":0,"wX":0,"x":16,"y":18,"l2x":18,"l2y":20},{"data":1000010,"id":500000045,"lvl":7,"wI":0,"wX":0,"x":16,"y":17,"l2x":18,"l2y":19},{"data":1000010,"id":500000046,"lvl":7,"wI":0,"wX":0,"x":16,"y":16,"l2x":18,"l2y":18},{"data":1000010,"id":500000047,"lvl":7,"wI":0,"wX":0,"x":17,"y":16,"l2x":19,"l2y":18},{"data":1000010,"id":500000048,"lvl":7,"wI":0,"wX":0,"x":18,"y":16,"l2x":20,"l2y":18},{"data":1000010,"id":500000049,"lvl":7,"wI":0,"wX":0,"x":18,"y":15,"l2x":20,"l2y":17},{"data":1000010,"id":500000050,"lvl":7,"wI":0,"wX":0,"x":18,"y":14,"l2x":20,"l2y":16},{"data":1000010,"id":500000051,"lvl":7,"wI":0,"wX":0,"x":18,"y":13,"l2x":20,"l2y":15},{"data":1000010,"id":500000052,"lvl":7,"wI":0,"wX":0,"x":18,"y":12,"l2x":20,"l2y":14},{"data":1000010,"id":500000053,"lvl":7,"wI":0,"wX":0,"x":18,"y":11,"l2x":20,"l2y":13},{"data":1000010,"id":500000054,"lvl":7,"wI":0,"wX":0,"x":14,"y":11,"l2x":16,"l2y":13},{"data":1000010,"id":500000055,"lvl":7,"wI":0,"wX":0,"x":15,"y":11,"l2x":17,"l2y":13},{"data":1000010,"id":500000056,"lvl":7,"wI":0,"wX":0,"x":16,"y":11,"l2x":18,"l2y":13},{"data":1000010,"id":500000057,"lvl":7,"wI":0,"wX":0,"x":17,"y":11,"l2x":19,"l2y":13},{"data":1000010,"id":500000058,"lvl":7,"wI":0,"wX":0,"x":16,"y":9,"l2x":18,"l2y":11},{"data":1000010,"id":500000059,"lvl":7,"wI":0,"wX":0,"x":17,"y":9,"l2x":19,"l2y":11},{"data":1000010,"id":500000060,"lvl":7,"wI":0,"wX":0,"x":18,"y":9,"l2x":20,"l2y":11},{"data":1000010,"id":500000061,"lvl":7,"wI":0,"wX":0,"x":19,"y":9,"l2x":21,"l2y":11},{"data":1000010,"id":500000062,"lvl":7,"wI":0,"wX":0,"x":20,"y":9,"l2x":22,"l2y":11},{"data":1000010,"id":500000063,"lvl":7,"wI":0,"wX":0,"x":21,"y":9,"l2x":23,"l2y":11},{"data":1000010,"id":500000064,"lvl":7,"wI":0,"wX":0,"x":22,"y":9,"l2x":24,"l2y":11},{"data":1000010,"id":500000065,"lvl":7,"wI":0,"wX":0,"x":22,"y":10,"l2x":24,"l2y":12},{"data":1000010,"id":500000066,"lvl":7,"wI":0,"wX":0,"x":22,"y":11,"l2x":24,"l2y":13},{"data":1000010,"id":500000067,"lvl":7,"wI":0,"wX":0,"x":22,"y":12,"l2x":24,"l2y":14},{"data":1000010,"id":500000068,"lvl":7,"wI":0,"wX":0,"x":22,"y":13,"l2x":24,"l2y":15},{"data":1000010,"id":500000069,"lvl":7,"wI":0,"wX":0,"x":22,"y":14,"l2x":24,"l2y":16},{"data":1000010,"id":500000070,"lvl":7,"wI":0,"wX":0,"x":21,"y":14,"l2x":23,"l2y":16},{"data":1000010,"id":500000071,"lvl":7,"wI":0,"wX":0,"x":20,"y":14,"l2x":22,"l2y":16},{"data":1000010,"id":500000072,"lvl":7,"wI":0,"wX":0,"x":21,"y":16,"l2x":22,"l2y":17},{"data":1000010,"id":500000073,"lvl":7,"wI":0,"wX":0,"x":20,"y":16,"l2x":22,"l2y":18},{"data":1000010,"id":500000074,"lvl":7,"wI":0,"wX":0,"x":22,"y":16,"l2x":24,"l2y":18},{"data":1000010,"id":500000075,"lvl":7,"wI":0,"wX":0,"x":23,"y":16,"l2x":25,"l2y":18},{"data":1000010,"id":500000076,"lvl":7,"wI":0,"wX":0,"x":24,"y":16,"l2x":26,"l2y":18},{"data":1000010,"id":500000078,"lvl":7,"wI":0,"wX":0,"x":24,"y":14,"l2x":26,"l2y":16},{"data":1000010,"id":500000079,"lvl":7,"wI":0,"wX":0,"x":24,"y":13,"l2x":26,"l2y":15},{"data":1000010,"id":500000080,"lvl":7,"wI":0,"wX":0,"x":24,"y":12,"l2x":26,"l2y":14},{"data":1000010,"id":500000081,"lvl":7,"wI":0,"wX":0,"x":24,"y":11,"l2x":26,"l2y":13},{"data":1000010,"id":500000082,"lvl":7,"wI":0,"wX":0,"x":24,"y":10,"l2x":26,"l2y":12},{"data":1000010,"id":500000083,"lvl":7,"wI":0,"wX":0,"x":24,"y":9,"l2x":26,"l2y":11},{"data":1000010,"id":500000084,"lvl":7,"wI":0,"wX":0,"x":26,"y":9,"l2x":28,"l2y":11},{"data":1000010,"id":500000085,"lvl":7,"wI":0,"wX":0,"x":27,"y":9,"l2x":29,"l2y":11},{"data":1000010,"id":500000086,"lvl":7,"wI":0,"wX":0,"x":28,"y":9,"l2x":30,"l2y":11},{"data":1000010,"id":500000087,"lvl":7,"wI":0,"wX":0,"x":26,"y":10,"l2x":28,"l2y":12},{"data":1000010,"id":500000088,"lvl":7,"wI":0,"wX":0,"x":26,"y":11,"l2x":28,"l2y":13},{"data":1000010,"id":500000089,"lvl":7,"wI":0,"wX":0,"x":26,"y":12,"l2x":28,"l2y":14},{"data":1000010,"id":500000090,"lvl":7,"wI":0,"wX":0,"x":26,"y":14,"l2x":28,"l2y":15},{"data":1000010,"id":500000091,"lvl":7,"wI":0,"wX":0,"x":27,"y":12,"l2x":29,"l2y":14},{"data":1000010,"id":500000092,"lvl":7,"wI":0,"wX":0,"x":28,"y":12,"l2x":30,"l2y":14},{"data":1000010,"id":500000093,"lvl":7,"wI":0,"wX":0,"x":29,"y":12,"l2x":31,"l2y":14},{"data":1000010,"id":500000094,"lvl":7,"wI":0,"wX":0,"x":30,"y":12,"l2x":32,"l2y":14},{"data":1000010,"id":500000095,"lvl":7,"wI":0,"wX":0,"x":31,"y":12,"l2x":33,"l2y":14},{"data":1000010,"id":500000096,"lvl":7,"wI":0,"wX":0,"x":32,"y":12,"l2x":34,"l2y":14},{"data":1000010,"id":500000097,"lvl":7,"wI":0,"wX":0,"x":34,"y":12,"l2x":36,"l2y":14},{"data":1000010,"id":500000098,"lvl":7,"wI":0,"wX":0,"x":35,"y":12,"l2x":37,"l2y":14},{"data":1000010,"id":500000099,"lvl":7,"wI":0,"wX":0,"x":36,"y":12,"l2x":38,"l2y":14},{"data":1000010,"id":500000100,"lvl":7,"wI":0,"wX":0,"x":36,"y":13,"l2x":38,"l2y":15},{"data":1000010,"id":500000101,"lvl":7,"wI":0,"wX":0,"x":36,"y":14,"l2x":38,"l2y":16},{"data":1000010,"id":500000102,"lvl":7,"wI":0,"wX":0,"x":36,"y":15,"l2x":38,"l2y":17},{"data":1000010,"id":500000103,"lvl":7,"wI":0,"wX":0,"x":36,"y":16,"l2x":38,"l2y":18},{"data":1000010,"id":500000104,"lvl":7,"wI":0,"wX":0,"x":36,"y":17,"l2x":38,"l2y":19},{"data":1000010,"id":500000105,"lvl":7,"wI":0,"wX":0,"x":34,"y":14,"l2x":36,"l2y":16},{"data":1000010,"id":500000106,"lvl":7,"wI":0,"wX":0,"x":34,"y":15,"l2x":36,"l2y":17},{"data":1000010,"id":500000107,"lvl":7,"wI":0,"wX":0,"x":34,"y":16,"l2x":36,"l2y":18},{"data":1000010,"id":500000108,"lvl":7,"wI":0,"wX":0,"x":34,"y":17,"l2x":36,"l2y":19},{"data":1000010,"id":500000109,"lvl":7,"wI":0,"wX":0,"x":34,"y":18,"l2x":36,"l2y":20},{"data":1000010,"id":500000110,"lvl":7,"wI":0,"wX":0,"x":34,"y":19,"l2x":36,"l2y":21},{"data":1000010,"id":500000111,"lvl":7,"wI":0,"wX":0,"x":35,"y":19,"l2x":37,"l2y":21},{"data":1000010,"id":500000112,"lvl":7,"wI":0,"wX":0,"x":36,"y":19,"l2x":38,"l2y":21},{"data":1000010,"id":500000113,"lvl":7,"wI":0,"wX":0,"x":10,"y":25,"l2x":12,"l2y":27},{"data":1000010,"id":500000114,"lvl":7,"wI":0,"wX":0,"x":9,"y":25,"l2x":11,"l2y":27},{"data":1000010,"id":500000115,"lvl":7,"wI":0,"wX":0,"x":11,"y":25,"l2x":13,"l2y":27},{"data":1000010,"id":500000116,"lvl":7,"wI":0,"wX":0,"x":11,"y":26,"l2x":13,"l2y":28},{"data":1000010,"id":500000117,"lvl":7,"wI":0,"wX":0,"x":11,"y":27,"l2x":13,"l2y":29},{"data":1000010,"id":500000118,"lvl":7,"wI":0,"wX":0,"x":11,"y":28,"l2x":13,"l2y":30},{"data":1000010,"id":500000119,"lvl":7,"wI":0,"wX":0,"x":11,"y":29,"l2x":13,"l2y":31},{"data":1000010,"id":500000120,"lvl":7,"wI":0,"wX":0,"x":11,"y":30,"l2x":13,"l2y":32},{"data":1000010,"id":500000121,"lvl":7,"wI":0,"wX":0,"x":11,"y":31,"l2x":13,"l2y":33},{"data":1000010,"id":500000122,"lvl":7,"wI":0,"wX":0,"x":12,"y":31,"l2x":14,"l2y":33},{"data":1000010,"id":500000123,"lvl":7,"wI":0,"wX":0,"x":13,"y":31,"l2x":15,"l2y":33},{"data":1000010,"id":500000125,"lvl":7,"wI":0,"wX":0,"x":15,"y":31,"l2x":17,"l2y":33},{"data":1000010,"id":500000126,"lvl":7,"wI":0,"wX":0,"x":16,"y":31,"l2x":18,"l2y":33},{"data":1000010,"id":500000127,"lvl":7,"wI":0,"wX":0,"x":16,"y":30,"l2x":18,"l2y":32},{"data":1000010,"id":500000128,"lvl":7,"wI":0,"wX":0,"x":16,"y":29,"l2x":18,"l2y":31},{"data":1000010,"id":500000129,"lvl":7,"wI":0,"wX":0,"x":16,"y":28,"l2x":18,"l2y":30},{"data":1000010,"id":500000130,"lvl":7,"wI":0,"wX":0,"x":16,"y":27,"l2x":18,"l2y":29},{"data":1000010,"id":500000131,"lvl":7,"wI":0,"wX":0,"x":16,"y":26,"l2x":18,"l2y":28},{"data":1000010,"id":500000132,"lvl":7,"wI":0,"wX":0,"x":18,"y":27,"l2x":20,"l2y":28},{"data":1000010,"id":500000133,"lvl":7,"wI":0,"wX":0,"x":19,"y":27,"l2x":21,"l2y":28},{"data":1000010,"id":500000134,"lvl":7,"wI":0,"wX":0,"x":20,"y":27,"l2x":22,"l2y":28},{"data":1000010,"id":500000135,"lvl":7,"wI":0,"wX":0,"x":22,"y":27,"l2x":23,"l2y":28},{"data":1000010,"id":500000136,"lvl":7,"wI":0,"wX":0,"x":22,"y":26,"l2x":24,"l2y":28},{"data":1000010,"id":500000137,"lvl":7,"wI":0,"wX":0,"x":23,"y":26,"l2x":25,"l2y":28},{"data":1000010,"id":500000138,"lvl":7,"wI":0,"wX":0,"x":21,"y":27,"l2x":23,"l2y":29},{"data":1000010,"id":500000139,"lvl":7,"wI":0,"wX":0,"x":21,"y":28,"l2x":23,"l2y":30},{"data":1000010,"id":500000140,"lvl":7,"wI":0,"wX":0,"x":21,"y":29,"l2x":23,"l2y":31},{"data":1000010,"id":500000141,"lvl":7,"wI":0,"wX":0,"x":21,"y":30,"l2x":23,"l2y":32},{"data":1000010,"id":500000142,"lvl":7,"wI":0,"wX":0,"x":21,"y":31,"l2x":23,"l2y":33},{"data":1000010,"id":500000143,"lvl":7,"wI":0,"wX":0,"x":21,"y":32,"l2x":23,"l2y":34},{"data":1000010,"id":500000144,"lvl":7,"wI":0,"wX":0,"x":21,"y":33,"l2x":23,"l2y":35},{"data":1000010,"id":500000145,"lvl":7,"wI":0,"wX":0,"x":21,"y":34,"l2x":23,"l2y":36},{"data":1000010,"id":500000146,"lvl":7,"wI":0,"wX":0,"x":21,"y":35,"l2x":23,"l2y":37},{"data":1000010,"id":500000147,"lvl":7,"wI":0,"wX":0,"x":22,"y":35,"l2x":24,"l2y":37},{"data":1000010,"id":500000148,"lvl":7,"wI":0,"wX":0,"x":23,"y":35,"l2x":25,"l2y":37},{"data":1000010,"id":500000149,"lvl":7,"wI":0,"wX":0,"x":24,"y":35,"l2x":26,"l2y":37},{"data":1000010,"id":500000150,"lvl":7,"wI":0,"wX":0,"x":24,"y":34,"l2x":26,"l2y":36},{"data":1000010,"id":500000151,"lvl":7,"wI":0,"wX":0,"x":24,"y":33,"l2x":26,"l2y":35},{"data":1000010,"id":500000152,"lvl":7,"wI":0,"wX":0,"x":24,"y":32,"l2x":26,"l2y":34},{"data":1000010,"id":500000154,"lvl":7,"wI":0,"wX":0,"x":18,"y":31,"l2x":20,"l2y":33},{"data":1000010,"id":500000155,"lvl":7,"wI":0,"wX":0,"x":17,"y":31,"l2x":19,"l2y":33},{"data":1000010,"id":500000156,"lvl":7,"wI":0,"wX":0,"x":19,"y":31,"l2x":21,"l2y":33},{"data":1000010,"id":500000157,"lvl":7,"wI":0,"wX":0,"x":19,"y":32,"l2x":21,"l2y":34},{"data":1000010,"id":500000158,"lvl":7,"wI":0,"wX":0,"x":19,"y":33,"l2x":21,"l2y":35},{"data":1000010,"id":500000159,"lvl":7,"wI":0,"wX":0,"x":19,"y":34,"l2x":21,"l2y":36},{"data":1000010,"id":500000160,"lvl":7,"wI":0,"wX":0,"x":18,"y":34,"l2x":20,"l2y":36},{"data":1000010,"id":500000161,"lvl":7,"wI":0,"wX":0,"x":17,"y":34,"l2x":19,"l2y":36},{"data":1000010,"id":500000162,"lvl":7,"wI":0,"wX":0,"x":17,"y":35,"l2x":19,"l2y":37},{"data":1000010,"id":500000163,"lvl":7,"wI":0,"wX":0,"x":17,"y":36,"l2x":19,"l2y":38},{"data":1000010,"id":500000164,"lvl":7,"wI":0,"wX":0,"x":20,"y":36,"l2x":23,"l2y":38},{"data":1000010,"id":500000165,"lvl":7,"wI":0,"wX":0,"x":19,"y":36,"l2x":22,"l2y":38},{"data":1000010,"id":500000167,"lvl":7,"wI":0,"wX":0,"x":15,"y":36,"l2x":17,"l2y":38},{"data":1000010,"id":500000168,"lvl":7,"wI":0,"wX":0,"x":16,"y":36,"l2x":18,"l2y":38},{"data":1000010,"id":500000170,"lvl":7,"wI":0,"wX":0,"x":13,"y":35,"l2x":15,"l2y":37},{"data":1000010,"id":500000171,"lvl":7,"wI":0,"wX":0,"x":13,"y":34,"l2x":15,"l2y":36},{"data":1000010,"id":500000172,"lvl":7,"wI":0,"wX":0,"x":14,"y":34,"l2x":16,"l2y":36},{"data":1000010,"id":500000173,"lvl":7,"wI":0,"wX":0,"x":15,"y":34,"l2x":17,"l2y":36},{"data":1000010,"id":500000175,"lvl":7,"wI":0,"wX":0,"x":12,"y":35,"l2x":13,"l2y":38},{"data":1000010,"id":500000176,"lvl":7,"wI":0,"wX":0,"x":11,"y":35,"l2x":13,"l2y":37},{"data":1000010,"id":500000177,"lvl":7,"wI":0,"wX":0,"x":10,"y":35,"l2x":12,"l2y":37},{"data":1000010,"id":500000178,"lvl":7,"wI":0,"wX":0,"x":9,"y":35,"l2x":11,"l2y":37},{"data":1000010,"id":500000179,"lvl":7,"wI":0,"wX":0,"x":9,"y":34,"l2x":10,"l2y":37},{"data":1000010,"id":500000180,"lvl":7,"wI":0,"wX":0,"x":9,"y":33,"l2x":10,"l2y":35},{"data":1000010,"id":500000181,"lvl":7,"wI":0,"wX":0,"x":9,"y":32,"l2x":10,"l2y":34},{"data":1000010,"id":500000182,"lvl":7,"wI":0,"wX":0,"x":9,"y":31,"l2x":10,"l2y":33},{"data":1000010,"id":500000183,"lvl":7,"wI":0,"wX":0,"x":9,"y":30,"l2x":10,"l2y":32},{"data":1000010,"id":500000184,"lvl":7,"wI":0,"wX":0,"x":8,"y":29,"l2x":10,"l2y":31},{"data":1000010,"id":500000185,"lvl":7,"wI":0,"wX":0,"x":8,"y":28,"l2x":10,"l2y":30},{"data":1000010,"id":500000186,"lvl":7,"wI":0,"wX":0,"x":8,"y":27,"l2x":10,"l2y":29},{"data":1000010,"id":500000187,"lvl":7,"wI":0,"wX":0,"x":9,"y":27,"l2x":11,"l2y":29},{"data":1000010,"id":500000188,"lvl":7,"wI":0,"wX":0,"x":33,"y":14,"l2x":35,"l2y":16},{"data":1000010,"id":500000189,"lvl":7,"wI":0,"wX":0,"x":32,"y":14,"l2x":34,"l2y":16},{"data":1000010,"id":500000190,"lvl":7,"wI":0,"wX":0,"x":31,"y":14,"l2x":33,"l2y":16},{"data":1000010,"id":500000191,"lvl":7,"wI":0,"wX":0,"x":30,"y":14,"l2x":32,"l2y":16},{"data":1000010,"id":500000192,"lvl":7,"wI":0,"wX":0,"x":29,"y":14,"l2x":31,"l2y":16},{"data":1000010,"id":500000193,"lvl":7,"wI":0,"wX":0,"x":28,"y":14,"l2x":30,"l2y":16},{"data":1000010,"id":500000194,"lvl":7,"wI":0,"wX":0,"x":28,"y":15,"l2x":30,"l2y":17},{"data":1000010,"id":500000195,"lvl":7,"wI":0,"wX":0,"x":28,"y":16,"l2x":30,"l2y":18},{"data":1000010,"id":500000196,"lvl":7,"wI":0,"wX":0,"x":28,"y":17,"l2x":30,"l2y":19},{"data":1000010,"id":500000197,"lvl":7,"wI":0,"wX":0,"x":28,"y":18,"l2x":30,"l2y":20},{"data":1000010,"id":500000198,"lvl":7,"wI":0,"wX":0,"x":30,"y":18,"l2x":31,"l2y":20},{"data":1000010,"id":500000199,"lvl":7,"wI":0,"wX":0,"x":31,"y":18,"l2x":32,"l2y":20},{"data":1000010,"id":500000200,"lvl":7,"wI":0,"wX":0,"x":33,"y":18,"l2x":35,"l2y":20},{"data":1000010,"id":500000201,"lvl":7,"wI":0,"wX":0,"x":32,"y":18,"l2x":34,"l2y":20},{"data":1000010,"id":500000202,"lvl":7,"wI":0,"wX":0,"x":34,"y":20,"l2x":36,"l2y":22},{"data":1000010,"id":500000203,"lvl":7,"wI":0,"wX":0,"x":34,"y":22,"l2x":36,"l2y":24},{"data":1000010,"id":500000204,"lvl":7,"wI":0,"wX":0,"x":35,"y":22,"l2x":37,"l2y":24},{"data":1000010,"id":500000205,"lvl":7,"wI":0,"wX":0,"x":36,"y":22,"l2x":38,"l2y":24},{"data":1000010,"id":500000206,"lvl":7,"wI":0,"wX":0,"x":37,"y":22,"l2x":39,"l2y":24},{"data":1000010,"id":500000207,"lvl":7,"wI":0,"wX":0,"x":37,"y":23,"l2x":39,"l2y":25},{"data":1000010,"id":500000208,"lvl":7,"wI":0,"wX":0,"x":37,"y":24,"l2x":39,"l2y":26},{"data":1000010,"id":500000209,"lvl":7,"wI":0,"wX":0,"x":37,"y":25,"l2x":39,"l2y":27},{"data":1000010,"id":500000210,"lvl":7,"wI":0,"wX":0,"x":37,"y":26,"l2x":39,"l2y":28},{"data":1000010,"id":500000211,"lvl":7,"wI":0,"wX":0,"x":36,"y":26,"l2x":38,"l2y":28},{"data":1000010,"id":500000212,"lvl":7,"wI":0,"wX":0,"x":35,"y":26,"l2x":37,"l2y":28},{"data":1000010,"id":500000213,"lvl":7,"wI":0,"wX":0,"x":37,"y":28,"l2x":39,"l2y":30},{"data":1000010,"id":500000214,"lvl":7,"wI":0,"wX":0,"x":38,"y":28,"l2x":40,"l2y":30},{"data":1000010,"id":500000215,"lvl":7,"wI":0,"wX":0,"x":36,"y":28,"l2x":38,"l2y":30},{"data":1000010,"id":500000216,"lvl":7,"wI":0,"wX":0,"x":35,"y":28,"l2x":37,"l2y":30},{"data":1000010,"id":500000217,"lvl":7,"wI":0,"wX":0,"x":34,"y":28,"l2x":36,"l2y":30},{"data":1000010,"id":500000218,"lvl":7,"wI":0,"wX":0,"x":37,"y":29,"l2x":39,"l2y":31},{"data":1000010,"id":500000219,"lvl":7,"wI":0,"wX":0,"x":37,"y":30,"l2x":39,"l2y":32},{"data":1000010,"id":500000220,"lvl":7,"wI":0,"wX":0,"x":37,"y":31,"l2x":39,"l2y":33},{"data":1000010,"id":500000221,"lvl":7,"wI":0,"wX":0,"x":37,"y":32,"l2x":39,"l2y":34},{"data":1000010,"id":500000222,"lvl":7,"wI":0,"wX":0,"x":36,"y":32,"l2x":38,"l2y":34},{"data":1000010,"id":500000223,"lvl":7,"wI":0,"wX":0,"x":35,"y":32,"l2x":37,"l2y":34},{"data":1000010,"id":500000224,"lvl":7,"wI":0,"wX":0,"x":34,"y":32,"l2x":36,"l2y":34},{"data":1000010,"id":500000225,"lvl":7,"wI":0,"wX":0,"x":33,"y":32,"l2x":35,"l2y":34},{"data":1000010,"id":500000226,"lvl":7,"wI":0,"wX":0,"x":31,"y":32,"l2x":33,"l2y":34},{"data":1000010,"id":500000227,"lvl":7,"wI":0,"wX":0,"x":30,"y":32,"l2x":32,"l2y":34},{"data":1000010,"id":500000228,"lvl":7,"wI":0,"wX":0,"x":29,"y":32,"l2x":31,"l2y":34},{"data":1000010,"id":500000229,"lvl":7,"wI":0,"wX":0,"x":28,"y":32,"l2x":30,"l2y":34},{"data":1000010,"id":500000231,"lvl":7,"wI":0,"wX":0,"x":26,"y":32,"l2x":28,"l2y":34},{"data":1000010,"id":500000232,"lvl":7,"wI":0,"wX":0,"x":26,"y":31,"l2x":28,"l2y":33},{"data":1000010,"id":500000233,"lvl":7,"wI":0,"wX":0,"x":26,"y":30,"l2x":28,"l2y":32},{"data":1000010,"id":500000234,"lvl":7,"wI":0,"wX":0,"x":26,"y":29,"l2x":28,"l2y":31},{"data":1000010,"id":500000235,"lvl":7,"wI":0,"wX":0,"x":26,"y":28,"l2x":28,"l2y":30},{"data":1000010,"id":500000236,"lvl":7,"wI":0,"wX":0,"x":18,"y":26,"l2x":25,"l2y":30},{"data":1000010,"id":500000237,"lvl":7,"wI":0,"wX":0,"x":24,"y":28,"l2x":26,"l2y":30},{"data":1000010,"id":500000238,"lvl":7,"wI":0,"wX":0,"x":25,"y":28,"l2x":27,"l2y":30},{"data":1000010,"id":500000239,"lvl":7,"wI":0,"wX":0,"x":26,"y":33,"l2x":28,"l2y":35},{"data":1000010,"id":500000240,"lvl":7,"wI":0,"wX":0,"x":26,"y":34,"l2x":28,"l2y":36},{"data":1000010,"id":500000241,"lvl":7,"wI":0,"wX":0,"x":29,"y":37,"l2x":28,"l2y":37},{"data":1000010,"id":500000242,"lvl":7,"wI":0,"wX":0,"x":31,"y":33,"l2x":33,"l2y":35},{"data":1000010,"id":500000243,"lvl":7,"wI":0,"wX":0,"x":31,"y":34,"l2x":33,"l2y":36},{"data":1000010,"id":500000244,"lvl":7,"wI":0,"wX":0,"x":33,"y":31,"l2x":35,"l2y":33},{"data":1000010,"id":500000245,"lvl":7,"wI":0,"wX":0,"x":33,"y":30,"l2x":35,"l2y":32},{"data":1000010,"id":500000246,"lvl":7,"wI":0,"wX":0,"x":33,"y":28,"l2x":35,"l2y":30},{"data":1000010,"id":500000247,"lvl":7,"wI":0,"wX":0,"x":32,"y":28,"l2x":34,"l2y":30},{"data":1000010,"id":500000248,"lvl":7,"wI":0,"wX":0,"x":31,"y":28,"l2x":33,"l2y":30},{"data":1000010,"id":500000249,"lvl":7,"wI":0,"wX":0,"x":30,"y":28,"l2x":32,"l2y":30},{"data":1000010,"id":500000250,"lvl":7,"wI":0,"wX":0,"x":30,"y":29,"l2x":32,"l2y":31},{"data":1000010,"id":500000251,"lvl":7,"wI":0,"wX":0,"x":30,"y":30,"l2x":32,"l2y":32},{"data":1000010,"id":500000252,"lvl":7,"wI":0,"wX":0,"x":28,"y":30,"l2x":30,"l2y":32},{"data":1000010,"id":500000253,"lvl":7,"wI":0,"wX":0,"x":28,"y":29,"l2x":30,"l2y":31},{"data":1000010,"id":500000254,"lvl":7,"wI":0,"wX":0,"x":28,"y":28,"l2x":30,"l2y":30},{"data":1000010,"id":500000255,"lvl":7,"wI":0,"wX":0,"x":28,"y":27,"l2x":30,"l2y":29},{"data":1000010,"id":500000256,"lvl":7,"wI":0,"wX":0,"x":28,"y":26,"l2x":30,"l2y":28},{"data":1000010,"id":500000257,"lvl":7,"wI":0,"wX":0,"x":27,"y":26,"l2x":29,"l2y":28},{"data":1000010,"id":500000258,"lvl":7,"wI":0,"wX":0,"x":25,"y":26,"l2x":28,"l2y":28},{"data":1000010,"id":500000259,"lvl":7,"wI":0,"wX":0,"x":24,"y":26,"l2x":27,"l2y":28},{"data":1000010,"id":500000260,"lvl":7,"wI":0,"wX":0,"x":29,"y":26,"l2x":31,"l2y":28},{"data":1000010,"id":500000261,"lvl":7,"wI":0,"wX":0,"x":30,"y":26,"l2x":32,"l2y":28},{"data":1000010,"id":500000262,"lvl":7,"wI":0,"wX":0,"x":31,"y":26,"l2x":33,"l2y":28},{"data":1000010,"id":500000263,"lvl":7,"wI":0,"wX":0,"x":32,"y":26,"l2x":34,"l2y":28},{"data":1000010,"id":500000264,"lvl":7,"wI":0,"wX":0,"x":33,"y":26,"l2x":35,"l2y":28},{"data":1000010,"id":500000265,"lvl":7,"wI":0,"wX":0,"x":32,"y":25,"l2x":34,"l2y":27},{"data":1000010,"id":500000266,"lvl":7,"wI":0,"wX":0,"x":32,"y":24,"l2x":34,"l2y":26},{"data":1000010,"id":500000267,"lvl":7,"wI":0,"wX":0,"x":32,"y":23,"l2x":34,"l2y":25},{"data":1000010,"id":500000268,"lvl":7,"wI":0,"wX":0,"x":32,"y":22,"l2x":34,"l2y":24},{"data":1000010,"id":500000269,"lvl":7,"wI":0,"wX":0,"x":32,"y":21,"l2x":34,"l2y":23},{"data":1000010,"id":500000270,"lvl":7,"wI":0,"wX":0,"x":32,"y":20,"l2x":34,"l2y":22},{"data":1000010,"id":500000271,"lvl":7,"wI":0,"wX":0,"x":31,"y":20,"l2x":33,"l2y":22},{"data":1000010,"id":500000272,"lvl":7,"wI":0,"wX":0,"x":30,"y":20,"l2x":32,"l2y":22},{"data":1000010,"id":500000273,"lvl":7,"wI":0,"wX":0,"x":29,"y":20,"l2x":31,"l2y":22},{"data":1000010,"id":500000274,"lvl":7,"wI":0,"wX":0,"x":28,"y":20,"l2x":30,"l2y":22},{"data":1000010,"id":500000275,"lvl":7,"wI":0,"wX":0,"x":27,"y":20,"l2x":29,"l2y":22},{"data":1000010,"id":500000276,"lvl":7,"wI":0,"wX":0,"x":26,"y":20,"l2x":28,"l2y":22},{"data":1000010,"id":500000277,"lvl":7,"wI":0,"wX":0,"x":25,"y":14,"l2x":28,"l2y":21},{"data":1000010,"id":500000278,"lvl":7,"wI":0,"wX":0,"x":26,"y":18,"l2x":28,"l2y":20},{"data":1000010,"id":500000279,"lvl":7,"wI":0,"wX":0,"x":26,"y":17,"l2x":28,"l2y":19},{"data":1000010,"id":500000280,"lvl":7,"wI":0,"wX":0,"x":26,"y":16,"l2x":28,"l2y":18},{"data":1000010,"id":500000281,"lvl":7,"wI":0,"wX":0,"x":26,"y":15,"l2x":28,"l2y":17},{"data":1000010,"id":500000282,"lvl":7,"wI":0,"wX":0,"x":8,"y":11,"l2x":10,"l2y":13},{"data":1000010,"id":500000283,"lvl":7,"wI":0,"wX":0,"x":9,"y":11,"l2x":11,"l2y":13},{"data":1000010,"id":500000284,"lvl":7,"wI":0,"wX":0,"x":8,"y":10,"l2x":10,"l2y":12},{"data":1000010,"id":500000285,"lvl":7,"wI":0,"wX":0,"x":8,"y":9,"l2x":10,"l2y":11},{"data":1000010,"id":500000286,"lvl":7,"wI":0,"wX":0,"x":8,"y":8,"l2x":10,"l2y":10},{"data":1000010,"id":500000287,"lvl":7,"wI":0,"wX":0,"x":9,"y":8,"l2x":11,"l2y":10},{"data":1000010,"id":500000288,"lvl":7,"wI":0,"wX":0,"x":10,"y":8,"l2x":12,"l2y":10},{"data":1000010,"id":500000289,"lvl":7,"wI":0,"wX":0,"x":29,"y":9,"l2x":31,"l2y":11},{"data":1000010,"id":500000290,"lvl":7,"wI":0,"wX":0,"x":30,"y":9,"l2x":32,"l2y":11},{"data":1000010,"id":500000291,"lvl":7,"wI":0,"wX":0,"x":36,"y":11,"l2x":38,"l2y":13},{"data":1000010,"id":500000292,"lvl":7,"wI":0,"wX":0,"x":34,"y":11,"l2x":36,"l2y":13},{"data":1000010,"id":500000293,"lvl":7,"wI":0,"wX":0,"x":34,"y":10,"l2x":36,"l2y":12},{"data":1000010,"id":500000294,"lvl":7,"wI":0,"wX":0,"x":34,"y":9,"l2x":36,"l2y":11},{"data":1000010,"id":500000295,"lvl":7,"wI":0,"wX":0,"x":35,"y":9,"l2x":37,"l2y":11},{"data":1000010,"id":500000296,"lvl":7,"wI":0,"wX":0,"x":36,"y":9,"l2x":38,"l2y":11},{"data":1000010,"id":500000297,"lvl":7,"wI":0,"wX":0,"x":32,"y":9,"l2x":34,"l2y":11},{"data":1000010,"id":500000298,"lvl":7,"wI":0,"wX":0,"x":32,"y":10,"l2x":34,"l2y":12},{"data":1000010,"id":500000299,"lvl":7,"wI":0,"wX":0,"x":31,"y":9,"l2x":33,"l2y":11},{"data":1000010,"id":500000300,"lvl":7,"wI":0,"wX":0,"x":29,"y":11,"l2x":31,"l2y":13},{"data":1000010,"id":500000301,"lvl":7,"wI":0,"wX":0,"x":28,"y":21,"l2x":30,"l2y":23},{"data":1000010,"id":500000302,"lvl":7,"wI":0,"wX":0,"x":28,"y":22,"l2x":30,"l2y":24},{"data":1000010,"id":500000303,"lvl":7,"wI":0,"wX":0,"x":28,"y":23,"l2x":30,"l2y":25},{"data":1000010,"id":500000304,"lvl":7,"wI":0,"wX":0,"x":28,"y":24,"l2x":30,"l2y":26},{"data":1000010,"id":500000305,"lvl":7,"wI":0,"wX":0,"x":31,"y":35,"l2x":33,"l2y":37},{"data":1000010,"id":500000306,"lvl":7,"wI":0,"wX":0,"x":31,"y":37,"l2x":33,"l2y":38},{"data":1000010,"id":500000307,"lvl":7,"wI":0,"wX":0,"x":32,"y":37,"l2x":34,"l2y":38},{"data":1000010,"id":500000308,"lvl":7,"wI":0,"wX":0,"x":33,"y":37,"l2x":35,"l2y":38},{"data":1000010,"id":500000309,"lvl":7,"wI":0,"wX":0,"x":33,"y":35,"l2x":36,"l2y":38},{"data":1000010,"id":500000310,"lvl":7,"wI":0,"wX":0,"x":33,"y":36,"l2x":37,"l2y":38},{"data":1000010,"id":500000311,"lvl":7,"wI":0,"wX":0,"x":27,"y":34,"l2x":29,"l2y":36},{"data":1000010,"id":500000312,"lvl":7,"wI":0,"wX":0,"x":28,"y":34,"l2x":30,"l2y":36},{"data":1000010,"id":500000313,"lvl":7,"wI":0,"wX":0,"x":29,"y":34,"l2x":31,"l2y":36},{"data":1000010,"id":500000314,"lvl":7,"wI":0,"wX":0,"x":29,"y":35,"l2x":31,"l2y":37},{"data":1000010,"id":500000315,"lvl":7,"wI":0,"wX":0,"x":29,"y":36,"l2x":31,"l2y":38},{"data":1000005,"id":500000317,"lvl":7,"x":29,"y":21,"l2x":31,"l2y":23},{"data":1000003,"id":500000318,"lvl":7,"x":13,"y":27,"l2x":15,"l2y":29},{"data":1000019,"id":500000319,"lvl":6,"x":27,"y":10,"l2x":29,"l2y":12},{"data":1000019,"id":500000320,"lvl":6,"x":22,"y":33,"l2x":24,"l2y":35},{"data":1000019,"id":500000321,"lvl":6,"x":9,"y":9,"l2x":11,"l2y":11},{"data":1000019,"id":500000322,"lvl":6,"x":9,"y":28,"l2x":11,"l2y":30},{"data":1000012,"id":500000323,"lvl":6,"x":17,"y":28,"l2x":19,"l2y":30},{"data":1000012,"id":500000326,"lvl":6,"x":24,"y":22,"l2x":26,"l2y":24},{"data":1000012,"id":500000327,"lvl":6,"x":19,"y":10,"l2x":21,"l2y":12},{"data":1000011,"id":500000328,"lvl":7,"x":29,"y":15,"l2x":31,"l2y":17},{"data":1000011,"id":500000329,"lvl":7,"x":14,"y":23,"l2x":16,"l2y":25},{"data":1000011,"id":500000330,"lvl":7,"x":34,"y":29,"l2x":36,"l2y":31},{"data":1000021,"id":500000331,"lvl":2,"x":23,"y":29,"attack_mode":false,"attack_mode_draft":false,"attack_mode_war":false,"attack_mode_draft_war":false,"attack_mode2":false,"attack_mode_d2":false,"attack_mode3":false,"attack_mode_d3":false,"attack_mode4":false,"attack_mode_d4":false,"attack_mode5":false,"attack_mode_d5":false,"attack_mode_chal":false,"attack_mode_dchal":false,"attack_mode_arrw":false,"attack_mode_draft_arrw":false,"ammo":1500,"l2x":24,"l2y":31},{"data":1000021,"id":500000332,"lvl":2,"x":23,"y":17,"attack_mode":false,"attack_mode_draft":false,"attack_mode_war":false,"attack_mode_draft_war":false,"attack_mode2":false,"attack_mode_d2":false,"attack_mode3":false,"attack_mode_d3":false,"attack_mode4":false,"attack_mode_d4":false,"attack_mode5":false,"attack_mode_d5":false,"attack_mode_chal":false,"attack_mode_dchal":false,"attack_mode_arrw":false,"attack_mode_draft_arrw":false,"ammo":1500,"l2x":25,"l2y":19},{"data":1000009,"id":500000333,"lvl":10,"x":15,"y":12,"attack_mode":false,"attack_mode_draft":false,"attack_mode_war":false,"attack_mode_draft_war":false,"attack_mode2":false,"attack_mode_d2":false,"attack_mode3":false,"attack_mode_d3":false,"attack_mode4":false,"attack_mode_d4":false,"attack_mode5":false,"attack_mode_d5":false,"attack_mode_chal":false,"attack_mode_dchal":false,"attack_mode_arrw":false,"attack_mode_draft_arrw":false,"l2x":17,"l2y":14},{"data":1000009,"id":500000334,"lvl":10,"x":10,"y":32,"attack_mode":false,"attack_mode_draft":false,"attack_mode_war":false,"attack_mode_draft_war":false,"attack_mode2":false,"attack_mode_d2":false,"attack_mode3":false,"attack_mode_d3":false,"attack_mode4":false,"attack_mode_d4":false,"attack_mode5":false,"attack_mode_d5":false,"attack_mode_chal":false,"attack_mode_dchal":false,"attack_mode_arrw":false,"attack_mode_draft_arrw":false,"l2x":12,"l2y":34},{"data":1000009,"id":500000335,"lvl":10,"x":33,"y":23,"attack_mode":false,"attack_mode_draft":false,"attack_mode_war":false,"attack_mode_draft_war":false,"attack_mode2":false,"attack_mode_d2":false,"attack_mode3":false,"attack_mode_d3":false,"attack_mode4":false,"attack_mode_d4":false,"attack_mode5":false,"attack_mode_d5":false,"attack_mode_chal":false,"attack_mode_dchal":false,"attack_mode_arrw":false,"attack_mode_draft_arrw":false,"l2x":35,"l2y":25},{"data":1000019,"id":500000336,"lvl":6,"x":14,"y":17,"l2x":16,"l2y":19},{"data":1000032,"id":500000337,"lvl":1,"x":19,"y":24,"l2x":21,"l2y":25},{"data":1000010,"id":500000338,"lvl":7,"wI":0,"wX":0,"x":21,"y":36},{"data":1000010,"id":500000339,"lvl":7,"wI":0,"wX":0,"x":31,"y":36},{"data":1000032,"id":500000340,"lvl":1,"x":19,"y":17},{"data":1000010,"id":500000341,"lvl":7,"wI":0,"wX":0,"x":19,"y":16},{"data":1000010,"id":500000342,"lvl":7,"wI":0,"wX":0,"x":13,"y":24},{"data":1000010,"id":500000343,"lvl":7,"wI":0,"wX":0,"x":13,"y":25},{"data":1000010,"id":500000344,"lvl":7,"wI":0,"wX":0,"x":13,"y":26},{"data":1000010,"id":500000345,"lvl":7,"wI":0,"wX":0,"x":33,"y":34},{"data":1000010,"id":500000346,"lvl":7,"wI":0,"wX":0,"x":34,"y":34},{"data":1000010,"id":500000347,"lvl":7,"wI":0,"wX":0,"x":35,"y":34},{"data":1000010,"id":500000348,"lvl":7,"wI":0,"wX":0,"x":36,"y":34},{"data":1000010,"id":500000349,"lvl":7,"wI":0,"wX":0,"x":37,"y":34},{"data":1000010,"id":500000350,"lvl":7,"wI":0,"wX":0,"x":28,"y":37},{"data":1000010,"id":500000351,"lvl":7,"wI":0,"wX":0,"x":27,"y":37},{"data":1000010,"id":500000352,"lvl":7,"wI":0,"wX":0,"x":26,"y":37},{"data":1000010,"id":500000353,"lvl":7,"wI":0,"wX":0,"x":25,"y":37},{"data":1000010,"id":500000354,"lvl":7,"wI":0,"wX":0,"x":24,"y":37},{"data":1000010,"id":500000355,"lvl":7,"wI":0,"wX":0,"x":23,"y":37},{"data":1000010,"id":500000356,"lvl":7,"wI":0,"wX":0,"x":13,"y":32},{"data":1000010,"id":500000357,"lvl":7,"wI":0,"wX":0,"x":15,"y":37},{"data":1000010,"id":500000358,"lvl":7,"wI":0,"wX":0,"x":14,"y":37},{"data":1000010,"id":500000359,"lvl":7,"wI":0,"wX":0,"x":13,"y":37},{"data":1000010,"id":500000360,"lvl":7,"wI":0,"wX":0,"x":12,"y":37},{"data":1000010,"id":500000361,"lvl":7,"wI":0,"wX":0,"x":11,"y":37},{"data":1000010,"id":500000362,"lvl":7,"wI":0,"wX":0,"x":10,"y":37},{"data":1000010,"id":500000363,"lvl":7,"wI":0,"wX":0,"x":9,"y":37},{"data":1000010,"id":500000364,"lvl":7,"wI":0,"wX":0,"x":8,"y":30},{"data":1000010,"id":500000365,"lvl":7,"wI":0,"wX":0,"x":8,"y":25},{"data":1000019,"id":500000366,"lvl":6,"x":27,"y":35},{"data":1000010,"id":500000367,"lvl":7,"wI":0,"wX":0,"x":17,"y":21},{"data":1000010,"id":500000368,"lvl":7,"wI":0,"wX":0,"x":17,"y":19},{"data":1000010,"id":500000369,"lvl":7,"wI":0,"wX":0,"x":18,"y":25},{"data":1000010,"id":500000370,"lvl":7,"wI":0,"wX":0,"x":25,"y":20},{"data":1000010,"id":500000371,"lvl":7,"wI":0,"wX":0,"x":24,"y":20},{"data":1000010,"id":500000372,"lvl":7,"wI":0,"wX":0,"x":14,"y":26},{"data":1000010,"id":500000373,"lvl":7,"wI":0,"wX":0,"x":15,"y":22}],"decos":[],"traps":[{"data":12000001,"id":504000000,"lvl":4,"x":9,"y":19,"l2x":11,"l2y":21},{"data":12000001,"id":504000001,"lvl":4,"x":10,"y":19,"l2x":12,"l2y":21},{"data":12000001,"id":504000002,"lvl":4,"x":11,"y":22,"l2x":13,"l2y":24},{"data":12000001,"id":504000003,"lvl":4,"x":33,"y":10,"l2x":35,"l2y":12},{"data":12000001,"id":504000004,"lvl":4,"x":23,"y":9,"l2x":25,"l2y":11},{"data":12000001,"id":504000005,"lvl":4,"x":23,"y":15,"l2x":25,"l2y":17},{"data":12000001,"id":504000006,"lvl":4,"x":25,"y":9,"l2x":27,"l2y":11},{"data":12000001,"id":504000007,"lvl":4,"x":25,"y":11,"l2x":27,"l2y":13},{"data":12000001,"id":504000008,"lvl":4,"x":15,"y":9,"l2x":17,"l2y":11},{"data":12000001,"id":504000009,"lvl":4,"x":20,"y":34,"l2x":22,"l2y":36},{"data":12000001,"id":504000010,"lvl":4,"x":29,"y":19,"l2x":31,"l2y":21},{"data":12000001,"id":504000011,"lvl":4,"x":20,"y":32,"l2x":22,"l2y":34},{"data":12000001,"id":504000012,"lvl":4,"x":25,"y":33,"l2x":27,"l2y":35},{"data":12000001,"id":504000013,"lvl":4,"x":25,"y":32,"l2x":27,"l2y":34},{"data":12000001,"id":504000014,"lvl":4,"x":10,"y":15,"l2x":12,"l2y":17},{"data":12000001,"id":504000015,"lvl":4,"x":16,"y":35,"l2x":18,"l2y":37},{"data":12000001,"id":504000016,"lvl":4,"x":15,"y":35,"l2x":17,"l2y":37},{"data":12000001,"id":504000017,"lvl":4,"x":9,"y":26,"l2x":11,"l2y":28},{"data":12000001,"id":504000018,"lvl":4,"x":29,"y":28,"l2x":31,"l2y":30},{"data":12000001,"id":504000019,"lvl":4,"x":35,"y":27,"l2x":37,"l2y":29},{"data":12000001,"id":504000020,"lvl":4,"x":29,"y":27,"l2x":31,"l2y":29},{"data":12000001,"id":504000021,"lvl":4,"x":30,"y":27,"l2x":32,"l2y":29},{"data":12000001,"id":504000022,"lvl":4,"x":36,"y":27,"l2x":38,"l2y":29},{"data":12000005,"id":504000023,"lvl":2,"x":36,"y":23,"l2x":38,"l2y":25},{"data":12000005,"id":504000024,"lvl":2,"x":27,"y":31,"l2x":29,"l2y":33},{"data":12000005,"id":504000025,"lvl":2,"x":35,"y":14,"l2x":37,"l2y":16},{"data":12000005,"id":504000026,"lvl":2,"x":35,"y":15,"l2x":37,"l2y":17},{"data":12000005,"id":504000027,"lvl":2,"x":13,"y":10,"l2x":15,"l2y":12},{"data":12000005,"id":504000028,"lvl":2,"x":14,"y":10,"l2x":16,"l2y":12},{"data":12000005,"id":504000029,"lvl":2,"x":12,"y":19,"l2x":14,"l2y":21},{"data":12000005,"id":504000030,"lvl":2,"x":12,"y":20,"l2x":14,"l2y":22},{"data":12000005,"id":504000031,"lvl":2,"x":15,"y":32,"l2x":17,"l2y":34},{"data":12000005,"id":504000032,"lvl":2,"x":17,"y":18,"l2x":19,"l2y":20},{"data":12000005,"id":504000033,"lvl":2,"x":17,"y":22,"l2x":19,"l2y":24},{"data":12000008,"id":504000034,"lvl":0,"air_mode":false,"air_mode_draft":false,"air_mode_war":false,"air_mode_draft_war":false,"air_mode2":false,"air_mode_d2":false,"air_mode3":false,"air_mode_d3":false,"air_mode4":false,"air_mode_d4":false,"air_mode5":false,"air_mode_d5":false,"air_mode6":false,"air_mode_d6":false,"air_mode7":false,"air_mode_d7":false,"x":31,"y":19,"l2x":33,"l2y":21},{"data":12000008,"id":504000035,"lvl":1,"air_mode":false,"air_mode_draft":false,"air_mode_war":false,"air_mode_draft_war":false,"air_mode2":false,"air_mode_d2":false,"air_mode3":false,"air_mode_d3":false,"air_mode4":false,"air_mode_d4":false,"air_mode5":false,"air_mode_d5":false,"air_mode6":false,"air_mode_d6":false,"air_mode7":false,"air_mode_d7":false,"x":35,"y":20,"l2x":37,"l2y":22},{"data":12000008,"id":504000036,"lvl":0,"air_mode":false,"air_mode_draft":false,"air_mode_war":false,"air_mode_draft_war":false,"air_mode2":false,"air_mode_d2":false,"air_mode3":false,"air_mode_d3":false,"air_mode4":false,"air_mode_d4":false,"air_mode5":false,"air_mode_d5":false,"air_mode6":false,"air_mode_d6":false,"air_mode7":false,"air_mode_d7":false,"x":30,"y":31,"l2x":32,"l2y":33},{"data":12000008,"id":504000037,"lvl":3,"air_mode":false,"air_mode_draft":false,"air_mode_war":false,"air_mode_draft_war":false,"air_mode2":false,"air_mode_d2":false,"air_mode3":false,"air_mode_d3":false,"air_mode4":false,"air_mode_d4":false,"air_mode5":false,"air_mode_d5":false,"air_mode6":false,"air_mode_d6":false,"air_mode7":false,"air_mode_d7":false,"x":32,"y":33,"l2x":34,"l2y":35},{"data":12000008,"id":504000038,"lvl":3,"air_mode":false,"air_mode_draft":false,"air_mode_war":false,"air_mode_draft_war":false,"air_mode2":false,"air_mode_d2":false,"air_mode3":false,"air_mode_d3":false,"air_mode4":false,"air_mode_d4":false,"air_mode5":false,"air_mode_d5":false,"air_mode6":false,"air_mode_d6":false,"air_mode7":false,"air_mode_d7":false,"x":20,"y":28,"l2x":22,"l2y":29},{"data":12000008,"id":504000039,"lvl":0,"air_mode":false,"air_mode_draft":false,"air_mode_war":false,"air_mode_draft_war":false,"air_mode2":false,"air_mode_d2":false,"air_mode3":false,"air_mode_d3":false,"air_mode4":false,"air_mode_d4":false,"air_mode5":false,"air_mode_d5":false,"air_mode6":false,"air_mode_d6":false,"air_mode7":false,"air_mode_d7":false,"x":18,"y":32,"l2x":20,"l2y":34},{"data":12000008,"id":504000040,"lvl":0,"air_mode":false,"air_mode_draft":false,"air_mode_war":false,"air_mode_draft_war":false,"air_mode2":false,"air_mode_d2":false,"air_mode3":false,"air_mode_d3":false,"air_mode4":false,"air_mode_d4":false,"air_mode5":false,"air_mode_d5":false,"air_mode6":false,"air_mode_d6":false,"air_mode7":false,"air_mode_d7":false,"x":11,"y":12,"l2x":13,"l2y":14},{"data":12000008,"id":504000041,"lvl":3,"air_mode":false,"air_mode_draft":false,"air_mode_war":false,"air_mode_draft_war":false,"air_mode2":false,"air_mode_d2":false,"air_mode3":false,"air_mode_d3":false,"air_mode4":false,"air_mode_d4":false,"air_mode5":false,"air_mode_d5":false,"air_mode6":false,"air_mode_d6":false,"air_mode7":false,"air_mode_d7":false,"x":14,"y":14,"l2x":16,"l2y":16},{"data":12000008,"id":504000042,"lvl":0,"air_mode":false,"air_mode_draft":false,"air_mode_war":false,"air_mode_draft_war":false,"air_mode2":false,"air_mode_d2":false,"air_mode3":false,"air_mode_d3":false,"air_mode4":false,"air_mode_d4":false,"air_mode5":false,"air_mode_d5":false,"air_mode6":false,"air_mode_d6":false,"air_mode7":false,"air_mode_d7":false,"x":23,"y":12,"l2x":25,"l2y":14},{"data":12000008,"id":504000043,"lvl":3,"air_mode":false,"air_mode_draft":false,"air_mode_war":false,"air_mode_draft_war":false,"air_mode2":false,"air_mode_d2":false,"air_mode3":false,"air_mode_d3":false,"air_mode4":false,"air_mode_d4":false,"air_mode5":false,"air_mode_d5":false,"air_mode6":false,"air_mode_d6":false,"air_mode7":false,"air_mode_d7":false,"x":27,"y":13,"l2x":23,"l2y":18},{"data":12000008,"id":504000044,"lvl":0,"air_mode":false,"air_mode_draft":false,"air_mode_war":false,"air_mode_draft_war":false,"air_mode2":false,"air_mode_d2":false,"air_mode3":false,"air_mode_d3":false,"air_mode4":false,"air_mode_d4":false,"air_mode5":false,"air_mode_d5":false,"air_mode6":false,"air_mode_d6":false,"air_mode7":false,"air_mode_d7":false,"x":18,"y":21,"l2x":20,"l2y":23},{"data":12000006,"id":504000045,"lvl":2,"x":22,"y":19},{"data":12000006,"id":504000046,"lvl":2,"x":27,"y":25},{"data":12000006,"id":504000047,"lvl":2,"x":16,"y":32},{"data":12000006,"id":504000048,"lvl":2,"x":11,"y":10},{"data":12000006,"id":504000049,"lvl":2,"x":29,"y":10},{"data":12000006,"id":504000050,"lvl":2,"x":22,"y":32},{"data":12000001,"id":504000051,"lvl":4,"x":18,"y":24},{"data":12000001,"id":504000052,"lvl":4,"x":18,"y":20},{"data":12000001,"id":504000053,"lvl":4,"x":23,"y":24},{"data":12000001,"id":504000054,"lvl":4,"x":23,"y":21},{"data":12000001,"id":504000055,"lvl":4,"x":18,"y":17},{"data":12000001,"id":504000056,"lvl":4,"x":27,"y":21},{"data":12000006,"id":504000061,"lvl":2,"x":37,"y":12},{"data":12000006,"id":504000062,"lvl":2,"x":31,"y":8},{"data":12000006,"id":504000063,"lvl":2,"x":24,"y":8},{"data":12000006,"id":504000064,"lvl":2,"x":17,"y":8},{"data":12000006,"id":504000065,"lvl":2,"x":8,"y":12},{"data":12000006,"id":504000066,"lvl":2,"x":8,"y":18},{"data":12000006,"id":504000068,"lvl":2,"x":7,"y":29},{"data":12000006,"id":504000069,"lvl":2,"x":8,"y":37},{"data":12000006,"id":504000071,"lvl":2,"x":8,"y":22},{"data":12000006,"id":504000074,"lvl":2,"x":37,"y":18},{"data":12000006,"id":504000075,"lvl":2,"x":38,"y":25},{"data":12000006,"id":504000076,"lvl":2,"x":32,"y":38},{"data":12000006,"id":504000077,"lvl":2,"x":18,"y":38}],"obstacles":[{"data":8000000,"id":503000000,"x":5,"y":5},{"data":8000000,"id":503000001,"x":7,"y":5},{"data":8000000,"id":503000002,"x":9,"y":5},{"data":8000000,"id":503000003,"x":11,"y":5},{"data":8000000,"id":503000004,"x":13,"y":5},{"data":8000000,"id":503000005,"x":15,"y":5},{"data":8000000,"id":503000006,"x":17,"y":5},{"data":8000000,"id":503000007,"x":19,"y":5},{"data":8000000,"id":503000008,"x":21,"y":5},{"data":8000000,"id":503000009,"x":23,"y":5},{"data":8000000,"id":503000010,"x":25,"y":5},{"data":8000000,"id":503000011,"x":27,"y":5},{"data":8000000,"id":503000012,"x":29,"y":5},{"data":8000000,"id":503000013,"x":31,"y":5},{"data":8000000,"id":503000014,"x":33,"y":5},{"data":8000000,"id":503000015,"x":35,"y":5},{"data":8000000,"id":503000016,"x":37,"y":5},{"data":8000000,"id":503000017,"x":39,"y":5},{"data":8000000,"id":503000018,"x":39,"y":7},{"data":8000000,"id":503000019,"x":39,"y":9},{"data":8000000,"id":503000020,"x":39,"y":11},{"data":8000000,"id":503000021,"x":39,"y":13},{"data":8000000,"id":503000022,"x":39,"y":15},{"data":8000000,"id":503000023,"x":39,"y":17},{"data":8000000,"id":503000024,"x":39,"y":19},{"data":8000000,"id":503000025,"x":39,"y":21},{"data":8000000,"id":503000026,"x":39,"y":23},{"data":8000000,"id":503000027,"x":39,"y":25},{"data":8000000,"id":503000028,"x":39,"y":27},{"data":8000000,"id":503000029,"x":39,"y":29},{"data":8000000,"id":503000030,"x":39,"y":31},{"data":8000000,"id":503000031,"x":39,"y":33},{"data":8000000,"id":503000032,"x":39,"y":35},{"data":8000000,"id":503000033,"x":39,"y":37},{"data":8000000,"id":503000048,"x":39,"y":39},{"data":8000000,"id":503000049,"x":5,"y":39},{"data":8000000,"id":503000050,"x":5,"y":37},{"data":8000000,"id":503000051,"x":5,"y":35},{"data":8000000,"id":503000052,"x":5,"y":7},{"data":8000000,"id":503000053,"x":5,"y":9},{"data":8000000,"id":503000054,"x":5,"y":11},{"data":8000000,"id":503000055,"x":5,"y":13},{"data":8000000,"id":503000056,"x":5,"y":15},{"data":8000000,"id":503000057,"x":5,"y":17},{"data":8000000,"id":503000058,"x":5,"y":19},{"data":8000000,"id":503000059,"x":5,"y":21},{"data":8000000,"id":503000060,"x":5,"y":23},{"data":8000000,"id":503000061,"x":5,"y":25},{"data":8000000,"id":503000062,"x":5,"y":27},{"data":8000000,"id":503000063,"x":5,"y":29},{"data":8000000,"id":503000064,"x":5,"y":31},{"data":8000000,"id":503000065,"x":5,"y":33},{"data":8000000,"id":503000066,"x":37,"y":39},{"data":8000000,"id":503000067,"x":35,"y":39},{"data":8000000,"id":503000068,"x":33,"y":39},{"data":8000000,"id":503000069,"x":31,"y":39},{"data":8000000,"id":503000070,"x":29,"y":39},{"data":8000000,"id":503000071,"x":27,"y":39},{"data":8000000,"id":503000072,"x":25,"y":39},{"data":8000000,"id":503000073,"x":23,"y":39},{"data":8000000,"id":503000074,"x":21,"y":39},{"data":8000000,"id":503000075,"x":19,"y":39},{"data":8000000,"id":503000076,"x":17,"y":39},{"data":8000000,"id":503000077,"x":15,"y":39},{"data":8000000,"id":503000078,"x":13,"y":39},{"data":8000000,"id":503000079,"x":11,"y":39},{"data":8000000,"id":503000080,"x":9,"y":39},{"data":8000000,"id":503000081,"x":7,"y":39}],"exp_ver":1}