{"buildings":[{"data":1000001,"id":500000000,"lvl":8,"x":20,"y":20},{"data":1000010,"id":500000016,"lvl":10,"wI":0,"wX":0,"x":16,"y":16},{"data":1000028,"id":500000146,"lvl":6,"x":21,"y":15,"aim_angle":270,"aim_angle_draft":315,"aim_angle_war":0,"aim_angle_draft_war":0,"aim_angle2":0,"aim_angle_d2":0,"aim_angle3":0,"aim_angle_d3":0,"aim_angle4":0,"aim_angle_d4":0,"aim_angle5":0,"aim_angle_d5":0,"aim_angle5_chal":0,"aim_angle_dchal":0,"aim_angle_arrw":0,"aim_angle_draft_arrw":0},{"data":1000028,"id":500000147,"lvl":6,"x":17,"y":25,"aim_angle":135,"aim_angle_draft":135,"aim_angle_war":0,"aim_angle_draft_war":0,"aim_angle2":0,"aim_angle_d2":0,"aim_angle3":0,"aim_angle_d3":0,"aim_angle4":0,"aim_angle_d4":0,"aim_angle5":0,"aim_angle_d5":0,"aim_angle5_chal":0,"aim_angle_dchal":0,"aim_angle_arrw":0,"aim_angle_draft_arrw":0},{"data":1000028,"id":500000156,"lvl":6,"x":17,"y":17,"aim_angle":225,"aim_angle_draft":225,"aim_angle_war":0,"aim_angle_draft_war":0,"aim_angle2":0,"aim_angle_d2":0,"aim_angle3":0,"aim_angle_d3":0,"aim_angle4":0,"aim_angle_d4":0,"aim_angle5":0,"aim_angle_d5":0,"aim_angle5_chal":0,"aim_angle_dchal":0,"aim_angle_arrw":0,"aim_angle_draft_arrw":0},{"data":1000028,"id":500000385,"lvl":6,"x":25,"y":25,"aim_angle":45,"aim_angle_draft":45,"aim_angle_war":0,"aim_angle_draft_war":0,"aim_angle2":0,"aim_angle_d2":0,"aim_angle3":0,"aim_angle_d3":0,"aim_angle4":0,"aim_angle_d4":0,"aim_angle5":0,"aim_angle_d5":0,"aim_angle5_chal":0,"aim_angle_dchal":0,"aim_angle_arrw":0,"aim_angle_draft_arrw":0},{"data":1000028,"id":500000386,"lvl":6,"x":25,"y":17,"aim_angle":315,"aim_angle_draft":315,"aim_angle_war":0,"aim_angle_draft_war":0,"aim_angle2":0,"aim_angle_d2":0,"aim_angle3":0,"aim_angle_d3":0,"aim_angle4":0,"aim_angle_d4":0,"aim_angle5":0,"aim_angle_d5":0,"aim_angle5_chal":0,"aim_angle_dchal":0,"aim_angle_arrw":0,"aim_angle_draft_arrw":0},{"data":1000028,"id":500000388,"lvl":6,"x":15,"y":21,"aim_angle":180,"aim_angle_draft":135,"aim_angle_war":0,"aim_angle_draft_war":0,"aim_angle2":0,"aim_angle_d2":0,"aim_angle3":0,"aim_angle_d3":0,"aim_angle4":0,"aim_angle_d4":0,"aim_angle5":0,"aim_angle_d5":0,"aim_angle5_chal":0,"aim_angle_dchal":0,"aim_angle_arrw":0,"aim_angle_draft_arrw":0},{"data":1000028,"id":500000419,"lvl":6,"x":27,"y":21,"aim_angle":0,"aim_angle_draft":0,"aim_angle_war":0,"aim_angle_draft_war":0,"aim_angle2":0,"aim_angle_d2":0,"aim_angle3":0,"aim_angle_d3":0,"aim_angle4":0,"aim_angle_d4":0,"aim_angle5":0,"aim_angle_d5":0,"aim_angle5_chal":0,"aim_angle_dchal":0,"aim_angle_arrw":0,"aim_angle_draft_arrw":0},{"data":1000028,"id":500000420,"lvl":6,"x":21,"y":27,"aim_angle":90,"aim_angle_draft":0,"aim_angle_war":0,"aim_angle_draft_war":0,"aim_angle2":0,"aim_angle_d2":0,"aim_angle3":0,"aim_angle_d3":0,"aim_angle4":0,"aim_angle_d4":0,"aim_angle5":0,"aim_angle_d5":0,"aim_angle5_chal":0,"aim_angle_dchal":0,"aim_angle_arrw":0,"aim_angle_draft_arrw":0},{"data":1000021,"id":500000421,"lvl":3,"x":21,"y":24,"attack_mode":true,"attack_mode_draft":false,"attack_mode_war":false,"attack_mode_draft_war":false,"attack_mode2":false,"attack_mode_d2":false,"attack_mode3":false,"attack_mode_d3":false,"attack_mode4":false,"attack_mode_d4":false,"attack_mode5":false,"attack_mode_d5":false,"attack_mode_chal":false,"attack_mode_dchal":false,"attack_mode_arrw":false,"attack_mode_draft_arrw":false,"ammo":1500},{"data":1000021,"id":500000423,"lvl":3,"x":17,"y":19,"attack_mode":true,"attack_mode_draft":false,"attack_mode_war":false,"attack_mode_draft_war":false,"attack_mode2":false,"attack_mode_d2":false,"attack_mode3":false,"attack_mode_d3":false,"attack_mode4":false,"attack_mode_d4":false,"attack_mode5":false,"attack_mode_d5":false,"attack_mode_chal":false,"attack_mode_dchal":false,"attack_mode_arrw":false,"attack_mode_draft_arrw":false,"ammo":1500},{"data":1000019,"id":500000425,"lvl":6,"x":19,"y":17},{"data":1000019,"id":500000427,"lvl":6,"x":19,"y":25},{"data":1000010,"id":500000429,"lvl":10,"wI":0,"wX":0,"x":17,"y":16},{"data":1000010,"id":500000430,"lvl":10,"wI":0,"wX":0,"x":18,"y":16},{"data":1000010,"id":500000431,"lvl":10,"wI":0,"wX":0,"x":19,"y":16},{"data":1000010,"id":500000432,"lvl":10,"wI":0,"wX":0,"x":20,"y":16},{"data":1000010,"id":500000433,"lvl":10,"wI":0,"wX":0,"x":20,"y":15},{"data":1000010,"id":500000434,"lvl":10,"wI":0,"wX":0,"x":20,"y":14},{"data":1000010,"id":500000435,"lvl":10,"wI":0,"wX":0,"x":21,"y":14},{"data":1000010,"id":500000436,"lvl":10,"wI":0,"wX":0,"x":22,"y":14},{"data":1000010,"id":500000437,"lvl":10,"wI":0,"wX":0,"x":23,"y":14},{"data":1000010,"id":500000438,"lvl":10,"wI":0,"wX":0,"x":23,"y":15},{"data":1000010,"id":500000439,"lvl":10,"wI":0,"wX":0,"x":23,"y":16},{"data":1000010,"id":500000440,"lvl":10,"wI":0,"wX":0,"x":24,"y":16},{"data":1000010,"id":500000441,"lvl":10,"wI":0,"wX":0,"x":25,"y":16},{"data":1000010,"id":500000442,"lvl":10,"wI":0,"wX":0,"x":26,"y":16},{"data":1000010,"id":500000443,"lvl":10,"wI":0,"wX":0,"x":27,"y":16},{"data":1000010,"id":500000444,"lvl":10,"wI":0,"wX":0,"x":27,"y":17},{"data":1000010,"id":500000445,"lvl":10,"wI":0,"wX":0,"x":27,"y":18},{"data":1000010,"id":500000446,"lvl":10,"wI":0,"wX":0,"x":27,"y":19},{"data":1000010,"id":500000447,"lvl":10,"wI":0,"wX":0,"x":27,"y":20},{"data":1000010,"id":500000448,"lvl":10,"wI":0,"wX":0,"x":28,"y":20},{"data":1000010,"id":500000449,"lvl":10,"wI":0,"wX":0,"x":29,"y":20},{"data":1000010,"id":500000450,"lvl":10,"wI":0,"wX":0,"x":29,"y":21},{"data":1000010,"id":500000451,"lvl":10,"wI":0,"wX":0,"x":29,"y":22},{"data":1000010,"id":500000452,"lvl":10,"wI":0,"wX":0,"x":29,"y":23},{"data":1000010,"id":500000453,"lvl":10,"wI":0,"wX":0,"x":28,"y":23},{"data":1000010,"id":500000454,"lvl":10,"wI":0,"wX":0,"x":27,"y":23},{"data":1000010,"id":500000455,"lvl":10,"wI":0,"wX":0,"x":27,"y":24},{"data":1000010,"id":500000456,"lvl":10,"wI":0,"wX":0,"x":27,"y":25},{"data":1000010,"id":500000457,"lvl":10,"wI":0,"wX":0,"x":27,"y":26},{"data":1000010,"id":500000458,"lvl":10,"wI":0,"wX":0,"x":27,"y":27},{"data":1000010,"id":500000459,"lvl":10,"wI":0,"wX":0,"x":26,"y":27},{"data":1000010,"id":500000460,"lvl":10,"wI":0,"wX":0,"x":25,"y":27},{"data":1000010,"id":500000461,"lvl":10,"wI":0,"wX":0,"x":24,"y":27},{"data":1000010,"id":500000462,"lvl":10,"wI":0,"wX":0,"x":23,"y":27},{"data":1000010,"id":500000463,"lvl":10,"wI":0,"wX":0,"x":23,"y":28},{"data":1000010,"id":500000464,"lvl":10,"wI":0,"wX":0,"x":23,"y":29},{"data":1000010,"id":500000465,"lvl":10,"wI":0,"wX":0,"x":22,"y":29},{"data":1000010,"id":500000466,"lvl":10,"wI":0,"wX":0,"x":21,"y":29},{"data":1000010,"id":500000467,"lvl":10,"wI":0,"wX":0,"x":20,"y":29},{"data":1000010,"id":500000469,"lvl":10,"wI":0,"wX":0,"x":20,"y":28},{"data":1000010,"id":500000470,"lvl":10,"wI":0,"wX":0,"x":20,"y":27},{"data":1000010,"id":500000471,"lvl":10,"wI":0,"wX":0,"x":19,"y":27},{"data":1000010,"id":500000472,"lvl":10,"wI":0,"wX":0,"x":18,"y":27},{"data":1000010,"id":500000473,"lvl":10,"wI":0,"wX":0,"x":17,"y":27},{"data":1000010,"id":500000474,"lvl":10,"wI":0,"wX":0,"x":16,"y":27},{"data":1000010,"id":500000475,"lvl":10,"wI":0,"wX":0,"x":16,"y":26},{"data":1000010,"id":500000476,"lvl":10,"wI":0,"wX":0,"x":16,"y":25},{"data":1000010,"id":500000477,"lvl":10,"wI":0,"wX":0,"x":16,"y":24},{"data":1000010,"id":500000478,"lvl":10,"wI":0,"wX":0,"x":16,"y":23},{"data":1000010,"id":500000479,"lvl":10,"wI":0,"wX":0,"x":15,"y":23},{"data":1000010,"id":500000480,"lvl":10,"wI":0,"wX":0,"x":14,"y":23},{"data":1000010,"id":500000481,"lvl":10,"wI":0,"wX":0,"x":14,"y":22},{"data":1000010,"id":500000482,"lvl":10,"wI":0,"wX":0,"x":14,"y":21},{"data":1000010,"id":500000483,"lvl":10,"wI":0,"wX":0,"x":14,"y":20},{"data":1000010,"id":500000484,"lvl":10,"wI":0,"wX":0,"x":15,"y":20},{"data":1000010,"id":500000485,"lvl":10,"wI":0,"wX":0,"x":16,"y":20},{"data":1000010,"id":500000486,"lvl":10,"wI":0,"wX":0,"x":16,"y":19},{"data":1000010,"id":500000487,"lvl":10,"wI":0,"wX":0,"x":16,"y":18},{"data":1000010,"id":500000488,"lvl":10,"wI":0,"wX":0,"x":16,"y":17},{"data":1000013,"id":500000489,"lvl":10,"x":17,"y":13,"attack_mode":false,"attack_mode_draft":false,"attack_mode_war":false,"attack_mode_draft_war":false,"attack_mode2":false,"attack_mode_d2":false,"attack_mode3":false,"attack_mode_d3":false,"attack_mode4":false,"attack_mode_d4":false,"attack_mode5":false,"attack_mode_d5":false,"attack_mode_chal":false,"attack_mode_dchal":false,"attack_mode_arrw":false,"attack_mode_draft_arrw":false},{"data":1000013,"id":500000490,"lvl":10,"x":24,"y":13,"attack_mode":false,"attack_mode_draft":false,"attack_mode_war":false,"attack_mode_draft_war":false,"attack_mode2":false,"attack_mode_d2":false,"attack_mode3":false,"attack_mode_d3":false,"attack_mode4":false,"attack_mode_d4":false,"attack_mode5":false,"attack_mode_d5":false,"attack_mode_chal":false,"attack_mode_dchal":false,"attack_mode_arrw":false,"attack_mode_draft_arrw":false},{"data":1000013,"id":500000491,"lvl":10,"x":24,"y":28,"attack_mode":false,"attack_mode_draft":false,"attack_mode_war":false,"attack_mode_draft_war":false,"attack_mode2":false,"attack_mode_d2":false,"attack_mode3":false,"attack_mode_d3":false,"attack_mode4":false,"attack_mode_d4":false,"attack_mode5":false,"attack_mode_d5":false,"attack_mode_chal":false,"attack_mode_dchal":false,"attack_mode_arrw":false,"attack_mode_draft_arrw":false},{"data":1000013,"id":500000492,"lvl":10,"x":17,"y":28,"attack_mode":false,"attack_mode_draft":false,"attack_mode_war":false,"attack_mode_draft_war":false,"attack_mode2":false,"attack_mode_d2":false,"attack_mode3":false,"attack_mode_d3":false,"attack_mode4":false,"attack_mode_d4":false,"attack_mode5":false,"attack_mode_d5":false,"attack_mode_chal":false,"attack_mode_dchal":false,"attack_mode_arrw":false,"attack_mode_draft_arrw":false},{"data":1000008,"id":500000496,"lvl":14,"x":14,"y":13,"attack_mode":false,"attack_mode_draft":false,"attack_mode_war":false,"attack_mode_draft_war":false,"attack_mode2":false,"attack_mode_d2":false,"attack_mode3":false,"attack_mode_d3":false,"attack_mode4":false,"attack_mode_d4":false,"attack_mode5":false,"attack_mode_d5":false,"attack_mode_chal":false,"attack_mode_dchal":false,"attack_mode_arrw":false,"attack_mode_draft_arrw":false},{"data":1000008,"id":500000497,"lvl":14,"x":27,"y":13,"attack_mode":false,"attack_mode_draft":false,"attack_mode_war":false,"attack_mode_draft_war":false,"attack_mode2":false,"attack_mode_d2":false,"attack_mode3":false,"attack_mode_d3":false,"attack_mode4":false,"attack_mode_d4":false,"attack_mode5":false,"attack_mode_d5":false,"attack_mode_chal":false,"attack_mode_dchal":false,"attack_mode_arrw":false,"attack_mode_draft_arrw":false},{"data":1000008,"id":500000500,"lvl":14,"x":27,"y":28,"attack_mode":false,"attack_mode_draft":false,"attack_mode_war":false,"attack_mode_draft_war":false,"attack_mode2":false,"attack_mode_d2":false,"attack_mode3":false,"attack_mode_d3":false,"attack_mode4":false,"attack_mode_d4":false,"attack_mode5":false,"attack_mode_d5":false,"attack_mode_chal":false,"attack_mode_dchal":false,"attack_mode_arrw":false,"attack_mode_draft_arrw":false},{"data":1000008,"id":500000501,"lvl":14,"x":14,"y":28,"attack_mode":false,"attack_mode_draft":false,"attack_mode_war":false,"attack_mode_draft_war":false,"attack_mode2":false,"attack_mode_d2":false,"attack_mode3":false,"attack_mode_d3":false,"attack_mode4":false,"attack_mode_d4":false,"attack_mode5":false,"attack_mode_d5":false,"attack_mode_chal":false,"attack_mode_dchal":false,"attack_mode_arrw":false,"attack_mode_draft_arrw":false},{"data":1000010,"id":500000503,"lvl":10,"wI":0,"wX":0,"x":12,"y":26},{"data":1000010,"id":500000504,"lvl":10,"wI":0,"wX":0,"x":12,"y":25},{"data":1000010,"id":500000505,"lvl":10,"wI":0,"wX":0,"x":12,"y":24},{"data":1000010,"id":500000506,"lvl":10,"wI":0,"wX":0,"x":12,"y":23},{"data":1000010,"id":500000507,"lvl":10,"wI":0,"wX":0,"x":12,"y":22},{"data":1000010,"id":500000508,"lvl":10,"wI":0,"wX":0,"x":12,"y":21},{"data":1000010,"id":500000509,"lvl":10,"wI":0,"wX":0,"x":12,"y":20},{"data":1000010,"id":500000510,"lvl":10,"wI":0,"wX":0,"x":12,"y":19},{"data":1000010,"id":500000511,"lvl":10,"wI":0,"wX":0,"x":12,"y":18},{"data":1000010,"id":500000512,"lvl":10,"wI":0,"wX":0,"x":12,"y":17},{"data":1000010,"id":500000513,"lvl":10,"wI":0,"wX":0,"x":12,"y":16},{"data":1000010,"id":500000514,"lvl":10,"wI":0,"wX":0,"x":13,"y":16},{"data":1000010,"id":500000515,"lvl":10,"wI":0,"wX":0,"x":14,"y":16},{"data":1000010,"id":500000516,"lvl":10,"wI":0,"wX":0,"x":15,"y":16},{"data":1000010,"id":500000517,"lvl":10,"wI":0,"wX":0,"x":12,"y":27},{"data":1000010,"id":500000518,"lvl":10,"wI":0,"wX":0,"x":13,"y":27},{"data":1000010,"id":500000519,"lvl":10,"wI":0,"wX":0,"x":14,"y":27},{"data":1000010,"id":500000520,"lvl":10,"wI":0,"wX":0,"x":15,"y":27},{"data":1000010,"id":500000521,"lvl":10,"wI":0,"wX":0,"x":13,"y":28},{"data":1000010,"id":500000522,"lvl":10,"wI":0,"wX":0,"x":13,"y":29},{"data":1000010,"id":500000523,"lvl":10,"wI":0,"wX":0,"x":13,"y":30},{"data":1000010,"id":500000524,"lvl":10,"wI":0,"wX":0,"x":13,"y":31},{"data":1000010,"id":500000525,"lvl":10,"wI":0,"wX":0,"x":14,"y":31},{"data":1000010,"id":500000526,"lvl":10,"wI":0,"wX":0,"x":15,"y":31},{"data":1000010,"id":500000527,"lvl":10,"wI":0,"wX":0,"x":16,"y":31},{"data":1000010,"id":500000528,"lvl":10,"wI":0,"wX":0,"x":17,"y":31},{"data":1000010,"id":500000529,"lvl":10,"wI":0,"wX":0,"x":18,"y":31},{"data":1000010,"id":500000530,"lvl":10,"wI":0,"wX":0,"x":19,"y":31},{"data":1000010,"id":500000531,"lvl":10,"wI":0,"wX":0,"x":20,"y":31},{"data":1000010,"id":500000532,"lvl":10,"wI":0,"wX":0,"x":21,"y":31},{"data":1000010,"id":500000533,"lvl":10,"wI":0,"wX":0,"x":22,"y":31},{"data":1000010,"id":500000534,"lvl":10,"wI":0,"wX":0,"x":23,"y":31},{"data":1000010,"id":500000535,"lvl":10,"wI":0,"wX":0,"x":24,"y":31},{"data":1000010,"id":500000536,"lvl":10,"wI":0,"wX":0,"x":25,"y":31},{"data":1000010,"id":500000537,"lvl":10,"wI":0,"wX":0,"x":26,"y":31},{"data":1000010,"id":500000538,"lvl":10,"wI":0,"wX":0,"x":27,"y":31},{"data":1000010,"id":500000539,"lvl":10,"wI":0,"wX":0,"x":28,"y":31},{"data":1000010,"id":500000540,"lvl":10,"wI":0,"wX":0,"x":29,"y":31},{"data":1000010,"id":500000541,"lvl":10,"wI":0,"wX":0,"x":30,"y":31},{"data":1000010,"id":500000542,"lvl":10,"wI":0,"wX":0,"x":30,"y":30},{"data":1000010,"id":500000543,"lvl":10,"wI":0,"wX":0,"x":30,"y":29},{"data":1000010,"id":500000544,"lvl":10,"wI":0,"wX":0,"x":30,"y":28},{"data":1000010,"id":500000545,"lvl":10,"wI":0,"wX":0,"x":30,"y":27},{"data":1000010,"id":500000546,"lvl":10,"wI":0,"wX":0,"x":29,"y":27},{"data":1000010,"id":500000547,"lvl":10,"wI":0,"wX":0,"x":28,"y":27},{"data":1000010,"id":500000548,"lvl":10,"wI":0,"wX":0,"x":31,"y":27},{"data":1000010,"id":500000550,"lvl":10,"wI":0,"wX":0,"x":31,"y":26},{"data":1000010,"id":500000551,"lvl":10,"wI":0,"wX":0,"x":31,"y":25},{"data":1000010,"id":500000552,"lvl":10,"wI":0,"wX":0,"x":31,"y":24},{"data":1000010,"id":500000553,"lvl":10,"wI":0,"wX":0,"x":31,"y":23},{"data":1000010,"id":500000554,"lvl":10,"wI":0,"wX":0,"x":31,"y":22},{"data":1000010,"id":500000555,"lvl":10,"wI":0,"wX":0,"x":31,"y":21},{"data":1000010,"id":500000556,"lvl":10,"wI":0,"wX":0,"x":31,"y":20},{"data":1000010,"id":500000557,"lvl":10,"wI":0,"wX":0,"x":31,"y":19},{"data":1000010,"id":500000558,"lvl":10,"wI":0,"wX":0,"x":31,"y":18},{"data":1000010,"id":500000559,"lvl":10,"wI":0,"wX":0,"x":31,"y":17},{"data":1000010,"id":500000560,"lvl":10,"wI":0,"wX":0,"x":31,"y":16},{"data":1000010,"id":500000561,"lvl":10,"wI":0,"wX":0,"x":30,"y":16},{"data":1000010,"id":500000563,"lvl":10,"wI":0,"wX":0,"x":28,"y":16},{"data":1000010,"id":500000564,"lvl":10,"wI":0,"wX":0,"x":30,"y":15},{"data":1000010,"id":500000565,"lvl":10,"wI":0,"wX":0,"x":30,"y":14},{"data":1000010,"id":500000566,"lvl":10,"wI":0,"wX":0,"x":30,"y":13},{"data":1000010,"id":500000567,"lvl":10,"wI":0,"wX":0,"x":30,"y":12},{"data":1000010,"id":500000568,"lvl":10,"wI":0,"wX":0,"x":29,"y":12},{"data":1000010,"id":500000569,"lvl":10,"wI":0,"wX":0,"x":28,"y":12},{"data":1000010,"id":500000570,"lvl":10,"wI":0,"wX":0,"x":27,"y":12},{"data":1000010,"id":500000571,"lvl":10,"wI":0,"wX":0,"x":26,"y":12},{"data":1000010,"id":500000572,"lvl":10,"wI":0,"wX":0,"x":25,"y":12},{"data":1000010,"id":500000573,"lvl":10,"wI":0,"wX":0,"x":24,"y":12},{"data":1000010,"id":500000574,"lvl":10,"wI":0,"wX":0,"x":23,"y":12},{"data":1000010,"id":500000575,"lvl":10,"wI":0,"wX":0,"x":22,"y":12},{"data":1000010,"id":500000576,"lvl":10,"wI":0,"wX":0,"x":21,"y":12},{"data":1000010,"id":500000577,"lvl":10,"wI":0,"wX":0,"x":20,"y":12},{"data":1000010,"id":500000578,"lvl":10,"wI":0,"wX":0,"x":19,"y":12},{"data":1000010,"id":500000579,"lvl":10,"wI":0,"wX":0,"x":18,"y":12},{"data":1000010,"id":500000580,"lvl":10,"wI":0,"wX":0,"x":17,"y":12},{"data":1000010,"id":500000581,"lvl":10,"wI":0,"wX":0,"x":16,"y":12},{"data":1000010,"id":500000582,"lvl":10,"wI":0,"wX":0,"x":14,"y":12},{"data":1000010,"id":500000583,"lvl":10,"wI":0,"wX":0,"x":15,"y":12},{"data":1000010,"id":500000584,"lvl":10,"wI":0,"wX":0,"x":13,"y":12},{"data":1000010,"id":500000585,"lvl":10,"wI":0,"wX":0,"x":13,"y":13},{"data":1000010,"id":500000586,"lvl":10,"wI":0,"wX":0,"x":13,"y":14},{"data":1000010,"id":500000587,"lvl":10,"wI":0,"wX":0,"x":13,"y":15},{"data":1000010,"id":500000588,"lvl":10,"wI":0,"wX":0,"x":10,"y":27},{"data":1000010,"id":500000589,"lvl":10,"wI":0,"wX":0,"x":10,"y":26},{"data":1000010,"id":500000590,"lvl":10,"wI":0,"wX":0,"x":10,"y":25},{"data":1000010,"id":500000591,"lvl":10,"wI":0,"wX":0,"x":10,"y":24},{"data":1000010,"id":500000592,"lvl":10,"wI":0,"wX":0,"x":10,"y":23},{"data":1000010,"id":500000593,"lvl":10,"wI":0,"wX":0,"x":10,"y":22},{"data":1000010,"id":500000594,"lvl":10,"wI":0,"wX":0,"x":10,"y":21},{"data":1000010,"id":500000595,"lvl":10,"wI":0,"wX":0,"x":10,"y":20},{"data":1000010,"id":500000596,"lvl":10,"wI":0,"wX":0,"x":10,"y":19},{"data":1000010,"id":500000597,"lvl":10,"wI":0,"wX":0,"x":10,"y":18},{"data":1000010,"id":500000598,"lvl":10,"wI":0,"wX":0,"x":10,"y":17},{"data":1000010,"id":500000599,"lvl":10,"wI":0,"wX":0,"x":10,"y":16},{"data":1000010,"id":500000600,"lvl":10,"wI":0,"wX":0,"x":10,"y":15},{"data":1000010,"id":500000601,"lvl":10,"wI":0,"wX":0,"x":10,"y":14},{"data":1000010,"id":500000602,"lvl":10,"wI":0,"wX":0,"x":11,"y":14},{"data":1000010,"id":500000603,"lvl":10,"wI":0,"wX":0,"x":11,"y":13},{"data":1000010,"id":500000604,"lvl":10,"wI":0,"wX":0,"x":11,"y":12},{"data":1000010,"id":500000605,"lvl":10,"wI":0,"wX":0,"x":11,"y":11},{"data":1000010,"id":500000606,"lvl":10,"wI":0,"wX":0,"x":11,"y":10},{"data":1000010,"id":500000607,"lvl":10,"wI":0,"wX":0,"x":12,"y":10},{"data":1000010,"id":500000608,"lvl":10,"wI":0,"wX":0,"x":13,"y":10},{"data":1000010,"id":500000609,"lvl":10,"wI":0,"wX":0,"x":14,"y":10},{"data":1000010,"id":500000610,"lvl":10,"wI":0,"wX":0,"x":15,"y":10},{"data":1000010,"id":500000611,"lvl":10,"wI":0,"wX":0,"x":16,"y":10},{"data":1000010,"id":500000612,"lvl":10,"wI":0,"wX":0,"x":17,"y":10},{"data":1000010,"id":500000613,"lvl":10,"wI":0,"wX":0,"x":18,"y":10},{"data":1000010,"id":500000614,"lvl":10,"wI":0,"wX":0,"x":19,"y":10},{"data":1000010,"id":500000615,"lvl":10,"wI":0,"wX":0,"x":20,"y":10},{"data":1000010,"id":500000616,"lvl":10,"wI":0,"wX":0,"x":21,"y":10},{"data":1000010,"id":500000617,"lvl":10,"wI":0,"wX":0,"x":22,"y":10},{"data":1000010,"id":500000618,"lvl":10,"wI":0,"wX":0,"x":23,"y":10},{"data":1000010,"id":500000619,"lvl":10,"wI":0,"wX":0,"x":24,"y":10},{"data":1000010,"id":500000620,"lvl":10,"wI":0,"wX":0,"x":25,"y":10},{"data":1000010,"id":500000621,"lvl":10,"wI":0,"wX":0,"x":26,"y":10},{"data":1000010,"id":500000622,"lvl":10,"wI":0,"wX":0,"x":27,"y":10},{"data":1000010,"id":500000623,"lvl":10,"wI":0,"wX":0,"x":28,"y":10},{"data":1000010,"id":500000624,"lvl":10,"wI":0,"wX":0,"x":29,"y":10},{"data":1000010,"id":500000625,"lvl":10,"wI":0,"wX":0,"x":30,"y":10},{"data":1000010,"id":500000626,"lvl":10,"wI":0,"wX":0,"x":31,"y":10},{"data":1000010,"id":500000627,"lvl":10,"wI":0,"wX":0,"x":32,"y":10},{"data":1000010,"id":500000628,"lvl":10,"wI":0,"wX":0,"x":32,"y":11},{"data":1000010,"id":500000629,"lvl":10,"wI":0,"wX":0,"x":32,"y":12},{"data":1000010,"id":500000630,"lvl":10,"wI":0,"wX":0,"x":32,"y":13},{"data":1000010,"id":500000631,"lvl":10,"wI":0,"wX":0,"x":32,"y":14},{"data":1000010,"id":500000632,"lvl":10,"wI":0,"wX":0,"x":33,"y":14},{"data":1000010,"id":500000633,"lvl":10,"wI":0,"wX":0,"x":33,"y":15},{"data":1000010,"id":500000634,"lvl":10,"wI":0,"wX":0,"x":33,"y":16},{"data":1000010,"id":500000635,"lvl":10,"wI":0,"wX":0,"x":33,"y":17},{"data":1000010,"id":500000636,"lvl":10,"wI":0,"wX":0,"x":33,"y":18},{"data":1000010,"id":500000637,"lvl":10,"wI":0,"wX":0,"x":33,"y":19},{"data":1000010,"id":500000638,"lvl":10,"wI":0,"wX":0,"x":33,"y":20},{"data":1000010,"id":500000639,"lvl":10,"wI":0,"wX":0,"x":33,"y":21},{"data":1000010,"id":500000640,"lvl":10,"wI":0,"wX":0,"x":33,"y":22},{"data":1000010,"id":500000641,"lvl":10,"wI":0,"wX":0,"x":33,"y":23},{"data":1000010,"id":500000642,"lvl":10,"wI":0,"wX":0,"x":33,"y":24},{"data":1000010,"id":500000643,"lvl":10,"wI":0,"wX":0,"x":33,"y":25},{"data":1000010,"id":500000644,"lvl":10,"wI":0,"wX":0,"x":33,"y":26},{"data":1000010,"id":500000645,"lvl":10,"wI":0,"wX":0,"x":33,"y":27},{"data":1000010,"id":500000646,"lvl":10,"wI":0,"wX":0,"x":33,"y":28},{"data":1000010,"id":500000647,"lvl":10,"wI":0,"wX":0,"x":33,"y":29},{"data":1000010,"id":500000648,"lvl":10,"wI":0,"wX":0,"x":32,"y":29},{"data":1000010,"id":500000649,"lvl":10,"wI":0,"wX":0,"x":32,"y":30},{"data":1000010,"id":500000650,"lvl":10,"wI":0,"wX":0,"x":32,"y":31},{"data":1000010,"id":500000651,"lvl":10,"wI":0,"wX":0,"x":32,"y":32},{"data":1000010,"id":500000652,"lvl":10,"wI":0,"wX":0,"x":32,"y":33},{"data":1000010,"id":500000653,"lvl":10,"wI":0,"wX":0,"x":31,"y":33},{"data":1000010,"id":500000654,"lvl":10,"wI":0,"wX":0,"x":30,"y":33},{"data":1000010,"id":500000655,"lvl":10,"wI":0,"wX":0,"x":29,"y":33},{"data":1000010,"id":500000656,"lvl":10,"wI":0,"wX":0,"x":28,"y":33},{"data":1000010,"id":500000657,"lvl":10,"wI":0,"wX":0,"x":27,"y":33},{"data":1000010,"id":500000658,"lvl":10,"wI":0,"wX":0,"x":26,"y":33},{"data":1000010,"id":500000659,"lvl":10,"wI":0,"wX":0,"x":25,"y":33},{"data":1000010,"id":500000660,"lvl":10,"wI":0,"wX":0,"x":24,"y":33},{"data":1000010,"id":500000661,"lvl":10,"wI":0,"wX":0,"x":23,"y":33},{"data":1000010,"id":500000662,"lvl":10,"wI":0,"wX":0,"x":22,"y":33},{"data":1000010,"id":500000663,"lvl":10,"wI":0,"wX":0,"x":21,"y":33},{"data":1000010,"id":500000664,"lvl":10,"wI":0,"wX":0,"x":20,"y":33},{"data":1000010,"id":500000665,"lvl":10,"wI":0,"wX":0,"x":19,"y":33},{"data":1000010,"id":500000666,"lvl":10,"wI":0,"wX":0,"x":18,"y":33},{"data":1000010,"id":500000667,"lvl":10,"wI":0,"wX":0,"x":17,"y":33},{"data":1000010,"id":500000668,"lvl":10,"wI":0,"wX":0,"x":16,"y":33},{"data":1000010,"id":500000669,"lvl":10,"wI":0,"wX":0,"x":15,"y":33},{"data":1000010,"id":500000670,"lvl":10,"wI":0,"wX":0,"x":14,"y":33},{"data":1000010,"id":500000671,"lvl":10,"wI":0,"wX":0,"x":13,"y":33},{"data":1000010,"id":500000672,"lvl":10,"wI":0,"wX":0,"x":12,"y":33},{"data":1000010,"id":500000673,"lvl":10,"wI":0,"wX":0,"x":11,"y":33},{"data":1000010,"id":500000674,"lvl":10,"wI":0,"wX":0,"x":11,"y":32},{"data":1000010,"id":500000675,"lvl":10,"wI":0,"wX":0,"x":11,"y":31},{"data":1000010,"id":500000676,"lvl":10,"wI":0,"wX":0,"x":11,"y":30},{"data":1000010,"id":500000677,"lvl":10,"wI":0,"wX":0,"x":11,"y":29},{"data":1000010,"id":500000678,"lvl":10,"wI":0,"wX":0,"x":10,"y":29},{"data":1000010,"id":500000679,"lvl":10,"wI":0,"wX":0,"x":10,"y":28},{"data":1000010,"id":500000680,"lvl":10,"wI":0,"wX":0,"x":29,"y":16},{"data":1000011,"id":500000681,"lvl":6,"x":13,"y":17},{"data":1000011,"id":500000682,"lvl":6,"x":13,"y":24},{"data":1000011,"id":500000683,"lvl":6,"x":28,"y":17},{"data":1000011,"id":500000684,"lvl":6,"x":28,"y":24},{"data":1000021,"id":500000685,"lvl":3,"x":24,"y":19,"attack_mode":false,"attack_mode_draft":false,"attack_mode_war":false,"attack_mode_draft_war":false,"attack_mode2":false,"attack_mode_d2":false,"attack_mode3":false,"attack_mode_d3":false,"attack_mode4":false,"attack_mode_d4":false,"attack_mode5":false,"attack_mode_d5":false,"attack_mode_chal":false,"attack_mode_dchal":false,"attack_mode_arrw":false,"attack_mode_draft_arrw":false,"ammo":1500},{"data":1000024,"id":500000687,"lvl":5,"x":21,"y":17},{"data":1000003,"id":500000688,"lvl":9,"x":17,"y":22},{"data":1000005,"id":500000689,"lvl":9,"x":24,"y":22}],"decos":[{"data":18000001,"id":506000000,"x":9,"y":31},{"data":18000001,"id":506000001,"x":33,"y":31},{"data":18000001,"id":506000002,"x":33,"y":11},{"data":18000001,"id":506000003,"x":9,"y":11},{"data":18000001,"id":506000004,"x":34,"y":23},{"data":18000001,"id":506000005,"x":34,"y":19},{"data":18000001,"id":506000006,"x":8,"y":19},{"data":18000001,"id":506000007,"x":8,"y":23}],"traps":[{"data":12000001,"id":504000000,"lvl":2,"x":12,"y":32},{"data":12000001,"id":504000001,"lvl":2,"x":13,"y":32},{"data":12000001,"id":504000002,"lvl":2,"x":14,"y":32},{"data":12000001,"id":504000003,"lvl":2,"x":15,"y":32},{"data":12000001,"id":504000004,"lvl":2,"x":16,"y":32},{"data":12000001,"id":504000005,"lvl":2,"x":17,"y":32},{"data":12000001,"id":504000006,"lvl":2,"x":18,"y":32},{"data":12000001,"id":504000007,"lvl":2,"x":19,"y":32},{"data":12000001,"id":504000008,"lvl":2,"x":20,"y":32},{"data":12000001,"id":504000009,"lvl":2,"x":21,"y":32},{"data":12000001,"id":504000010,"lvl":2,"x":22,"y":32},{"data":12000001,"id":504000011,"lvl":2,"x":23,"y":32},{"data":12000001,"id":504000012,"lvl":2,"x":24,"y":32},{"data":12000001,"id":504000013,"lvl":2,"x":25,"y":32},{"data":12000001,"id":504000014,"lvl":2,"x":26,"y":32},{"data":12000001,"id":504000015,"lvl":2,"x":27,"y":32},{"data":12000001,"id":504000016,"lvl":2,"x":28,"y":32},{"data":12000001,"id":504000017,"lvl":2,"x":29,"y":32},{"data":12000001,"id":504000018,"lvl":2,"x":30,"y":32},{"data":12000001,"id":504000019,"lvl":2,"x":31,"y":32},{"data":12000001,"id":504000020,"lvl":2,"x":31,"y":31},{"data":12000001,"id":504000021,"lvl":2,"x":31,"y":30},{"data":12000001,"id":504000022,"lvl":2,"x":31,"y":29},{"data":12000001,"id":504000023,"lvl":2,"x":31,"y":28},{"data":12000001,"id":504000024,"lvl":2,"x":32,"y":28},{"data":12000001,"id":504000025,"lvl":2,"x":32,"y":27},{"data":12000001,"id":504000026,"lvl":2,"x":32,"y":26},{"data":12000001,"id":504000027,"lvl":2,"x":32,"y":25},{"data":12000001,"id":504000028,"lvl":2,"x":32,"y":24},{"data":12000001,"id":504000029,"lvl":2,"x":32,"y":23},{"data":12000001,"id":504000030,"lvl":2,"x":32,"y":22},{"data":12000001,"id":504000031,"lvl":2,"x":32,"y":21},{"data":12000001,"id":504000032,"lvl":2,"x":32,"y":20},{"data":12000001,"id":504000033,"lvl":2,"x":32,"y":19},{"data":12000001,"id":504000034,"lvl":2,"x":32,"y":18},{"data":12000001,"id":504000035,"lvl":2,"x":32,"y":17},{"data":12000001,"id":504000036,"lvl":2,"x":32,"y":16},{"data":12000001,"id":504000037,"lvl":2,"x":32,"y":15},{"data":12000001,"id":504000038,"lvl":2,"x":31,"y":15},{"data":12000001,"id":504000039,"lvl":2,"x":31,"y":14},{"data":12000001,"id":504000040,"lvl":2,"x":31,"y":13},{"data":12000001,"id":504000041,"lvl":2,"x":31,"y":12},{"data":12000001,"id":504000042,"lvl":2,"x":31,"y":11},{"data":12000001,"id":504000043,"lvl":2,"x":30,"y":11},{"data":12000001,"id":504000044,"lvl":2,"x":29,"y":11},{"data":12000001,"id":504000045,"lvl":2,"x":28,"y":11},{"data":12000001,"id":504000046,"lvl":2,"x":27,"y":11},{"data":12000001,"id":504000047,"lvl":2,"x":26,"y":11},{"data":12000001,"id":504000048,"lvl":2,"x":25,"y":11},{"data":12000001,"id":504000049,"lvl":2,"x":24,"y":11},{"data":12000001,"id":504000050,"lvl":2,"x":23,"y":11},{"data":12000001,"id":504000051,"lvl":2,"x":22,"y":11},{"data":12000001,"id":504000052,"lvl":2,"x":21,"y":11},{"data":12000001,"id":504000053,"lvl":2,"x":20,"y":11},{"data":12000001,"id":504000054,"lvl":2,"x":19,"y":11},{"data":12000001,"id":504000055,"lvl":2,"x":18,"y":11},{"data":12000001,"id":504000056,"lvl":2,"x":17,"y":11},{"data":12000001,"id":504000057,"lvl":2,"x":16,"y":11},{"data":12000001,"id":504000058,"lvl":2,"x":15,"y":11},{"data":12000001,"id":504000059,"lvl":2,"x":14,"y":11},{"data":12000001,"id":504000060,"lvl":2,"x":13,"y":11},{"data":12000001,"id":504000061,"lvl":2,"x":12,"y":11},{"data":12000001,"id":504000062,"lvl":2,"x":12,"y":12},{"data":12000001,"id":504000063,"lvl":2,"x":12,"y":13},{"data":12000001,"id":504000064,"lvl":2,"x":12,"y":14},{"data":12000001,"id":504000065,"lvl":2,"x":12,"y":15},{"data":12000001,"id":504000066,"lvl":2,"x":11,"y":15},{"data":12000001,"id":504000067,"lvl":2,"x":11,"y":16},{"data":12000001,"id":504000068,"lvl":2,"x":11,"y":17},{"data":12000001,"id":504000069,"lvl":2,"x":11,"y":18},{"data":12000001,"id":504000070,"lvl":2,"x":11,"y":19},{"data":12000001,"id":504000071,"lvl":2,"x":11,"y":20},{"data":12000001,"id":504000072,"lvl":2,"x":11,"y":21},{"data":12000001,"id":504000073,"lvl":2,"x":11,"y":22},{"data":12000001,"id":504000074,"lvl":2,"x":11,"y":23},{"data":12000001,"id":504000075,"lvl":2,"x":11,"y":24},{"data":12000001,"id":504000076,"lvl":2,"x":11,"y":25},{"data":12000001,"id":504000077,"lvl":2,"x":11,"y":26},{"data":12000001,"id":504000078,"lvl":2,"x":11,"y":27},{"data":12000001,"id":504000079,"lvl":2,"x":11,"y":28},{"data":12000001,"id":504000080,"lvl":2,"x":12,"y":28},{"data":12000001,"id":504000081,"lvl":2,"x":12,"y":29},{"data":12000001,"id":504000082,"lvl":2,"x":12,"y":30},{"data":12000001,"id":504000083,"lvl":2,"x":12,"y":31},{"data":12000000,"id":504000084,"lvl":6,"x":13,"y":20},{"data":12000000,"id":504000085,"lvl":6,"x":13,"y":21},{"data":12000000,"id":504000086,"lvl":6,"x":13,"y":22},{"data":12000000,"id":504000087,"lvl":6,"x":13,"y":23},{"data":12000000,"id":504000088,"lvl":6,"x":20,"y":30},{"data":12000000,"id":504000089,"lvl":6,"x":21,"y":30},{"data":12000000,"id":504000090,"lvl":6,"x":22,"y":30},{"data":12000000,"id":504000091,"lvl":6,"x":23,"y":30},{"data":12000000,"id":504000100,"lvl":6,"x":30,"y":20},{"data":12000000,"id":504000101,"lvl":6,"x":30,"y":21},{"data":12000000,"id":504000102,"lvl":6,"x":30,"y":22},{"data":12000000,"id":504000103,"lvl":6,"x":30,"y":23},{"data":12000000,"id":504000104,"lvl":6,"x":23,"y":13},{"data":12000000,"id":504000105,"lvl":6,"x":22,"y":13},{"data":12000000,"id":504000106,"lvl":6,"x":21,"y":13},{"data":12000000,"id":504000107,"lvl":6,"x":20,"y":13},{"data":12000001,"id":504000132,"lvl":2,"x":20,"y":19},{"data":12000001,"id":504000146,"lvl":2,"x":20,"y":24}],"obstacles":[{"data":8000001,"id":503000199,"x":27,"y":38},{"data":8000001,"id":503000200,"x":4,"y":17},{"data":8000001,"id":503000201,"x":8,"y":5},{"data":8000001,"id":503000202,"x":37,"y":21},{"data":8000003,"id":503000203,"x":35,"y":4},{"data":8000003,"id":503000204,"x":6,"y":28},{"data":8000002,"id":503000205,"x":15,"y":37},{"data":8000011,"id":503000206,"x":29,"y":36},{"data":8000011,"id":503000207,"x":17,"y":3},{"data":8000015,"id":503000209,"x":32,"y":4},{"data":8000014,"id":503000210,"x":37,"y":4},{"data":8000014,"id":503000211,"x":37,"y":8},{"data":8000027,"id":503000212,"x":35,"y":6},{"data":8000005,"id":503000213,"x":22,"y":39},{"data":8000005,"id":503000214,"x":35,"y":34},{"data":8000004,"id":503000215,"x":34,"y":9},{"data":8000004,"id":503000216,"x":25,"y":37},{"data":8000004,"id":503000217,"x":5,"y":12},{"data":8000004,"id":503000218,"x":8,"y":9},{"data":8000013,"id":503000219,"x":5,"y":8},{"data":8000013,"id":503000220,"x":38,"y":11},{"data":8000013,"id":503000221,"x":7,"y":35},{"data":8000005,"id":503000222,"x":11,"y":37},{"data":8000012,"id":503000223,"x":15,"y":4},{"data":8000011,"id":503000224,"x":13,"y":3},{"data":8000011,"id":503000225,"x":39,"y":5},{"data":8000012,"id":503000226,"x":39,"y":7},{"data":8000014,"id":503000227,"x":13,"y":5},{"data":8000002,"id":503000228,"x":37,"y":24},{"data":8000004,"id":503000231,"x":5,"y":39,"lmv":2}],"exp_ver":1}