{"buildings":[{"data":1000001,"id":500000000,"lvl":8,"x":14,"y":19},{"data":1000010,"id":500000001,"lvl":1,"wI":0,"wX":0,"x":12,"y":21},{"data":1000010,"id":500000002,"lvl":1,"wI":0,"wX":0,"x":12,"y":20},{"data":1000010,"id":500000003,"lvl":1,"wI":0,"wX":0,"x":12,"y":19},{"data":1000010,"id":500000004,"lvl":1,"wI":0,"wX":0,"x":12,"y":18},{"data":1000010,"id":500000005,"lvl":1,"wI":0,"wX":0,"x":12,"y":17},{"data":1000010,"id":500000006,"lvl":1,"wI":0,"wX":0,"x":12,"y":16},{"data":1000010,"id":500000007,"lvl":1,"wI":0,"wX":0,"x":12,"y":15},{"data":1000010,"id":500000008,"lvl":1,"wI":0,"wX":0,"x":12,"y":14},{"data":1000010,"id":500000009,"lvl":1,"wI":0,"wX":0,"x":12,"y":13},{"data":1000010,"id":500000010,"lvl":1,"wI":0,"wX":0,"x":13,"y":13},{"data":1000010,"id":500000011,"lvl":1,"wI":0,"wX":0,"x":14,"y":13},{"data":1000010,"id":500000012,"lvl":1,"wI":0,"wX":0,"x":15,"y":13},{"data":1000010,"id":500000013,"lvl":1,"wI":0,"wX":0,"x":16,"y":13},{"data":1000010,"id":500000014,"lvl":1,"wI":0,"wX":0,"x":17,"y":13},{"data":1000010,"id":500000015,"lvl":1,"wI":0,"wX":0,"x":18,"y":13},{"data":1000010,"id":500000016,"lvl":1,"wI":0,"wX":0,"x":19,"y":13},{"data":1000010,"id":500000017,"lvl":1,"wI":0,"wX":0,"x":20,"y":13},{"data":1000010,"id":500000018,"lvl":1,"wI":0,"wX":0,"x":21,"y":13},{"data":1000010,"id":500000019,"lvl":1,"wI":0,"wX":0,"x":22,"y":13},{"data":1000010,"id":500000020,"lvl":1,"wI":0,"wX":0,"x":23,"y":13},{"data":1000010,"id":500000021,"lvl":1,"wI":0,"wX":0,"x":12,"y":22},{"data":1000010,"id":500000022,"lvl":1,"wI":0,"wX":0,"x":12,"y":23},{"data":1000010,"id":500000023,"lvl":1,"wI":0,"wX":0,"x":12,"y":24},{"data":1000010,"id":500000024,"lvl":1,"wI":0,"wX":0,"x":12,"y":25},{"data":1000010,"id":500000025,"lvl":1,"wI":0,"wX":0,"x":12,"y":26},{"data":1000010,"id":500000026,"lvl":1,"wI":0,"wX":0,"x":12,"y":27},{"data":1000010,"id":500000027,"lvl":1,"wI":0,"wX":0,"x":12,"y":28},{"data":1000010,"id":500000028,"lvl":1,"wI":0,"wX":0,"x":14,"y":28},{"data":1000010,"id":500000029,"lvl":1,"wI":0,"wX":0,"x":13,"y":28},{"data":1000010,"id":500000030,"lvl":1,"wI":0,"wX":0,"x":15,"y":28},{"data":1000010,"id":500000031,"lvl":1,"wI":0,"wX":0,"x":16,"y":28},{"data":1000010,"id":500000032,"lvl":1,"wI":0,"wX":0,"x":17,"y":28},{"data":1000010,"id":500000033,"lvl":1,"wI":0,"wX":0,"x":18,"y":28},{"data":1000010,"id":500000034,"lvl":1,"wI":0,"wX":0,"x":19,"y":28},{"data":1000010,"id":500000035,"lvl":1,"wI":0,"wX":0,"x":20,"y":28},{"data":1000010,"id":500000036,"lvl":1,"wI":0,"wX":0,"x":21,"y":28},{"data":1000010,"id":500000037,"lvl":1,"wI":0,"wX":0,"x":22,"y":28},{"data":1000010,"id":500000038,"lvl":1,"wI":0,"wX":0,"x":23,"y":28},{"data":1000010,"id":500000039,"lvl":1,"wI":0,"wX":0,"x":24,"y":28},{"data":1000010,"id":500000040,"lvl":1,"wI":0,"wX":0,"x":25,"y":28},{"data":1000010,"id":500000041,"lvl":1,"wI":0,"wX":0,"x":26,"y":28},{"data":1000010,"id":500000042,"lvl":1,"wI":0,"wX":0,"x":27,"y":28},{"data":1000010,"id":500000043,"lvl":1,"wI":0,"wX":0,"x":28,"y":28},{"data":1000010,"id":500000044,"lvl":1,"wI":0,"wX":0,"x":29,"y":28},{"data":1000010,"id":500000045,"lvl":1,"wI":0,"wX":0,"x":29,"y":27},{"data":1000010,"id":500000046,"lvl":1,"wI":0,"wX":0,"x":29,"y":26},{"data":1000010,"id":500000047,"lvl":1,"wI":0,"wX":0,"x":29,"y":25},{"data":1000010,"id":500000048,"lvl":1,"wI":0,"wX":0,"x":29,"y":24},{"data":1000010,"id":500000049,"lvl":1,"wI":0,"wX":0,"x":29,"y":23},{"data":1000010,"id":500000053,"lvl":1,"wI":0,"wX":0,"x":29,"y":19},{"data":1000010,"id":500000054,"lvl":1,"wI":0,"wX":0,"x":29,"y":18},{"data":1000010,"id":500000055,"lvl":1,"wI":0,"wX":0,"x":29,"y":17},{"data":1000010,"id":500000057,"lvl":1,"wI":0,"wX":0,"x":29,"y":16},{"data":1000010,"id":500000058,"lvl":1,"wI":0,"wX":0,"x":24,"y":13},{"data":1000010,"id":500000059,"lvl":1,"wI":0,"wX":0,"x":25,"y":13},{"data":1000010,"id":500000060,"lvl":1,"wI":0,"wX":0,"x":26,"y":13},{"data":1000010,"id":500000061,"lvl":1,"wI":0,"wX":0,"x":27,"y":13},{"data":1000010,"id":500000062,"lvl":1,"wI":0,"wX":0,"x":28,"y":13},{"data":1000010,"id":500000063,"lvl":1,"wI":0,"wX":0,"x":29,"y":13},{"data":1000010,"id":500000064,"lvl":1,"wI":0,"wX":0,"x":29,"y":14},{"data":1000010,"id":500000065,"lvl":1,"wI":0,"wX":0,"x":29,"y":15},{"data":1000010,"id":500000066,"lvl":1,"wI":0,"wX":0,"x":9,"y":32},{"data":1000010,"id":500000067,"lvl":1,"wI":0,"wX":0,"x":10,"y":32},{"data":1000010,"id":500000068,"lvl":1,"wI":0,"wX":0,"x":11,"y":32},{"data":1000010,"id":500000069,"lvl":1,"wI":0,"wX":0,"x":12,"y":32},{"data":1000010,"id":500000070,"lvl":1,"wI":0,"wX":0,"x":13,"y":31},{"data":1000010,"id":500000087,"lvl":1,"wI":0,"wX":0,"x":30,"y":32},{"data":1000010,"id":500000088,"lvl":1,"wI":0,"wX":0,"x":31,"y":32},{"data":1000010,"id":500000089,"lvl":1,"wI":0,"wX":0,"x":32,"y":32},{"data":1000010,"id":500000090,"lvl":1,"wI":0,"wX":0,"x":33,"y":32},{"data":1000010,"id":500000091,"lvl":1,"wI":0,"wX":0,"x":33,"y":31},{"data":1000010,"id":500000092,"lvl":1,"wI":0,"wX":0,"x":33,"y":30},{"data":1000010,"id":500000093,"lvl":1,"wI":0,"wX":0,"x":33,"y":29},{"data":1000010,"id":500000094,"lvl":1,"wI":0,"wX":0,"x":33,"y":28},{"data":1000010,"id":500000109,"lvl":1,"wI":0,"wX":0,"x":33,"y":13},{"data":1000010,"id":500000110,"lvl":1,"wI":0,"wX":0,"x":33,"y":12},{"data":1000010,"id":500000111,"lvl":1,"wI":0,"wX":0,"x":33,"y":11},{"data":1000010,"id":500000112,"lvl":1,"wI":0,"wX":0,"x":33,"y":10},{"data":1000010,"id":500000113,"lvl":1,"wI":0,"wX":0,"x":33,"y":9},{"data":1000010,"id":500000114,"lvl":1,"wI":0,"wX":0,"x":32,"y":9},{"data":1000010,"id":500000115,"lvl":1,"wI":0,"wX":0,"x":31,"y":9},{"data":1000010,"id":500000116,"lvl":1,"wI":0,"wX":0,"x":30,"y":9},{"data":1000010,"id":500000117,"lvl":1,"wI":0,"wX":0,"x":29,"y":9},{"data":1000010,"id":500000134,"lvl":1,"wI":0,"wX":0,"x":12,"y":9},{"data":1000010,"id":500000135,"lvl":1,"wI":0,"wX":0,"x":11,"y":9},{"data":1000010,"id":500000136,"lvl":1,"wI":0,"wX":0,"x":10,"y":9},{"data":1000010,"id":500000137,"lvl":1,"wI":0,"wX":0,"x":9,"y":9},{"data":1000010,"id":500000138,"lvl":1,"wI":0,"wX":0,"x":8,"y":9},{"data":1000010,"id":500000139,"lvl":1,"wI":0,"wX":0,"x":8,"y":10},{"data":1000010,"id":500000140,"lvl":1,"wI":0,"wX":0,"x":8,"y":11},{"data":1000010,"id":500000141,"lvl":1,"wI":0,"wX":0,"x":8,"y":12},{"data":1000010,"id":500000142,"lvl":1,"wI":0,"wX":0,"x":8,"y":13},{"data":1000010,"id":500000157,"lvl":1,"wI":0,"wX":0,"x":8,"y":28},{"data":1000010,"id":500000158,"lvl":1,"wI":0,"wX":0,"x":8,"y":29},{"data":1000010,"id":500000159,"lvl":1,"wI":0,"wX":0,"x":8,"y":30},{"data":1000010,"id":500000160,"lvl":1,"wI":0,"wX":0,"x":8,"y":31},{"data":1000010,"id":500000161,"lvl":1,"wI":0,"wX":0,"x":8,"y":32},{"data":1000003,"id":500000162,"lvl":5,"x":15,"y":15},{"data":1000004,"id":500000163,"lvl":0,"x":15,"y":24,"res_time":8658},{"data":1000004,"id":500000164,"lvl":0,"x":19,"y":17,"res_time":8658},{"data":1000004,"id":500000166,"lvl":0,"x":24,"y":15,"res_time":8658},{"data":1000010,"id":500000169,"lvl":1,"wI":0,"wX":0,"x":20,"y":25},{"data":1000010,"id":500000170,"lvl":1,"wI":0,"wX":0,"x":20,"y":23},{"data":1000010,"id":500000171,"lvl":1,"wI":0,"wX":0,"x":20,"y":20},{"data":1000010,"id":500000172,"lvl":1,"wI":0,"wX":0,"x":20,"y":15},{"data":1000010,"id":500000173,"lvl":1,"wI":0,"wX":0,"x":23,"y":20},{"data":1000010,"id":500000174,"lvl":1,"wI":0,"wX":0,"x":26,"y":20},{"data":1000010,"id":500000175,"lvl":1,"wI":0,"wX":0,"x":22,"y":15},{"data":1000010,"id":500000176,"lvl":1,"wI":0,"wX":0,"x":27,"y":23},{"data":1000010,"id":500000177,"lvl":1,"wI":0,"wX":0,"x":27,"y":25},{"data":1000021,"id":500000179,"lvl":2,"x":9,"y":29,"attack_mode":true,"attack_mode_draft":true,"attack_mode_war":false,"attack_mode_draft_war":false,"attack_mode2":false,"attack_mode_d2":false,"attack_mode3":false,"attack_mode_d3":false,"attack_mode4":false,"attack_mode_d4":false,"attack_mode5":false,"attack_mode_d5":false,"attack_mode_chal":false,"attack_mode_dchal":false,"attack_mode_arrw":false,"attack_mode_draft_arrw":false,"ammo":1500},{"data":1000021,"id":500000180,"lvl":2,"x":30,"y":29,"attack_mode":true,"attack_mode_draft":true,"attack_mode_war":false,"attack_mode_draft_war":false,"attack_mode2":false,"attack_mode_d2":false,"attack_mode3":false,"attack_mode_d3":false,"attack_mode4":false,"attack_mode_d4":false,"attack_mode5":false,"attack_mode_d5":false,"attack_mode_chal":false,"attack_mode_dchal":false,"attack_mode_arrw":false,"attack_mode_draft_arrw":false,"ammo":1500},{"data":1000021,"id":500000181,"lvl":2,"x":30,"y":10,"attack_mode":true,"attack_mode_draft":true,"attack_mode_war":false,"attack_mode_draft_war":false,"attack_mode2":false,"attack_mode_d2":false,"attack_mode3":false,"attack_mode_d3":false,"attack_mode4":false,"attack_mode_d4":false,"attack_mode5":false,"attack_mode_d5":false,"attack_mode_chal":false,"attack_mode_dchal":false,"attack_mode_arrw":false,"attack_mode_draft_arrw":false,"ammo":1500},{"data":1000021,"id":500000182,"lvl":2,"x":9,"y":10,"attack_mode":true,"attack_mode_draft":true,"attack_mode_war":false,"attack_mode_draft_war":false,"attack_mode2":false,"attack_mode_d2":false,"attack_mode3":false,"attack_mode_d3":false,"attack_mode4":false,"attack_mode_d4":false,"attack_mode5":false,"attack_mode_d5":false,"attack_mode_chal":false,"attack_mode_dchal":false,"attack_mode_arrw":false,"attack_mode_draft_arrw":false,"ammo":1500},{"data":1000010,"id":500000183,"lvl":1,"wI":0,"wX":0,"x":12,"y":31},{"data":1000010,"id":500000184,"lvl":1,"wI":0,"wX":0,"x":14,"y":31},{"data":1000010,"id":500000185,"lvl":1,"wI":0,"wX":0,"x":15,"y":31},{"data":1000010,"id":500000186,"lvl":1,"wI":0,"wX":0,"x":16,"y":31},{"data":1000010,"id":500000187,"lvl":1,"wI":0,"wX":0,"x":17,"y":31},{"data":1000010,"id":500000188,"lvl":1,"wI":0,"wX":0,"x":18,"y":31},{"data":1000010,"id":500000189,"lvl":1,"wI":0,"wX":0,"x":19,"y":31},{"data":1000010,"id":500000190,"lvl":1,"wI":0,"wX":0,"x":20,"y":31},{"data":1000010,"id":500000191,"lvl":1,"wI":0,"wX":0,"x":21,"y":31},{"data":1000010,"id":500000192,"lvl":1,"wI":0,"wX":0,"x":22,"y":31},{"data":1000010,"id":500000193,"lvl":1,"wI":0,"wX":0,"x":23,"y":31},{"data":1000010,"id":500000194,"lvl":1,"wI":0,"wX":0,"x":24,"y":31},{"data":1000010,"id":500000195,"lvl":1,"wI":0,"wX":0,"x":25,"y":31},{"data":1000010,"id":500000196,"lvl":1,"wI":0,"wX":0,"x":26,"y":31},{"data":1000010,"id":500000197,"lvl":1,"wI":0,"wX":0,"x":27,"y":31},{"data":1000010,"id":500000198,"lvl":1,"wI":0,"wX":0,"x":28,"y":31},{"data":1000010,"id":500000199,"lvl":1,"wI":0,"wX":0,"x":29,"y":32},{"data":1000010,"id":500000200,"lvl":1,"wI":0,"wX":0,"x":29,"y":31},{"data":1000010,"id":500000201,"lvl":1,"wI":0,"wX":0,"x":32,"y":28},{"data":1000010,"id":500000203,"lvl":1,"wI":0,"wX":0,"x":32,"y":27},{"data":1000010,"id":500000204,"lvl":1,"wI":0,"wX":0,"x":32,"y":26},{"data":1000010,"id":500000205,"lvl":1,"wI":0,"wX":0,"x":32,"y":25},{"data":1000010,"id":500000206,"lvl":1,"wI":0,"wX":0,"x":32,"y":24},{"data":1000010,"id":500000212,"lvl":1,"wI":0,"wX":0,"x":32,"y":18},{"data":1000010,"id":500000213,"lvl":1,"wI":0,"wX":0,"x":32,"y":17},{"data":1000010,"id":500000214,"lvl":1,"wI":0,"wX":0,"x":32,"y":16},{"data":1000010,"id":500000215,"lvl":1,"wI":0,"wX":0,"x":32,"y":15},{"data":1000010,"id":500000216,"lvl":1,"wI":0,"wX":0,"x":32,"y":14},{"data":1000010,"id":500000217,"lvl":1,"wI":0,"wX":0,"x":32,"y":13},{"data":1000010,"id":500000218,"lvl":1,"wI":0,"wX":0,"x":29,"y":10},{"data":1000010,"id":500000219,"lvl":1,"wI":0,"wX":0,"x":28,"y":10},{"data":1000010,"id":500000220,"lvl":1,"wI":0,"wX":0,"x":27,"y":10},{"data":1000010,"id":500000221,"lvl":1,"wI":0,"wX":0,"x":26,"y":10},{"data":1000010,"id":500000222,"lvl":1,"wI":0,"wX":0,"x":25,"y":10},{"data":1000010,"id":500000223,"lvl":1,"wI":0,"wX":0,"x":24,"y":10},{"data":1000010,"id":500000224,"lvl":1,"wI":0,"wX":0,"x":23,"y":10},{"data":1000010,"id":500000225,"lvl":1,"wI":0,"wX":0,"x":22,"y":10},{"data":1000010,"id":500000226,"lvl":1,"wI":0,"wX":0,"x":21,"y":10},{"data":1000010,"id":500000227,"lvl":1,"wI":0,"wX":0,"x":20,"y":10},{"data":1000010,"id":500000228,"lvl":1,"wI":0,"wX":0,"x":19,"y":10},{"data":1000010,"id":500000229,"lvl":1,"wI":0,"wX":0,"x":18,"y":10},{"data":1000010,"id":500000230,"lvl":1,"wI":0,"wX":0,"x":17,"y":10},{"data":1000010,"id":500000231,"lvl":1,"wI":0,"wX":0,"x":16,"y":10},{"data":1000010,"id":500000232,"lvl":1,"wI":0,"wX":0,"x":15,"y":10},{"data":1000010,"id":500000233,"lvl":1,"wI":0,"wX":0,"x":14,"y":10},{"data":1000010,"id":500000234,"lvl":1,"wI":0,"wX":0,"x":13,"y":10},{"data":1000010,"id":500000235,"lvl":1,"wI":0,"wX":0,"x":12,"y":10},{"data":1000010,"id":500000251,"lvl":1,"wI":0,"wX":0,"x":9,"y":28},{"data":1000010,"id":500000253,"lvl":1,"wI":0,"wX":0,"x":9,"y":27},{"data":1000010,"id":500000255,"lvl":1,"wI":0,"wX":0,"x":9,"y":26},{"data":1000010,"id":500000256,"lvl":1,"wI":0,"wX":0,"x":9,"y":25},{"data":1000010,"id":500000257,"lvl":1,"wI":0,"wX":0,"x":9,"y":24},{"data":1000010,"id":500000258,"lvl":1,"wI":0,"wX":0,"x":9,"y":23},{"data":1000010,"id":500000259,"lvl":1,"wI":0,"wX":0,"x":9,"y":22},{"data":1000010,"id":500000260,"lvl":1,"wI":0,"wX":0,"x":9,"y":21},{"data":1000010,"id":500000261,"lvl":1,"wI":0,"wX":0,"x":9,"y":20},{"data":1000010,"id":500000262,"lvl":1,"wI":0,"wX":0,"x":9,"y":19},{"data":1000010,"id":500000263,"lvl":1,"wI":0,"wX":0,"x":9,"y":18},{"data":1000010,"id":500000264,"lvl":1,"wI":0,"wX":0,"x":9,"y":17},{"data":1000010,"id":500000265,"lvl":1,"wI":0,"wX":0,"x":9,"y":16},{"data":1000010,"id":500000266,"lvl":1,"wI":0,"wX":0,"x":9,"y":15},{"data":1000010,"id":500000267,"lvl":1,"wI":0,"wX":0,"x":9,"y":14},{"data":1000010,"id":500000268,"lvl":1,"wI":0,"wX":0,"x":9,"y":13},{"data":1000010,"id":500000270,"lvl":1,"wI":0,"wX":0,"x":32,"y":23},{"data":1000010,"id":500000271,"lvl":1,"wI":0,"wX":0,"x":32,"y":19},{"data":1000005,"id":500000272,"lvl":0,"x":23,"y":23},{"data":1000019,"id":500000273,"lvl":6,"x":12,"y":6},{"data":1000019,"id":500000274,"lvl":6,"x":35,"y":16},{"data":1000019,"id":500000275,"lvl":6,"x":24,"y":35},{"data":1000019,"id":500000276,"lvl":6,"x":6,"y":27}],"decos":[{"data":18000001,"id":506000000,"x":33,"y":23},{"data":18000001,"id":506000001,"x":33,"y":18}],"traps":[{"data":12000008,"id":504000000,"lvl":0,"air_mode":true,"air_mode_draft":true,"air_mode_war":false,"air_mode_draft_war":false,"air_mode2":false,"air_mode_d2":false,"air_mode3":false,"air_mode_d3":false,"air_mode4":false,"air_mode_d4":false,"air_mode5":false,"air_mode_d5":false,"air_mode6":false,"air_mode_d6":false,"air_mode7":false,"air_mode_d7":false,"x":14,"y":25},{"data":12000008,"id":504000001,"lvl":1,"air_mode":false,"air_mode_draft":false,"air_mode_war":false,"air_mode_draft_war":false,"air_mode2":false,"air_mode_d2":false,"air_mode3":false,"air_mode_d3":false,"air_mode4":false,"air_mode_d4":false,"air_mode5":false,"air_mode_d5":false,"air_mode6":false,"air_mode_d6":false,"air_mode7":false,"air_mode_d7":false,"x":15,"y":23},{"data":12000008,"id":504000002,"lvl":0,"air_mode":true,"air_mode_draft":true,"air_mode_war":false,"air_mode_draft_war":false,"air_mode2":false,"air_mode_d2":false,"air_mode3":false,"air_mode_d3":false,"air_mode4":false,"air_mode_d4":false,"air_mode5":false,"air_mode_d5":false,"air_mode6":false,"air_mode_d6":false,"air_mode7":false,"air_mode_d7":false,"x":20,"y":26},{"data":12000008,"id":504000003,"lvl":0,"air_mode":false,"air_mode_draft":false,"air_mode_war":false,"air_mode_draft_war":false,"air_mode2":false,"air_mode_d2":false,"air_mode3":false,"air_mode_d3":false,"air_mode4":false,"air_mode_d4":false,"air_mode5":false,"air_mode_d5":false,"air_mode6":false,"air_mode_d6":false,"air_mode7":false,"air_mode_d7":false,"x":23,"y":27},{"data":12000008,"id":504000004,"lvl":2,"air_mode":false,"air_mode_draft":false,"air_mode_war":false,"air_mode_draft_war":false,"air_mode2":false,"air_mode_d2":false,"air_mode3":false,"air_mode_d3":false,"air_mode4":false,"air_mode_d4":false,"air_mode5":false,"air_mode_d5":false,"air_mode6":false,"air_mode_d6":false,"air_mode7":false,"air_mode_d7":false,"x":25,"y":26},{"data":12000008,"id":504000005,"lvl":2,"air_mode":false,"air_mode_draft":false,"air_mode_war":false,"air_mode_draft_war":false,"air_mode2":false,"air_mode_d2":false,"air_mode3":false,"air_mode_d3":false,"air_mode4":false,"air_mode_d4":false,"air_mode5":false,"air_mode_d5":false,"air_mode6":false,"air_mode_d6":false,"air_mode7":false,"air_mode_d7":false,"x":28,"y":23},{"data":12000008,"id":504000006,"lvl":2,"air_mode":false,"air_mode_draft":false,"air_mode_war":false,"air_mode_draft_war":false,"air_mode2":false,"air_mode_d2":false,"air_mode3":false,"air_mode_d3":false,"air_mode4":false,"air_mode_d4":false,"air_mode5":false,"air_mode_d5":false,"air_mode6":false,"air_mode_d6":false,"air_mode7":false,"air_mode_d7":false,"x":22,"y":21},{"data":12000008,"id":504000007,"lvl":3,"air_mode":true,"air_mode_draft":true,"air_mode_war":false,"air_mode_draft_war":false,"air_mode2":false,"air_mode_d2":false,"air_mode3":false,"air_mode_d3":false,"air_mode4":false,"air_mode_d4":false,"air_mode5":false,"air_mode_d5":false,"air_mode6":false,"air_mode_d6":false,"air_mode7":false,"air_mode_d7":false,"x":23,"y":18},{"data":12000008,"id":504000008,"lvl":3,"air_mode":false,"air_mode_draft":false,"air_mode_war":false,"air_mode_draft_war":false,"air_mode2":false,"air_mode_d2":false,"air_mode3":false,"air_mode_d3":false,"air_mode4":false,"air_mode_d4":false,"air_mode5":false,"air_mode_d5":false,"air_mode6":false,"air_mode_d6":false,"air_mode7":false,"air_mode_d7":false,"x":25,"y":19},{"data":12000008,"id":504000009,"lvl":1,"air_mode":true,"air_mode_draft":true,"air_mode_war":false,"air_mode_draft_war":false,"air_mode2":false,"air_mode_d2":false,"air_mode3":false,"air_mode_d3":false,"air_mode4":false,"air_mode_d4":false,"air_mode5":false,"air_mode_d5":false,"air_mode6":false,"air_mode_d6":false,"air_mode7":false,"air_mode_d7":false,"x":28,"y":16},{"data":12000008,"id":504000010,"lvl":1,"air_mode":false,"air_mode_draft":false,"air_mode_war":false,"air_mode_draft_war":false,"air_mode2":false,"air_mode_d2":false,"air_mode3":false,"air_mode_d3":false,"air_mode4":false,"air_mode_d4":false,"air_mode5":false,"air_mode_d5":false,"air_mode6":false,"air_mode_d6":false,"air_mode7":false,"air_mode_d7":false,"x":24,"y":14},{"data":12000008,"id":504000011,"lvl":0,"air_mode":false,"air_mode_draft":false,"air_mode_war":false,"air_mode_draft_war":false,"air_mode2":false,"air_mode_d2":false,"air_mode3":false,"air_mode_d3":false,"air_mode4":false,"air_mode_d4":false,"air_mode5":false,"air_mode_d5":false,"air_mode6":false,"air_mode_d6":false,"air_mode7":false,"air_mode_d7":false,"x":21,"y":16},{"data":12000008,"id":504000012,"lvl":1,"air_mode":false,"air_mode_draft":false,"air_mode_war":false,"air_mode_draft_war":false,"air_mode2":false,"air_mode_d2":false,"air_mode3":false,"air_mode_d3":false,"air_mode4":false,"air_mode_d4":false,"air_mode5":false,"air_mode_d5":false,"air_mode6":false,"air_mode_d6":false,"air_mode7":false,"air_mode_d7":false,"x":18,"y":14},{"data":12000008,"id":504000013,"lvl":1,"air_mode":false,"air_mode_draft":false,"air_mode_war":false,"air_mode_draft_war":false,"air_mode2":false,"air_mode_d2":false,"air_mode3":false,"air_mode_d3":false,"air_mode4":false,"air_mode_d4":false,"air_mode5":false,"air_mode_d5":false,"air_mode6":false,"air_mode_d6":false,"air_mode7":false,"air_mode_d7":false,"x":13,"y":18},{"data":12000008,"id":504000014,"lvl":3,"air_mode":false,"air_mode_draft":false,"air_mode_war":false,"air_mode_draft_war":false,"air_mode2":false,"air_mode_d2":false,"air_mode3":false,"air_mode_d3":false,"air_mode4":false,"air_mode_d4":false,"air_mode5":false,"air_mode_d5":false,"air_mode6":false,"air_mode_d6":false,"air_mode7":false,"air_mode_d7":false,"x":14,"y":15},{"data":12000008,"id":504000015,"lvl":0,"air_mode":true,"air_mode_draft":true,"air_mode_war":false,"air_mode_draft_war":false,"air_mode2":false,"air_mode_d2":false,"air_mode3":false,"air_mode_d3":false,"air_mode4":false,"air_mode_d4":false,"air_mode5":false,"air_mode_d5":false,"air_mode6":false,"air_mode_d6":false,"air_mode7":false,"air_mode_d7":false,"x":18,"y":19},{"data":12000008,"id":504000016,"lvl":3,"air_mode":false,"air_mode_draft":false,"air_mode_war":false,"air_mode_draft_war":false,"air_mode2":false,"air_mode_d2":false,"air_mode3":false,"air_mode_d3":false,"air_mode4":false,"air_mode_d4":false,"air_mode5":false,"air_mode_d5":false,"air_mode6":false,"air_mode_d6":false,"air_mode7":false,"air_mode_d7":false,"x":18,"y":22},{"data":12000008,"id":504000017,"lvl":0,"air_mode":false,"air_mode_draft":false,"air_mode_war":false,"air_mode_draft_war":false,"air_mode2":false,"air_mode_d2":false,"air_mode3":false,"air_mode_d3":false,"air_mode4":false,"air_mode_d4":false,"air_mode5":false,"air_mode_d5":false,"air_mode6":false,"air_mode_d6":false,"air_mode7":false,"air_mode_d7":false,"x":21,"y":22},{"data":12000008,"id":504000018,"lvl":0,"air_mode":false,"air_mode_draft":false,"air_mode_war":false,"air_mode_draft_war":false,"air_mode2":false,"air_mode_d2":false,"air_mode3":false,"air_mode_d3":false,"air_mode4":false,"air_mode_d4":false,"air_mode5":false,"air_mode_d5":false,"air_mode6":false,"air_mode_d6":false,"air_mode7":false,"air_mode_d7":false,"x":26,"y":21},{"data":12000008,"id":504000019,"lvl":0,"air_mode":false,"air_mode_draft":false,"air_mode_war":false,"air_mode_draft_war":false,"air_mode2":false,"air_mode_d2":false,"air_mode3":false,"air_mode_d3":false,"air_mode4":false,"air_mode_d4":false,"air_mode5":false,"air_mode_d5":false,"air_mode6":false,"air_mode_d6":false,"air_mode7":false,"air_mode_d7":false,"x":28,"y":18},{"data":12000008,"id":504000020,"lvl":2,"air_mode":false,"air_mode_draft":false,"air_mode_war":false,"air_mode_draft_war":false,"air_mode2":false,"air_mode_d2":false,"air_mode3":false,"air_mode_d3":false,"air_mode4":false,"air_mode_d4":false,"air_mode5":false,"air_mode_d5":false,"air_mode6":false,"air_mode_d6":false,"air_mode7":false,"air_mode_d7":false,"x":21,"y":27},{"data":12000008,"id":504000021,"lvl":1,"air_mode":true,"air_mode_draft":true,"air_mode_war":false,"air_mode_draft_war":false,"air_mode2":false,"air_mode_d2":false,"air_mode3":false,"air_mode_d3":false,"air_mode4":false,"air_mode_d4":false,"air_mode5":false,"air_mode_d5":false,"air_mode6":false,"air_mode_d6":false,"air_mode7":false,"air_mode_d7":false,"x":28,"y":26},{"data":12000008,"id":504000022,"lvl":3,"air_mode":false,"air_mode_draft":false,"air_mode_war":false,"air_mode_draft_war":false,"air_mode2":false,"air_mode_d2":false,"air_mode3":false,"air_mode_d3":false,"air_mode4":false,"air_mode_d4":false,"air_mode5":false,"air_mode_d5":false,"air_mode6":false,"air_mode_d6":false,"air_mode7":false,"air_mode_d7":false,"x":13,"y":27},{"data":12000008,"id":504000023,"lvl":0,"air_mode":true,"air_mode_draft":true,"air_mode_war":false,"air_mode_draft_war":false,"air_mode2":false,"air_mode_d2":false,"air_mode3":false,"air_mode_d3":false,"air_mode4":false,"air_mode_d4":false,"air_mode5":false,"air_mode_d5":false,"air_mode6":false,"air_mode_d6":false,"air_mode7":false,"air_mode_d7":false,"x":23,"y":15},{"data":12000006,"id":504000024,"lvl":2,"x":29,"y":11},{"data":12000006,"id":504000025,"lvl":2,"x":31,"y":13},{"data":12000006,"id":504000026,"lvl":2,"x":21,"y":20},{"data":12000006,"id":504000027,"lvl":2,"x":23,"y":16},{"data":12000006,"id":504000028,"lvl":2,"x":26,"y":22},{"data":12000006,"id":504000029,"lvl":2,"x":21,"y":25},{"data":12000006,"id":504000030,"lvl":2,"x":17,"y":18},{"data":12000006,"id":504000031,"lvl":2,"x":18,"y":27},{"data":12000006,"id":504000032,"lvl":2,"x":31,"y":28},{"data":12000006,"id":504000033,"lvl":2,"x":29,"y":30},{"data":12000006,"id":504000034,"lvl":2,"x":12,"y":30},{"data":12000006,"id":504000035,"lvl":2,"x":10,"y":28},{"data":12000006,"id":504000036,"lvl":2,"x":10,"y":13},{"data":12000006,"id":504000037,"lvl":2,"x":12,"y":11},{"data":12000006,"id":504000038,"lvl":2,"x":7,"y":8},{"data":12000006,"id":504000039,"lvl":2,"x":34,"y":8},{"data":12000006,"id":504000040,"lvl":2,"x":34,"y":33},{"data":12000006,"id":504000041,"lvl":2,"x":7,"y":33},{"data":12000002,"id":504000042,"lvl":4,"x":34,"y":11},{"data":12000002,"id":504000043,"lvl":4,"x":30,"y":7},{"data":12000002,"id":504000044,"lvl":4,"x":10,"y":7},{"data":12000002,"id":504000045,"lvl":4,"x":6,"y":11},{"data":12000002,"id":504000046,"lvl":4,"x":6,"y":29},{"data":12000002,"id":504000047,"lvl":4,"x":10,"y":33},{"data":12000002,"id":504000048,"lvl":4,"x":30,"y":33},{"data":12000002,"id":504000049,"lvl":4,"x":34,"y":29},{"data":12000000,"id":504000051,"lvl":4,"x":30,"y":21},{"data":12000000,"id":504000052,"lvl":4,"x":29,"y":21},{"data":12000000,"id":504000053,"lvl":4,"x":31,"y":20},{"data":12000000,"id":504000054,"lvl":4,"x":31,"y":22},{"data":12000000,"id":504000055,"lvl":4,"x":32,"y":21},{"data":12000000,"id":504000056,"lvl":4,"x":33,"y":21},{"data":12000000,"id":504000057,"lvl":4,"x":31,"y":19},{"data":12000000,"id":504000058,"lvl":4,"x":31,"y":23},{"data":12000000,"id":504000059,"lvl":4,"x":31,"y":21},{"data":12000005,"id":504000060,"lvl":2,"x":16,"y":33},{"data":12000005,"id":504000061,"lvl":2,"x":20,"y":33},{"data":12000005,"id":504000062,"lvl":2,"x":24,"y":33},{"data":12000005,"id":504000063,"lvl":2,"x":34,"y":26},{"data":12000005,"id":504000064,"lvl":2,"x":34,"y":21},{"data":12000005,"id":504000065,"lvl":2,"x":34,"y":15},{"data":12000005,"id":504000066,"lvl":2,"x":26,"y":8},{"data":12000005,"id":504000067,"lvl":2,"x":21,"y":8},{"data":12000005,"id":504000068,"lvl":2,"x":15,"y":8},{"data":12000005,"id":504000069,"lvl":2,"x":7,"y":16},{"data":12000005,"id":504000070,"lvl":2,"x":7,"y":20},{"data":12000005,"id":504000071,"lvl":2,"x":7,"y":25},{"data":12000005,"id":504000072,"lvl":2,"x":13,"y":23},{"data":12000005,"id":504000073,"lvl":2,"x":19,"y":21},{"data":12000005,"id":504000074,"lvl":2,"x":27,"y":19},{"data":12000005,"id":504000075,"lvl":2,"x":18,"y":15},{"data":12000005,"id":504000076,"lvl":2,"x":26,"y":27},{"data":12000001,"id":504000079,"lvl":3,"x":29,"y":29},{"data":12000001,"id":504000080,"lvl":3,"x":26,"y":30},{"data":12000001,"id":504000083,"lvl":3,"x":22,"y":29},{"data":12000001,"id":504000084,"lvl":3,"x":21,"y":30},{"data":12000001,"id":504000085,"lvl":3,"x":17,"y":29},{"data":12000001,"id":504000086,"lvl":3,"x":14,"y":30},{"data":12000001,"id":504000087,"lvl":3,"x":10,"y":25},{"data":12000001,"id":504000088,"lvl":3,"x":11,"y":24},{"data":12000001,"id":504000089,"lvl":3,"x":10,"y":21},{"data":12000001,"id":504000090,"lvl":3,"x":11,"y":20},{"data":12000001,"id":504000091,"lvl":3,"x":11,"y":16},{"data":12000001,"id":504000092,"lvl":3,"x":10,"y":15},{"data":12000001,"id":504000093,"lvl":3,"x":15,"y":11},{"data":12000001,"id":504000094,"lvl":3,"x":16,"y":11},{"data":12000001,"id":504000095,"lvl":3,"x":18,"y":12},{"data":12000001,"id":504000096,"lvl":3,"x":20,"y":11},{"data":12000001,"id":504000097,"lvl":3,"x":23,"y":12},{"data":12000001,"id":504000098,"lvl":3,"x":24,"y":11},{"data":12000001,"id":504000099,"lvl":3,"x":28,"y":12},{"data":12000001,"id":504000100,"lvl":3,"x":30,"y":15},{"data":12000001,"id":504000101,"lvl":3,"x":31,"y":16},{"data":12000001,"id":504000102,"lvl":3,"x":30,"y":17},{"data":12000001,"id":504000103,"lvl":3,"x":30,"y":24},{"data":12000001,"id":504000104,"lvl":3,"x":31,"y":25},{"data":12000000,"id":504000106,"lvl":0,"x":28,"y":29},{"data":12000000,"id":504000107,"lvl":5,"x":27,"y":29},{"data":12000000,"id":504000108,"lvl":0,"x":30,"y":28},{"data":12000000,"id":504000109,"lvl":5,"x":30,"y":27},{"data":12000000,"id":504000110,"lvl":5,"x":30,"y":13},{"data":12000000,"id":504000111,"lvl":5,"x":30,"y":14},{"data":12000000,"id":504000112,"lvl":5,"x":14,"y":11},{"data":12000000,"id":504000113,"lvl":5,"x":12,"y":12},{"data":12000000,"id":504000114,"lvl":5,"x":11,"y":27},{"data":12000000,"id":504000115,"lvl":5,"x":13,"y":29},{"data":12000008,"id":504000116,"lvl":3,"air_mode":false,"air_mode_draft":false,"air_mode_war":false,"air_mode_draft_war":false,"air_mode2":false,"air_mode_d2":false,"air_mode3":false,"air_mode_d3":false,"air_mode4":false,"air_mode_d4":false,"air_mode5":false,"air_mode_d5":false,"air_mode6":false,"air_mode_d6":false,"air_mode7":false,"air_mode_d7":false,"x":19,"y":22},{"data":12000008,"id":504000117,"lvl":3,"air_mode":false,"air_mode_draft":false,"air_mode_war":false,"air_mode_draft_war":false,"air_mode2":false,"air_mode_d2":false,"air_mode3":false,"air_mode_d3":false,"air_mode4":false,"air_mode_d4":false,"air_mode5":false,"air_mode_d5":false,"air_mode6":false,"air_mode_d6":false,"air_mode7":false,"air_mode_d7":false,"x":19,"y":23},{"data":12000008,"id":504000118,"lvl":3,"air_mode":false,"air_mode_draft":false,"air_mode_war":false,"air_mode_draft_war":false,"air_mode2":false,"air_mode_d2":false,"air_mode3":false,"air_mode_d3":false,"air_mode4":false,"air_mode_d4":false,"air_mode5":false,"air_mode_d5":false,"air_mode6":false,"air_mode_d6":false,"air_mode7":false,"air_mode_d7":false,"x":22,"y":23},{"data":12000008,"id":504000119,"lvl":3,"air_mode":false,"air_mode_draft":false,"air_mode_war":false,"air_mode_draft_war":false,"air_mode2":false,"air_mode_d2":false,"air_mode3":false,"air_mode_d3":false,"air_mode4":false,"air_mode_d4":false,"air_mode5":false,"air_mode_d5":false,"air_mode6":false,"air_mode_d6":false,"air_mode7":false,"air_mode_d7":false,"x":22,"y":19},{"data":12000008,"id":504000120,"lvl":3,"air_mode":false,"air_mode_draft":false,"air_mode_war":false,"air_mode_draft_war":false,"air_mode2":false,"air_mode_d2":false,"air_mode3":false,"air_mode_d3":false,"air_mode4":false,"air_mode_d4":false,"air_mode5":false,"air_mode_d5":false,"air_mode6":false,"air_mode_d6":false,"air_mode7":false,"air_mode_d7":false,"x":18,"y":17},{"data":12000008,"id":504000121,"lvl":3,"air_mode":false,"air_mode_draft":false,"air_mode_war":false,"air_mode_draft_war":false,"air_mode2":false,"air_mode_d2":false,"air_mode3":false,"air_mode_d3":false,"air_mode4":false,"air_mode_d4":false,"air_mode5":false,"air_mode_d5":false,"air_mode6":false,"air_mode_d6":false,"air_mode7":false,"air_mode_d7":false,"x":19,"y":16},{"data":12000008,"id":504000122,"lvl":3,"air_mode":false,"air_mode_draft":false,"air_mode_war":false,"air_mode_draft_war":false,"air_mode2":false,"air_mode_d2":false,"air_mode3":false,"air_mode_d3":false,"air_mode4":false,"air_mode_d4":false,"air_mode5":false,"air_mode_d5":false,"air_mode6":false,"air_mode_d6":false,"air_mode7":false,"air_mode_d7":false,"x":20,"y":16},{"data":12000008,"id":504000123,"lvl":3,"air_mode":false,"air_mode_draft":false,"air_mode_war":false,"air_mode_draft_war":false,"air_mode2":false,"air_mode_d2":false,"air_mode3":false,"air_mode_d3":false,"air_mode4":false,"air_mode_d4":false,"air_mode5":false,"air_mode_d5":false,"air_mode6":false,"air_mode_d6":false,"air_mode7":false,"air_mode_d7":false,"x":22,"y":17},{"data":12000008,"id":504000124,"lvl":3,"air_mode":false,"air_mode_draft":false,"air_mode_war":false,"air_mode_draft_war":false,"air_mode2":false,"air_mode_d2":false,"air_mode3":false,"air_mode_d3":false,"air_mode4":false,"air_mode_d4":false,"air_mode5":false,"air_mode_d5":false,"air_mode6":false,"air_mode_d6":false,"air_mode7":false,"air_mode_d7":false,"x":23,"y":19},{"data":12000008,"id":504000125,"lvl":3,"air_mode":false,"air_mode_draft":false,"air_mode_war":false,"air_mode_draft_war":false,"air_mode2":false,"air_mode_d2":false,"air_mode3":false,"air_mode_d3":false,"air_mode4":false,"air_mode_d4":false,"air_mode5":false,"air_mode_d5":false,"air_mode6":false,"air_mode_d6":false,"air_mode7":false,"air_mode_d7":false,"x":16,"y":18},{"data":12000008,"id":504000126,"lvl":3,"air_mode":false,"air_mode_draft":false,"air_mode_war":false,"air_mode_draft_war":false,"air_mode2":false,"air_mode_d2":false,"air_mode3":false,"air_mode_d3":false,"air_mode4":false,"air_mode_d4":false,"air_mode5":false,"air_mode_d5":false,"air_mode6":false,"air_mode_d6":false,"air_mode7":false,"air_mode_d7":false,"x":21,"y":15},{"data":12000008,"id":504000127,"lvl":3,"air_mode":false,"air_mode_draft":false,"air_mode_war":false,"air_mode_draft_war":false,"air_mode2":false,"air_mode_d2":false,"air_mode3":false,"air_mode_d3":false,"air_mode4":false,"air_mode_d4":false,"air_mode5":false,"air_mode_d5":false,"air_mode6":false,"air_mode_d6":false,"air_mode7":false,"air_mode_d7":false,"x":23,"y":21},{"data":12000008,"id":504000128,"lvl":3,"air_mode":false,"air_mode_draft":false,"air_mode_war":false,"air_mode_draft_war":false,"air_mode2":false,"air_mode_d2":false,"air_mode3":false,"air_mode_d3":false,"air_mode4":false,"air_mode_d4":false,"air_mode5":false,"air_mode_d5":false,"air_mode6":false,"air_mode_d6":false,"air_mode7":false,"air_mode_d7":false,"x":24,"y":21},{"data":12000008,"id":504000129,"lvl":3,"air_mode":false,"air_mode_draft":false,"air_mode_war":false,"air_mode_draft_war":false,"air_mode2":false,"air_mode_d2":false,"air_mode3":false,"air_mode_d3":false,"air_mode4":false,"air_mode_d4":false,"air_mode5":false,"air_mode_d5":false,"air_mode6":false,"air_mode_d6":false,"air_mode7":false,"air_mode_d7":false,"x":23,"y":22},{"data":12000008,"id":504000130,"lvl":3,"air_mode":false,"air_mode_draft":false,"air_mode_war":false,"air_mode_draft_war":false,"air_mode2":false,"air_mode_d2":false,"air_mode3":false,"air_mode_d3":false,"air_mode4":false,"air_mode_d4":false,"air_mode5":false,"air_mode_d5":false,"air_mode6":false,"air_mode_d6":false,"air_mode7":false,"air_mode_d7":false,"x":20,"y":20},{"data":12000001,"id":504000131,"lvl":3,"x":19,"y":30},{"data":12000001,"id":504000132,"lvl":3,"x":24,"y":29},{"data":12000001,"id":504000133,"lvl":3,"x":29,"y":22},{"data":12000001,"id":504000134,"lvl":3,"x":29,"y":20},{"data":12000001,"id":504000135,"lvl":3,"x":26,"y":12},{"data":12000001,"id":504000136,"lvl":3,"x":21,"y":12},{"data":12000001,"id":504000137,"lvl":3,"x":16,"y":12},{"data":12000001,"id":504000138,"lvl":3,"x":11,"y":19},{"data":12000001,"id":504000139,"lvl":3,"x":10,"y":18},{"data":12000001,"id":504000140,"lvl":3,"x":11,"y":22},{"data":12000001,"id":504000141,"lvl":3,"x":11,"y":13},{"data":12000001,"id":504000142,"lvl":3,"x":30,"y":19},{"data":12000006,"id":504000143,"lvl":2,"x":17,"y":8},{"data":12000006,"id":504000144,"lvl":2,"x":14,"y":16},{"data":12000006,"id":504000145,"lvl":2,"x":16,"y":30},{"data":12000006,"id":504000146,"lvl":2,"x":23,"y":30},{"data":12000006,"id":504000147,"lvl":2,"x":33,"y":17},{"data":12000006,"id":504000148,"lvl":2,"x":19,"y":11},{"data":12000006,"id":504000149,"lvl":2,"x":25,"y":11},{"data":12000006,"id":504000150,"lvl":2,"x":8,"y":18},{"data":12000006,"id":504000151,"lvl":2,"x":8,"y":24},{"data":12000006,"id":504000152,"lvl":2,"x":7,"y":31},{"data":12000006,"id":504000153,"lvl":2,"x":7,"y":7},{"data":12000006,"id":504000154,"lvl":2,"x":35,"y":8},{"data":12000006,"id":504000155,"lvl":2,"x":34,"y":31},{"data":12000006,"id":504000156,"lvl":2,"x":32,"y":22}],"obstacles":[{"data":8000000,"id":503000017,"x":4,"y":38},{"data":8000000,"id":503000049,"x":4,"y":4},{"data":8000000,"id":503000066,"x":38,"y":4},{"data":8000000,"id":503000135,"x":4,"y":6},{"data":8000000,"id":503000136,"x":4,"y":8},{"data":8000000,"id":503000137,"x":4,"y":10},{"data":8000000,"id":503000138,"x":4,"y":12},{"data":8000000,"id":503000139,"x":4,"y":14},{"data":8000000,"id":503000140,"x":4,"y":16},{"data":8000000,"id":503000141,"x":4,"y":18},{"data":8000000,"id":503000142,"x":4,"y":20},{"data":8000000,"id":503000143,"x":4,"y":22},{"data":8000000,"id":503000144,"x":4,"y":24},{"data":8000000,"id":503000145,"x":4,"y":26},{"data":8000000,"id":503000146,"x":4,"y":28},{"data":8000000,"id":503000147,"x":4,"y":30},{"data":8000000,"id":503000148,"x":4,"y":32},{"data":8000000,"id":503000149,"x":4,"y":34},{"data":8000000,"id":503000150,"x":4,"y":36},{"data":8000000,"id":503000151,"x":6,"y":4},{"data":8000000,"id":503000152,"x":8,"y":4},{"data":8000000,"id":503000153,"x":10,"y":4},{"data":8000000,"id":503000154,"x":12,"y":4},{"data":8000000,"id":503000155,"x":14,"y":4},{"data":8000000,"id":503000156,"x":16,"y":4},{"data":8000000,"id":503000157,"x":18,"y":4},{"data":8000000,"id":503000158,"x":20,"y":4},{"data":8000000,"id":503000159,"x":22,"y":4},{"data":8000000,"id":503000160,"x":24,"y":4},{"data":8000000,"id":503000161,"x":26,"y":4},{"data":8000000,"id":503000162,"x":28,"y":4},{"data":8000000,"id":503000163,"x":30,"y":4},{"data":8000000,"id":503000164,"x":32,"y":4},{"data":8000000,"id":503000165,"x":34,"y":4},{"data":8000000,"id":503000166,"x":36,"y":4},{"data":8000000,"id":503000167,"x":38,"y":6},{"data":8000000,"id":503000168,"x":38,"y":8},{"data":8000000,"id":503000169,"x":38,"y":10},{"data":8000000,"id":503000170,"x":38,"y":12},{"data":8000000,"id":503000171,"x":38,"y":14},{"data":8000000,"id":503000172,"x":38,"y":16},{"data":8000000,"id":503000173,"x":38,"y":18},{"data":8000000,"id":503000174,"x":38,"y":20},{"data":8000000,"id":503000183,"x":36,"y":38},{"data":8000000,"id":503000184,"x":34,"y":38},{"data":8000000,"id":503000185,"x":32,"y":38},{"data":8000000,"id":503000186,"x":30,"y":38},{"data":8000000,"id":503000187,"x":28,"y":38},{"data":8000000,"id":503000188,"x":26,"y":38},{"data":8000000,"id":503000189,"x":24,"y":38},{"data":8000000,"id":503000190,"x":22,"y":38},{"data":8000000,"id":503000191,"x":20,"y":38},{"data":8000000,"id":503000192,"x":18,"y":38},{"data":8000000,"id":503000193,"x":16,"y":38},{"data":8000000,"id":503000194,"x":14,"y":38},{"data":8000000,"id":503000195,"x":12,"y":38},{"data":8000000,"id":503000196,"x":10,"y":38},{"data":8000000,"id":503000197,"x":8,"y":38},{"data":8000000,"id":503000198,"x":6,"y":38},{"data":8000000,"id":503000238,"x":38,"y":22},{"data":8000000,"id":503000239,"x":38,"y":24},{"data":8000000,"id":503000240,"x":38,"y":26},{"data":8000000,"id":503000241,"x":38,"y":28},{"data":8000000,"id":503000242,"x":38,"y":30},{"data":8000000,"id":503000243,"x":38,"y":32},{"data":8000000,"id":503000244,"x":38,"y":34},{"data":8000000,"id":503000245,"x":38,"y":36},{"data":8000000,"id":503000246,"x":38,"y":38},{"data":8000031,"id":503000290,"x":6,"y":22},{"data":8000036,"id":503000291,"x":26,"y":34},{"data":8000039,"id":503000292,"x":13,"y":33},{"data":8000067,"id":503000293,"x":36,"y":14},{"data":8000073,"id":503000294,"x":17,"y":6},{"data":8000022,"id":503000296,"x":22,"y":25},{"data":8000022,"id":503000297,"x":24,"y":26},{"data":8000022,"id":503000298,"x":21,"y":23},{"data":8000022,"id":503000299,"x":18,"y":25},{"data":8000022,"id":503000300,"x":19,"y":24},{"data":8000022,"id":503000301,"x":26,"y":25},{"data":8000022,"id":503000302,"x":26,"y":23},{"data":8000022,"id":503000303,"x":25,"y":22},{"data":8000022,"id":503000304,"x":25,"y":20},{"data":8000022,"id":503000305,"x":24,"y":19},{"data":8000022,"id":503000306,"x":23,"y":17},{"data":8000022,"id":503000307,"x":22,"y":16},{"data":8000022,"id":503000308,"x":18,"y":16},{"data":8000022,"id":503000309,"x":19,"y":14},{"data":8000022,"id":503000310,"x":26,"y":14},{"data":8000022,"id":503000311,"x":26,"y":18},{"data":8000022,"id":503000312,"x":28,"y":21},{"data":8000022,"id":503000313,"x":27,"y":27},{"data":8000022,"id":503000314,"x":16,"y":27},{"data":8000022,"id":503000315,"x":16,"y":23},{"data":8000022,"id":503000316,"x":14,"y":24},{"data":8000022,"id":503000317,"x":13,"y":25},{"data":8000022,"id":503000318,"x":15,"y":27},{"data":8000022,"id":503000319,"x":13,"y":16},{"data":8000022,"id":503000320,"x":14,"y":17},{"data":8000022,"id":503000321,"x":15,"y":14},{"data":8000022,"id":503000322,"x":16,"y":14},{"data":8000022,"id":503000323,"x":19,"y":20},{"data":8000022,"id":503000324,"x":18,"y":18},{"data":8000022,"id":503000325,"x":13,"y":21},{"data":8000023,"id":503000326,"x":17,"y":23},{"data":8000023,"id":503000327,"x":20,"y":21},{"data":8000023,"id":503000328,"x":25,"y":18},{"data":8000023,"id":503000329,"x":24,"y":22},{"data":8000023,"id":503000330,"x":21,"y":24},{"data":8000023,"id":503000331,"x":23,"y":26},{"data":8000023,"id":503000332,"x":26,"y":24},{"data":8000023,"id":503000333,"x":28,"y":20},{"data":8000023,"id":503000334,"x":14,"y":26},{"data":8000022,"id":503000335,"x":20,"y":27},{"data":8000022,"id":503000336,"x":22,"y":27},{"data":8000022,"id":503000337,"x":21,"y":14},{"data":8000022,"id":503000338,"x":28,"y":14},{"data":8000022,"id":503000339,"x":13,"y":14},{"data":8000022,"id":503000340,"x":13,"y":26},{"data":8000022,"id":503000341,"x":28,"y":24}],"exp_ver":1}