{"buildings":[{"data":1000001,"id":500000000,"lvl":9,"x":18,"y":19},{"data":1000027,"id":500000001,"lvl":1,"x":18,"y":11,"attack_mode":true,"attack_mode_draft":true,"attack_mode_war":false,"attack_mode_draft_war":false,"attack_mode2":false,"attack_mode_d2":false,"attack_mode3":false,"attack_mode_d3":false,"attack_mode4":false,"attack_mode_d4":false,"attack_mode5":false,"attack_mode_d5":false,"attack_mode_chal":false,"attack_mode_dchal":false,"attack_mode_arrw":false,"attack_mode_draft_arrw":false,"ammo":1000},{"data":1000027,"id":500000002,"lvl":1,"x":20,"y":11,"attack_mode":false,"attack_mode_draft":false,"attack_mode_war":false,"attack_mode_draft_war":false,"attack_mode2":false,"attack_mode_d2":false,"attack_mode3":false,"attack_mode_d3":false,"attack_mode4":false,"attack_mode_d4":false,"attack_mode5":false,"attack_mode_d5":false,"attack_mode_chal":false,"attack_mode_dchal":false,"attack_mode_arrw":false,"attack_mode_draft_arrw":false,"ammo":1000},{"data":1000027,"id":500000003,"lvl":1,"x":28,"y":19,"attack_mode":false,"attack_mode_draft":false,"attack_mode_war":false,"attack_mode_draft_war":false,"attack_mode2":false,"attack_mode_d2":false,"attack_mode3":false,"attack_mode_d3":false,"attack_mode4":false,"attack_mode_d4":false,"attack_mode5":false,"attack_mode_d5":false,"attack_mode_chal":false,"attack_mode_dchal":false,"attack_mode_arrw":false,"attack_mode_draft_arrw":false,"ammo":1000},{"data":1000027,"id":500000004,"lvl":1,"x":28,"y":21,"attack_mode":true,"attack_mode_draft":true,"attack_mode_war":false,"attack_mode_draft_war":false,"attack_mode2":false,"attack_mode_d2":false,"attack_mode3":false,"attack_mode_d3":false,"attack_mode4":false,"attack_mode_d4":false,"attack_mode5":false,"attack_mode_d5":false,"attack_mode_chal":false,"attack_mode_dchal":false,"attack_mode_arrw":false,"attack_mode_draft_arrw":false,"ammo":1000},{"data":1000027,"id":500000005,"lvl":1,"x":18,"y":29,"attack_mode":false,"attack_mode_draft":false,"attack_mode_war":false,"attack_mode_draft_war":false,"attack_mode2":false,"attack_mode_d2":false,"attack_mode3":false,"attack_mode_d3":false,"attack_mode4":false,"attack_mode_d4":false,"attack_mode5":false,"attack_mode_d5":false,"attack_mode_chal":false,"attack_mode_dchal":false,"attack_mode_arrw":false,"attack_mode_draft_arrw":false,"ammo":1000},{"data":1000027,"id":500000006,"lvl":1,"x":20,"y":29,"attack_mode":true,"attack_mode_draft":true,"attack_mode_war":false,"attack_mode_draft_war":false,"attack_mode2":false,"attack_mode_d2":false,"attack_mode3":false,"attack_mode_d3":false,"attack_mode4":false,"attack_mode_d4":false,"attack_mode5":false,"attack_mode_d5":false,"attack_mode_chal":false,"attack_mode_dchal":false,"attack_mode_arrw":false,"attack_mode_draft_arrw":false,"ammo":1000},{"data":1000027,"id":500000007,"lvl":1,"x":10,"y":21,"attack_mode":false,"attack_mode_draft":false,"attack_mode_war":false,"attack_mode_draft_war":false,"attack_mode2":false,"attack_mode_d2":false,"attack_mode3":false,"attack_mode_d3":false,"attack_mode4":false,"attack_mode_d4":false,"attack_mode5":false,"attack_mode_d5":false,"attack_mode_chal":false,"attack_mode_dchal":false,"attack_mode_arrw":false,"attack_mode_draft_arrw":false,"ammo":1000},{"data":1000027,"id":500000008,"lvl":1,"x":10,"y":19,"attack_mode":true,"attack_mode_draft":true,"attack_mode_war":false,"attack_mode_draft_war":false,"attack_mode2":false,"attack_mode_d2":false,"attack_mode3":false,"attack_mode_d3":false,"attack_mode4":false,"attack_mode_d4":false,"attack_mode5":false,"attack_mode_d5":false,"attack_mode_chal":false,"attack_mode_dchal":false,"attack_mode_arrw":false,"attack_mode_draft_arrw":false,"ammo":1000},{"data":1000010,"id":500000009,"lvl":10,"wI":0,"wX":0,"x":27,"y":23},{"data":1000010,"id":500000010,"lvl":10,"wI":0,"wX":0,"x":27,"y":22},{"data":1000010,"id":500000013,"lvl":10,"wI":0,"wX":0,"x":27,"y":19},{"data":1000010,"id":500000014,"lvl":10,"wI":0,"wX":0,"x":27,"y":18},{"data":1000010,"id":500000015,"lvl":10,"wI":0,"wX":0,"x":28,"y":18},{"data":1000010,"id":500000016,"lvl":10,"wI":0,"wX":0,"x":29,"y":18},{"data":1000010,"id":500000017,"lvl":10,"wI":0,"wX":0,"x":30,"y":18},{"data":1000010,"id":500000018,"lvl":10,"wI":0,"wX":0,"x":30,"y":19},{"data":1000010,"id":500000019,"lvl":10,"wI":0,"wX":0,"x":30,"y":20},{"data":1000010,"id":500000020,"lvl":10,"wI":0,"wX":0,"x":30,"y":21},{"data":1000010,"id":500000021,"lvl":10,"wI":0,"wX":0,"x":30,"y":22},{"data":1000010,"id":500000022,"lvl":10,"wI":0,"wX":0,"x":30,"y":23},{"data":1000010,"id":500000023,"lvl":10,"wI":0,"wX":0,"x":29,"y":23},{"data":1000010,"id":500000024,"lvl":10,"wI":0,"wX":0,"x":28,"y":23},{"data":1000010,"id":500000025,"lvl":10,"wI":0,"wX":0,"x":22,"y":28},{"data":1000010,"id":500000026,"lvl":10,"wI":0,"wX":0,"x":22,"y":29},{"data":1000010,"id":500000027,"lvl":10,"wI":0,"wX":0,"x":22,"y":30},{"data":1000010,"id":500000028,"lvl":10,"wI":0,"wX":0,"x":22,"y":31},{"data":1000010,"id":500000029,"lvl":10,"wI":0,"wX":0,"x":21,"y":31},{"data":1000010,"id":500000030,"lvl":10,"wI":0,"wX":0,"x":20,"y":31},{"data":1000010,"id":500000031,"lvl":10,"wI":0,"wX":0,"x":19,"y":31},{"data":1000010,"id":500000032,"lvl":10,"wI":0,"wX":0,"x":18,"y":31},{"data":1000010,"id":500000033,"lvl":10,"wI":0,"wX":0,"x":17,"y":31},{"data":1000010,"id":500000034,"lvl":10,"wI":0,"wX":0,"x":17,"y":30},{"data":1000010,"id":500000035,"lvl":10,"wI":0,"wX":0,"x":17,"y":29},{"data":1000010,"id":500000036,"lvl":10,"wI":0,"wX":0,"x":17,"y":28},{"data":1000010,"id":500000037,"lvl":10,"wI":0,"wX":0,"x":18,"y":28},{"data":1000010,"id":500000040,"lvl":10,"wI":0,"wX":0,"x":21,"y":28},{"data":1000010,"id":500000041,"lvl":10,"wI":0,"wX":0,"x":17,"y":13},{"data":1000010,"id":500000042,"lvl":10,"wI":0,"wX":0,"x":18,"y":13},{"data":1000010,"id":500000045,"lvl":10,"wI":0,"wX":0,"x":21,"y":13},{"data":1000010,"id":500000046,"lvl":10,"wI":0,"wX":0,"x":22,"y":13},{"data":1000010,"id":500000047,"lvl":10,"wI":0,"wX":0,"x":22,"y":12},{"data":1000010,"id":500000048,"lvl":10,"wI":0,"wX":0,"x":22,"y":11},{"data":1000010,"id":500000049,"lvl":10,"wI":0,"wX":0,"x":22,"y":10},{"data":1000010,"id":500000050,"lvl":10,"wI":0,"wX":0,"x":21,"y":10},{"data":1000010,"id":500000051,"lvl":10,"wI":0,"wX":0,"x":20,"y":10},{"data":1000010,"id":500000052,"lvl":10,"wI":0,"wX":0,"x":19,"y":10},{"data":1000010,"id":500000053,"lvl":10,"wI":0,"wX":0,"x":18,"y":10},{"data":1000010,"id":500000054,"lvl":10,"wI":0,"wX":0,"x":17,"y":10},{"data":1000010,"id":500000055,"lvl":10,"wI":0,"wX":0,"x":17,"y":11},{"data":1000010,"id":500000056,"lvl":10,"wI":0,"wX":0,"x":17,"y":12},{"data":1000010,"id":500000057,"lvl":10,"wI":0,"wX":0,"x":11,"y":18},{"data":1000010,"id":500000058,"lvl":10,"wI":0,"wX":0,"x":12,"y":18},{"data":1000010,"id":500000059,"lvl":10,"wI":0,"wX":0,"x":12,"y":19},{"data":1000010,"id":500000062,"lvl":10,"wI":0,"wX":0,"x":12,"y":22},{"data":1000010,"id":500000063,"lvl":10,"wI":0,"wX":0,"x":12,"y":23},{"data":1000010,"id":500000065,"lvl":10,"wI":0,"wX":0,"x":11,"y":23},{"data":1000010,"id":500000066,"lvl":10,"wI":0,"wX":0,"x":10,"y":23},{"data":1000010,"id":500000067,"lvl":10,"wI":0,"wX":0,"x":9,"y":23},{"data":1000010,"id":500000068,"lvl":10,"wI":0,"wX":0,"x":9,"y":22},{"data":1000010,"id":500000069,"lvl":10,"wI":0,"wX":0,"x":9,"y":21},{"data":1000010,"id":500000070,"lvl":10,"wI":0,"wX":0,"x":9,"y":20},{"data":1000010,"id":500000071,"lvl":10,"wI":0,"wX":0,"x":9,"y":19},{"data":1000010,"id":500000072,"lvl":10,"wI":0,"wX":0,"x":9,"y":18},{"data":1000010,"id":500000073,"lvl":10,"wI":0,"wX":0,"x":10,"y":18},{"data":1000010,"id":500000075,"lvl":10,"wI":0,"wX":0,"x":14,"y":22},{"data":1000010,"id":500000076,"lvl":10,"wI":0,"wX":0,"x":15,"y":22},{"data":1000010,"id":500000077,"lvl":10,"wI":0,"wX":0,"x":16,"y":22},{"data":1000010,"id":500000078,"lvl":10,"wI":0,"wX":0,"x":17,"y":22},{"data":1000010,"id":500000083,"lvl":10,"wI":0,"wX":0,"x":18,"y":23},{"data":1000010,"id":500000084,"lvl":10,"wI":0,"wX":0,"x":18,"y":24},{"data":1000010,"id":500000085,"lvl":10,"wI":0,"wX":0,"x":18,"y":25},{"data":1000010,"id":500000087,"lvl":10,"wI":0,"wX":0,"x":17,"y":23},{"data":1000010,"id":500000088,"lvl":10,"wI":0,"wX":0,"x":18,"y":26},{"data":1000010,"id":500000089,"lvl":10,"wI":0,"wX":0,"x":18,"y":27},{"data":1000010,"id":500000090,"lvl":10,"wI":0,"wX":0,"x":13,"y":22},{"data":1000010,"id":500000091,"lvl":10,"wI":0,"wX":0,"x":21,"y":27},{"data":1000010,"id":500000092,"lvl":10,"wI":0,"wX":0,"x":21,"y":26},{"data":1000010,"id":500000093,"lvl":10,"wI":0,"wX":0,"x":21,"y":25},{"data":1000010,"id":500000094,"lvl":10,"wI":0,"wX":0,"x":21,"y":24},{"data":1000010,"id":500000095,"lvl":10,"wI":0,"wX":0,"x":21,"y":23},{"data":1000010,"id":500000096,"lvl":10,"wI":0,"wX":0,"x":22,"y":23},{"data":1000010,"id":500000097,"lvl":10,"wI":0,"wX":0,"x":23,"y":22},{"data":1000010,"id":500000099,"lvl":10,"wI":0,"wX":0,"x":22,"y":22},{"data":1000010,"id":500000100,"lvl":10,"wI":0,"wX":0,"x":24,"y":22},{"data":1000010,"id":500000101,"lvl":10,"wI":0,"wX":0,"x":25,"y":22},{"data":1000010,"id":500000102,"lvl":10,"wI":0,"wX":0,"x":26,"y":22},{"data":1000010,"id":500000103,"lvl":10,"wI":0,"wX":0,"x":23,"y":18},{"data":1000010,"id":500000104,"lvl":10,"wI":0,"wX":0,"x":24,"y":18},{"data":1000010,"id":500000105,"lvl":10,"wI":0,"wX":0,"x":25,"y":18},{"data":1000010,"id":500000106,"lvl":10,"wI":0,"wX":0,"x":25,"y":19},{"data":1000010,"id":500000107,"lvl":10,"wI":0,"wX":0,"x":26,"y":19},{"data":1000010,"id":500000108,"lvl":10,"wI":0,"wX":0,"x":22,"y":18},{"data":1000010,"id":500000109,"lvl":10,"wI":0,"wX":0,"x":21,"y":18},{"data":1000010,"id":500000110,"lvl":10,"wI":0,"wX":0,"x":21,"y":17},{"data":1000010,"id":500000111,"lvl":10,"wI":0,"wX":0,"x":21,"y":16},{"data":1000010,"id":500000112,"lvl":10,"wI":0,"wX":0,"x":21,"y":15},{"data":1000010,"id":500000113,"lvl":10,"wI":0,"wX":0,"x":21,"y":14},{"data":1000010,"id":500000114,"lvl":10,"wI":0,"wX":0,"x":18,"y":14},{"data":1000010,"id":500000115,"lvl":10,"wI":0,"wX":0,"x":18,"y":15},{"data":1000010,"id":500000116,"lvl":10,"wI":0,"wX":0,"x":17,"y":15},{"data":1000010,"id":500000117,"lvl":10,"wI":0,"wX":0,"x":17,"y":16},{"data":1000010,"id":500000118,"lvl":10,"wI":0,"wX":0,"x":17,"y":17},{"data":1000010,"id":500000119,"lvl":10,"wI":0,"wX":0,"x":17,"y":18},{"data":1000010,"id":500000120,"lvl":10,"wI":0,"wX":0,"x":16,"y":18},{"data":1000010,"id":500000122,"lvl":10,"wI":0,"wX":0,"x":15,"y":18},{"data":1000010,"id":500000123,"lvl":10,"wI":0,"wX":0,"x":14,"y":18},{"data":1000010,"id":500000124,"lvl":10,"wI":0,"wX":0,"x":14,"y":19},{"data":1000010,"id":500000125,"lvl":10,"wI":0,"wX":0,"x":13,"y":19},{"data":1000019,"id":500000126,"lvl":8,"x":25,"y":20},{"data":1000019,"id":500000128,"lvl":8,"x":13,"y":20},{"data":1000019,"id":500000129,"lvl":8,"x":19,"y":14},{"data":1000009,"id":500000130,"lvl":13,"x":27,"y":11,"attack_mode":false,"attack_mode_draft":false,"attack_mode_war":false,"attack_mode_draft_war":false,"attack_mode2":false,"attack_mode_d2":false,"attack_mode3":false,"attack_mode_d3":false,"attack_mode4":false,"attack_mode_d4":false,"attack_mode5":false,"attack_mode_d5":false,"attack_mode_chal":false,"attack_mode_dchal":false,"attack_mode_arrw":false,"attack_mode_draft_arrw":false},{"data":1000009,"id":500000132,"lvl":13,"x":10,"y":28,"attack_mode":false,"attack_mode_draft":false,"attack_mode_war":false,"attack_mode_draft_war":false,"attack_mode2":false,"attack_mode_d2":false,"attack_mode3":false,"attack_mode_d3":false,"attack_mode4":false,"attack_mode_d4":false,"attack_mode5":false,"attack_mode_d5":false,"attack_mode_chal":false,"attack_mode_dchal":false,"attack_mode_arrw":false,"attack_mode_draft_arrw":false},{"data":1000012,"id":500000135,"lvl":7,"x":14,"y":24},{"data":1000012,"id":500000136,"lvl":7,"x":23,"y":15},{"data":1000021,"id":500000137,"lvl":5,"x":26,"y":27,"attack_mode":false,"attack_mode_draft":false,"attack_mode_war":false,"attack_mode_draft_war":false,"attack_mode2":false,"attack_mode_d2":false,"attack_mode3":false,"attack_mode_d3":false,"attack_mode4":false,"attack_mode_d4":false,"attack_mode5":false,"attack_mode_d5":false,"attack_mode_chal":false,"attack_mode_dchal":false,"attack_mode_arrw":false,"attack_mode_draft_arrw":false,"ammo":1500},{"data":1000021,"id":500000138,"lvl":5,"x":11,"y":12,"attack_mode":false,"attack_mode_draft":false,"attack_mode_war":false,"attack_mode_draft_war":false,"attack_mode2":false,"attack_mode_d2":false,"attack_mode3":false,"attack_mode_d3":false,"attack_mode4":false,"attack_mode_d4":false,"attack_mode5":false,"attack_mode_d5":false,"attack_mode_chal":false,"attack_mode_dchal":false,"attack_mode_arrw":false,"attack_mode_draft_arrw":false,"ammo":1500},{"data":1000010,"id":500000139,"lvl":10,"wI":0,"wX":0,"x":10,"y":25},{"data":1000010,"id":500000140,"lvl":10,"wI":0,"wX":0,"x":10,"y":26},{"data":1000010,"id":500000141,"lvl":10,"wI":0,"wX":0,"x":10,"y":27},{"data":1000010,"id":500000142,"lvl":10,"wI":0,"wX":0,"x":11,"y":27},{"data":1000010,"id":500000143,"lvl":10,"wI":0,"wX":0,"x":12,"y":27},{"data":1000010,"id":500000144,"lvl":10,"wI":0,"wX":0,"x":13,"y":27},{"data":1000010,"id":500000145,"lvl":10,"wI":0,"wX":0,"x":13,"y":28},{"data":1000010,"id":500000146,"lvl":10,"wI":0,"wX":0,"x":13,"y":29},{"data":1000010,"id":500000147,"lvl":10,"wI":0,"wX":0,"x":13,"y":30},{"data":1000010,"id":500000148,"lvl":10,"wI":0,"wX":0,"x":14,"y":30},{"data":1000010,"id":500000149,"lvl":10,"wI":0,"wX":0,"x":15,"y":30},{"data":1000010,"id":500000150,"lvl":10,"wI":0,"wX":0,"x":10,"y":13},{"data":1000010,"id":500000151,"lvl":10,"wI":0,"wX":0,"x":10,"y":12},{"data":1000010,"id":500000152,"lvl":10,"wI":0,"wX":0,"x":10,"y":11},{"data":1000010,"id":500000153,"lvl":10,"wI":0,"wX":0,"x":11,"y":11},{"data":1000010,"id":500000154,"lvl":10,"wI":0,"wX":0,"x":12,"y":11},{"data":1000010,"id":500000155,"lvl":10,"wI":0,"wX":0,"x":27,"y":30},{"data":1000010,"id":500000156,"lvl":10,"wI":0,"wX":0,"x":28,"y":30},{"data":1000010,"id":500000157,"lvl":10,"wI":0,"wX":0,"x":29,"y":30},{"data":1000010,"id":500000158,"lvl":10,"wI":0,"wX":0,"x":29,"y":29},{"data":1000010,"id":500000159,"lvl":10,"wI":0,"wX":0,"x":29,"y":28},{"data":1000010,"id":500000160,"lvl":10,"wI":0,"wX":0,"x":24,"y":11},{"data":1000010,"id":500000161,"lvl":10,"wI":0,"wX":0,"x":25,"y":11},{"data":1000010,"id":500000162,"lvl":10,"wI":0,"wX":0,"x":26,"y":11},{"data":1000010,"id":500000163,"lvl":10,"wI":0,"wX":0,"x":26,"y":12},{"data":1000010,"id":500000164,"lvl":10,"wI":0,"wX":0,"x":26,"y":13},{"data":1000010,"id":500000165,"lvl":10,"wI":0,"wX":0,"x":26,"y":14},{"data":1000010,"id":500000166,"lvl":10,"wI":0,"wX":0,"x":27,"y":14},{"data":1000010,"id":500000167,"lvl":10,"wI":0,"wX":0,"x":28,"y":14},{"data":1000010,"id":500000168,"lvl":10,"wI":0,"wX":0,"x":29,"y":14},{"data":1000010,"id":500000169,"lvl":10,"wI":0,"wX":0,"x":29,"y":15},{"data":1000010,"id":500000170,"lvl":10,"wI":0,"wX":0,"x":29,"y":16},{"data":1000010,"id":500000171,"lvl":10,"wI":0,"wX":0,"x":24,"y":13},{"data":1000010,"id":500000172,"lvl":10,"wI":0,"wX":0,"x":27,"y":16},{"data":1000010,"id":500000173,"lvl":10,"wI":0,"wX":0,"x":12,"y":25},{"data":1000010,"id":500000174,"lvl":10,"wI":0,"wX":0,"x":15,"y":28},{"data":1000010,"id":500000175,"lvl":10,"wI":0,"wX":0,"x":29,"y":27},{"data":1000010,"id":500000176,"lvl":10,"wI":0,"wX":0,"x":26,"y":30},{"data":1000010,"id":500000177,"lvl":10,"wI":0,"wX":0,"x":25,"y":30},{"data":1000010,"id":500000178,"lvl":10,"wI":0,"wX":0,"x":24,"y":30},{"data":1000010,"id":500000179,"lvl":10,"wI":0,"wX":0,"x":29,"y":26},{"data":1000010,"id":500000180,"lvl":10,"wI":0,"wX":0,"x":29,"y":25},{"data":1000010,"id":500000181,"lvl":10,"wI":0,"wX":0,"x":10,"y":15},{"data":1000010,"id":500000182,"lvl":10,"wI":0,"wX":0,"x":15,"y":11},{"data":1000010,"id":500000183,"lvl":10,"wI":0,"wX":0,"x":14,"y":11},{"data":1000010,"id":500000184,"lvl":10,"wI":0,"wX":0,"x":10,"y":16},{"data":1000010,"id":500000185,"lvl":10,"wI":0,"wX":0,"x":13,"y":11},{"data":1000010,"id":500000186,"lvl":10,"wI":0,"wX":0,"x":10,"y":14},{"data":1000012,"id":500000189,"lvl":7,"x":14,"y":15},{"data":1000012,"id":500000190,"lvl":7,"x":23,"y":24},{"data":1000010,"id":500000191,"lvl":10,"wI":0,"wX":0,"x":24,"y":28},{"data":1000010,"id":500000192,"lvl":10,"wI":0,"wX":0,"x":27,"y":25},{"data":1000010,"id":500000193,"lvl":10,"wI":0,"wX":0,"x":12,"y":16},{"data":1000010,"id":500000194,"lvl":10,"wI":0,"wX":0,"x":15,"y":13},{"data":1000003,"id":500000207,"lvl":9,"x":22,"y":19},{"data":1000024,"id":500000208,"lvl":4,"x":18,"y":16},{"data":1000005,"id":500000209,"lvl":9,"x":15,"y":19},{"data":1000019,"id":500000210,"lvl":8,"x":19,"y":25},{"data":1000028,"id":500000211,"lvl":0,"x":19,"y":23,"aim_angle":270,"aim_angle_draft":0,"aim_angle_war":0,"aim_angle_draft_war":0,"aim_angle2":0,"aim_angle_d2":0,"aim_angle3":0,"aim_angle_d3":0,"aim_angle4":0,"aim_angle_d4":0,"aim_angle5":0,"aim_angle_d5":0,"aim_angle5_chal":0,"aim_angle_dchal":0,"aim_angle_arrw":0,"aim_angle_draft_arrw":0}],"decos":[],"traps":[{"data":12000001,"id":504000000,"lvl":3,"x":29,"y":17},{"data":12000001,"id":504000001,"lvl":3,"x":23,"y":11},{"data":12000001,"id":504000002,"lvl":3,"x":10,"y":24},{"data":12000001,"id":504000003,"lvl":3,"x":16,"y":30},{"data":12000001,"id":504000004,"lvl":3,"x":23,"y":30},{"data":12000001,"id":504000005,"lvl":3,"x":29,"y":24},{"data":12000001,"id":504000006,"lvl":3,"x":10,"y":17},{"data":12000001,"id":504000007,"lvl":3,"x":16,"y":11},{"data":12000006,"id":504000008,"lvl":2,"x":19,"y":13},{"data":12000005,"id":504000009,"lvl":4,"x":20,"y":13},{"data":12000006,"id":504000010,"lvl":2,"x":27,"y":21},{"data":12000006,"id":504000011,"lvl":2,"x":19,"y":28},{"data":12000006,"id":504000012,"lvl":2,"x":12,"y":20},{"data":12000005,"id":504000013,"lvl":4,"x":27,"y":20},{"data":12000005,"id":504000014,"lvl":4,"x":20,"y":28},{"data":12000005,"id":504000015,"lvl":4,"x":12,"y":21},{"data":12000008,"id":504000016,"lvl":0,"air_mode":false,"air_mode_draft":false,"air_mode_war":false,"air_mode_draft_war":false,"air_mode2":false,"air_mode_d2":false,"air_mode3":false,"air_mode_d3":false,"air_mode4":false,"air_mode_d4":false,"air_mode5":false,"air_mode_d5":false,"air_mode6":false,"air_mode_d6":false,"air_mode7":false,"air_mode_d7":false,"x":9,"y":31},{"data":12000008,"id":504000017,"lvl":0,"air_mode":false,"air_mode_draft":false,"air_mode_war":false,"air_mode_draft_war":false,"air_mode2":false,"air_mode_d2":false,"air_mode3":false,"air_mode_d3":false,"air_mode4":false,"air_mode_d4":false,"air_mode5":false,"air_mode_d5":false,"air_mode6":false,"air_mode_d6":false,"air_mode7":false,"air_mode_d7":false,"x":30,"y":10},{"data":12000008,"id":504000018,"lvl":0,"air_mode":false,"air_mode_draft":false,"air_mode_war":false,"air_mode_draft_war":false,"air_mode2":false,"air_mode_d2":false,"air_mode3":false,"air_mode_d3":false,"air_mode4":false,"air_mode_d4":false,"air_mode5":false,"air_mode_d5":false,"air_mode6":false,"air_mode_d6":false,"air_mode7":false,"air_mode_d7":false,"x":30,"y":31},{"data":12000008,"id":504000019,"lvl":0,"air_mode":false,"air_mode_draft":false,"air_mode_war":false,"air_mode_draft_war":false,"air_mode2":false,"air_mode_d2":false,"air_mode3":false,"air_mode_d3":false,"air_mode4":false,"air_mode_d4":false,"air_mode5":false,"air_mode_d5":false,"air_mode6":false,"air_mode_d6":false,"air_mode7":false,"air_mode_d7":false,"x":9,"y":10},{"data":12000001,"id":504000020,"lvl":2,"x":11,"y":10},{"data":12000001,"id":504000021,"lvl":2,"x":12,"y":10},{"data":12000001,"id":504000022,"lvl":2,"x":9,"y":12},{"data":12000001,"id":504000023,"lvl":2,"x":9,"y":13},{"data":12000001,"id":504000024,"lvl":2,"x":30,"y":29},{"data":12000001,"id":504000025,"lvl":2,"x":30,"y":28},{"data":12000001,"id":504000026,"lvl":2,"x":28,"y":31},{"data":12000001,"id":504000027,"lvl":2,"x":27,"y":31},{"data":12000001,"id":504000028,"lvl":2,"x":10,"y":31},{"data":12000001,"id":504000029,"lvl":2,"x":9,"y":30},{"data":12000001,"id":504000030,"lvl":2,"x":30,"y":11},{"data":12000001,"id":504000031,"lvl":2,"x":29,"y":10},{"data":12000000,"id":504000033,"lvl":4,"x":13,"y":26},{"data":12000000,"id":504000034,"lvl":4,"x":13,"y":25},{"data":12000000,"id":504000035,"lvl":4,"x":14,"y":27},{"data":12000000,"id":504000036,"lvl":4,"x":15,"y":27},{"data":12000000,"id":504000037,"lvl":4,"x":24,"y":27},{"data":12000000,"id":504000038,"lvl":4,"x":25,"y":27},{"data":12000000,"id":504000039,"lvl":4,"x":26,"y":26},{"data":12000000,"id":504000040,"lvl":4,"x":26,"y":25},{"data":12000000,"id":504000041,"lvl":4,"x":24,"y":14},{"data":12000000,"id":504000042,"lvl":4,"x":25,"y":14},{"data":12000000,"id":504000043,"lvl":4,"x":26,"y":15},{"data":12000000,"id":504000044,"lvl":4,"x":26,"y":16},{"data":12000000,"id":504000045,"lvl":4,"x":15,"y":14},{"data":12000000,"id":504000046,"lvl":4,"x":14,"y":14},{"data":12000000,"id":504000047,"lvl":4,"x":13,"y":15},{"data":12000000,"id":504000048,"lvl":4,"x":13,"y":16},{"data":12000002,"id":504000049,"lvl":4,"x":7,"y":20},{"data":12000002,"id":504000050,"lvl":4,"x":19,"y":8},{"data":12000002,"id":504000051,"lvl":4,"x":31,"y":20},{"data":12000002,"id":504000052,"lvl":4,"x":19,"y":32},{"data":12000005,"id":504000053,"lvl":4,"x":16,"y":31},{"data":12000005,"id":504000054,"lvl":4,"x":15,"y":31},{"data":12000005,"id":504000055,"lvl":4,"x":23,"y":31},{"data":12000005,"id":504000056,"lvl":4,"x":24,"y":31},{"data":12000006,"id":504000057,"lvl":2,"x":12,"y":31},{"data":12000006,"id":504000058,"lvl":2,"x":13,"y":32},{"data":12000006,"id":504000059,"lvl":2,"x":15,"y":32},{"data":12000006,"id":504000060,"lvl":2,"x":17,"y":32},{"data":12000006,"id":504000061,"lvl":2,"x":22,"y":32},{"data":12000006,"id":504000062,"lvl":2,"x":24,"y":32},{"data":12000006,"id":504000063,"lvl":2,"x":26,"y":32},{"data":12000006,"id":504000064,"lvl":2,"x":28,"y":32},{"data":12000002,"id":504000065,"lvl":4,"x":12,"y":33},{"data":12000002,"id":504000066,"lvl":4,"x":29,"y":33}],"obstacles":[{"data":8000015,"id":503000199,"x":7,"y":4},{"data":8000015,"id":503000205,"x":20,"y":4},{"data":8000015,"id":503000207,"x":30,"y":5},{"data":8000015,"id":503000211,"x":12,"y":35},{"data":8000015,"id":503000213,"x":18,"y":35},{"data":8000015,"id":503000215,"x":24,"y":35},{"data":8000015,"id":503000220,"x":34,"y":31},{"data":8000015,"id":503000224,"x":34,"y":13},{"data":8000015,"id":503000226,"x":34,"y":19},{"data":8000015,"id":503000232,"x":4,"y":31},{"data":8000015,"id":503000234,"x":4,"y":7},{"data":8000015,"id":503000236,"x":3,"y":13},{"data":8000015,"id":503000240,"x":3,"y":25},{"data":8000014,"id":503000243,"x":9,"y":8},{"data":8000014,"id":503000244,"x":15,"y":7},{"data":8000014,"id":503000245,"x":24,"y":8},{"data":8000014,"id":503000246,"x":30,"y":8},{"data":8000014,"id":503000247,"x":32,"y":16},{"data":8000014,"id":503000248,"x":33,"y":23},{"data":8000014,"id":503000249,"x":32,"y":29},{"data":8000014,"id":503000250,"x":27,"y":33},{"data":8000014,"id":503000251,"x":21,"y":33},{"data":8000014,"id":503000252,"x":15,"y":34},{"data":8000014,"id":503000253,"x":10,"y":32},{"data":8000014,"id":503000254,"x":5,"y":28},{"data":8000014,"id":503000255,"x":6,"y":22},{"data":8000014,"id":503000256,"x":5,"y":16},{"data":8000014,"id":503000257,"x":6,"y":10},{"data":8000024,"id":503000258,"x":27,"y":35},{"data":8000024,"id":503000259,"x":34,"y":26},{"data":8000024,"id":503000260,"x":36,"y":24},{"data":8000024,"id":503000261,"x":12,"y":6},{"data":8000024,"id":503000262,"x":14,"y":3},{"data":8000024,"id":503000263,"x":7,"y":34},{"data":8000012,"id":503000264,"x":15,"y":5},{"data":8000012,"id":503000265,"x":28,"y":6},{"data":8000012,"id":503000266,"x":24,"y":33},{"data":8000012,"id":503000267,"x":3,"y":22},{"data":8000012,"id":503000268,"x":5,"y":20}],"exp_ver":1}