{"buildings":[{"data":1000001,"id":500000000,"lvl":8,"x":8,"y":20},{"data":1000021,"id":500000071,"lvl":5,"x":21,"y":21,"attack_mode":true,"attack_mode_draft":false,"attack_mode_war":false,"attack_mode_draft_war":false,"attack_mode2":false,"attack_mode_d2":false,"attack_mode3":false,"attack_mode_d3":false,"attack_mode4":false,"attack_mode_d4":false,"attack_mode5":false,"attack_mode_d5":false,"attack_mode_chal":false,"attack_mode_dchal":false,"attack_mode_arrw":false,"attack_mode_draft_arrw":false,"ammo":1500},{"data":1000010,"id":500000086,"lvl":8,"wI":0,"wX":0,"x":19,"y":26},{"data":1000010,"id":500000095,"lvl":8,"wI":0,"wX":0,"x":18,"y":26},{"data":1000010,"id":500000096,"lvl":8,"wI":0,"wX":0,"x":18,"y":25},{"data":1000010,"id":500000097,"lvl":8,"wI":0,"wX":0,"x":18,"y":24},{"data":1000010,"id":500000098,"lvl":8,"wI":0,"wX":0,"x":18,"y":23},{"data":1000010,"id":500000099,"lvl":8,"wI":0,"wX":0,"x":18,"y":22},{"data":1000010,"id":500000100,"lvl":8,"wI":0,"wX":0,"x":18,"y":21},{"data":1000010,"id":500000101,"lvl":8,"wI":0,"wX":0,"x":18,"y":20},{"data":1000010,"id":500000102,"lvl":8,"wI":0,"wX":0,"x":18,"y":19},{"data":1000010,"id":500000103,"lvl":8,"wI":0,"wX":0,"x":18,"y":18},{"data":1000010,"id":500000117,"lvl":8,"wI":0,"wX":0,"x":20,"y":18},{"data":1000010,"id":500000118,"lvl":8,"wI":0,"wX":0,"x":21,"y":18},{"data":1000010,"id":500000119,"lvl":8,"wI":0,"wX":0,"x":22,"y":18},{"data":1000010,"id":500000120,"lvl":8,"wI":0,"wX":0,"x":23,"y":18},{"data":1000010,"id":500000121,"lvl":8,"wI":0,"wX":0,"x":24,"y":18},{"data":1000010,"id":500000122,"lvl":8,"wI":0,"wX":0,"x":25,"y":18},{"data":1000010,"id":500000123,"lvl":8,"wI":0,"wX":0,"x":26,"y":18},{"data":1000009,"id":500000127,"lvl":10,"x":13,"y":25,"attack_mode":false,"attack_mode_draft":false,"attack_mode_war":false,"attack_mode_draft_war":false,"attack_mode2":false,"attack_mode_d2":false,"attack_mode3":false,"attack_mode_d3":false,"attack_mode4":false,"attack_mode_d4":false,"attack_mode5":false,"attack_mode_d5":false,"attack_mode_chal":false,"attack_mode_dchal":false,"attack_mode_arrw":false,"attack_mode_draft_arrw":false},{"data":1000009,"id":500000128,"lvl":10,"x":13,"y":16,"attack_mode":false,"attack_mode_draft":false,"attack_mode_war":false,"attack_mode_draft_war":false,"attack_mode2":false,"attack_mode_d2":false,"attack_mode3":false,"attack_mode_d3":false,"attack_mode4":false,"attack_mode_d4":false,"attack_mode5":false,"attack_mode_d5":false,"attack_mode_chal":false,"attack_mode_dchal":false,"attack_mode_arrw":false,"attack_mode_draft_arrw":false},{"data":1000010,"id":500000129,"lvl":8,"wI":0,"wX":0,"x":19,"y":18},{"data":1000010,"id":500000157,"lvl":8,"wI":0,"wX":0,"x":28,"y":16},{"data":1000010,"id":500000158,"lvl":8,"wI":0,"wX":0,"x":27,"y":16},{"data":1000010,"id":500000159,"lvl":8,"wI":0,"wX":0,"x":26,"y":16},{"data":1000010,"id":500000160,"lvl":8,"wI":0,"wX":0,"x":25,"y":16},{"data":1000010,"id":500000161,"lvl":8,"wI":0,"wX":0,"x":24,"y":16},{"data":1000010,"id":500000162,"lvl":8,"wI":0,"wX":0,"x":23,"y":16},{"data":1000010,"id":500000163,"lvl":8,"wI":0,"wX":0,"x":22,"y":16},{"data":1000010,"id":500000164,"lvl":8,"wI":0,"wX":0,"x":21,"y":16},{"data":1000010,"id":500000165,"lvl":8,"wI":0,"wX":0,"x":20,"y":16},{"data":1000010,"id":500000166,"lvl":8,"wI":0,"wX":0,"x":19,"y":16},{"data":1000010,"id":500000167,"lvl":8,"wI":0,"wX":0,"x":18,"y":16},{"data":1000010,"id":500000168,"lvl":8,"wI":0,"wX":0,"x":17,"y":16},{"data":1000010,"id":500000169,"lvl":8,"wI":0,"wX":0,"x":16,"y":16},{"data":1000010,"id":500000170,"lvl":8,"wI":0,"wX":0,"x":16,"y":17},{"data":1000010,"id":500000171,"lvl":8,"wI":0,"wX":0,"x":16,"y":18},{"data":1000010,"id":500000172,"lvl":8,"wI":0,"wX":0,"x":16,"y":19},{"data":1000010,"id":500000173,"lvl":8,"wI":0,"wX":0,"x":16,"y":20},{"data":1000010,"id":500000174,"lvl":8,"wI":0,"wX":0,"x":16,"y":21},{"data":1000010,"id":500000175,"lvl":8,"wI":0,"wX":0,"x":16,"y":22},{"data":1000010,"id":500000176,"lvl":8,"wI":0,"wX":0,"x":16,"y":23},{"data":1000010,"id":500000177,"lvl":8,"wI":0,"wX":0,"x":16,"y":24},{"data":1000010,"id":500000178,"lvl":8,"wI":0,"wX":0,"x":16,"y":25},{"data":1000010,"id":500000179,"lvl":8,"wI":0,"wX":0,"x":16,"y":26},{"data":1000010,"id":500000180,"lvl":8,"wI":0,"wX":0,"x":16,"y":27},{"data":1000010,"id":500000181,"lvl":8,"wI":0,"wX":0,"x":16,"y":28},{"data":1000010,"id":500000182,"lvl":8,"wI":0,"wX":0,"x":20,"y":26},{"data":1000010,"id":500000183,"lvl":8,"wI":0,"wX":0,"x":21,"y":26},{"data":1000010,"id":500000184,"lvl":8,"wI":0,"wX":0,"x":22,"y":26},{"data":1000010,"id":500000185,"lvl":8,"wI":0,"wX":0,"x":23,"y":26},{"data":1000010,"id":500000186,"lvl":8,"wI":0,"wX":0,"x":24,"y":26},{"data":1000010,"id":500000187,"lvl":8,"wI":0,"wX":0,"x":25,"y":26},{"data":1000010,"id":500000188,"lvl":8,"wI":0,"wX":0,"x":26,"y":19},{"data":1000010,"id":500000189,"lvl":8,"wI":0,"wX":0,"x":26,"y":20},{"data":1000010,"id":500000190,"lvl":8,"wI":0,"wX":0,"x":26,"y":21},{"data":1000010,"id":500000191,"lvl":8,"wI":0,"wX":0,"x":26,"y":22},{"data":1000010,"id":500000192,"lvl":8,"wI":0,"wX":0,"x":26,"y":23},{"data":1000010,"id":500000193,"lvl":8,"wI":0,"wX":0,"x":26,"y":24},{"data":1000010,"id":500000194,"lvl":8,"wI":0,"wX":0,"x":26,"y":25},{"data":1000010,"id":500000195,"lvl":8,"wI":0,"wX":0,"x":26,"y":26},{"data":1000010,"id":500000196,"lvl":8,"wI":0,"wX":0,"x":17,"y":28},{"data":1000010,"id":500000197,"lvl":8,"wI":0,"wX":0,"x":18,"y":28},{"data":1000010,"id":500000198,"lvl":8,"wI":0,"wX":0,"x":19,"y":28},{"data":1000010,"id":500000199,"lvl":8,"wI":0,"wX":0,"x":20,"y":28},{"data":1000010,"id":500000200,"lvl":8,"wI":0,"wX":0,"x":21,"y":28},{"data":1000010,"id":500000201,"lvl":8,"wI":0,"wX":0,"x":22,"y":28},{"data":1000010,"id":500000202,"lvl":8,"wI":0,"wX":0,"x":23,"y":28},{"data":1000010,"id":500000203,"lvl":8,"wI":0,"wX":0,"x":24,"y":28},{"data":1000010,"id":500000204,"lvl":8,"wI":0,"wX":0,"x":25,"y":28},{"data":1000010,"id":500000205,"lvl":8,"wI":0,"wX":0,"x":26,"y":28},{"data":1000010,"id":500000206,"lvl":8,"wI":0,"wX":0,"x":27,"y":28},{"data":1000010,"id":500000207,"lvl":8,"wI":0,"wX":0,"x":28,"y":17},{"data":1000010,"id":500000208,"lvl":8,"wI":0,"wX":0,"x":28,"y":18},{"data":1000010,"id":500000209,"lvl":8,"wI":0,"wX":0,"x":28,"y":19},{"data":1000010,"id":500000210,"lvl":8,"wI":0,"wX":0,"x":28,"y":20},{"data":1000010,"id":500000211,"lvl":8,"wI":0,"wX":0,"x":28,"y":21},{"data":1000010,"id":500000212,"lvl":8,"wI":0,"wX":0,"x":28,"y":22},{"data":1000010,"id":500000213,"lvl":8,"wI":0,"wX":0,"x":28,"y":23},{"data":1000010,"id":500000214,"lvl":8,"wI":0,"wX":0,"x":28,"y":24},{"data":1000010,"id":500000215,"lvl":8,"wI":0,"wX":0,"x":28,"y":25},{"data":1000010,"id":500000216,"lvl":8,"wI":0,"wX":0,"x":28,"y":26},{"data":1000010,"id":500000217,"lvl":8,"wI":0,"wX":0,"x":28,"y":27},{"data":1000010,"id":500000218,"lvl":8,"wI":0,"wX":0,"x":28,"y":28},{"data":1000010,"id":500000219,"lvl":8,"wI":0,"wX":0,"x":11,"y":24},{"data":1000010,"id":500000220,"lvl":8,"wI":0,"wX":0,"x":12,"y":24},{"data":1000010,"id":500000221,"lvl":8,"wI":0,"wX":0,"x":13,"y":24},{"data":1000010,"id":500000222,"lvl":8,"wI":0,"wX":0,"x":14,"y":24},{"data":1000010,"id":500000223,"lvl":8,"wI":0,"wX":0,"x":15,"y":24},{"data":1000010,"id":500000224,"lvl":8,"wI":0,"wX":0,"x":12,"y":23},{"data":1000010,"id":500000225,"lvl":8,"wI":0,"wX":0,"x":12,"y":22},{"data":1000010,"id":500000226,"lvl":8,"wI":0,"wX":0,"x":12,"y":21},{"data":1000010,"id":500000227,"lvl":8,"wI":0,"wX":0,"x":12,"y":20},{"data":1000010,"id":500000228,"lvl":8,"wI":0,"wX":0,"x":11,"y":19},{"data":1000010,"id":500000229,"lvl":8,"wI":0,"wX":0,"x":12,"y":19},{"data":1000010,"id":500000230,"lvl":8,"wI":0,"wX":0,"x":13,"y":19},{"data":1000010,"id":500000231,"lvl":8,"wI":0,"wX":0,"x":14,"y":19},{"data":1000010,"id":500000232,"lvl":8,"wI":0,"wX":0,"x":15,"y":19},{"data":1000009,"id":500000233,"lvl":10,"x":29,"y":16,"attack_mode":false,"attack_mode_draft":false,"attack_mode_war":false,"attack_mode_draft_war":false,"attack_mode2":false,"attack_mode_d2":false,"attack_mode3":false,"attack_mode_d3":false,"attack_mode4":false,"attack_mode_d4":false,"attack_mode5":false,"attack_mode_d5":false,"attack_mode_chal":false,"attack_mode_dchal":false,"attack_mode_arrw":false,"attack_mode_draft_arrw":false},{"data":1000009,"id":500000234,"lvl":10,"x":29,"y":26,"attack_mode":false,"attack_mode_draft":false,"attack_mode_war":false,"attack_mode_draft_war":false,"attack_mode2":false,"attack_mode_d2":false,"attack_mode3":false,"attack_mode_d3":false,"attack_mode4":false,"attack_mode_d4":false,"attack_mode5":false,"attack_mode_d5":false,"attack_mode_chal":false,"attack_mode_dchal":false,"attack_mode_arrw":false,"attack_mode_draft_arrw":false},{"data":1000003,"id":500000235,"lvl":8,"x":29,"y":19},{"data":1000005,"id":500000236,"lvl":8,"x":29,"y":23},{"data":1000010,"id":500000239,"lvl":8,"wI":0,"wX":0,"x":11,"y":25},{"data":1000010,"id":500000240,"lvl":8,"wI":0,"wX":0,"x":11,"y":26},{"data":1000010,"id":500000241,"lvl":8,"wI":0,"wX":0,"x":11,"y":27},{"data":1000010,"id":500000242,"lvl":8,"wI":0,"wX":0,"x":11,"y":28},{"data":1000010,"id":500000243,"lvl":8,"wI":0,"wX":0,"x":11,"y":29},{"data":1000010,"id":500000244,"lvl":8,"wI":0,"wX":0,"x":11,"y":30},{"data":1000010,"id":500000245,"lvl":8,"wI":0,"wX":0,"x":11,"y":31},{"data":1000010,"id":500000246,"lvl":8,"wI":0,"wX":0,"x":11,"y":32},{"data":1000010,"id":500000247,"lvl":8,"wI":0,"wX":0,"x":12,"y":32},{"data":1000010,"id":500000248,"lvl":8,"wI":0,"wX":0,"x":13,"y":32},{"data":1000010,"id":500000249,"lvl":8,"wI":0,"wX":0,"x":14,"y":32},{"data":1000010,"id":500000250,"lvl":8,"wI":0,"wX":0,"x":15,"y":32},{"data":1000010,"id":500000251,"lvl":8,"wI":0,"wX":0,"x":16,"y":32},{"data":1000010,"id":500000252,"lvl":8,"wI":0,"wX":0,"x":17,"y":32},{"data":1000010,"id":500000253,"lvl":8,"wI":0,"wX":0,"x":18,"y":32},{"data":1000010,"id":500000254,"lvl":8,"wI":0,"wX":0,"x":19,"y":32},{"data":1000010,"id":500000255,"lvl":8,"wI":0,"wX":0,"x":20,"y":32},{"data":1000010,"id":500000256,"lvl":8,"wI":0,"wX":0,"x":21,"y":32},{"data":1000010,"id":500000257,"lvl":8,"wI":0,"wX":0,"x":22,"y":32},{"data":1000010,"id":500000258,"lvl":8,"wI":0,"wX":0,"x":23,"y":32},{"data":1000010,"id":500000259,"lvl":8,"wI":0,"wX":0,"x":24,"y":32},{"data":1000010,"id":500000261,"lvl":8,"wI":0,"wX":0,"x":26,"y":32},{"data":1000010,"id":500000262,"lvl":8,"wI":0,"wX":0,"x":27,"y":32},{"data":1000010,"id":500000263,"lvl":8,"wI":0,"wX":0,"x":28,"y":32},{"data":1000010,"id":500000264,"lvl":8,"wI":0,"wX":0,"x":29,"y":32},{"data":1000010,"id":500000265,"lvl":8,"wI":0,"wX":0,"x":30,"y":32},{"data":1000010,"id":500000266,"lvl":8,"wI":0,"wX":0,"x":31,"y":32},{"data":1000010,"id":500000267,"lvl":8,"wI":0,"wX":0,"x":32,"y":32},{"data":1000010,"id":500000268,"lvl":8,"wI":0,"wX":0,"x":32,"y":31},{"data":1000010,"id":500000269,"lvl":8,"wI":0,"wX":0,"x":32,"y":30},{"data":1000010,"id":500000270,"lvl":8,"wI":0,"wX":0,"x":32,"y":29},{"data":1000010,"id":500000271,"lvl":8,"wI":0,"wX":0,"x":32,"y":28},{"data":1000010,"id":500000272,"lvl":8,"wI":0,"wX":0,"x":32,"y":27},{"data":1000010,"id":500000273,"lvl":8,"wI":0,"wX":0,"x":32,"y":26},{"data":1000010,"id":500000274,"lvl":8,"wI":0,"wX":0,"x":32,"y":25},{"data":1000010,"id":500000275,"lvl":8,"wI":0,"wX":0,"x":32,"y":24},{"data":1000010,"id":500000276,"lvl":8,"wI":0,"wX":0,"x":32,"y":23},{"data":1000010,"id":500000277,"lvl":8,"wI":0,"wX":0,"x":32,"y":22},{"data":1000010,"id":500000278,"lvl":8,"wI":0,"wX":0,"x":32,"y":21},{"data":1000010,"id":500000279,"lvl":8,"wI":0,"wX":0,"x":32,"y":20},{"data":1000010,"id":500000280,"lvl":8,"wI":0,"wX":0,"x":32,"y":19},{"data":1000010,"id":500000281,"lvl":8,"wI":0,"wX":0,"x":32,"y":18},{"data":1000010,"id":500000282,"lvl":8,"wI":0,"wX":0,"x":32,"y":17},{"data":1000010,"id":500000283,"lvl":8,"wI":0,"wX":0,"x":32,"y":16},{"data":1000010,"id":500000284,"lvl":8,"wI":0,"wX":0,"x":32,"y":15},{"data":1000010,"id":500000285,"lvl":8,"wI":0,"wX":0,"x":32,"y":14},{"data":1000010,"id":500000286,"lvl":8,"wI":0,"wX":0,"x":32,"y":13},{"data":1000010,"id":500000287,"lvl":8,"wI":0,"wX":0,"x":32,"y":12},{"data":1000010,"id":500000288,"lvl":8,"wI":0,"wX":0,"x":23,"y":12},{"data":1000010,"id":500000289,"lvl":8,"wI":0,"wX":0,"x":24,"y":12},{"data":1000010,"id":500000290,"lvl":8,"wI":0,"wX":0,"x":25,"y":12},{"data":1000010,"id":500000291,"lvl":8,"wI":0,"wX":0,"x":26,"y":12},{"data":1000010,"id":500000292,"lvl":8,"wI":0,"wX":0,"x":27,"y":12},{"data":1000010,"id":500000293,"lvl":8,"wI":0,"wX":0,"x":28,"y":12},{"data":1000010,"id":500000294,"lvl":8,"wI":0,"wX":0,"x":29,"y":12},{"data":1000010,"id":500000295,"lvl":8,"wI":0,"wX":0,"x":30,"y":12},{"data":1000010,"id":500000296,"lvl":8,"wI":0,"wX":0,"x":31,"y":12},{"data":1000010,"id":500000297,"lvl":8,"wI":0,"wX":0,"x":22,"y":12},{"data":1000010,"id":500000298,"lvl":8,"wI":0,"wX":0,"x":21,"y":12},{"data":1000010,"id":500000299,"lvl":8,"wI":0,"wX":0,"x":20,"y":12},{"data":1000010,"id":500000300,"lvl":8,"wI":0,"wX":0,"x":19,"y":12},{"data":1000010,"id":500000301,"lvl":8,"wI":0,"wX":0,"x":18,"y":12},{"data":1000010,"id":500000302,"lvl":8,"wI":0,"wX":0,"x":17,"y":12},{"data":1000010,"id":500000303,"lvl":8,"wI":0,"wX":0,"x":16,"y":12},{"data":1000010,"id":500000304,"lvl":8,"wI":0,"wX":0,"x":15,"y":12},{"data":1000010,"id":500000305,"lvl":8,"wI":0,"wX":0,"x":14,"y":12},{"data":1000010,"id":500000306,"lvl":8,"wI":0,"wX":0,"x":13,"y":12},{"data":1000010,"id":500000307,"lvl":8,"wI":0,"wX":0,"x":12,"y":12},{"data":1000010,"id":500000308,"lvl":8,"wI":0,"wX":0,"x":11,"y":18},{"data":1000010,"id":500000309,"lvl":8,"wI":0,"wX":0,"x":11,"y":17},{"data":1000010,"id":500000310,"lvl":8,"wI":0,"wX":0,"x":11,"y":16},{"data":1000010,"id":500000311,"lvl":8,"wI":0,"wX":0,"x":11,"y":15},{"data":1000010,"id":500000312,"lvl":8,"wI":0,"wX":0,"x":11,"y":14},{"data":1000010,"id":500000313,"lvl":8,"wI":0,"wX":0,"x":11,"y":13},{"data":1000010,"id":500000314,"lvl":8,"wI":0,"wX":0,"x":11,"y":12},{"data":1000008,"id":500000315,"lvl":10,"x":26,"y":13,"attack_mode":false,"attack_mode_draft":false,"attack_mode_war":false,"attack_mode_draft_war":false,"attack_mode2":false,"attack_mode_d2":false,"attack_mode3":false,"attack_mode_d3":false,"attack_mode4":false,"attack_mode_d4":false,"attack_mode5":false,"attack_mode_d5":false,"attack_mode_chal":false,"attack_mode_dchal":false,"attack_mode_arrw":false,"attack_mode_draft_arrw":false},{"data":1000008,"id":500000316,"lvl":10,"x":26,"y":29,"attack_mode":false,"attack_mode_draft":false,"attack_mode_war":false,"attack_mode_draft_war":false,"attack_mode2":false,"attack_mode_d2":false,"attack_mode3":false,"attack_mode_d3":false,"attack_mode4":false,"attack_mode_d4":false,"attack_mode5":false,"attack_mode_d5":false,"attack_mode_chal":false,"attack_mode_dchal":false,"attack_mode_arrw":false,"attack_mode_draft_arrw":false},{"data":1000009,"id":500000317,"lvl":10,"x":15,"y":29,"attack_mode":false,"attack_mode_draft":false,"attack_mode_war":false,"attack_mode_draft_war":false,"attack_mode2":false,"attack_mode_d2":false,"attack_mode3":false,"attack_mode_d3":false,"attack_mode4":false,"attack_mode_d4":false,"attack_mode5":false,"attack_mode_d5":false,"attack_mode_chal":false,"attack_mode_dchal":false,"attack_mode_arrw":false,"attack_mode_draft_arrw":false},{"data":1000009,"id":500000318,"lvl":10,"x":15,"y":13,"attack_mode":false,"attack_mode_draft":false,"attack_mode_war":false,"attack_mode_draft_war":false,"attack_mode2":false,"attack_mode_d2":false,"attack_mode3":false,"attack_mode_d3":false,"attack_mode4":false,"attack_mode_d4":false,"attack_mode5":false,"attack_mode_d5":false,"attack_mode_chal":false,"attack_mode_dchal":false,"attack_mode_arrw":false,"attack_mode_draft_arrw":false},{"data":1000010,"id":500000319,"lvl":8,"wI":0,"wX":0,"x":24,"y":30},{"data":1000010,"id":500000320,"lvl":8,"wI":0,"wX":0,"x":13,"y":30},{"data":1000010,"id":500000321,"lvl":8,"wI":0,"wX":0,"x":30,"y":30},{"data":1000010,"id":500000322,"lvl":8,"wI":0,"wX":0,"x":30,"y":14},{"data":1000010,"id":500000323,"lvl":8,"wI":0,"wX":0,"x":24,"y":14},{"data":1000010,"id":500000324,"lvl":8,"wI":0,"wX":0,"x":13,"y":14},{"data":1000012,"id":500000325,"lvl":7,"x":21,"y":13},{"data":1000012,"id":500000327,"lvl":7,"x":21,"y":29},{"data":1000010,"id":500000328,"lvl":8,"wI":0,"wX":0,"x":8,"y":35},{"data":1000010,"id":500000329,"lvl":8,"wI":0,"wX":0,"x":11,"y":35},{"data":1000010,"id":500000331,"lvl":8,"wI":0,"wX":0,"x":17,"y":35},{"data":1000010,"id":500000332,"lvl":8,"wI":0,"wX":0,"x":23,"y":35},{"data":1000010,"id":500000333,"lvl":8,"wI":0,"wX":0,"x":26,"y":35},{"data":1000010,"id":500000334,"lvl":8,"wI":0,"wX":0,"x":27,"y":34},{"data":1000010,"id":500000335,"lvl":8,"wI":0,"wX":0,"x":20,"y":35},{"data":1000010,"id":500000336,"lvl":8,"wI":0,"wX":0,"x":32,"y":35},{"data":1000010,"id":500000337,"lvl":8,"wI":0,"wX":0,"x":35,"y":35},{"data":1000010,"id":500000338,"lvl":8,"wI":0,"wX":0,"x":35,"y":32},{"data":1000010,"id":500000339,"lvl":8,"wI":0,"wX":0,"x":35,"y":29},{"data":1000010,"id":500000340,"lvl":8,"wI":0,"wX":0,"x":35,"y":26},{"data":1000010,"id":500000341,"lvl":8,"wI":0,"wX":0,"x":35,"y":23},{"data":1000010,"id":500000342,"lvl":8,"wI":0,"wX":0,"x":35,"y":21},{"data":1000010,"id":500000343,"lvl":8,"wI":0,"wX":0,"x":35,"y":18},{"data":1000010,"id":500000344,"lvl":8,"wI":0,"wX":0,"x":35,"y":15},{"data":1000010,"id":500000345,"lvl":8,"wI":0,"wX":0,"x":35,"y":9},{"data":1000010,"id":500000346,"lvl":8,"wI":0,"wX":0,"x":32,"y":9},{"data":1000010,"id":500000347,"lvl":8,"wI":0,"wX":0,"x":26,"y":9},{"data":1000010,"id":500000348,"lvl":8,"wI":0,"wX":0,"x":27,"y":9},{"data":1000010,"id":500000349,"lvl":8,"wI":0,"wX":0,"x":23,"y":9},{"data":1000010,"id":500000350,"lvl":8,"wI":0,"wX":0,"x":20,"y":9},{"data":1000010,"id":500000351,"lvl":8,"wI":0,"wX":0,"x":17,"y":9},{"data":1000010,"id":500000353,"lvl":8,"wI":0,"wX":0,"x":11,"y":9},{"data":1000010,"id":500000354,"lvl":8,"wI":0,"wX":0,"x":8,"y":10},{"data":1000010,"id":500000356,"lvl":8,"wI":0,"wX":0,"x":8,"y":13},{"data":1000010,"id":500000357,"lvl":8,"wI":0,"wX":0,"x":8,"y":16},{"data":1000010,"id":500000359,"lvl":8,"wI":0,"wX":0,"x":8,"y":24},{"data":1000010,"id":500000360,"lvl":8,"wI":0,"wX":0,"x":8,"y":26},{"data":1000010,"id":500000361,"lvl":8,"wI":0,"wX":0,"x":8,"y":29},{"data":1000010,"id":500000362,"lvl":8,"wI":0,"wX":0,"x":8,"y":32},{"data":1000010,"id":500000363,"lvl":8,"wI":0,"wX":0,"x":35,"y":12},{"data":1000010,"id":500000365,"lvl":8,"wI":0,"wX":0,"x":35,"y":22},{"data":1000010,"id":500000366,"lvl":8,"wI":0,"wX":0,"x":17,"y":34},{"data":1000010,"id":500000367,"lvl":8,"wI":0,"wX":0,"x":17,"y":33},{"data":1000010,"id":500000368,"lvl":8,"wI":0,"wX":0,"x":18,"y":35},{"data":1000010,"id":500000369,"lvl":8,"wI":0,"wX":0,"x":19,"y":35},{"data":1000010,"id":500000370,"lvl":8,"wI":0,"wX":0,"x":21,"y":35},{"data":1000010,"id":500000371,"lvl":8,"wI":0,"wX":0,"x":22,"y":35},{"data":1000010,"id":500000372,"lvl":8,"wI":0,"wX":0,"x":24,"y":35},{"data":1000010,"id":500000373,"lvl":8,"wI":0,"wX":0,"x":25,"y":35},{"data":1000010,"id":500000374,"lvl":8,"wI":0,"wX":0,"x":27,"y":35},{"data":1000010,"id":500000377,"lvl":8,"wI":0,"wX":0,"x":27,"y":33},{"data":1000010,"id":500000378,"lvl":8,"wI":0,"wX":0,"x":17,"y":11},{"data":1000010,"id":500000379,"lvl":8,"wI":0,"wX":0,"x":17,"y":10},{"data":1000010,"id":500000380,"lvl":8,"wI":0,"wX":0,"x":18,"y":9},{"data":1000010,"id":500000381,"lvl":8,"wI":0,"wX":0,"x":19,"y":9},{"data":1000010,"id":500000382,"lvl":8,"wI":0,"wX":0,"x":21,"y":9},{"data":1000010,"id":500000383,"lvl":8,"wI":0,"wX":0,"x":22,"y":9},{"data":1000010,"id":500000384,"lvl":8,"wI":0,"wX":0,"x":24,"y":9},{"data":1000010,"id":500000385,"lvl":8,"wI":0,"wX":0,"x":25,"y":9},{"data":1000010,"id":500000386,"lvl":8,"wI":0,"wX":0,"x":27,"y":10},{"data":1000010,"id":500000387,"lvl":8,"wI":0,"wX":0,"x":27,"y":11},{"data":1000010,"id":500000390,"lvl":8,"wI":0,"wX":0,"x":9,"y":24},{"data":1000010,"id":500000391,"lvl":8,"wI":0,"wX":0,"x":10,"y":24},{"data":1000010,"id":500000392,"lvl":8,"wI":0,"wX":0,"x":34,"y":23},{"data":1000010,"id":500000393,"lvl":8,"wI":0,"wX":0,"x":33,"y":23},{"data":1000010,"id":500000394,"lvl":8,"wI":0,"wX":0,"x":34,"y":21},{"data":1000010,"id":500000395,"lvl":8,"wI":0,"wX":0,"x":33,"y":21},{"data":1000019,"id":500000396,"lvl":6,"x":20,"y":10},{"data":1000010,"id":500000400,"lvl":8,"wI":0,"wX":0,"x":25,"y":32},{"data":1000019,"id":500000401,"lvl":6,"x":23,"y":10},{"data":1000019,"id":500000402,"lvl":6,"x":20,"y":33},{"data":1000019,"id":500000403,"lvl":6,"x":23,"y":33},{"data":1000003,"id":500000404,"lvl":8,"x":18,"y":29},{"data":1000005,"id":500000405,"lvl":8,"x":18,"y":13},{"data":1000010,"id":500000406,"lvl":8,"wI":0,"wX":0,"x":7,"y":24},{"data":1000010,"id":500000407,"lvl":8,"wI":0,"wX":0,"x":7,"y":23},{"data":1000010,"id":500000408,"lvl":8,"wI":0,"wX":0,"x":7,"y":22},{"data":1000010,"id":500000409,"lvl":8,"wI":0,"wX":0,"x":7,"y":21},{"data":1000010,"id":500000410,"lvl":8,"wI":0,"wX":0,"x":7,"y":20},{"data":1000010,"id":500000411,"lvl":8,"wI":0,"wX":0,"x":7,"y":19},{"data":1000010,"id":500000412,"lvl":8,"wI":0,"wX":0,"x":8,"y":19},{"data":1000010,"id":500000413,"lvl":8,"wI":0,"wX":0,"x":9,"y":19},{"data":1000010,"id":500000414,"lvl":8,"wI":0,"wX":0,"x":10,"y":19},{"data":1000024,"id":500000415,"lvl":2,"x":13,"y":20},{"data":1000019,"id":500000416,"lvl":6,"x":5,"y":20},{"data":1000019,"id":500000417,"lvl":6,"x":5,"y":22},{"data":1000019,"id":500000418,"lvl":6,"x":5,"y":18},{"data":1000019,"id":500000419,"lvl":6,"x":5,"y":24}],"decos":[{"data":18000001,"id":506000000,"x":17,"y":37},{"data":18000001,"id":506000001,"x":20,"y":37},{"data":18000001,"id":506000002,"x":23,"y":37},{"data":18000001,"id":506000003,"x":26,"y":37},{"data":18000001,"id":506000004,"x":17,"y":6},{"data":18000001,"id":506000005,"x":20,"y":6},{"data":18000001,"id":506000006,"x":23,"y":6},{"data":18000001,"id":506000007,"x":26,"y":6}],"traps":[{"data":12000002,"id":504000000,"lvl":3,"x":19,"y":19},{"data":12000002,"id":504000001,"lvl":3,"x":24,"y":19},{"data":12000002,"id":504000002,"lvl":3,"x":24,"y":24},{"data":12000002,"id":504000003,"lvl":3,"x":19,"y":24},{"data":12000008,"id":504000004,"lvl":1,"air_mode":false,"air_mode_draft":false,"air_mode_war":false,"air_mode_draft_war":false,"air_mode2":false,"air_mode_d2":false,"air_mode3":false,"air_mode_d3":false,"air_mode4":false,"air_mode_d4":false,"air_mode5":false,"air_mode_d5":false,"air_mode6":false,"air_mode_d6":false,"air_mode7":false,"air_mode_d7":false,"x":22,"y":19},{"data":12000008,"id":504000005,"lvl":1,"air_mode":false,"air_mode_draft":false,"air_mode_war":false,"air_mode_draft_war":false,"air_mode2":false,"air_mode_d2":false,"air_mode3":false,"air_mode_d3":false,"air_mode4":false,"air_mode_d4":false,"air_mode5":false,"air_mode_d5":false,"air_mode6":false,"air_mode_d6":false,"air_mode7":false,"air_mode_d7":false,"x":19,"y":22},{"data":12000008,"id":504000006,"lvl":1,"air_mode":false,"air_mode_draft":false,"air_mode_war":false,"air_mode_draft_war":false,"air_mode2":false,"air_mode_d2":false,"air_mode3":false,"air_mode_d3":false,"air_mode4":false,"air_mode_d4":false,"air_mode5":false,"air_mode_d5":false,"air_mode6":false,"air_mode_d6":false,"air_mode7":false,"air_mode_d7":false,"x":22,"y":25},{"data":12000008,"id":504000007,"lvl":1,"air_mode":false,"air_mode_draft":false,"air_mode_war":false,"air_mode_draft_war":false,"air_mode2":false,"air_mode_d2":false,"air_mode3":false,"air_mode_d3":false,"air_mode4":false,"air_mode_d4":false,"air_mode5":false,"air_mode_d5":false,"air_mode6":false,"air_mode_d6":false,"air_mode7":false,"air_mode_d7":false,"x":25,"y":22},{"data":12000008,"id":504000008,"lvl":1,"air_mode":true,"air_mode_draft":false,"air_mode_war":false,"air_mode_draft_war":false,"air_mode2":false,"air_mode_d2":false,"air_mode3":false,"air_mode_d3":false,"air_mode4":false,"air_mode_d4":false,"air_mode5":false,"air_mode_d5":false,"air_mode6":false,"air_mode_d6":false,"air_mode7":false,"air_mode_d7":false,"x":28,"y":11},{"data":12000008,"id":504000009,"lvl":1,"air_mode":true,"air_mode_draft":false,"air_mode_war":false,"air_mode_draft_war":false,"air_mode2":false,"air_mode_d2":false,"air_mode3":false,"air_mode_d3":false,"air_mode4":false,"air_mode_d4":false,"air_mode5":false,"air_mode_d5":false,"air_mode6":false,"air_mode_d6":false,"air_mode7":false,"air_mode_d7":false,"x":28,"y":33},{"data":12000008,"id":504000010,"lvl":1,"air_mode":true,"air_mode_draft":false,"air_mode_war":false,"air_mode_draft_war":false,"air_mode2":false,"air_mode_d2":false,"air_mode3":false,"air_mode_d3":false,"air_mode4":false,"air_mode_d4":false,"air_mode5":false,"air_mode_d5":false,"air_mode6":false,"air_mode_d6":false,"air_mode7":false,"air_mode_d7":false,"x":16,"y":33},{"data":12000008,"id":504000011,"lvl":1,"air_mode":true,"air_mode_draft":false,"air_mode_war":false,"air_mode_draft_war":false,"air_mode2":false,"air_mode_d2":false,"air_mode3":false,"air_mode_d3":false,"air_mode4":false,"air_mode_d4":false,"air_mode5":false,"air_mode_d5":false,"air_mode6":false,"air_mode_d6":false,"air_mode7":false,"air_mode_d7":false,"x":16,"y":11},{"data":12000008,"id":504000012,"lvl":1,"air_mode":false,"air_mode_draft":false,"air_mode_war":false,"air_mode_draft_war":false,"air_mode2":false,"air_mode_d2":false,"air_mode3":false,"air_mode_d3":false,"air_mode4":false,"air_mode_d4":false,"air_mode5":false,"air_mode_d5":false,"air_mode6":false,"air_mode_d6":false,"air_mode7":false,"air_mode_d7":false,"x":3,"y":18},{"data":12000008,"id":504000013,"lvl":1,"air_mode":false,"air_mode_draft":false,"air_mode_war":false,"air_mode_draft_war":false,"air_mode2":false,"air_mode_d2":false,"air_mode3":false,"air_mode_d3":false,"air_mode4":false,"air_mode_d4":false,"air_mode5":false,"air_mode_d5":false,"air_mode6":false,"air_mode_d6":false,"air_mode7":false,"air_mode_d7":false,"x":34,"y":22},{"data":12000001,"id":504000016,"lvl":2,"x":21,"y":27},{"data":12000001,"id":504000017,"lvl":2,"x":22,"y":27},{"data":12000001,"id":504000018,"lvl":2,"x":23,"y":27},{"data":12000001,"id":504000019,"lvl":2,"x":24,"y":27},{"data":12000001,"id":504000020,"lvl":2,"x":25,"y":27},{"data":12000001,"id":504000021,"lvl":2,"x":26,"y":27},{"data":12000001,"id":504000022,"lvl":2,"x":27,"y":27},{"data":12000001,"id":504000023,"lvl":2,"x":27,"y":26},{"data":12000001,"id":504000024,"lvl":2,"x":27,"y":25},{"data":12000001,"id":504000025,"lvl":2,"x":27,"y":24},{"data":12000001,"id":504000026,"lvl":2,"x":27,"y":23},{"data":12000001,"id":504000027,"lvl":2,"x":27,"y":22},{"data":12000001,"id":504000028,"lvl":2,"x":27,"y":21},{"data":12000001,"id":504000029,"lvl":2,"x":27,"y":20},{"data":12000001,"id":504000030,"lvl":2,"x":27,"y":19},{"data":12000001,"id":504000031,"lvl":2,"x":27,"y":18},{"data":12000001,"id":504000032,"lvl":2,"x":27,"y":17},{"data":12000001,"id":504000033,"lvl":2,"x":26,"y":17},{"data":12000001,"id":504000034,"lvl":2,"x":25,"y":17},{"data":12000001,"id":504000035,"lvl":2,"x":24,"y":17},{"data":12000001,"id":504000036,"lvl":2,"x":23,"y":17},{"data":12000001,"id":504000037,"lvl":2,"x":22,"y":17},{"data":12000001,"id":504000038,"lvl":2,"x":21,"y":17},{"data":12000001,"id":504000039,"lvl":2,"x":20,"y":17},{"data":12000001,"id":504000040,"lvl":2,"x":19,"y":17},{"data":12000001,"id":504000041,"lvl":2,"x":18,"y":17},{"data":12000001,"id":504000042,"lvl":2,"x":17,"y":17},{"data":12000001,"id":504000043,"lvl":2,"x":17,"y":18},{"data":12000001,"id":504000044,"lvl":2,"x":17,"y":19},{"data":12000001,"id":504000045,"lvl":2,"x":17,"y":20},{"data":12000001,"id":504000046,"lvl":2,"x":17,"y":21},{"data":12000001,"id":504000047,"lvl":2,"x":17,"y":22},{"data":12000001,"id":504000048,"lvl":2,"x":17,"y":23},{"data":12000001,"id":504000049,"lvl":2,"x":17,"y":24},{"data":12000001,"id":504000050,"lvl":2,"x":17,"y":25},{"data":12000001,"id":504000051,"lvl":2,"x":17,"y":26},{"data":12000001,"id":504000052,"lvl":2,"x":17,"y":27},{"data":12000001,"id":504000053,"lvl":2,"x":18,"y":27},{"data":12000001,"id":504000054,"lvl":2,"x":19,"y":27},{"data":12000001,"id":504000055,"lvl":2,"x":20,"y":27},{"data":12000006,"id":504000056,"lvl":2,"x":29,"y":29},{"data":12000006,"id":504000057,"lvl":2,"x":29,"y":15},{"data":12000006,"id":504000058,"lvl":2,"x":14,"y":15},{"data":12000006,"id":504000059,"lvl":2,"x":14,"y":28},{"data":12000006,"id":504000060,"lvl":2,"x":12,"y":31},{"data":12000006,"id":504000061,"lvl":2,"x":12,"y":13},{"data":12000006,"id":504000062,"lvl":2,"x":31,"y":13},{"data":12000006,"id":504000063,"lvl":2,"x":31,"y":31},{"data":12000005,"id":504000064,"lvl":2,"x":19,"y":23},{"data":12000005,"id":504000065,"lvl":2,"x":21,"y":25},{"data":12000005,"id":504000066,"lvl":2,"x":23,"y":25},{"data":12000005,"id":504000067,"lvl":2,"x":25,"y":23},{"data":12000005,"id":504000068,"lvl":2,"x":25,"y":21},{"data":12000005,"id":504000069,"lvl":2,"x":23,"y":19},{"data":12000005,"id":504000070,"lvl":2,"x":21,"y":19},{"data":12000005,"id":504000071,"lvl":2,"x":19,"y":21},{"data":12000008,"id":504000072,"lvl":1,"air_mode":false,"air_mode_draft":false,"air_mode_war":false,"air_mode_draft_war":false,"air_mode2":false,"air_mode_d2":false,"air_mode3":false,"air_mode_d3":false,"air_mode4":false,"air_mode_d4":false,"air_mode5":false,"air_mode_d5":false,"air_mode6":false,"air_mode_d6":false,"air_mode7":false,"air_mode_d7":false,"x":10,"y":18},{"data":12000008,"id":504000073,"lvl":1,"air_mode":false,"air_mode_draft":false,"air_mode_war":false,"air_mode_draft_war":false,"air_mode2":false,"air_mode_d2":false,"air_mode3":false,"air_mode_d3":false,"air_mode4":false,"air_mode_d4":false,"air_mode5":false,"air_mode_d5":false,"air_mode6":false,"air_mode_d6":false,"air_mode7":false,"air_mode_d7":false,"x":3,"y":21},{"data":12000008,"id":504000074,"lvl":1,"air_mode":false,"air_mode_draft":false,"air_mode_war":false,"air_mode_draft_war":false,"air_mode2":false,"air_mode_d2":false,"air_mode3":false,"air_mode_d3":false,"air_mode4":false,"air_mode_d4":false,"air_mode5":false,"air_mode_d5":false,"air_mode6":false,"air_mode_d6":false,"air_mode7":false,"air_mode_d7":false,"x":3,"y":24},{"data":12000008,"id":504000075,"lvl":1,"air_mode":false,"air_mode_draft":false,"air_mode_war":false,"air_mode_draft_war":false,"air_mode2":false,"air_mode_d2":false,"air_mode3":false,"air_mode_d3":false,"air_mode4":false,"air_mode_d4":false,"air_mode5":false,"air_mode_d5":false,"air_mode6":false,"air_mode_d6":false,"air_mode7":false,"air_mode_d7":false,"x":10,"y":25}],"obstacles":[],"exp_ver":1}