{"buildings":[{"data":1000001,"id":500000000,"lvl":9,"x":18,"y":20},{"data":1000027,"id":500000001,"lvl":2,"x":14,"y":15,"attack_mode":true,"attack_mode_draft":false,"attack_mode_war":false,"attack_mode_draft_war":false,"attack_mode2":false,"attack_mode_d2":false,"attack_mode3":false,"attack_mode_d3":false,"attack_mode4":false,"attack_mode_d4":false,"attack_mode5":false,"attack_mode_d5":false,"attack_mode_chal":false,"attack_mode_dchal":false,"attack_mode_arrw":false,"attack_mode_draft_arrw":false,"ammo":1000},{"data":1000027,"id":500000002,"lvl":2,"x":16,"y":11,"attack_mode":true,"attack_mode_draft":false,"attack_mode_war":false,"attack_mode_draft_war":false,"attack_mode2":false,"attack_mode_d2":false,"attack_mode3":false,"attack_mode_d3":false,"attack_mode4":false,"attack_mode_d4":false,"attack_mode5":false,"attack_mode_d5":false,"attack_mode_chal":false,"attack_mode_dchal":false,"attack_mode_arrw":false,"attack_mode_draft_arrw":false,"ammo":1000},{"data":1000027,"id":500000003,"lvl":2,"x":21,"y":14,"attack_mode":true,"attack_mode_draft":false,"attack_mode_war":false,"attack_mode_draft_war":false,"attack_mode2":false,"attack_mode_d2":false,"attack_mode3":false,"attack_mode_d3":false,"attack_mode4":false,"attack_mode_d4":false,"attack_mode5":false,"attack_mode_d5":false,"attack_mode_chal":false,"attack_mode_dchal":false,"attack_mode_arrw":false,"attack_mode_draft_arrw":false,"ammo":1000},{"data":1000027,"id":500000004,"lvl":2,"x":27,"y":13,"attack_mode":true,"attack_mode_draft":false,"attack_mode_war":false,"attack_mode_draft_war":false,"attack_mode2":false,"attack_mode_d2":false,"attack_mode3":false,"attack_mode_d3":false,"attack_mode4":false,"attack_mode_d4":false,"attack_mode5":false,"attack_mode_d5":false,"attack_mode_chal":false,"attack_mode_dchal":false,"attack_mode_arrw":false,"attack_mode_draft_arrw":false,"ammo":1000},{"data":1000027,"id":500000006,"lvl":2,"x":25,"y":17,"attack_mode":true,"attack_mode_draft":false,"attack_mode_war":false,"attack_mode_draft_war":false,"attack_mode2":false,"attack_mode_d2":false,"attack_mode3":false,"attack_mode_d3":false,"attack_mode4":false,"attack_mode_d4":false,"attack_mode5":false,"attack_mode_d5":false,"attack_mode_chal":false,"attack_mode_dchal":false,"attack_mode_arrw":false,"attack_mode_draft_arrw":false,"ammo":1000},{"data":1000027,"id":500000007,"lvl":2,"x":29,"y":22,"attack_mode":true,"attack_mode_draft":false,"attack_mode_war":false,"attack_mode_draft_war":false,"attack_mode2":false,"attack_mode_d2":false,"attack_mode3":false,"attack_mode_d3":false,"attack_mode4":false,"attack_mode_d4":false,"attack_mode5":false,"attack_mode_d5":false,"attack_mode_chal":false,"attack_mode_dchal":false,"attack_mode_arrw":false,"attack_mode_draft_arrw":false,"ammo":1000},{"data":1000027,"id":500000008,"lvl":2,"x":26,"y":26,"attack_mode":true,"attack_mode_draft":false,"attack_mode_war":false,"attack_mode_draft_war":false,"attack_mode2":false,"attack_mode_d2":false,"attack_mode3":false,"attack_mode_d3":false,"attack_mode4":false,"attack_mode_d4":false,"attack_mode5":false,"attack_mode_d5":false,"attack_mode_chal":false,"attack_mode_dchal":false,"attack_mode_arrw":false,"attack_mode_draft_arrw":false,"ammo":1000},{"data":1000027,"id":500000009,"lvl":2,"x":12,"y":21,"attack_mode":true,"attack_mode_draft":false,"attack_mode_war":false,"attack_mode_draft_war":false,"attack_mode2":false,"attack_mode_d2":false,"attack_mode3":false,"attack_mode_d3":false,"attack_mode4":false,"attack_mode_d4":false,"attack_mode5":false,"attack_mode_d5":false,"attack_mode_chal":false,"attack_mode_dchal":false,"attack_mode_arrw":false,"attack_mode_draft_arrw":false,"ammo":1000},{"data":1000027,"id":500000010,"lvl":2,"x":19,"y":25,"attack_mode":true,"attack_mode_draft":false,"attack_mode_war":false,"attack_mode_draft_war":false,"attack_mode2":false,"attack_mode_d2":false,"attack_mode3":false,"attack_mode_d3":false,"attack_mode4":false,"attack_mode_d4":false,"attack_mode5":false,"attack_mode_d5":false,"attack_mode_chal":false,"attack_mode_dchal":false,"attack_mode_arrw":false,"attack_mode_draft_arrw":false,"ammo":1000},{"data":1000027,"id":500000011,"lvl":2,"x":14,"y":27,"attack_mode":true,"attack_mode_draft":false,"attack_mode_war":false,"attack_mode_draft_war":false,"attack_mode2":false,"attack_mode_d2":false,"attack_mode3":false,"attack_mode_d3":false,"attack_mode4":false,"attack_mode_d4":false,"attack_mode5":false,"attack_mode_d5":false,"attack_mode_chal":false,"attack_mode_dchal":false,"attack_mode_arrw":false,"attack_mode_draft_arrw":false,"ammo":1000},{"data":1000027,"id":500000012,"lvl":2,"x":24,"y":30,"attack_mode":true,"attack_mode_draft":false,"attack_mode_war":false,"attack_mode_draft_war":false,"attack_mode2":false,"attack_mode_d2":false,"attack_mode3":false,"attack_mode_d3":false,"attack_mode4":false,"attack_mode_d4":false,"attack_mode5":false,"attack_mode_d5":false,"attack_mode_chal":false,"attack_mode_dchal":false,"attack_mode_arrw":false,"attack_mode_draft_arrw":false,"ammo":1000},{"data":1000010,"id":500000013,"lvl":10,"wI":0,"wX":0,"x":9,"y":21},{"data":1000010,"id":500000014,"lvl":10,"wI":0,"wX":0,"x":9,"y":20},{"data":1000010,"id":500000015,"lvl":10,"wI":0,"wX":0,"x":9,"y":19},{"data":1000010,"id":500000016,"lvl":10,"wI":0,"wX":0,"x":9,"y":18},{"data":1000010,"id":500000017,"lvl":10,"wI":0,"wX":0,"x":10,"y":18},{"data":1000010,"id":500000018,"lvl":10,"wI":0,"wX":0,"x":11,"y":18},{"data":1000010,"id":500000019,"lvl":10,"wI":0,"wX":0,"x":11,"y":17},{"data":1000010,"id":500000020,"lvl":10,"wI":0,"wX":0,"x":11,"y":16},{"data":1000010,"id":500000021,"lvl":10,"wI":0,"wX":0,"x":11,"y":15},{"data":1000010,"id":500000022,"lvl":10,"wI":0,"wX":0,"x":11,"y":14},{"data":1000010,"id":500000023,"lvl":10,"wI":0,"wX":0,"x":12,"y":14},{"data":1000010,"id":500000024,"lvl":10,"wI":0,"wX":0,"x":13,"y":14},{"data":1000010,"id":500000025,"lvl":10,"wI":0,"wX":0,"x":13,"y":13},{"data":1000010,"id":500000026,"lvl":10,"wI":0,"wX":0,"x":13,"y":12},{"data":1000010,"id":500000027,"lvl":10,"wI":0,"wX":0,"x":13,"y":11},{"data":1000010,"id":500000028,"lvl":10,"wI":0,"wX":0,"x":13,"y":10},{"data":1000010,"id":500000029,"lvl":10,"wI":0,"wX":0,"x":13,"y":9},{"data":1000010,"id":500000030,"lvl":10,"wI":0,"wX":0,"x":14,"y":9},{"data":1000010,"id":500000031,"lvl":10,"wI":0,"wX":0,"x":15,"y":9},{"data":1000010,"id":500000032,"lvl":10,"wI":0,"wX":0,"x":15,"y":8},{"data":1000010,"id":500000033,"lvl":10,"wI":0,"wX":0,"x":16,"y":8},{"data":1000010,"id":500000034,"lvl":10,"wI":0,"wX":0,"x":17,"y":8},{"data":1000010,"id":500000035,"lvl":10,"wI":0,"wX":0,"x":18,"y":8},{"data":1000010,"id":500000036,"lvl":10,"wI":0,"wX":0,"x":19,"y":8},{"data":1000010,"id":500000037,"lvl":10,"wI":0,"wX":0,"x":19,"y":9},{"data":1000010,"id":500000038,"lvl":10,"wI":0,"wX":0,"x":20,"y":9},{"data":1000010,"id":500000039,"lvl":10,"wI":0,"wX":0,"x":20,"y":10},{"data":1000010,"id":500000040,"lvl":10,"wI":0,"wX":0,"x":20,"y":11},{"data":1000010,"id":500000041,"lvl":10,"wI":0,"wX":0,"x":21,"y":11},{"data":1000010,"id":500000042,"lvl":10,"wI":0,"wX":0,"x":22,"y":11},{"data":1000010,"id":500000043,"lvl":10,"wI":0,"wX":0,"x":23,"y":11},{"data":1000010,"id":500000044,"lvl":10,"wI":0,"wX":0,"x":24,"y":11},{"data":1000010,"id":500000045,"lvl":10,"wI":0,"wX":0,"x":25,"y":11},{"data":1000010,"id":500000046,"lvl":10,"wI":0,"wX":0,"x":26,"y":11},{"data":1000010,"id":500000047,"lvl":10,"wI":0,"wX":0,"x":27,"y":11},{"data":1000010,"id":500000048,"lvl":10,"wI":0,"wX":0,"x":28,"y":11},{"data":1000010,"id":500000049,"lvl":10,"wI":0,"wX":0,"x":29,"y":11},{"data":1000010,"id":500000050,"lvl":10,"wI":0,"wX":0,"x":30,"y":11},{"data":1000010,"id":500000051,"lvl":10,"wI":0,"wX":0,"x":30,"y":12},{"data":1000010,"id":500000052,"lvl":10,"wI":0,"wX":0,"x":31,"y":12},{"data":1000010,"id":500000053,"lvl":10,"wI":0,"wX":0,"x":31,"y":13},{"data":1000010,"id":500000054,"lvl":10,"wI":0,"wX":0,"x":31,"y":14},{"data":1000010,"id":500000055,"lvl":10,"wI":0,"wX":0,"x":31,"y":15},{"data":1000010,"id":500000056,"lvl":10,"wI":0,"wX":0,"x":31,"y":16},{"data":1000010,"id":500000057,"lvl":10,"wI":0,"wX":0,"x":30,"y":16},{"data":1000010,"id":500000058,"lvl":10,"wI":0,"wX":0,"x":29,"y":16},{"data":1000010,"id":500000059,"lvl":10,"wI":0,"wX":0,"x":29,"y":17},{"data":1000010,"id":500000060,"lvl":10,"wI":0,"wX":0,"x":29,"y":18},{"data":1000010,"id":500000061,"lvl":10,"wI":0,"wX":0,"x":29,"y":19},{"data":1000010,"id":500000062,"lvl":10,"wI":0,"wX":0,"x":30,"y":19},{"data":1000010,"id":500000063,"lvl":10,"wI":0,"wX":0,"x":31,"y":19},{"data":1000010,"id":500000064,"lvl":10,"wI":0,"wX":0,"x":31,"y":20},{"data":1000010,"id":500000065,"lvl":10,"wI":0,"wX":0,"x":32,"y":20},{"data":1000010,"id":500000066,"lvl":10,"wI":0,"wX":0,"x":33,"y":20},{"data":1000010,"id":500000067,"lvl":10,"wI":0,"wX":0,"x":33,"y":21},{"data":1000010,"id":500000068,"lvl":10,"wI":0,"wX":0,"x":33,"y":22},{"data":1000010,"id":500000069,"lvl":10,"wI":0,"wX":0,"x":33,"y":23},{"data":1000010,"id":500000070,"lvl":10,"wI":0,"wX":0,"x":33,"y":24},{"data":1000010,"id":500000071,"lvl":10,"wI":0,"wX":0,"x":33,"y":25},{"data":1000010,"id":500000072,"lvl":10,"wI":0,"wX":0,"x":32,"y":25},{"data":1000010,"id":500000073,"lvl":10,"wI":0,"wX":0,"x":32,"y":26},{"data":1000010,"id":500000074,"lvl":10,"wI":0,"wX":0,"x":31,"y":26},{"data":1000010,"id":500000075,"lvl":10,"wI":0,"wX":0,"x":30,"y":26},{"data":1000010,"id":500000076,"lvl":10,"wI":0,"wX":0,"x":29,"y":26},{"data":1000010,"id":500000077,"lvl":10,"wI":0,"wX":0,"x":29,"y":27},{"data":1000010,"id":500000078,"lvl":10,"wI":0,"wX":0,"x":29,"y":28},{"data":1000010,"id":500000079,"lvl":10,"wI":0,"wX":0,"x":29,"y":29},{"data":1000010,"id":500000080,"lvl":10,"wI":0,"wX":0,"x":28,"y":29},{"data":1000010,"id":500000081,"lvl":10,"wI":0,"wX":0,"x":28,"y":30},{"data":1000010,"id":500000082,"lvl":10,"wI":0,"wX":0,"x":28,"y":31},{"data":1000010,"id":500000083,"lvl":10,"wI":0,"wX":0,"x":28,"y":32},{"data":1000010,"id":500000084,"lvl":10,"wI":0,"wX":0,"x":28,"y":33},{"data":1000010,"id":500000085,"lvl":10,"wI":0,"wX":0,"x":27,"y":33},{"data":1000010,"id":500000086,"lvl":10,"wI":0,"wX":0,"x":27,"y":34},{"data":1000010,"id":500000087,"lvl":10,"wI":0,"wX":0,"x":26,"y":34},{"data":1000010,"id":500000088,"lvl":10,"wI":0,"wX":0,"x":25,"y":34},{"data":1000010,"id":500000089,"lvl":10,"wI":0,"wX":0,"x":24,"y":34},{"data":1000010,"id":500000090,"lvl":10,"wI":0,"wX":0,"x":23,"y":34},{"data":1000010,"id":500000091,"lvl":10,"wI":0,"wX":0,"x":22,"y":34},{"data":1000010,"id":500000092,"lvl":10,"wI":0,"wX":0,"x":22,"y":33},{"data":1000010,"id":500000093,"lvl":10,"wI":0,"wX":0,"x":21,"y":33},{"data":1000010,"id":500000094,"lvl":10,"wI":0,"wX":0,"x":21,"y":32},{"data":1000010,"id":500000095,"lvl":10,"wI":0,"wX":0,"x":21,"y":31},{"data":1000010,"id":500000096,"lvl":10,"wI":0,"wX":0,"x":21,"y":30},{"data":1000010,"id":500000097,"lvl":10,"wI":0,"wX":0,"x":21,"y":29},{"data":1000010,"id":500000098,"lvl":10,"wI":0,"wX":0,"x":20,"y":29},{"data":1000010,"id":500000099,"lvl":10,"wI":0,"wX":0,"x":19,"y":29},{"data":1000010,"id":500000100,"lvl":10,"wI":0,"wX":0,"x":18,"y":29},{"data":1000010,"id":500000101,"lvl":10,"wI":0,"wX":0,"x":17,"y":29},{"data":1000010,"id":500000102,"lvl":10,"wI":0,"wX":0,"x":17,"y":30},{"data":1000010,"id":500000103,"lvl":10,"wI":0,"wX":0,"x":17,"y":31},{"data":1000010,"id":500000104,"lvl":10,"wI":0,"wX":0,"x":16,"y":31},{"data":1000010,"id":500000105,"lvl":10,"wI":0,"wX":0,"x":15,"y":31},{"data":1000010,"id":500000106,"lvl":10,"wI":0,"wX":0,"x":14,"y":31},{"data":1000010,"id":500000107,"lvl":10,"wI":0,"wX":0,"x":13,"y":31},{"data":1000010,"id":500000108,"lvl":10,"wI":0,"wX":0,"x":12,"y":31},{"data":1000010,"id":500000109,"lvl":10,"wI":0,"wX":0,"x":12,"y":30},{"data":1000010,"id":500000110,"lvl":10,"wI":0,"wX":0,"x":11,"y":30},{"data":1000010,"id":500000111,"lvl":10,"wI":0,"wX":0,"x":11,"y":29},{"data":1000010,"id":500000112,"lvl":10,"wI":0,"wX":0,"x":11,"y":28},{"data":1000010,"id":500000113,"lvl":10,"wI":0,"wX":0,"x":11,"y":27},{"data":1000010,"id":500000114,"lvl":10,"wI":0,"wX":0,"x":11,"y":26},{"data":1000010,"id":500000115,"lvl":10,"wI":0,"wX":0,"x":11,"y":25},{"data":1000010,"id":500000116,"lvl":10,"wI":0,"wX":0,"x":10,"y":25},{"data":1000010,"id":500000117,"lvl":10,"wI":0,"wX":0,"x":10,"y":24},{"data":1000010,"id":500000118,"lvl":10,"wI":0,"wX":0,"x":9,"y":24},{"data":1000010,"id":500000119,"lvl":10,"wI":0,"wX":0,"x":9,"y":23},{"data":1000010,"id":500000120,"lvl":10,"wI":0,"wX":0,"x":9,"y":22},{"data":1000024,"id":500000121,"lvl":4,"x":17,"y":14},{"data":1000005,"id":500000122,"lvl":9,"x":14,"y":21},{"data":1000003,"id":500000123,"lvl":9,"x":24,"y":21},{"data":1000010,"id":500000124,"lvl":10,"wI":0,"wX":0,"x":12,"y":25},{"data":1000010,"id":500000125,"lvl":10,"wI":0,"wX":0,"x":13,"y":24},{"data":1000010,"id":500000126,"lvl":10,"wI":0,"wX":0,"x":12,"y":24},{"data":1000010,"id":500000127,"lvl":10,"wI":0,"wX":0,"x":14,"y":24},{"data":1000010,"id":500000128,"lvl":10,"wI":0,"wX":0,"x":15,"y":24},{"data":1000010,"id":500000129,"lvl":10,"wI":0,"wX":0,"x":16,"y":24},{"data":1000010,"id":500000130,"lvl":10,"wI":0,"wX":0,"x":16,"y":25},{"data":1000010,"id":500000131,"lvl":10,"wI":0,"wX":0,"x":16,"y":26},{"data":1000010,"id":500000132,"lvl":10,"wI":0,"wX":0,"x":17,"y":26},{"data":1000010,"id":500000133,"lvl":10,"wI":0,"wX":0,"x":17,"y":27},{"data":1000010,"id":500000134,"lvl":10,"wI":0,"wX":0,"x":17,"y":28},{"data":1000010,"id":500000135,"lvl":10,"wI":0,"wX":0,"x":22,"y":29},{"data":1000010,"id":500000136,"lvl":10,"wI":0,"wX":0,"x":22,"y":28},{"data":1000010,"id":500000137,"lvl":10,"wI":0,"wX":0,"x":23,"y":28},{"data":1000010,"id":500000138,"lvl":10,"wI":0,"wX":0,"x":23,"y":27},{"data":1000010,"id":500000139,"lvl":10,"wI":0,"wX":0,"x":23,"y":26},{"data":1000010,"id":500000140,"lvl":10,"wI":0,"wX":0,"x":23,"y":25},{"data":1000010,"id":500000141,"lvl":10,"wI":0,"wX":0,"x":23,"y":24},{"data":1000010,"id":500000142,"lvl":10,"wI":0,"wX":0,"x":23,"y":23},{"data":1000010,"id":500000143,"lvl":10,"wI":0,"wX":0,"x":23,"y":22},{"data":1000010,"id":500000144,"lvl":10,"wI":0,"wX":0,"x":23,"y":21},{"data":1000010,"id":500000145,"lvl":10,"wI":0,"wX":0,"x":23,"y":20},{"data":1000010,"id":500000146,"lvl":10,"wI":0,"wX":0,"x":23,"y":19},{"data":1000010,"id":500000147,"lvl":10,"wI":0,"wX":0,"x":23,"y":18},{"data":1000010,"id":500000148,"lvl":10,"wI":0,"wX":0,"x":22,"y":18},{"data":1000010,"id":500000149,"lvl":10,"wI":0,"wX":0,"x":21,"y":18},{"data":1000010,"id":500000150,"lvl":10,"wI":0,"wX":0,"x":20,"y":18},{"data":1000010,"id":500000151,"lvl":10,"wI":0,"wX":0,"x":19,"y":18},{"data":1000010,"id":500000152,"lvl":10,"wI":0,"wX":0,"x":18,"y":18},{"data":1000010,"id":500000153,"lvl":10,"wI":0,"wX":0,"x":17,"y":18},{"data":1000010,"id":500000154,"lvl":10,"wI":0,"wX":0,"x":16,"y":18},{"data":1000010,"id":500000155,"lvl":10,"wI":0,"wX":0,"x":15,"y":18},{"data":1000010,"id":500000156,"lvl":10,"wI":0,"wX":0,"x":14,"y":18},{"data":1000010,"id":500000157,"lvl":10,"wI":0,"wX":0,"x":13,"y":18},{"data":1000010,"id":500000158,"lvl":10,"wI":0,"wX":0,"x":12,"y":18},{"data":1000010,"id":500000159,"lvl":10,"wI":0,"wX":0,"x":23,"y":17},{"data":1000010,"id":500000160,"lvl":10,"wI":0,"wX":0,"x":23,"y":16},{"data":1000010,"id":500000161,"lvl":10,"wI":0,"wX":0,"x":23,"y":15},{"data":1000010,"id":500000162,"lvl":10,"wI":0,"wX":0,"x":24,"y":15},{"data":1000010,"id":500000163,"lvl":10,"wI":0,"wX":0,"x":24,"y":14},{"data":1000010,"id":500000164,"lvl":10,"wI":0,"wX":0,"x":25,"y":14},{"data":1000010,"id":500000165,"lvl":10,"wI":0,"wX":0,"x":25,"y":13},{"data":1000010,"id":500000166,"lvl":10,"wI":0,"wX":0,"x":25,"y":12},{"data":1000010,"id":500000167,"lvl":10,"wI":0,"wX":0,"x":24,"y":20},{"data":1000010,"id":500000168,"lvl":10,"wI":0,"wX":0,"x":25,"y":20},{"data":1000010,"id":500000169,"lvl":10,"wI":0,"wX":0,"x":26,"y":20},{"data":1000010,"id":500000170,"lvl":10,"wI":0,"wX":0,"x":27,"y":20},{"data":1000010,"id":500000171,"lvl":10,"wI":0,"wX":0,"x":28,"y":19},{"data":1000010,"id":500000172,"lvl":10,"wI":0,"wX":0,"x":27,"y":19}],"decos":[],"traps":[{"data":12000008,"id":504000000,"lvl":3,"air_mode":true,"air_mode_draft":false,"air_mode_war":false,"air_mode_draft_war":false,"air_mode2":false,"air_mode_d2":false,"air_mode3":false,"air_mode_d3":false,"air_mode4":false,"air_mode_d4":false,"air_mode5":false,"air_mode_d5":false,"air_mode6":false,"air_mode_d6":false,"air_mode7":false,"air_mode_d7":false,"x":15,"y":26},{"data":12000008,"id":504000001,"lvl":3,"air_mode":true,"air_mode_draft":false,"air_mode_war":false,"air_mode_draft_war":false,"air_mode2":false,"air_mode_d2":false,"air_mode3":false,"air_mode_d3":false,"air_mode4":false,"air_mode_d4":false,"air_mode5":false,"air_mode_d5":false,"air_mode6":false,"air_mode_d6":false,"air_mode7":false,"air_mode_d7":false,"x":25,"y":29},{"data":12000008,"id":504000002,"lvl":3,"air_mode":true,"air_mode_draft":false,"air_mode_war":false,"air_mode_draft_war":false,"air_mode2":false,"air_mode_d2":false,"air_mode3":false,"air_mode_d3":false,"air_mode4":false,"air_mode_d4":false,"air_mode5":false,"air_mode_d5":false,"air_mode6":false,"air_mode_d6":false,"air_mode7":false,"air_mode_d7":false,"x":27,"y":25},{"data":12000008,"id":504000003,"lvl":3,"air_mode":false,"air_mode_draft":false,"air_mode_war":false,"air_mode_draft_war":false,"air_mode2":false,"air_mode_d2":false,"air_mode3":false,"air_mode_d3":false,"air_mode4":false,"air_mode_d4":false,"air_mode5":false,"air_mode_d5":false,"air_mode6":false,"air_mode_d6":false,"air_mode7":false,"air_mode_d7":false,"x":30,"y":21},{"data":12000008,"id":504000004,"lvl":3,"air_mode":false,"air_mode_draft":false,"air_mode_war":false,"air_mode_draft_war":false,"air_mode2":false,"air_mode_d2":false,"air_mode3":false,"air_mode_d3":false,"air_mode4":false,"air_mode_d4":false,"air_mode5":false,"air_mode_d5":false,"air_mode6":false,"air_mode_d6":false,"air_mode7":false,"air_mode_d7":false,"x":26,"y":16},{"data":12000008,"id":504000005,"lvl":3,"air_mode":false,"air_mode_draft":false,"air_mode_war":false,"air_mode_draft_war":false,"air_mode2":false,"air_mode_d2":false,"air_mode3":false,"air_mode_d3":false,"air_mode4":false,"air_mode_d4":false,"air_mode5":false,"air_mode_d5":false,"air_mode6":false,"air_mode_d6":false,"air_mode7":false,"air_mode_d7":false,"x":28,"y":12},{"data":12000008,"id":504000006,"lvl":3,"air_mode":true,"air_mode_draft":false,"air_mode_war":false,"air_mode_draft_war":false,"air_mode2":false,"air_mode_d2":false,"air_mode3":false,"air_mode_d3":false,"air_mode4":false,"air_mode_d4":false,"air_mode5":false,"air_mode_d5":false,"air_mode6":false,"air_mode_d6":false,"air_mode7":false,"air_mode_d7":false,"x":22,"y":13},{"data":12000008,"id":504000007,"lvl":3,"air_mode":false,"air_mode_draft":false,"air_mode_war":false,"air_mode_draft_war":false,"air_mode2":false,"air_mode_d2":false,"air_mode3":false,"air_mode_d3":false,"air_mode4":false,"air_mode_d4":false,"air_mode5":false,"air_mode_d5":false,"air_mode6":false,"air_mode_d6":false,"air_mode7":false,"air_mode_d7":false,"x":17,"y":10},{"data":12000008,"id":504000008,"lvl":3,"air_mode":true,"air_mode_draft":false,"air_mode_war":false,"air_mode_draft_war":false,"air_mode2":false,"air_mode_d2":false,"air_mode3":false,"air_mode_d3":false,"air_mode4":false,"air_mode_d4":false,"air_mode5":false,"air_mode_d5":false,"air_mode6":false,"air_mode_d6":false,"air_mode7":false,"air_mode_d7":false,"x":15,"y":14},{"data":12000008,"id":504000009,"lvl":3,"air_mode":true,"air_mode_draft":false,"air_mode_war":false,"air_mode_draft_war":false,"air_mode2":false,"air_mode_d2":false,"air_mode3":false,"air_mode_d3":false,"air_mode4":false,"air_mode_d4":false,"air_mode5":false,"air_mode_d5":false,"air_mode6":false,"air_mode_d6":false,"air_mode7":false,"air_mode_d7":false,"x":13,"y":20},{"data":12000008,"id":504000010,"lvl":3,"air_mode":false,"air_mode_draft":false,"air_mode_war":false,"air_mode_draft_war":false,"air_mode2":false,"air_mode_d2":false,"air_mode3":false,"air_mode_d3":false,"air_mode4":false,"air_mode_d4":false,"air_mode5":false,"air_mode_d5":false,"air_mode6":false,"air_mode_d6":false,"air_mode7":false,"air_mode_d7":false,"x":18,"y":25},{"data":12000008,"id":504000011,"lvl":3,"air_mode":false,"air_mode_draft":false,"air_mode_war":false,"air_mode_draft_war":false,"air_mode2":false,"air_mode_d2":false,"air_mode3":false,"air_mode_d3":false,"air_mode4":false,"air_mode_d4":false,"air_mode5":false,"air_mode_d5":false,"air_mode6":false,"air_mode_d6":false,"air_mode7":false,"air_mode_d7":false,"x":12,"y":20},{"data":12000008,"id":504000012,"lvl":3,"air_mode":false,"air_mode_draft":false,"air_mode_war":false,"air_mode_draft_war":false,"air_mode2":false,"air_mode_d2":false,"air_mode3":false,"air_mode_d3":false,"air_mode4":false,"air_mode_d4":false,"air_mode5":false,"air_mode_d5":false,"air_mode6":false,"air_mode_d6":false,"air_mode7":false,"air_mode_d7":false,"x":14,"y":26},{"data":12000008,"id":504000013,"lvl":3,"air_mode":false,"air_mode_draft":false,"air_mode_war":false,"air_mode_draft_war":false,"air_mode2":false,"air_mode_d2":false,"air_mode3":false,"air_mode_d3":false,"air_mode4":false,"air_mode_d4":false,"air_mode5":false,"air_mode_d5":false,"air_mode6":false,"air_mode_d6":false,"air_mode7":false,"air_mode_d7":false,"x":24,"y":29},{"data":12000008,"id":504000014,"lvl":3,"air_mode":true,"air_mode_draft":false,"air_mode_war":false,"air_mode_draft_war":false,"air_mode2":false,"air_mode_d2":false,"air_mode3":false,"air_mode_d3":false,"air_mode4":false,"air_mode_d4":false,"air_mode5":false,"air_mode_d5":false,"air_mode6":false,"air_mode_d6":false,"air_mode7":false,"air_mode_d7":false,"x":21,"y":25},{"data":12000008,"id":504000015,"lvl":3,"air_mode":false,"air_mode_draft":false,"air_mode_war":false,"air_mode_draft_war":false,"air_mode2":false,"air_mode_d2":false,"air_mode3":false,"air_mode_d3":false,"air_mode4":false,"air_mode_d4":false,"air_mode5":false,"air_mode_d5":false,"air_mode6":false,"air_mode_d6":false,"air_mode7":false,"air_mode_d7":false,"x":26,"y":25},{"data":12000008,"id":504000016,"lvl":3,"air_mode":true,"air_mode_draft":false,"air_mode_war":false,"air_mode_draft_war":false,"air_mode2":false,"air_mode_d2":false,"air_mode3":false,"air_mode_d3":false,"air_mode4":false,"air_mode_d4":false,"air_mode5":false,"air_mode_d5":false,"air_mode6":false,"air_mode_d6":false,"air_mode7":false,"air_mode_d7":false,"x":31,"y":21},{"data":12000008,"id":504000017,"lvl":3,"air_mode":true,"air_mode_draft":false,"air_mode_war":false,"air_mode_draft_war":false,"air_mode2":false,"air_mode_d2":false,"air_mode3":false,"air_mode_d3":false,"air_mode4":false,"air_mode_d4":false,"air_mode5":false,"air_mode_d5":false,"air_mode6":false,"air_mode_d6":false,"air_mode7":false,"air_mode_d7":false,"x":27,"y":16},{"data":12000008,"id":504000018,"lvl":3,"air_mode":true,"air_mode_draft":false,"air_mode_war":false,"air_mode_draft_war":false,"air_mode2":false,"air_mode_d2":false,"air_mode3":false,"air_mode_d3":false,"air_mode4":false,"air_mode_d4":false,"air_mode5":false,"air_mode_d5":false,"air_mode6":false,"air_mode_d6":false,"air_mode7":false,"air_mode_d7":false,"x":29,"y":12},{"data":12000008,"id":504000019,"lvl":3,"air_mode":false,"air_mode_draft":false,"air_mode_war":false,"air_mode_draft_war":false,"air_mode2":false,"air_mode_d2":false,"air_mode3":false,"air_mode_d3":false,"air_mode4":false,"air_mode_d4":false,"air_mode5":false,"air_mode_d5":false,"air_mode6":false,"air_mode_d6":false,"air_mode7":false,"air_mode_d7":false,"x":21,"y":13},{"data":12000008,"id":504000020,"lvl":3,"air_mode":true,"air_mode_draft":false,"air_mode_war":false,"air_mode_draft_war":false,"air_mode2":false,"air_mode_d2":false,"air_mode3":false,"air_mode_d3":false,"air_mode4":false,"air_mode_d4":false,"air_mode5":false,"air_mode_d5":false,"air_mode6":false,"air_mode_d6":false,"air_mode7":false,"air_mode_d7":false,"x":18,"y":10},{"data":12000008,"id":504000021,"lvl":3,"air_mode":false,"air_mode_draft":false,"air_mode_war":false,"air_mode_draft_war":false,"air_mode2":false,"air_mode_d2":false,"air_mode3":false,"air_mode_d3":false,"air_mode4":false,"air_mode_d4":false,"air_mode5":false,"air_mode_d5":false,"air_mode6":false,"air_mode_d6":false,"air_mode7":false,"air_mode_d7":false,"x":14,"y":14},{"data":12000002,"id":504000022,"lvl":3,"x":14,"y":29},{"data":12000002,"id":504000023,"lvl":3,"x":24,"y":32},{"data":12000002,"id":504000024,"lvl":3,"x":31,"y":22},{"data":12000002,"id":504000025,"lvl":3,"x":19,"y":27},{"data":12000002,"id":504000026,"lvl":3,"x":29,"y":14},{"data":12000002,"id":504000027,"lvl":3,"x":18,"y":11},{"data":12000002,"id":504000028,"lvl":3,"x":14,"y":11},{"data":12000002,"id":504000029,"lvl":3,"x":12,"y":16},{"data":12000002,"id":504000030,"lvl":3,"x":23,"y":12},{"data":12000002,"id":504000031,"lvl":3,"x":10,"y":21},{"data":12000002,"id":504000032,"lvl":3,"x":26,"y":28},{"data":12000002,"id":504000033,"lvl":3,"x":28,"y":24},{"data":12000006,"id":504000034,"lvl":2,"x":17,"y":22},{"data":12000006,"id":504000035,"lvl":2,"x":17,"y":21},{"data":12000006,"id":504000036,"lvl":2,"x":20,"y":24},{"data":12000006,"id":504000037,"lvl":2,"x":21,"y":24},{"data":12000006,"id":504000038,"lvl":2,"x":22,"y":22},{"data":12000006,"id":504000039,"lvl":2,"x":22,"y":21},{"data":12000006,"id":504000040,"lvl":2,"x":19,"y":19},{"data":12000006,"id":504000041,"lvl":2,"x":20,"y":19}],"obstacles":[],"exp_ver":1}