{"buildings":[{"data":1000001,"id":500000000,"lvl":8,"x":20,"y":20},{"data":1000010,"id":500000001,"lvl":9,"wI":0,"wX":0,"x":17,"y":18},{"data":1000021,"id":500000002,"lvl":3,"x":22,"y":17,"attack_mode":false,"attack_mode_draft":false,"attack_mode_war":false,"attack_mode_draft_war":false,"attack_mode2":false,"attack_mode_d2":false,"attack_mode3":false,"attack_mode_d3":false,"attack_mode4":false,"attack_mode_d4":false,"attack_mode5":false,"attack_mode_d5":false,"attack_mode_chal":false,"attack_mode_dchal":false,"attack_mode_arrw":false,"attack_mode_draft_arrw":false,"ammo":1500},{"data":1000021,"id":500000003,"lvl":3,"x":20,"y":24,"attack_mode":false,"attack_mode_draft":false,"attack_mode_war":false,"attack_mode_draft_war":false,"attack_mode2":false,"attack_mode_d2":false,"attack_mode3":false,"attack_mode_d3":false,"attack_mode4":false,"attack_mode_d4":false,"attack_mode5":false,"attack_mode_d5":false,"attack_mode_chal":false,"attack_mode_dchal":false,"attack_mode_arrw":false,"attack_mode_draft_arrw":false,"ammo":1500},{"data":1000028,"id":500000004,"lvl":0,"x":17,"y":23,"aim_angle":315,"aim_angle_draft":315,"aim_angle_war":0,"aim_angle_draft_war":0,"aim_angle2":0,"aim_angle_d2":0,"aim_angle3":0,"aim_angle_d3":0,"aim_angle4":0,"aim_angle_d4":0,"aim_angle5":0,"aim_angle_d5":0,"aim_angle5_chal":0,"aim_angle_dchal":0,"aim_angle_arrw":0,"aim_angle_draft_arrw":0},{"data":1000028,"id":500000005,"lvl":0,"x":25,"y":19,"aim_angle":135,"aim_angle_draft":135,"aim_angle_war":0,"aim_angle_draft_war":0,"aim_angle2":0,"aim_angle_d2":0,"aim_angle3":0,"aim_angle_d3":0,"aim_angle4":0,"aim_angle_d4":0,"aim_angle5":0,"aim_angle_d5":0,"aim_angle5_chal":0,"aim_angle_dchal":0,"aim_angle_arrw":0,"aim_angle_draft_arrw":0},{"data":1000010,"id":500000006,"lvl":9,"wI":0,"wX":0,"x":18,"y":18},{"data":1000010,"id":500000007,"lvl":9,"wI":0,"wX":0,"x":18,"y":17},{"data":1000010,"id":500000008,"lvl":9,"wI":0,"wX":0,"x":18,"y":16},{"data":1000010,"id":500000009,"lvl":9,"wI":0,"wX":0,"x":19,"y":16},{"data":1000010,"id":500000010,"lvl":9,"wI":0,"wX":0,"x":20,"y":16},{"data":1000010,"id":500000011,"lvl":9,"wI":0,"wX":0,"x":21,"y":16},{"data":1000010,"id":500000012,"lvl":9,"wI":0,"wX":0,"x":22,"y":16},{"data":1000010,"id":500000013,"lvl":9,"wI":0,"wX":0,"x":23,"y":16},{"data":1000010,"id":500000014,"lvl":9,"wI":0,"wX":0,"x":24,"y":16},{"data":1000010,"id":500000015,"lvl":9,"wI":0,"wX":0,"x":25,"y":16},{"data":1000010,"id":500000016,"lvl":9,"wI":0,"wX":0,"x":25,"y":17},{"data":1000010,"id":500000017,"lvl":9,"wI":0,"wX":0,"x":25,"y":18},{"data":1000010,"id":500000018,"lvl":9,"wI":0,"wX":0,"x":26,"y":18},{"data":1000010,"id":500000019,"lvl":9,"wI":0,"wX":0,"x":27,"y":18},{"data":1000010,"id":500000020,"lvl":9,"wI":0,"wX":0,"x":27,"y":19},{"data":1000010,"id":500000021,"lvl":9,"wI":0,"wX":0,"x":27,"y":20},{"data":1000010,"id":500000022,"lvl":9,"wI":0,"wX":0,"x":27,"y":21},{"data":1000010,"id":500000023,"lvl":9,"wI":0,"wX":0,"x":27,"y":22},{"data":1000010,"id":500000024,"lvl":9,"wI":0,"wX":0,"x":27,"y":23},{"data":1000010,"id":500000025,"lvl":9,"wI":0,"wX":0,"x":27,"y":24},{"data":1000010,"id":500000026,"lvl":9,"wI":0,"wX":0,"x":19,"y":27},{"data":1000010,"id":500000027,"lvl":9,"wI":0,"wX":0,"x":20,"y":27},{"data":1000010,"id":500000028,"lvl":9,"wI":0,"wX":0,"x":21,"y":27},{"data":1000010,"id":500000029,"lvl":9,"wI":0,"wX":0,"x":22,"y":27},{"data":1000010,"id":500000030,"lvl":9,"wI":0,"wX":0,"x":23,"y":27},{"data":1000010,"id":500000031,"lvl":9,"wI":0,"wX":0,"x":24,"y":27},{"data":1000010,"id":500000032,"lvl":9,"wI":0,"wX":0,"x":25,"y":27},{"data":1000010,"id":500000033,"lvl":9,"wI":0,"wX":0,"x":25,"y":26},{"data":1000010,"id":500000034,"lvl":9,"wI":0,"wX":0,"x":25,"y":25},{"data":1000010,"id":500000035,"lvl":9,"wI":0,"wX":0,"x":26,"y":25},{"data":1000010,"id":500000036,"lvl":9,"wI":0,"wX":0,"x":27,"y":25},{"data":1000010,"id":500000037,"lvl":9,"wI":0,"wX":0,"x":18,"y":27},{"data":1000010,"id":500000038,"lvl":9,"wI":0,"wX":0,"x":18,"y":26},{"data":1000010,"id":500000039,"lvl":9,"wI":0,"wX":0,"x":18,"y":25},{"data":1000010,"id":500000040,"lvl":9,"wI":0,"wX":0,"x":17,"y":25},{"data":1000010,"id":500000041,"lvl":9,"wI":0,"wX":0,"x":16,"y":25},{"data":1000010,"id":500000043,"lvl":9,"wI":0,"wX":0,"x":16,"y":23},{"data":1000010,"id":500000044,"lvl":9,"wI":0,"wX":0,"x":16,"y":22},{"data":1000010,"id":500000045,"lvl":9,"wI":0,"wX":0,"x":16,"y":21},{"data":1000010,"id":500000046,"lvl":9,"wI":0,"wX":0,"x":16,"y":20},{"data":1000010,"id":500000047,"lvl":9,"wI":0,"wX":0,"x":16,"y":19},{"data":1000010,"id":500000048,"lvl":9,"wI":0,"wX":0,"x":16,"y":18},{"data":1000010,"id":500000049,"lvl":9,"wI":0,"wX":0,"x":16,"y":24},{"data":1000019,"id":500000050,"lvl":6,"x":16,"y":16},{"data":1000019,"id":500000051,"lvl":6,"x":26,"y":16},{"data":1000019,"id":500000052,"lvl":6,"x":26,"y":26},{"data":1000019,"id":500000053,"lvl":6,"x":16,"y":26},{"data":1000010,"id":500000054,"lvl":9,"wI":0,"wX":0,"x":18,"y":28},{"data":1000010,"id":500000055,"lvl":9,"wI":0,"wX":0,"x":17,"y":28},{"data":1000010,"id":500000056,"lvl":9,"wI":0,"wX":0,"x":16,"y":28},{"data":1000010,"id":500000057,"lvl":9,"wI":0,"wX":0,"x":15,"y":28},{"data":1000010,"id":500000058,"lvl":9,"wI":0,"wX":0,"x":15,"y":27},{"data":1000010,"id":500000059,"lvl":9,"wI":0,"wX":0,"x":15,"y":26},{"data":1000010,"id":500000060,"lvl":9,"wI":0,"wX":0,"x":15,"y":25},{"data":1000010,"id":500000061,"lvl":9,"wI":0,"wX":0,"x":15,"y":18},{"data":1000010,"id":500000062,"lvl":9,"wI":0,"wX":0,"x":15,"y":17},{"data":1000010,"id":500000063,"lvl":9,"wI":0,"wX":0,"x":15,"y":16},{"data":1000010,"id":500000064,"lvl":9,"wI":0,"wX":0,"x":15,"y":15},{"data":1000010,"id":500000065,"lvl":9,"wI":0,"wX":0,"x":16,"y":15},{"data":1000010,"id":500000066,"lvl":9,"wI":0,"wX":0,"x":17,"y":15},{"data":1000010,"id":500000067,"lvl":9,"wI":0,"wX":0,"x":18,"y":15},{"data":1000010,"id":500000068,"lvl":9,"wI":0,"wX":0,"x":25,"y":15},{"data":1000010,"id":500000069,"lvl":9,"wI":0,"wX":0,"x":26,"y":15},{"data":1000010,"id":500000070,"lvl":9,"wI":0,"wX":0,"x":27,"y":15},{"data":1000010,"id":500000071,"lvl":9,"wI":0,"wX":0,"x":28,"y":15},{"data":1000010,"id":500000072,"lvl":9,"wI":0,"wX":0,"x":28,"y":16},{"data":1000010,"id":500000073,"lvl":9,"wI":0,"wX":0,"x":28,"y":17},{"data":1000010,"id":500000074,"lvl":9,"wI":0,"wX":0,"x":28,"y":18},{"data":1000010,"id":500000075,"lvl":9,"wI":0,"wX":0,"x":28,"y":25},{"data":1000010,"id":500000076,"lvl":9,"wI":0,"wX":0,"x":28,"y":26},{"data":1000010,"id":500000077,"lvl":9,"wI":0,"wX":0,"x":28,"y":27},{"data":1000010,"id":500000078,"lvl":9,"wI":0,"wX":0,"x":28,"y":28},{"data":1000010,"id":500000079,"lvl":9,"wI":0,"wX":0,"x":27,"y":28},{"data":1000010,"id":500000080,"lvl":9,"wI":0,"wX":0,"x":26,"y":28},{"data":1000010,"id":500000081,"lvl":9,"wI":0,"wX":0,"x":25,"y":28},{"data":1000012,"id":500000082,"lvl":6,"x":26,"y":29},{"data":1000012,"id":500000083,"lvl":7,"x":29,"y":15},{"data":1000012,"id":500000084,"lvl":6,"x":15,"y":12},{"data":1000012,"id":500000085,"lvl":7,"x":12,"y":26},{"data":1000013,"id":500000086,"lvl":6,"x":12,"y":15,"attack_mode":false,"attack_mode_draft":false,"attack_mode_war":false,"attack_mode_draft_war":false,"attack_mode2":false,"attack_mode_d2":false,"attack_mode3":false,"attack_mode_d3":false,"attack_mode4":false,"attack_mode_d4":false,"attack_mode5":false,"attack_mode_d5":false,"attack_mode_chal":false,"attack_mode_dchal":false,"attack_mode_arrw":false,"attack_mode_draft_arrw":false},{"data":1000013,"id":500000087,"lvl":7,"x":15,"y":29,"attack_mode":false,"attack_mode_draft":false,"attack_mode_war":false,"attack_mode_draft_war":false,"attack_mode2":false,"attack_mode_d2":false,"attack_mode3":false,"attack_mode_d3":false,"attack_mode4":false,"attack_mode_d4":false,"attack_mode5":false,"attack_mode_d5":false,"attack_mode_chal":false,"attack_mode_dchal":false,"attack_mode_arrw":false,"attack_mode_draft_arrw":false},{"data":1000013,"id":500000088,"lvl":6,"x":29,"y":26,"attack_mode":false,"attack_mode_draft":false,"attack_mode_war":false,"attack_mode_draft_war":false,"attack_mode2":false,"attack_mode_d2":false,"attack_mode3":false,"attack_mode_d3":false,"attack_mode4":false,"attack_mode_d4":false,"attack_mode5":false,"attack_mode_d5":false,"attack_mode_chal":false,"attack_mode_dchal":false,"attack_mode_arrw":false,"attack_mode_draft_arrw":false},{"data":1000013,"id":500000089,"lvl":7,"x":26,"y":12,"attack_mode":false,"attack_mode_draft":false,"attack_mode_war":false,"attack_mode_draft_war":false,"attack_mode2":false,"attack_mode_d2":false,"attack_mode3":false,"attack_mode_d3":false,"attack_mode4":false,"attack_mode_d4":false,"attack_mode5":false,"attack_mode_d5":false,"attack_mode_chal":false,"attack_mode_dchal":false,"attack_mode_arrw":false,"attack_mode_draft_arrw":false},{"data":1000009,"id":500000090,"lvl":11,"x":26,"y":9,"attack_mode":false,"attack_mode_draft":false,"attack_mode_war":false,"attack_mode_draft_war":false,"attack_mode2":false,"attack_mode_d2":false,"attack_mode3":false,"attack_mode_d3":false,"attack_mode4":false,"attack_mode_d4":false,"attack_mode5":false,"attack_mode_d5":false,"attack_mode_chal":false,"attack_mode_dchal":false,"attack_mode_arrw":false,"attack_mode_draft_arrw":false},{"data":1000009,"id":500000091,"lvl":11,"x":15,"y":32,"attack_mode":false,"attack_mode_draft":false,"attack_mode_war":false,"attack_mode_draft_war":false,"attack_mode2":false,"attack_mode_d2":false,"attack_mode3":false,"attack_mode_d3":false,"attack_mode4":false,"attack_mode_d4":false,"attack_mode5":false,"attack_mode_d5":false,"attack_mode_chal":false,"attack_mode_dchal":false,"attack_mode_arrw":false,"attack_mode_draft_arrw":false},{"data":1000009,"id":500000092,"lvl":10,"x":32,"y":26,"attack_mode":false,"attack_mode_draft":false,"attack_mode_war":false,"attack_mode_draft_war":false,"attack_mode2":false,"attack_mode_d2":false,"attack_mode3":false,"attack_mode_d3":false,"attack_mode4":false,"attack_mode_d4":false,"attack_mode5":false,"attack_mode_d5":false,"attack_mode_chal":false,"attack_mode_dchal":false,"attack_mode_arrw":false,"attack_mode_draft_arrw":false},{"data":1000009,"id":500000093,"lvl":10,"x":9,"y":15,"attack_mode":false,"attack_mode_draft":false,"attack_mode_war":false,"attack_mode_draft_war":false,"attack_mode2":false,"attack_mode_d2":false,"attack_mode3":false,"attack_mode_d3":false,"attack_mode4":false,"attack_mode_d4":false,"attack_mode5":false,"attack_mode_d5":false,"attack_mode_chal":false,"attack_mode_dchal":false,"attack_mode_arrw":false,"attack_mode_draft_arrw":false},{"data":1000011,"id":500000094,"lvl":8,"x":29,"y":12},{"data":1000011,"id":500000095,"lvl":6,"x":12,"y":12},{"data":1000011,"id":500000096,"lvl":8,"x":12,"y":29},{"data":1000011,"id":500000097,"lvl":6,"x":29,"y":29},{"data":1000008,"id":500000098,"lvl":11,"x":32,"y":15,"attack_mode":false,"attack_mode_draft":false,"attack_mode_war":false,"attack_mode_draft_war":false,"attack_mode2":false,"attack_mode_d2":false,"attack_mode3":false,"attack_mode_d3":false,"attack_mode4":false,"attack_mode_d4":false,"attack_mode5":false,"attack_mode_d5":false,"attack_mode_chal":false,"attack_mode_dchal":false,"attack_mode_arrw":false,"attack_mode_draft_arrw":false},{"data":1000008,"id":500000099,"lvl":10,"x":15,"y":9,"attack_mode":false,"attack_mode_draft":false,"attack_mode_war":false,"attack_mode_draft_war":false,"attack_mode2":false,"attack_mode_d2":false,"attack_mode3":false,"attack_mode_d3":false,"attack_mode4":false,"attack_mode_d4":false,"attack_mode5":false,"attack_mode_d5":false,"attack_mode_chal":false,"attack_mode_dchal":false,"attack_mode_arrw":false,"attack_mode_draft_arrw":false},{"data":1000008,"id":500000100,"lvl":11,"x":9,"y":26,"attack_mode":false,"attack_mode_draft":false,"attack_mode_war":false,"attack_mode_draft_war":false,"attack_mode2":false,"attack_mode_d2":false,"attack_mode3":false,"attack_mode_d3":false,"attack_mode4":false,"attack_mode_d4":false,"attack_mode5":false,"attack_mode_d5":false,"attack_mode_chal":false,"attack_mode_dchal":false,"attack_mode_arrw":false,"attack_mode_draft_arrw":false},{"data":1000008,"id":500000101,"lvl":10,"x":26,"y":32,"attack_mode":false,"attack_mode_draft":false,"attack_mode_war":false,"attack_mode_draft_war":false,"attack_mode2":false,"attack_mode_d2":false,"attack_mode3":false,"attack_mode_d3":false,"attack_mode4":false,"attack_mode_d4":false,"attack_mode5":false,"attack_mode_d5":false,"attack_mode_chal":false,"attack_mode_dchal":false,"attack_mode_arrw":false,"attack_mode_draft_arrw":false},{"data":1000010,"id":500000102,"lvl":9,"wI":0,"wX":0,"x":18,"y":14},{"data":1000010,"id":500000103,"lvl":9,"wI":0,"wX":0,"x":18,"y":13},{"data":1000010,"id":500000104,"lvl":9,"wI":0,"wX":0,"x":18,"y":12},{"data":1000010,"id":500000105,"lvl":9,"wI":0,"wX":0,"x":18,"y":11},{"data":1000010,"id":500000106,"lvl":9,"wI":0,"wX":0,"x":18,"y":10},{"data":1000010,"id":500000107,"lvl":9,"wI":0,"wX":0,"x":18,"y":9},{"data":1000010,"id":500000108,"lvl":9,"wI":0,"wX":0,"x":18,"y":8},{"data":1000010,"id":500000109,"lvl":9,"wI":0,"wX":0,"x":17,"y":8},{"data":1000010,"id":500000110,"lvl":9,"wI":0,"wX":0,"x":16,"y":8},{"data":1000010,"id":500000111,"lvl":9,"wI":0,"wX":0,"x":15,"y":8},{"data":1000010,"id":500000112,"lvl":9,"wI":0,"wX":0,"x":14,"y":8},{"data":1000010,"id":500000113,"lvl":9,"wI":0,"wX":0,"x":14,"y":9},{"data":1000010,"id":500000114,"lvl":9,"wI":0,"wX":0,"x":14,"y":10},{"data":1000010,"id":500000115,"lvl":9,"wI":0,"wX":0,"x":14,"y":11},{"data":1000010,"id":500000116,"lvl":9,"wI":0,"wX":0,"x":13,"y":11},{"data":1000010,"id":500000117,"lvl":9,"wI":0,"wX":0,"x":12,"y":11},{"data":1000010,"id":500000118,"lvl":9,"wI":0,"wX":0,"x":11,"y":11},{"data":1000010,"id":500000119,"lvl":9,"wI":0,"wX":0,"x":11,"y":12},{"data":1000010,"id":500000120,"lvl":9,"wI":0,"wX":0,"x":11,"y":13},{"data":1000010,"id":500000121,"lvl":9,"wI":0,"wX":0,"x":11,"y":14},{"data":1000010,"id":500000122,"lvl":9,"wI":0,"wX":0,"x":10,"y":14},{"data":1000010,"id":500000123,"lvl":9,"wI":0,"wX":0,"x":9,"y":14},{"data":1000010,"id":500000124,"lvl":9,"wI":0,"wX":0,"x":8,"y":14},{"data":1000010,"id":500000125,"lvl":9,"wI":0,"wX":0,"x":8,"y":15},{"data":1000010,"id":500000126,"lvl":9,"wI":0,"wX":0,"x":8,"y":16},{"data":1000010,"id":500000127,"lvl":9,"wI":0,"wX":0,"x":8,"y":17},{"data":1000010,"id":500000128,"lvl":9,"wI":0,"wX":0,"x":8,"y":18},{"data":1000010,"id":500000129,"lvl":9,"wI":0,"wX":0,"x":9,"y":18},{"data":1000010,"id":500000130,"lvl":9,"wI":0,"wX":0,"x":10,"y":18},{"data":1000010,"id":500000131,"lvl":9,"wI":0,"wX":0,"x":11,"y":18},{"data":1000010,"id":500000132,"lvl":9,"wI":0,"wX":0,"x":12,"y":18},{"data":1000010,"id":500000133,"lvl":9,"wI":0,"wX":0,"x":13,"y":18},{"data":1000010,"id":500000134,"lvl":9,"wI":0,"wX":0,"x":14,"y":18},{"data":1000010,"id":500000135,"lvl":9,"wI":0,"wX":0,"x":25,"y":14},{"data":1000010,"id":500000136,"lvl":9,"wI":0,"wX":0,"x":25,"y":13},{"data":1000010,"id":500000137,"lvl":9,"wI":0,"wX":0,"x":25,"y":12},{"data":1000010,"id":500000138,"lvl":9,"wI":0,"wX":0,"x":25,"y":11},{"data":1000010,"id":500000139,"lvl":9,"wI":0,"wX":0,"x":25,"y":10},{"data":1000010,"id":500000140,"lvl":9,"wI":0,"wX":0,"x":25,"y":9},{"data":1000010,"id":500000141,"lvl":9,"wI":0,"wX":0,"x":26,"y":8},{"data":1000010,"id":500000142,"lvl":9,"wI":0,"wX":0,"x":27,"y":8},{"data":1000010,"id":500000143,"lvl":9,"wI":0,"wX":0,"x":28,"y":8},{"data":1000010,"id":500000144,"lvl":9,"wI":0,"wX":0,"x":29,"y":8},{"data":1000010,"id":500000145,"lvl":9,"wI":0,"wX":0,"x":29,"y":9},{"data":1000010,"id":500000146,"lvl":9,"wI":0,"wX":0,"x":29,"y":10},{"data":1000010,"id":500000147,"lvl":9,"wI":0,"wX":0,"x":29,"y":11},{"data":1000010,"id":500000148,"lvl":9,"wI":0,"wX":0,"x":30,"y":11},{"data":1000010,"id":500000149,"lvl":9,"wI":0,"wX":0,"x":31,"y":11},{"data":1000010,"id":500000150,"lvl":9,"wI":0,"wX":0,"x":32,"y":11},{"data":1000010,"id":500000151,"lvl":9,"wI":0,"wX":0,"x":32,"y":12},{"data":1000010,"id":500000152,"lvl":9,"wI":0,"wX":0,"x":32,"y":13},{"data":1000010,"id":500000153,"lvl":9,"wI":0,"wX":0,"x":32,"y":14},{"data":1000010,"id":500000154,"lvl":9,"wI":0,"wX":0,"x":33,"y":14},{"data":1000010,"id":500000155,"lvl":9,"wI":0,"wX":0,"x":34,"y":14},{"data":1000010,"id":500000156,"lvl":9,"wI":0,"wX":0,"x":35,"y":14},{"data":1000010,"id":500000157,"lvl":9,"wI":0,"wX":0,"x":35,"y":15},{"data":1000010,"id":500000158,"lvl":9,"wI":0,"wX":0,"x":35,"y":16},{"data":1000010,"id":500000159,"lvl":9,"wI":0,"wX":0,"x":35,"y":17},{"data":1000010,"id":500000160,"lvl":9,"wI":0,"wX":0,"x":35,"y":18},{"data":1000010,"id":500000161,"lvl":9,"wI":0,"wX":0,"x":34,"y":18},{"data":1000010,"id":500000162,"lvl":9,"wI":0,"wX":0,"x":33,"y":18},{"data":1000010,"id":500000163,"lvl":9,"wI":0,"wX":0,"x":32,"y":18},{"data":1000010,"id":500000164,"lvl":9,"wI":0,"wX":0,"x":31,"y":18},{"data":1000010,"id":500000165,"lvl":9,"wI":0,"wX":0,"x":30,"y":18},{"data":1000010,"id":500000166,"lvl":9,"wI":0,"wX":0,"x":29,"y":18},{"data":1000010,"id":500000167,"lvl":9,"wI":0,"wX":0,"x":29,"y":25},{"data":1000010,"id":500000168,"lvl":9,"wI":0,"wX":0,"x":30,"y":25},{"data":1000010,"id":500000169,"lvl":9,"wI":0,"wX":0,"x":31,"y":25},{"data":1000010,"id":500000170,"lvl":9,"wI":0,"wX":0,"x":32,"y":25},{"data":1000010,"id":500000171,"lvl":9,"wI":0,"wX":0,"x":33,"y":25},{"data":1000010,"id":500000172,"lvl":9,"wI":0,"wX":0,"x":34,"y":25},{"data":1000010,"id":500000173,"lvl":9,"wI":0,"wX":0,"x":35,"y":25},{"data":1000010,"id":500000174,"lvl":9,"wI":0,"wX":0,"x":35,"y":26},{"data":1000010,"id":500000175,"lvl":9,"wI":0,"wX":0,"x":35,"y":27},{"data":1000010,"id":500000176,"lvl":9,"wI":0,"wX":0,"x":35,"y":28},{"data":1000010,"id":500000177,"lvl":9,"wI":0,"wX":0,"x":35,"y":29},{"data":1000010,"id":500000178,"lvl":9,"wI":0,"wX":0,"x":34,"y":29},{"data":1000010,"id":500000179,"lvl":9,"wI":0,"wX":0,"x":33,"y":29},{"data":1000010,"id":500000180,"lvl":9,"wI":0,"wX":0,"x":32,"y":29},{"data":1000010,"id":500000181,"lvl":9,"wI":0,"wX":0,"x":32,"y":30},{"data":1000010,"id":500000182,"lvl":9,"wI":0,"wX":0,"x":32,"y":31},{"data":1000010,"id":500000183,"lvl":9,"wI":0,"wX":0,"x":32,"y":32},{"data":1000010,"id":500000184,"lvl":9,"wI":0,"wX":0,"x":31,"y":32},{"data":1000010,"id":500000185,"lvl":9,"wI":0,"wX":0,"x":30,"y":32},{"data":1000010,"id":500000186,"lvl":9,"wI":0,"wX":0,"x":29,"y":32},{"data":1000010,"id":500000187,"lvl":9,"wI":0,"wX":0,"x":29,"y":33},{"data":1000010,"id":500000188,"lvl":9,"wI":0,"wX":0,"x":29,"y":34},{"data":1000010,"id":500000189,"lvl":9,"wI":0,"wX":0,"x":29,"y":35},{"data":1000010,"id":500000190,"lvl":9,"wI":0,"wX":0,"x":28,"y":35},{"data":1000010,"id":500000191,"lvl":9,"wI":0,"wX":0,"x":27,"y":35},{"data":1000010,"id":500000192,"lvl":9,"wI":0,"wX":0,"x":26,"y":35},{"data":1000010,"id":500000193,"lvl":9,"wI":0,"wX":0,"x":25,"y":35},{"data":1000010,"id":500000194,"lvl":9,"wI":0,"wX":0,"x":25,"y":34},{"data":1000010,"id":500000195,"lvl":9,"wI":0,"wX":0,"x":25,"y":33},{"data":1000010,"id":500000196,"lvl":9,"wI":0,"wX":0,"x":25,"y":32},{"data":1000010,"id":500000197,"lvl":9,"wI":0,"wX":0,"x":25,"y":31},{"data":1000010,"id":500000198,"lvl":9,"wI":0,"wX":0,"x":25,"y":30},{"data":1000010,"id":500000199,"lvl":9,"wI":0,"wX":0,"x":25,"y":29},{"data":1000010,"id":500000200,"lvl":9,"wI":0,"wX":0,"x":18,"y":29},{"data":1000010,"id":500000201,"lvl":9,"wI":0,"wX":0,"x":18,"y":30},{"data":1000010,"id":500000202,"lvl":9,"wI":0,"wX":0,"x":18,"y":31},{"data":1000010,"id":500000203,"lvl":9,"wI":0,"wX":0,"x":18,"y":32},{"data":1000010,"id":500000204,"lvl":9,"wI":0,"wX":0,"x":18,"y":33},{"data":1000010,"id":500000205,"lvl":9,"wI":0,"wX":0,"x":18,"y":34},{"data":1000010,"id":500000206,"lvl":9,"wI":0,"wX":0,"x":18,"y":35},{"data":1000010,"id":500000207,"lvl":9,"wI":0,"wX":0,"x":17,"y":35},{"data":1000010,"id":500000208,"lvl":9,"wI":0,"wX":0,"x":16,"y":35},{"data":1000010,"id":500000209,"lvl":9,"wI":0,"wX":0,"x":15,"y":35},{"data":1000010,"id":500000210,"lvl":9,"wI":0,"wX":0,"x":14,"y":35},{"data":1000010,"id":500000211,"lvl":9,"wI":0,"wX":0,"x":14,"y":34},{"data":1000010,"id":500000212,"lvl":9,"wI":0,"wX":0,"x":14,"y":33},{"data":1000010,"id":500000213,"lvl":9,"wI":0,"wX":0,"x":14,"y":32},{"data":1000010,"id":500000214,"lvl":9,"wI":0,"wX":0,"x":13,"y":32},{"data":1000010,"id":500000215,"lvl":9,"wI":0,"wX":0,"x":12,"y":32},{"data":1000010,"id":500000216,"lvl":9,"wI":0,"wX":0,"x":11,"y":32},{"data":1000010,"id":500000217,"lvl":9,"wI":0,"wX":0,"x":11,"y":31},{"data":1000010,"id":500000218,"lvl":9,"wI":0,"wX":0,"x":11,"y":30},{"data":1000010,"id":500000219,"lvl":9,"wI":0,"wX":0,"x":11,"y":29},{"data":1000010,"id":500000220,"lvl":9,"wI":0,"wX":0,"x":10,"y":29},{"data":1000010,"id":500000221,"lvl":9,"wI":0,"wX":0,"x":9,"y":29},{"data":1000010,"id":500000222,"lvl":9,"wI":0,"wX":0,"x":8,"y":29},{"data":1000010,"id":500000223,"lvl":9,"wI":0,"wX":0,"x":8,"y":28},{"data":1000010,"id":500000224,"lvl":9,"wI":0,"wX":0,"x":8,"y":27},{"data":1000010,"id":500000225,"lvl":9,"wI":0,"wX":0,"x":8,"y":26},{"data":1000010,"id":500000226,"lvl":9,"wI":0,"wX":0,"x":8,"y":25},{"data":1000010,"id":500000227,"lvl":9,"wI":0,"wX":0,"x":9,"y":25},{"data":1000010,"id":500000228,"lvl":9,"wI":0,"wX":0,"x":10,"y":25},{"data":1000010,"id":500000229,"lvl":9,"wI":0,"wX":0,"x":11,"y":25},{"data":1000010,"id":500000230,"lvl":9,"wI":0,"wX":0,"x":12,"y":25},{"data":1000010,"id":500000231,"lvl":9,"wI":0,"wX":0,"x":13,"y":25},{"data":1000010,"id":500000232,"lvl":9,"wI":0,"wX":0,"x":14,"y":25},{"data":1000003,"id":500000233,"lvl":9,"x":19,"y":17},{"data":1000024,"id":500000234,"lvl":4,"x":24,"y":22},{"data":1000005,"id":500000235,"lvl":9,"x":17,"y":20},{"data":1000010,"id":500000236,"lvl":9,"wI":0,"wX":0,"x":19,"y":28},{"data":1000010,"id":500000237,"lvl":9,"wI":0,"wX":0,"x":20,"y":28},{"data":1000010,"id":500000238,"lvl":9,"wI":0,"wX":0,"x":21,"y":28},{"data":1000010,"id":500000239,"lvl":9,"wI":0,"wX":0,"x":22,"y":28},{"data":1000010,"id":500000240,"lvl":9,"wI":0,"wX":0,"x":23,"y":28},{"data":1000010,"id":500000241,"lvl":9,"wI":0,"wX":0,"x":24,"y":28},{"data":1000010,"id":500000242,"lvl":9,"wI":0,"wX":0,"x":28,"y":24},{"data":1000010,"id":500000244,"lvl":9,"wI":0,"wX":0,"x":28,"y":23},{"data":1000010,"id":500000246,"lvl":9,"wI":0,"wX":0,"x":28,"y":22},{"data":1000010,"id":500000248,"lvl":9,"wI":0,"wX":0,"x":28,"y":21},{"data":1000010,"id":500000249,"lvl":9,"wI":0,"wX":0,"x":28,"y":20},{"data":1000010,"id":500000250,"lvl":9,"wI":0,"wX":0,"x":28,"y":19},{"data":1000010,"id":500000251,"lvl":9,"wI":0,"wX":0,"x":24,"y":15},{"data":1000010,"id":500000252,"lvl":9,"wI":0,"wX":0,"x":23,"y":15},{"data":1000010,"id":500000253,"lvl":9,"wI":0,"wX":0,"x":22,"y":15},{"data":1000010,"id":500000254,"lvl":9,"wI":0,"wX":0,"x":21,"y":15},{"data":1000010,"id":500000255,"lvl":9,"wI":0,"wX":0,"x":20,"y":15},{"data":1000010,"id":500000256,"lvl":9,"wI":0,"wX":0,"x":19,"y":15},{"data":1000010,"id":500000257,"lvl":9,"wI":0,"wX":0,"x":15,"y":19},{"data":1000010,"id":500000258,"lvl":9,"wI":0,"wX":0,"x":15,"y":20},{"data":1000010,"id":500000259,"lvl":9,"wI":0,"wX":0,"x":15,"y":21},{"data":1000010,"id":500000260,"lvl":9,"wI":0,"wX":0,"x":15,"y":22},{"data":1000010,"id":500000261,"lvl":9,"wI":0,"wX":0,"x":15,"y":23},{"data":1000010,"id":500000262,"lvl":9,"wI":0,"wX":0,"x":15,"y":24},{"data":1000019,"id":500000263,"lvl":6,"x":13,"y":21},{"data":1000019,"id":500000264,"lvl":6,"x":29,"y":21},{"data":1000010,"id":500000265,"lvl":9,"wI":0,"wX":0,"x":14,"y":20},{"data":1000010,"id":500000266,"lvl":9,"wI":0,"wX":0,"x":13,"y":20},{"data":1000010,"id":500000267,"lvl":9,"wI":0,"wX":0,"x":12,"y":20},{"data":1000010,"id":500000268,"lvl":9,"wI":0,"wX":0,"x":12,"y":21},{"data":1000010,"id":500000269,"lvl":9,"wI":0,"wX":0,"x":12,"y":22},{"data":1000010,"id":500000270,"lvl":9,"wI":0,"wX":0,"x":12,"y":23},{"data":1000010,"id":500000271,"lvl":9,"wI":0,"wX":0,"x":13,"y":23},{"data":1000010,"id":500000272,"lvl":9,"wI":0,"wX":0,"x":14,"y":23},{"data":1000010,"id":500000273,"lvl":9,"wI":0,"wX":0,"x":29,"y":23},{"data":1000010,"id":500000274,"lvl":9,"wI":0,"wX":0,"x":30,"y":23},{"data":1000010,"id":500000275,"lvl":9,"wI":0,"wX":0,"x":31,"y":23},{"data":1000010,"id":500000276,"lvl":9,"wI":0,"wX":0,"x":31,"y":22},{"data":1000010,"id":500000277,"lvl":9,"wI":0,"wX":0,"x":31,"y":21},{"data":1000010,"id":500000278,"lvl":9,"wI":0,"wX":0,"x":31,"y":20},{"data":1000010,"id":500000279,"lvl":9,"wI":0,"wX":0,"x":30,"y":20},{"data":1000010,"id":500000280,"lvl":9,"wI":0,"wX":0,"x":29,"y":20},{"data":1000005,"id":500000281,"lvl":9,"x":32,"y":22},{"data":1000003,"id":500000282,"lvl":9,"x":9,"y":22},{"data":1000003,"id":500000283,"lvl":9,"x":22,"y":30},{"data":1000005,"id":500000284,"lvl":9,"x":22,"y":11},{"data":1000004,"id":500000285,"lvl":11,"x":19,"y":11,"res_time":171396},{"data":1000004,"id":500000287,"lvl":11,"x":32,"y":19,"res_time":171396},{"data":1000004,"id":500000288,"lvl":11,"x":30,"y":8,"res_time":171396},{"data":1000004,"id":500000289,"lvl":11,"x":11,"y":8,"res_time":171396},{"data":1000004,"id":500000290,"lvl":11,"x":11,"y":33,"res_time":171396},{"data":1000004,"id":500000291,"lvl":11,"x":30,"y":33,"res_time":171396},{"data":1000002,"id":500000292,"lvl":11,"x":9,"y":19,"res_time":171394},{"data":1000002,"id":500000293,"lvl":11,"x":19,"y":30,"res_time":171394},{"data":1000002,"id":500000294,"lvl":11,"x":8,"y":30,"res_time":171394},{"data":1000002,"id":500000295,"lvl":11,"x":8,"y":11,"res_time":171394},{"data":1000002,"id":500000296,"lvl":11,"x":33,"y":11,"res_time":171394},{"data":1000002,"id":500000297,"lvl":11,"x":33,"y":30,"res_time":171394}],"decos":[],"traps":[{"data":12000005,"id":504000000,"lvl":4,"x":20,"y":29},{"data":12000005,"id":504000001,"lvl":4,"x":29,"y":24},{"data":12000005,"id":504000002,"lvl":4,"x":23,"y":14},{"data":12000005,"id":504000003,"lvl":4,"x":14,"y":19},{"data":12000006,"id":504000004,"lvl":1,"x":22,"y":29},{"data":12000006,"id":504000005,"lvl":1,"x":29,"y":19},{"data":12000006,"id":504000006,"lvl":1,"x":20,"y":14},{"data":12000006,"id":504000007,"lvl":1,"x":14,"y":24},{"data":12000005,"id":504000008,"lvl":4,"x":24,"y":21},{"data":12000005,"id":504000009,"lvl":4,"x":19,"y":23},{"data":12000005,"id":504000010,"lvl":4,"x":23,"y":24},{"data":12000005,"id":504000011,"lvl":4,"x":18,"y":19},{"data":12000001,"id":504000012,"lvl":3,"x":13,"y":24},{"data":12000001,"id":504000013,"lvl":3,"x":13,"y":19},{"data":12000001,"id":504000014,"lvl":3,"x":19,"y":14},{"data":12000001,"id":504000015,"lvl":3,"x":24,"y":14},{"data":12000001,"id":504000016,"lvl":3,"x":21,"y":14},{"data":12000001,"id":504000017,"lvl":3,"x":22,"y":14},{"data":12000001,"id":504000018,"lvl":3,"x":24,"y":20},{"data":12000001,"id":504000019,"lvl":3,"x":25,"y":21},{"data":12000001,"id":504000020,"lvl":3,"x":23,"y":25},{"data":12000001,"id":504000021,"lvl":3,"x":19,"y":24},{"data":12000001,"id":504000022,"lvl":3,"x":17,"y":19},{"data":12000001,"id":504000023,"lvl":3,"x":30,"y":24},{"data":12000001,"id":504000024,"lvl":3,"x":30,"y":19},{"data":12000001,"id":504000025,"lvl":3,"x":19,"y":29},{"data":12000001,"id":504000026,"lvl":3,"x":21,"y":29},{"data":12000001,"id":504000027,"lvl":3,"x":23,"y":29},{"data":12000001,"id":504000028,"lvl":3,"x":24,"y":29},{"data":12000001,"id":504000029,"lvl":3,"x":19,"y":25},{"data":12000001,"id":504000030,"lvl":3,"x":24,"y":25}],"obstacles":[{"data":8000000,"id":503000015,"x":38,"y":38},{"data":8000000,"id":503000017,"x":4,"y":38},{"data":8000000,"id":503000049,"x":4,"y":4},{"data":8000000,"id":503000066,"x":38,"y":4},{"data":8000000,"id":503000135,"x":4,"y":6},{"data":8000000,"id":503000136,"x":4,"y":8},{"data":8000000,"id":503000137,"x":4,"y":10},{"data":8000000,"id":503000138,"x":4,"y":12},{"data":8000000,"id":503000139,"x":4,"y":14},{"data":8000000,"id":503000140,"x":4,"y":16},{"data":8000000,"id":503000141,"x":4,"y":18},{"data":8000000,"id":503000142,"x":4,"y":20},{"data":8000000,"id":503000143,"x":4,"y":22},{"data":8000000,"id":503000144,"x":4,"y":24},{"data":8000000,"id":503000145,"x":4,"y":26},{"data":8000000,"id":503000146,"x":4,"y":28},{"data":8000000,"id":503000147,"x":4,"y":30},{"data":8000000,"id":503000148,"x":4,"y":32},{"data":8000000,"id":503000149,"x":4,"y":34},{"data":8000000,"id":503000150,"x":4,"y":36},{"data":8000000,"id":503000151,"x":6,"y":4},{"data":8000000,"id":503000152,"x":8,"y":4},{"data":8000000,"id":503000153,"x":10,"y":4},{"data":8000000,"id":503000154,"x":12,"y":4},{"data":8000000,"id":503000155,"x":14,"y":4},{"data":8000000,"id":503000156,"x":16,"y":4},{"data":8000000,"id":503000157,"x":18,"y":4},{"data":8000000,"id":503000158,"x":20,"y":4},{"data":8000000,"id":503000159,"x":22,"y":4},{"data":8000000,"id":503000160,"x":24,"y":4},{"data":8000000,"id":503000161,"x":26,"y":4},{"data":8000000,"id":503000162,"x":28,"y":4},{"data":8000000,"id":503000163,"x":30,"y":4},{"data":8000000,"id":503000164,"x":32,"y":4},{"data":8000000,"id":503000165,"x":34,"y":4},{"data":8000000,"id":503000166,"x":36,"y":4},{"data":8000000,"id":503000167,"x":38,"y":6},{"data":8000000,"id":503000168,"x":38,"y":8},{"data":8000000,"id":503000169,"x":38,"y":10},{"data":8000000,"id":503000170,"x":38,"y":12},{"data":8000000,"id":503000171,"x":38,"y":14},{"data":8000000,"id":503000172,"x":38,"y":16},{"data":8000000,"id":503000173,"x":38,"y":18},{"data":8000000,"id":503000174,"x":38,"y":20},{"data":8000000,"id":503000175,"x":38,"y":22},{"data":8000000,"id":503000176,"x":38,"y":24},{"data":8000000,"id":503000177,"x":38,"y":26},{"data":8000000,"id":503000178,"x":38,"y":28},{"data":8000000,"id":503000179,"x":38,"y":30},{"data":8000000,"id":503000180,"x":38,"y":32},{"data":8000000,"id":503000181,"x":38,"y":34},{"data":8000000,"id":503000182,"x":38,"y":36},{"data":8000000,"id":503000183,"x":36,"y":38},{"data":8000000,"id":503000184,"x":34,"y":38},{"data":8000000,"id":503000185,"x":32,"y":38},{"data":8000000,"id":503000186,"x":30,"y":38},{"data":8000000,"id":503000187,"x":28,"y":38},{"data":8000000,"id":503000188,"x":26,"y":38},{"data":8000000,"id":503000189,"x":24,"y":38},{"data":8000000,"id":503000190,"x":22,"y":38},{"data":8000000,"id":503000191,"x":20,"y":38},{"data":8000000,"id":503000192,"x":18,"y":38},{"data":8000000,"id":503000193,"x":16,"y":38},{"data":8000000,"id":503000194,"x":14,"y":38},{"data":8000000,"id":503000195,"x":12,"y":38},{"data":8000000,"id":503000196,"x":10,"y":38},{"data":8000000,"id":503000197,"x":8,"y":38},{"data":8000000,"id":503000198,"x":6,"y":38}],"exp_ver":1}