{"buildings":[{"data":1000001,"id":500000000,"lvl":8,"x":17,"y":15},{"data":1000014,"id":500000102,"lvl":4,"x":11,"y":18,"mode":0},{"data":1000010,"id":500000103,"lvl":9,"wI":0,"wX":0,"x":17,"y":14},{"data":1000010,"id":500000104,"lvl":9,"wI":0,"wX":0,"x":18,"y":14},{"data":1000010,"id":500000105,"lvl":9,"wI":0,"wX":0,"x":19,"y":14},{"data":1000010,"id":500000106,"lvl":9,"wI":0,"wX":0,"x":19,"y":13},{"data":1000010,"id":500000107,"lvl":9,"wI":0,"wX":0,"x":19,"y":12},{"data":1000010,"id":500000108,"lvl":9,"wI":0,"wX":0,"x":19,"y":11},{"data":1000010,"id":500000109,"lvl":9,"wI":0,"wX":0,"x":18,"y":11},{"data":1000010,"id":500000110,"lvl":9,"wI":0,"wX":0,"x":17,"y":11},{"data":1000010,"id":500000111,"lvl":9,"wI":0,"wX":0,"x":16,"y":11},{"data":1000010,"id":500000112,"lvl":9,"wI":0,"wX":0,"x":16,"y":12},{"data":1000019,"id":500000115,"lvl":6,"x":17,"y":12},{"data":1000010,"id":500000118,"lvl":9,"wI":0,"wX":0,"x":13,"y":14},{"data":1000010,"id":500000121,"lvl":9,"wI":0,"wX":0,"x":15,"y":17},{"data":1000010,"id":500000123,"lvl":9,"wI":0,"wX":0,"x":16,"y":15},{"data":1000010,"id":500000124,"lvl":9,"wI":0,"wX":0,"x":16,"y":16},{"data":1000010,"id":500000125,"lvl":9,"wI":0,"wX":0,"x":16,"y":17},{"data":1000019,"id":500000130,"lvl":6,"x":14,"y":15},{"data":1000019,"id":500000131,"lvl":6,"x":19,"y":20},{"data":1000019,"id":500000132,"lvl":6,"x":22,"y":16},{"data":1000010,"id":500000133,"lvl":9,"wI":0,"wX":0,"x":16,"y":13},{"data":1000010,"id":500000134,"lvl":9,"wI":0,"wX":0,"x":16,"y":14},{"data":1000010,"id":500000135,"lvl":9,"wI":0,"wX":0,"x":15,"y":14},{"data":1000010,"id":500000136,"lvl":9,"wI":0,"wX":0,"x":14,"y":14},{"data":1000010,"id":500000137,"lvl":9,"wI":0,"wX":0,"x":13,"y":15},{"data":1000010,"id":500000138,"lvl":9,"wI":0,"wX":0,"x":13,"y":16},{"data":1000010,"id":500000139,"lvl":9,"wI":0,"wX":0,"x":13,"y":17},{"data":1000010,"id":500000140,"lvl":9,"wI":0,"wX":0,"x":14,"y":17},{"data":1000010,"id":500000142,"lvl":9,"wI":0,"wX":0,"x":21,"y":18},{"data":1000010,"id":500000143,"lvl":9,"wI":0,"wX":0,"x":22,"y":18},{"data":1000010,"id":500000144,"lvl":9,"wI":0,"wX":0,"x":23,"y":18},{"data":1000010,"id":500000145,"lvl":9,"wI":0,"wX":0,"x":21,"y":17},{"data":1000010,"id":500000146,"lvl":9,"wI":0,"wX":0,"x":21,"y":16},{"data":1000010,"id":500000147,"lvl":9,"wI":0,"wX":0,"x":21,"y":15},{"data":1000010,"id":500000148,"lvl":9,"wI":0,"wX":0,"x":22,"y":15},{"data":1000010,"id":500000149,"lvl":9,"wI":0,"wX":0,"x":23,"y":15},{"data":1000010,"id":500000150,"lvl":9,"wI":0,"wX":0,"x":24,"y":15},{"data":1000010,"id":500000151,"lvl":9,"wI":0,"wX":0,"x":24,"y":16},{"data":1000010,"id":500000152,"lvl":9,"wI":0,"wX":0,"x":24,"y":17},{"data":1000010,"id":500000153,"lvl":9,"wI":0,"wX":0,"x":24,"y":18},{"data":1000010,"id":500000154,"lvl":9,"wI":0,"wX":0,"x":21,"y":19},{"data":1000010,"id":500000155,"lvl":9,"wI":0,"wX":0,"x":20,"y":19},{"data":1000010,"id":500000156,"lvl":9,"wI":0,"wX":0,"x":19,"y":19},{"data":1000010,"id":500000157,"lvl":9,"wI":0,"wX":0,"x":18,"y":19},{"data":1000010,"id":500000162,"lvl":9,"wI":0,"wX":0,"x":21,"y":20},{"data":1000010,"id":500000163,"lvl":9,"wI":0,"wX":0,"x":21,"y":21},{"data":1000010,"id":500000164,"lvl":9,"wI":0,"wX":0,"x":21,"y":22},{"data":1000010,"id":500000165,"lvl":9,"wI":0,"wX":0,"x":20,"y":22},{"data":1000010,"id":500000168,"lvl":9,"wI":0,"wX":0,"x":18,"y":20},{"data":1000010,"id":500000169,"lvl":9,"wI":0,"wX":0,"x":18,"y":21},{"data":1000010,"id":500000170,"lvl":9,"wI":0,"wX":0,"x":18,"y":22},{"data":1000010,"id":500000171,"lvl":9,"wI":0,"wX":0,"x":19,"y":22},{"data":1000021,"id":500000172,"lvl":4,"x":22,"y":19,"attack_mode":false,"attack_mode_draft":false,"attack_mode_war":false,"attack_mode_draft_war":false,"attack_mode2":false,"attack_mode_d2":false,"attack_mode3":false,"attack_mode_d3":false,"attack_mode4":false,"attack_mode_d4":false,"attack_mode5":false,"attack_mode_d5":false,"attack_mode_chal":false,"attack_mode_dchal":false,"attack_mode_arrw":false,"attack_mode_draft_arrw":false,"ammo":1500},{"data":1000021,"id":500000173,"lvl":3,"x":20,"y":12,"attack_mode":true,"attack_mode_draft":true,"attack_mode_war":false,"attack_mode_draft_war":false,"attack_mode2":false,"attack_mode_d2":false,"attack_mode3":false,"attack_mode_d3":false,"attack_mode4":false,"attack_mode_d4":false,"attack_mode5":false,"attack_mode_d5":false,"attack_mode_chal":false,"attack_mode_dchal":false,"attack_mode_arrw":false,"attack_mode_draft_arrw":false,"ammo":1500},{"data":1000021,"id":500000174,"lvl":3,"x":15,"y":19,"attack_mode":true,"attack_mode_draft":true,"attack_mode_war":false,"attack_mode_draft_war":false,"attack_mode2":false,"attack_mode_d2":false,"attack_mode3":false,"attack_mode_d3":false,"attack_mode4":false,"attack_mode_d4":false,"attack_mode5":false,"attack_mode_d5":false,"attack_mode_chal":false,"attack_mode_dchal":false,"attack_mode_arrw":false,"attack_mode_draft_arrw":false,"ammo":1500},{"data":1000010,"id":500000175,"lvl":9,"wI":0,"wX":0,"x":23,"y":14},{"data":1000010,"id":500000176,"lvl":9,"wI":0,"wX":0,"x":23,"y":13},{"data":1000010,"id":500000177,"lvl":9,"wI":0,"wX":0,"x":23,"y":12},{"data":1000010,"id":500000178,"lvl":9,"wI":0,"wX":0,"x":23,"y":11},{"data":1000010,"id":500000179,"lvl":9,"wI":0,"wX":0,"x":22,"y":11},{"data":1000010,"id":500000180,"lvl":9,"wI":0,"wX":0,"x":21,"y":11},{"data":1000010,"id":500000181,"lvl":9,"wI":0,"wX":0,"x":20,"y":11},{"data":1000010,"id":500000182,"lvl":9,"wI":0,"wX":0,"x":14,"y":18},{"data":1000010,"id":500000183,"lvl":9,"wI":0,"wX":0,"x":14,"y":19},{"data":1000010,"id":500000184,"lvl":9,"wI":0,"wX":0,"x":14,"y":20},{"data":1000010,"id":500000185,"lvl":9,"wI":0,"wX":0,"x":14,"y":21},{"data":1000010,"id":500000186,"lvl":9,"wI":0,"wX":0,"x":14,"y":22},{"data":1000010,"id":500000187,"lvl":9,"wI":0,"wX":0,"x":15,"y":22},{"data":1000010,"id":500000188,"lvl":9,"wI":0,"wX":0,"x":16,"y":22},{"data":1000010,"id":500000189,"lvl":9,"wI":0,"wX":0,"x":17,"y":22},{"data":1000010,"id":500000190,"lvl":9,"wI":0,"wX":0,"x":12,"y":17},{"data":1000010,"id":500000191,"lvl":9,"wI":0,"wX":0,"x":11,"y":17},{"data":1000010,"id":500000192,"lvl":9,"wI":0,"wX":0,"x":10,"y":17},{"data":1000010,"id":500000193,"lvl":9,"wI":0,"wX":0,"x":10,"y":18},{"data":1000010,"id":500000194,"lvl":9,"wI":0,"wX":0,"x":10,"y":19},{"data":1000010,"id":500000195,"lvl":9,"wI":0,"wX":0,"x":10,"y":20},{"data":1000010,"id":500000196,"lvl":9,"wI":0,"wX":0,"x":10,"y":21},{"data":1000010,"id":500000197,"lvl":9,"wI":0,"wX":0,"x":11,"y":21},{"data":1000010,"id":500000198,"lvl":9,"wI":0,"wX":0,"x":12,"y":21},{"data":1000010,"id":500000199,"lvl":9,"wI":0,"wX":0,"x":13,"y":21},{"data":1000012,"id":500000202,"lvl":6,"x":24,"y":12},{"data":1000012,"id":500000203,"lvl":6,"x":10,"y":14},{"data":1000011,"id":500000204,"lvl":6,"x":25,"y":15},{"data":1000011,"id":500000205,"lvl":6,"x":19,"y":23},{"data":1000011,"id":500000206,"lvl":6,"x":8,"y":11},{"data":1000011,"id":500000207,"lvl":6,"x":17,"y":8},{"data":1000010,"id":500000208,"lvl":9,"wI":0,"wX":0,"x":23,"y":10},{"data":1000010,"id":500000209,"lvl":9,"wI":0,"wX":0,"x":23,"y":9},{"data":1000010,"id":500000210,"lvl":9,"wI":0,"wX":0,"x":23,"y":8},{"data":1000010,"id":500000211,"lvl":9,"wI":0,"wX":0,"x":23,"y":7},{"data":1000010,"id":500000212,"lvl":9,"wI":0,"wX":0,"x":24,"y":7},{"data":1000010,"id":500000213,"lvl":9,"wI":0,"wX":0,"x":25,"y":7},{"data":1000010,"id":500000214,"lvl":9,"wI":0,"wX":0,"x":26,"y":7},{"data":1000010,"id":500000215,"lvl":9,"wI":0,"wX":0,"x":27,"y":7},{"data":1000010,"id":500000216,"lvl":9,"wI":0,"wX":0,"x":27,"y":8},{"data":1000010,"id":500000217,"lvl":9,"wI":0,"wX":0,"x":27,"y":9},{"data":1000010,"id":500000218,"lvl":9,"wI":0,"wX":0,"x":27,"y":10},{"data":1000010,"id":500000219,"lvl":9,"wI":0,"wX":0,"x":27,"y":11},{"data":1000010,"id":500000220,"lvl":9,"wI":0,"wX":0,"x":26,"y":11},{"data":1000010,"id":500000221,"lvl":9,"wI":0,"wX":0,"x":25,"y":11},{"data":1000010,"id":500000222,"lvl":9,"wI":0,"wX":0,"x":24,"y":11},{"data":1000010,"id":500000223,"lvl":9,"wI":0,"wX":0,"x":28,"y":11},{"data":1000010,"id":500000224,"lvl":9,"wI":0,"wX":0,"x":28,"y":12},{"data":1000010,"id":500000225,"lvl":9,"wI":0,"wX":0,"x":28,"y":13},{"data":1000010,"id":500000226,"lvl":9,"wI":0,"wX":0,"x":28,"y":14},{"data":1000010,"id":500000227,"lvl":9,"wI":0,"wX":0,"x":28,"y":15},{"data":1000010,"id":500000228,"lvl":9,"wI":0,"wX":0,"x":28,"y":16},{"data":1000010,"id":500000229,"lvl":9,"wI":0,"wX":0,"x":28,"y":17},{"data":1000010,"id":500000230,"lvl":9,"wI":0,"wX":0,"x":28,"y":18},{"data":1000010,"id":500000231,"lvl":9,"wI":0,"wX":0,"x":28,"y":19},{"data":1000010,"id":500000232,"lvl":9,"wI":0,"wX":0,"x":28,"y":20},{"data":1000010,"id":500000233,"lvl":9,"wI":0,"wX":0,"x":28,"y":21},{"data":1000010,"id":500000234,"lvl":9,"wI":0,"wX":0,"x":28,"y":22},{"data":1000010,"id":500000235,"lvl":9,"wI":0,"wX":0,"x":28,"y":23},{"data":1000010,"id":500000236,"lvl":9,"wI":0,"wX":0,"x":28,"y":24},{"data":1000010,"id":500000237,"lvl":9,"wI":0,"wX":0,"x":28,"y":25},{"data":1000010,"id":500000238,"lvl":9,"wI":0,"wX":0,"x":21,"y":26},{"data":1000010,"id":500000239,"lvl":9,"wI":0,"wX":0,"x":22,"y":26},{"data":1000010,"id":500000240,"lvl":9,"wI":0,"wX":0,"x":23,"y":26},{"data":1000010,"id":500000241,"lvl":9,"wI":0,"wX":0,"x":24,"y":26},{"data":1000010,"id":500000242,"lvl":9,"wI":0,"wX":0,"x":25,"y":26},{"data":1000010,"id":500000243,"lvl":9,"wI":0,"wX":0,"x":26,"y":26},{"data":1000010,"id":500000244,"lvl":9,"wI":0,"wX":0,"x":27,"y":26},{"data":1000010,"id":500000245,"lvl":9,"wI":0,"wX":0,"x":28,"y":26},{"data":1000010,"id":500000246,"lvl":9,"wI":0,"wX":0,"x":20,"y":26},{"data":1000010,"id":500000247,"lvl":9,"wI":0,"wX":0,"x":19,"y":26},{"data":1000010,"id":500000248,"lvl":9,"wI":0,"wX":0,"x":18,"y":26},{"data":1000010,"id":500000249,"lvl":9,"wI":0,"wX":0,"x":18,"y":25},{"data":1000010,"id":500000250,"lvl":9,"wI":0,"wX":0,"x":18,"y":24},{"data":1000010,"id":500000251,"lvl":9,"wI":0,"wX":0,"x":18,"y":23},{"data":1000013,"id":500000252,"lvl":6,"x":7,"y":18,"attack_mode":false,"attack_mode_draft":false,"attack_mode_war":false,"attack_mode_draft_war":false,"attack_mode2":false,"attack_mode_d2":false,"attack_mode3":false,"attack_mode_d3":false,"attack_mode4":false,"attack_mode_d4":false,"attack_mode5":false,"attack_mode_d5":false,"attack_mode_chal":false,"attack_mode_dchal":false,"attack_mode_arrw":false,"attack_mode_draft_arrw":false},{"data":1000013,"id":500000253,"lvl":6,"x":20,"y":4,"attack_mode":false,"attack_mode_draft":false,"attack_mode_war":false,"attack_mode_draft_war":false,"attack_mode2":false,"attack_mode_d2":false,"attack_mode3":false,"attack_mode_d3":false,"attack_mode4":false,"attack_mode_d4":false,"attack_mode5":false,"attack_mode_d5":false,"attack_mode_chal":false,"attack_mode_dchal":false,"attack_mode_arrw":false,"attack_mode_draft_arrw":false},{"data":1000028,"id":500000254,"lvl":4,"x":21,"y":9,"aim_angle":315,"aim_angle_draft":315,"aim_angle_war":0,"aim_angle_draft_war":0,"aim_angle2":0,"aim_angle_d2":0,"aim_angle3":0,"aim_angle_d3":0,"aim_angle4":0,"aim_angle_d4":0,"aim_angle5":0,"aim_angle_d5":0,"aim_angle5_chal":0,"aim_angle_dchal":0,"aim_angle_arrw":0,"aim_angle_draft_arrw":0},{"data":1000028,"id":500000255,"lvl":4,"x":16,"y":23,"aim_angle":135,"aim_angle_draft":135,"aim_angle_war":0,"aim_angle_draft_war":0,"aim_angle2":0,"aim_angle_d2":0,"aim_angle3":0,"aim_angle_d3":0,"aim_angle4":0,"aim_angle_d4":0,"aim_angle5":0,"aim_angle_d5":0,"aim_angle5_chal":0,"aim_angle_dchal":0,"aim_angle_arrw":0,"aim_angle_draft_arrw":0},{"data":1000010,"id":500000256,"lvl":9,"wI":0,"wX":0,"x":27,"y":27},{"data":1000010,"id":500000257,"lvl":9,"wI":0,"wX":0,"x":27,"y":28},{"data":1000010,"id":500000258,"lvl":9,"wI":0,"wX":0,"x":27,"y":29},{"data":1000010,"id":500000259,"lvl":9,"wI":0,"wX":0,"x":26,"y":30},{"data":1000010,"id":500000260,"lvl":9,"wI":0,"wX":0,"x":27,"y":30},{"data":1000010,"id":500000261,"lvl":9,"wI":0,"wX":0,"x":25,"y":30},{"data":1000010,"id":500000262,"lvl":9,"wI":0,"wX":0,"x":24,"y":30},{"data":1000010,"id":500000263,"lvl":9,"wI":0,"wX":0,"x":23,"y":30},{"data":1000010,"id":500000264,"lvl":9,"wI":0,"wX":0,"x":22,"y":30},{"data":1000010,"id":500000265,"lvl":9,"wI":0,"wX":0,"x":21,"y":30},{"data":1000010,"id":500000266,"lvl":9,"wI":0,"wX":0,"x":20,"y":30},{"data":1000010,"id":500000267,"lvl":9,"wI":0,"wX":0,"x":19,"y":30},{"data":1000010,"id":500000268,"lvl":9,"wI":0,"wX":0,"x":18,"y":30},{"data":1000010,"id":500000269,"lvl":9,"wI":0,"wX":0,"x":18,"y":29},{"data":1000010,"id":500000270,"lvl":9,"wI":0,"wX":0,"x":18,"y":28},{"data":1000010,"id":500000271,"lvl":9,"wI":0,"wX":0,"x":18,"y":27},{"data":1000009,"id":500000272,"lvl":10,"x":19,"y":27,"attack_mode":false,"attack_mode_draft":false,"attack_mode_war":false,"attack_mode_draft_war":false,"attack_mode2":false,"attack_mode_d2":false,"attack_mode3":false,"attack_mode_d3":false,"attack_mode4":false,"attack_mode_d4":false,"attack_mode5":false,"attack_mode_d5":false,"attack_mode_chal":false,"attack_mode_dchal":false,"attack_mode_arrw":false,"attack_mode_draft_arrw":false},{"data":1000008,"id":500000273,"lvl":10,"x":24,"y":27,"attack_mode":false,"attack_mode_draft":false,"attack_mode_war":false,"attack_mode_draft_war":false,"attack_mode2":false,"attack_mode_d2":false,"attack_mode3":false,"attack_mode_d3":false,"attack_mode4":false,"attack_mode_d4":false,"attack_mode5":false,"attack_mode_d5":false,"attack_mode_chal":false,"attack_mode_dchal":false,"attack_mode_arrw":false,"attack_mode_draft_arrw":false},{"data":1000028,"id":500000274,"lvl":4,"x":26,"y":24,"aim_angle":0,"aim_angle_draft":0,"aim_angle_war":0,"aim_angle_draft_war":0,"aim_angle2":0,"aim_angle_d2":0,"aim_angle3":0,"aim_angle_d3":0,"aim_angle4":0,"aim_angle_d4":0,"aim_angle5":0,"aim_angle_d5":0,"aim_angle5_chal":0,"aim_angle_dchal":0,"aim_angle_arrw":0,"aim_angle_draft_arrw":0},{"data":1000028,"id":500000275,"lvl":4,"x":11,"y":8,"aim_angle":225,"aim_angle_draft":225,"aim_angle_war":0,"aim_angle_draft_war":0,"aim_angle2":0,"aim_angle_d2":0,"aim_angle3":0,"aim_angle_d3":0,"aim_angle4":0,"aim_angle_d4":0,"aim_angle5":0,"aim_angle_d5":0,"aim_angle5_chal":0,"aim_angle_dchal":0,"aim_angle_arrw":0,"aim_angle_draft_arrw":0},{"data":1000010,"id":500000276,"lvl":9,"wI":0,"wX":0,"x":20,"y":10},{"data":1000010,"id":500000277,"lvl":9,"wI":0,"wX":0,"x":20,"y":9},{"data":1000010,"id":500000278,"lvl":9,"wI":0,"wX":0,"x":20,"y":8},{"data":1000010,"id":500000279,"lvl":9,"wI":0,"wX":0,"x":20,"y":7},{"data":1000010,"id":500000280,"lvl":9,"wI":0,"wX":0,"x":19,"y":7},{"data":1000010,"id":500000281,"lvl":9,"wI":0,"wX":0,"x":18,"y":7},{"data":1000010,"id":500000282,"lvl":9,"wI":0,"wX":0,"x":17,"y":7},{"data":1000010,"id":500000283,"lvl":9,"wI":0,"wX":0,"x":16,"y":7},{"data":1000010,"id":500000284,"lvl":9,"wI":0,"wX":0,"x":15,"y":7},{"data":1000010,"id":500000285,"lvl":9,"wI":0,"wX":0,"x":14,"y":7},{"data":1000010,"id":500000286,"lvl":9,"wI":0,"wX":0,"x":13,"y":7},{"data":1000010,"id":500000287,"lvl":9,"wI":0,"wX":0,"x":12,"y":7},{"data":1000010,"id":500000288,"lvl":9,"wI":0,"wX":0,"x":11,"y":7},{"data":1000010,"id":500000289,"lvl":9,"wI":0,"wX":0,"x":10,"y":7},{"data":1000010,"id":500000290,"lvl":9,"wI":0,"wX":0,"x":9,"y":7},{"data":1000010,"id":500000291,"lvl":9,"wI":0,"wX":0,"x":8,"y":7},{"data":1000010,"id":500000292,"lvl":9,"wI":0,"wX":0,"x":7,"y":7},{"data":1000010,"id":500000293,"lvl":9,"wI":0,"wX":0,"x":7,"y":8},{"data":1000010,"id":500000294,"lvl":9,"wI":0,"wX":0,"x":7,"y":9},{"data":1000010,"id":500000295,"lvl":9,"wI":0,"wX":0,"x":7,"y":10},{"data":1000010,"id":500000296,"lvl":9,"wI":0,"wX":0,"x":7,"y":11},{"data":1000010,"id":500000297,"lvl":9,"wI":0,"wX":0,"x":7,"y":12},{"data":1000010,"id":500000298,"lvl":9,"wI":0,"wX":0,"x":7,"y":13},{"data":1000010,"id":500000299,"lvl":9,"wI":0,"wX":0,"x":7,"y":14},{"data":1000010,"id":500000300,"lvl":9,"wI":0,"wX":0,"x":7,"y":15},{"data":1000010,"id":500000301,"lvl":9,"wI":0,"wX":0,"x":7,"y":16},{"data":1000010,"id":500000302,"lvl":9,"wI":0,"wX":0,"x":8,"y":17},{"data":1000010,"id":500000303,"lvl":9,"wI":0,"wX":0,"x":9,"y":17},{"data":1000010,"id":500000304,"lvl":9,"wI":0,"wX":0,"x":7,"y":17},{"data":1000009,"id":500000305,"lvl":10,"x":25,"y":19,"attack_mode":false,"attack_mode_draft":false,"attack_mode_war":false,"attack_mode_draft_war":false,"attack_mode2":false,"attack_mode_d2":false,"attack_mode3":false,"attack_mode_d3":false,"attack_mode4":false,"attack_mode_d4":false,"attack_mode5":false,"attack_mode_d5":false,"attack_mode_chal":false,"attack_mode_dchal":false,"attack_mode_arrw":false,"attack_mode_draft_arrw":false},{"data":1000009,"id":500000306,"lvl":10,"x":22,"y":23,"attack_mode":false,"attack_mode_draft":false,"attack_mode_war":false,"attack_mode_draft_war":false,"attack_mode2":false,"attack_mode_d2":false,"attack_mode3":false,"attack_mode_d3":false,"attack_mode4":false,"attack_mode_d4":false,"attack_mode5":false,"attack_mode_d5":false,"attack_mode_chal":false,"attack_mode_dchal":false,"attack_mode_arrw":false,"attack_mode_draft_arrw":false},{"data":1000009,"id":500000307,"lvl":10,"x":8,"y":8,"attack_mode":false,"attack_mode_draft":false,"attack_mode_war":false,"attack_mode_draft_war":false,"attack_mode2":false,"attack_mode_d2":false,"attack_mode3":false,"attack_mode_d3":false,"attack_mode4":false,"attack_mode_d4":false,"attack_mode5":false,"attack_mode_d5":false,"attack_mode_chal":false,"attack_mode_dchal":false,"attack_mode_arrw":false,"attack_mode_draft_arrw":false},{"data":1000028,"id":500000308,"lvl":4,"x":8,"y":15,"aim_angle":135,"aim_angle_draft":135,"aim_angle_war":0,"aim_angle_draft_war":0,"aim_angle2":0,"aim_angle_d2":0,"aim_angle3":0,"aim_angle_d3":0,"aim_angle4":0,"aim_angle_d4":0,"aim_angle5":0,"aim_angle_d5":0,"aim_angle5_chal":0,"aim_angle_dchal":0,"aim_angle_arrw":0,"aim_angle_draft_arrw":0},{"data":1000010,"id":500000309,"lvl":9,"wI":0,"wX":0,"x":14,"y":23},{"data":1000010,"id":500000310,"lvl":9,"wI":0,"wX":0,"x":14,"y":24},{"data":1000010,"id":500000311,"lvl":9,"wI":0,"wX":0,"x":14,"y":25},{"data":1000010,"id":500000312,"lvl":9,"wI":0,"wX":0,"x":29,"y":12},{"data":1000010,"id":500000313,"lvl":9,"wI":0,"wX":0,"x":13,"y":25},{"data":1000010,"id":500000314,"lvl":9,"wI":0,"wX":0,"x":12,"y":25},{"data":1000010,"id":500000315,"lvl":9,"wI":0,"wX":0,"x":11,"y":25},{"data":1000010,"id":500000316,"lvl":9,"wI":0,"wX":0,"x":10,"y":25},{"data":1000010,"id":500000317,"lvl":9,"wI":0,"wX":0,"x":10,"y":24},{"data":1000010,"id":500000318,"lvl":9,"wI":0,"wX":0,"x":10,"y":23},{"data":1000010,"id":500000319,"lvl":9,"wI":0,"wX":0,"x":10,"y":22},{"data":1000010,"id":500000320,"lvl":9,"wI":0,"wX":0,"x":30,"y":12},{"data":1000010,"id":500000321,"lvl":9,"wI":0,"wX":0,"x":31,"y":12},{"data":1000010,"id":500000322,"lvl":9,"wI":0,"wX":0,"x":32,"y":12},{"data":1000010,"id":500000323,"lvl":9,"wI":0,"wX":0,"x":32,"y":13},{"data":1000010,"id":500000324,"lvl":9,"wI":0,"wX":0,"x":32,"y":14},{"data":1000010,"id":500000325,"lvl":9,"wI":0,"wX":0,"x":32,"y":15},{"data":1000010,"id":500000326,"lvl":9,"wI":0,"wX":0,"x":32,"y":16},{"data":1000010,"id":500000327,"lvl":9,"wI":0,"wX":0,"x":32,"y":17},{"data":1000010,"id":500000328,"lvl":9,"wI":0,"wX":0,"x":32,"y":18},{"data":1000010,"id":500000329,"lvl":9,"wI":0,"wX":0,"x":32,"y":19},{"data":1000010,"id":500000330,"lvl":9,"wI":0,"wX":0,"x":32,"y":20},{"data":1000010,"id":500000331,"lvl":9,"wI":0,"wX":0,"x":32,"y":21},{"data":1000010,"id":500000332,"lvl":9,"wI":0,"wX":0,"x":32,"y":22},{"data":1000010,"id":500000333,"lvl":9,"wI":0,"wX":0,"x":32,"y":23},{"data":1000010,"id":500000334,"lvl":9,"wI":0,"wX":0,"x":32,"y":24},{"data":1000010,"id":500000335,"lvl":9,"wI":0,"wX":0,"x":32,"y":25},{"data":1000010,"id":500000336,"lvl":9,"wI":0,"wX":0,"x":31,"y":25},{"data":1000010,"id":500000337,"lvl":9,"wI":0,"wX":0,"x":30,"y":25},{"data":1000010,"id":500000338,"lvl":9,"wI":0,"wX":0,"x":29,"y":25},{"data":1000009,"id":500000339,"lvl":10,"x":14,"y":8,"attack_mode":false,"attack_mode_draft":false,"attack_mode_war":false,"attack_mode_draft_war":false,"attack_mode2":false,"attack_mode_d2":false,"attack_mode3":false,"attack_mode_d3":false,"attack_mode4":false,"attack_mode_d4":false,"attack_mode5":false,"attack_mode_d5":false,"attack_mode_chal":false,"attack_mode_dchal":false,"attack_mode_arrw":false,"attack_mode_draft_arrw":false},{"data":1000032,"id":500000340,"lvl":2,"x":29,"y":13},{"data":1000032,"id":500000341,"lvl":2,"x":29,"y":22},{"data":1000009,"id":500000342,"lvl":10,"x":29,"y":18,"attack_mode":false,"attack_mode_draft":false,"attack_mode_war":false,"attack_mode_draft_war":false,"attack_mode2":false,"attack_mode_d2":false,"attack_mode3":false,"attack_mode_d3":false,"attack_mode4":false,"attack_mode_d4":false,"attack_mode5":false,"attack_mode_d5":false,"attack_mode_chal":false,"attack_mode_dchal":false,"attack_mode_arrw":false,"attack_mode_draft_arrw":false},{"data":1000024,"id":500000343,"lvl":4,"x":13,"y":11},{"data":1000005,"id":500000344,"lvl":9,"x":24,"y":8},{"data":1000003,"id":500000345,"lvl":9,"x":11,"y":22}],"decos":[],"traps":[{"data":12000002,"id":504000002,"lvl":2,"x":30,"y":10},{"data":12000002,"id":504000003,"lvl":2,"x":26,"y":22},{"data":12000002,"id":504000008,"lvl":2,"x":11,"y":10},{"data":12000002,"id":504000009,"lvl":2,"x":11,"y":12},{"data":12000006,"id":504000010,"lvl":1,"x":15,"y":18},{"data":12000006,"id":504000011,"lvl":1,"x":16,"y":18},{"data":12000002,"id":504000012,"lvl":2,"x":22,"y":27},{"data":12000000,"id":504000013,"lvl":5,"x":22,"y":29},{"data":12000000,"id":504000014,"lvl":5,"x":23,"y":29},{"data":12000002,"id":504000015,"lvl":2,"x":29,"y":16},{"data":12000002,"id":504000016,"lvl":2,"x":23,"y":4},{"data":12000000,"id":504000018,"lvl":5,"x":22,"y":22},{"data":12000000,"id":504000019,"lvl":5,"x":23,"y":22},{"data":12000000,"id":504000020,"lvl":5,"x":24,"y":22},{"data":12000000,"id":504000021,"lvl":5,"x":25,"y":22},{"data":12000000,"id":504000022,"lvl":5,"x":25,"y":23},{"data":12000000,"id":504000023,"lvl":5,"x":25,"y":24},{"data":12000000,"id":504000024,"lvl":5,"x":25,"y":25},{"data":12000000,"id":504000025,"lvl":5,"x":29,"y":21},{"data":12000000,"id":504000026,"lvl":5,"x":30,"y":21},{"data":12000000,"id":504000027,"lvl":5,"x":31,"y":21},{"data":12000000,"id":504000028,"lvl":5,"x":31,"y":17},{"data":12000000,"id":504000029,"lvl":5,"x":31,"y":16},{"data":12000000,"id":504000030,"lvl":5,"x":27,"y":12},{"data":12000000,"id":504000031,"lvl":5,"x":27,"y":13},{"data":12000000,"id":504000032,"lvl":5,"x":27,"y":14},{"data":12000000,"id":504000033,"lvl":5,"x":27,"y":18},{"data":12000000,"id":504000034,"lvl":5,"x":26,"y":18},{"data":12000000,"id":504000035,"lvl":5,"x":15,"y":23},{"data":12000000,"id":504000036,"lvl":5,"x":15,"y":24},{"data":12000002,"id":504000037,"lvl":2,"x":16,"y":25},{"data":12000002,"id":504000038,"lvl":2,"x":21,"y":7},{"data":12000000,"id":504000039,"lvl":0,"x":13,"y":8},{"data":12000000,"id":504000040,"lvl":0,"x":13,"y":9},{"data":12000000,"id":504000041,"lvl":0,"x":13,"y":10},{"data":12000000,"id":504000042,"lvl":0,"x":8,"y":14},{"data":12000000,"id":504000043,"lvl":0,"x":9,"y":14},{"data":12000006,"id":504000044,"lvl":0,"x":19,"y":6},{"data":12000006,"id":504000045,"lvl":0,"x":18,"y":6},{"data":12000006,"id":504000046,"lvl":0,"x":17,"y":6},{"data":12000006,"id":504000047,"lvl":0,"x":16,"y":6},{"data":12000006,"id":504000048,"lvl":0,"x":15,"y":6},{"data":12000006,"id":504000049,"lvl":0,"x":14,"y":6},{"data":12000006,"id":504000050,"lvl":0,"x":13,"y":6},{"data":12000006,"id":504000051,"lvl":0,"x":12,"y":6},{"data":12000006,"id":504000052,"lvl":0,"x":11,"y":6},{"data":12000006,"id":504000053,"lvl":0,"x":10,"y":6},{"data":12000006,"id":504000054,"lvl":0,"x":9,"y":6},{"data":12000006,"id":504000055,"lvl":0,"x":8,"y":6},{"data":12000006,"id":504000056,"lvl":0,"x":7,"y":6},{"data":12000006,"id":504000057,"lvl":0,"x":6,"y":6},{"data":12000006,"id":504000058,"lvl":0,"x":6,"y":7},{"data":12000006,"id":504000059,"lvl":0,"x":6,"y":8},{"data":12000006,"id":504000060,"lvl":0,"x":6,"y":9},{"data":12000006,"id":504000061,"lvl":0,"x":6,"y":10},{"data":12000006,"id":504000062,"lvl":0,"x":6,"y":11},{"data":12000006,"id":504000063,"lvl":0,"x":6,"y":12},{"data":12000006,"id":504000064,"lvl":0,"x":6,"y":13},{"data":12000006,"id":504000065,"lvl":0,"x":6,"y":14},{"data":12000006,"id":504000066,"lvl":0,"x":6,"y":15},{"data":12000006,"id":504000067,"lvl":0,"x":6,"y":16},{"data":12000006,"id":504000068,"lvl":0,"x":33,"y":12},{"data":12000006,"id":504000069,"lvl":0,"x":33,"y":13},{"data":12000006,"id":504000070,"lvl":0,"x":33,"y":14},{"data":12000006,"id":504000071,"lvl":0,"x":33,"y":15},{"data":12000006,"id":504000072,"lvl":0,"x":33,"y":16},{"data":12000006,"id":504000073,"lvl":0,"x":33,"y":17},{"data":12000006,"id":504000074,"lvl":0,"x":33,"y":18},{"data":12000006,"id":504000075,"lvl":0,"x":33,"y":19},{"data":12000006,"id":504000076,"lvl":0,"x":33,"y":20},{"data":12000006,"id":504000077,"lvl":0,"x":33,"y":21},{"data":12000006,"id":504000078,"lvl":0,"x":33,"y":22},{"data":12000006,"id":504000079,"lvl":0,"x":33,"y":23},{"data":12000006,"id":504000080,"lvl":0,"x":33,"y":24},{"data":12000006,"id":504000081,"lvl":0,"x":33,"y":25},{"data":12000006,"id":504000082,"lvl":0,"x":27,"y":31},{"data":12000006,"id":504000083,"lvl":0,"x":28,"y":31},{"data":12000006,"id":504000084,"lvl":0,"x":18,"y":31},{"data":12000006,"id":504000085,"lvl":0,"x":19,"y":31},{"data":12000006,"id":504000086,"lvl":0,"x":20,"y":31},{"data":12000006,"id":504000087,"lvl":0,"x":21,"y":31},{"data":12000006,"id":504000088,"lvl":0,"x":22,"y":31},{"data":12000006,"id":504000089,"lvl":0,"x":23,"y":31},{"data":12000006,"id":504000090,"lvl":0,"x":24,"y":31},{"data":12000006,"id":504000091,"lvl":0,"x":25,"y":31},{"data":12000006,"id":504000092,"lvl":0,"x":26,"y":31},{"data":12000006,"id":504000093,"lvl":0,"x":9,"y":26},{"data":12000006,"id":504000094,"lvl":0,"x":9,"y":25},{"data":12000006,"id":504000095,"lvl":0,"x":10,"y":26},{"data":12000006,"id":504000096,"lvl":0,"x":11,"y":26},{"data":12000006,"id":504000097,"lvl":0,"x":12,"y":26},{"data":12000006,"id":504000098,"lvl":0,"x":13,"y":26},{"data":12000006,"id":504000099,"lvl":0,"x":14,"y":26},{"data":12000006,"id":504000100,"lvl":0,"x":9,"y":22},{"data":12000006,"id":504000101,"lvl":0,"x":9,"y":23},{"data":12000006,"id":504000102,"lvl":0,"x":24,"y":6},{"data":12000006,"id":504000103,"lvl":0,"x":25,"y":6},{"data":12000006,"id":504000104,"lvl":0,"x":26,"y":6},{"data":12000006,"id":504000105,"lvl":0,"x":27,"y":6},{"data":12000006,"id":504000106,"lvl":0,"x":28,"y":6},{"data":12000006,"id":504000107,"lvl":0,"x":28,"y":7},{"data":12000006,"id":504000108,"lvl":0,"x":28,"y":8},{"data":12000006,"id":504000109,"lvl":0,"x":28,"y":9},{"data":12000006,"id":504000110,"lvl":0,"x":28,"y":10},{"data":12000008,"id":504000111,"lvl":0,"air_mode":false,"air_mode_draft":false,"air_mode_war":false,"air_mode_draft_war":false,"air_mode2":false,"air_mode_d2":false,"air_mode3":false,"air_mode_d3":false,"air_mode4":false,"air_mode_d4":false,"air_mode5":false,"air_mode_d5":false,"air_mode6":false,"air_mode_d6":false,"air_mode7":false,"air_mode_d7":false,"x":29,"y":11},{"data":12000008,"id":504000112,"lvl":0,"air_mode":false,"air_mode_draft":false,"air_mode_war":false,"air_mode_draft_war":false,"air_mode2":false,"air_mode_d2":false,"air_mode3":false,"air_mode_d3":false,"air_mode4":false,"air_mode_d4":false,"air_mode5":false,"air_mode_d5":false,"air_mode6":false,"air_mode_d6":false,"air_mode7":false,"air_mode_d7":false,"x":29,"y":10},{"data":12000008,"id":504000113,"lvl":0,"air_mode":false,"air_mode_draft":false,"air_mode_war":false,"air_mode_draft_war":false,"air_mode2":false,"air_mode_d2":false,"air_mode3":false,"air_mode_d3":false,"air_mode4":false,"air_mode_d4":false,"air_mode5":false,"air_mode_d5":false,"air_mode6":false,"air_mode_d6":false,"air_mode7":false,"air_mode_d7":false,"x":15,"y":27},{"data":12000008,"id":504000114,"lvl":0,"air_mode":false,"air_mode_draft":false,"air_mode_war":false,"air_mode_draft_war":false,"air_mode2":false,"air_mode_d2":false,"air_mode3":false,"air_mode_d3":false,"air_mode4":false,"air_mode_d4":false,"air_mode5":false,"air_mode_d5":false,"air_mode6":false,"air_mode_d6":false,"air_mode7":false,"air_mode_d7":false,"x":16,"y":27},{"data":12000008,"id":504000115,"lvl":0,"air_mode":false,"air_mode_draft":false,"air_mode_war":false,"air_mode_draft_war":false,"air_mode2":false,"air_mode_d2":false,"air_mode3":false,"air_mode_d3":false,"air_mode4":false,"air_mode_d4":false,"air_mode5":false,"air_mode_d5":false,"air_mode6":false,"air_mode_d6":false,"air_mode7":false,"air_mode_d7":false,"x":28,"y":27},{"data":12000008,"id":504000116,"lvl":0,"air_mode":false,"air_mode_draft":false,"air_mode_war":false,"air_mode_draft_war":false,"air_mode2":false,"air_mode_d2":false,"air_mode3":false,"air_mode_d3":false,"air_mode4":false,"air_mode_d4":false,"air_mode5":false,"air_mode_d5":false,"air_mode6":false,"air_mode_d6":false,"air_mode7":false,"air_mode_d7":false,"x":29,"y":26},{"data":12000008,"id":504000117,"lvl":0,"air_mode":false,"air_mode_draft":false,"air_mode_war":false,"air_mode_draft_war":false,"air_mode2":false,"air_mode_d2":false,"air_mode3":false,"air_mode_d3":false,"air_mode4":false,"air_mode_d4":false,"air_mode5":false,"air_mode_d5":false,"air_mode6":false,"air_mode_d6":false,"air_mode7":false,"air_mode_d7":false,"x":29,"y":27},{"data":12000006,"id":504000118,"lvl":0,"x":9,"y":24},{"data":12000006,"id":504000119,"lvl":0,"x":32,"y":29},{"data":12000006,"id":504000120,"lvl":0,"x":31,"y":30},{"data":12000006,"id":504000121,"lvl":0,"x":33,"y":28}],"obstacles":[],"exp_ver":1}