{"buildings":[{"data":1000001,"id":500000000,"lvl":10,"x":20,"y":16},{"data":1000021,"id":500000003,"lvl":4,"x":19,"y":5,"attack_mode":true,"attack_mode_draft":true,"attack_mode_war":false,"attack_mode_draft_war":false,"attack_mode2":false,"attack_mode_d2":false,"attack_mode3":false,"attack_mode_d3":false,"attack_mode4":false,"attack_mode_d4":false,"attack_mode5":false,"attack_mode_d5":false,"attack_mode_chal":false,"attack_mode_dchal":false,"attack_mode_arrw":false,"attack_mode_draft_arrw":false,"ammo":1500},{"data":1000012,"id":500000019,"lvl":8,"x":10,"y":8},{"data":1000010,"id":500000068,"lvl":11,"wI":0,"wX":0,"x":9,"y":4},{"data":1000010,"id":500000245,"lvl":11,"wI":0,"wX":0,"x":10,"y":4},{"data":1000010,"id":500000246,"lvl":11,"wI":0,"wX":0,"x":11,"y":4},{"data":1000010,"id":500000247,"lvl":11,"wI":0,"wX":0,"x":12,"y":4},{"data":1000010,"id":500000248,"lvl":11,"wI":0,"wX":0,"x":13,"y":4},{"data":1000010,"id":500000249,"lvl":11,"wI":0,"wX":0,"x":14,"y":4},{"data":1000010,"id":500000250,"lvl":11,"wI":0,"wX":0,"x":15,"y":4},{"data":1000010,"id":500000251,"lvl":11,"wI":0,"wX":0,"x":16,"y":4},{"data":1000010,"id":500000252,"lvl":11,"wI":0,"wX":0,"x":17,"y":4},{"data":1000010,"id":500000253,"lvl":11,"wI":0,"wX":0,"x":18,"y":4},{"data":1000010,"id":500000254,"lvl":11,"wI":0,"wX":0,"x":19,"y":4},{"data":1000010,"id":500000255,"lvl":11,"wI":0,"wX":0,"x":20,"y":4},{"data":1000010,"id":500000256,"lvl":11,"wI":0,"wX":0,"x":21,"y":4},{"data":1000010,"id":500000257,"lvl":11,"wI":0,"wX":0,"x":22,"y":4},{"data":1000010,"id":500000258,"lvl":11,"wI":0,"wX":0,"x":23,"y":4},{"data":1000010,"id":500000259,"lvl":11,"wI":0,"wX":0,"x":24,"y":4},{"data":1000010,"id":500000260,"lvl":11,"wI":0,"wX":0,"x":25,"y":4},{"data":1000010,"id":500000261,"lvl":11,"wI":0,"wX":0,"x":26,"y":4},{"data":1000010,"id":500000262,"lvl":11,"wI":0,"wX":0,"x":27,"y":4},{"data":1000019,"id":500000263,"lvl":8,"x":10,"y":6},{"data":1000010,"id":500000264,"lvl":11,"wI":0,"wX":0,"x":9,"y":5},{"data":1000010,"id":500000265,"lvl":11,"wI":0,"wX":0,"x":9,"y":6},{"data":1000010,"id":500000266,"lvl":11,"wI":0,"wX":0,"x":9,"y":7},{"data":1000010,"id":500000267,"lvl":11,"wI":0,"wX":0,"x":9,"y":8},{"data":1000010,"id":500000268,"lvl":11,"wI":0,"wX":0,"x":9,"y":9},{"data":1000012,"id":500000269,"lvl":8,"x":12,"y":5},{"data":1000031,"id":500000270,"lvl":1,"x":14,"y":9,"ammo":30},{"data":1000010,"id":500000271,"lvl":11,"wI":0,"wX":0,"x":9,"y":10},{"data":1000010,"id":500000272,"lvl":11,"wI":0,"wX":0,"x":9,"y":11},{"data":1000010,"id":500000273,"lvl":11,"wI":0,"wX":0,"x":9,"y":13},{"data":1000010,"id":500000274,"lvl":11,"wI":0,"wX":0,"x":10,"y":13},{"data":1000010,"id":500000275,"lvl":11,"wI":0,"wX":0,"x":11,"y":13},{"data":1000010,"id":500000276,"lvl":11,"wI":0,"wX":0,"x":12,"y":13},{"data":1000010,"id":500000277,"lvl":11,"wI":0,"wX":0,"x":13,"y":13},{"data":1000010,"id":500000278,"lvl":11,"wI":0,"wX":0,"x":14,"y":13},{"data":1000010,"id":500000279,"lvl":11,"wI":0,"wX":0,"x":15,"y":13},{"data":1000010,"id":500000280,"lvl":11,"wI":0,"wX":0,"x":16,"y":13},{"data":1000010,"id":500000281,"lvl":11,"wI":0,"wX":0,"x":18,"y":13},{"data":1000010,"id":500000282,"lvl":11,"wI":0,"wX":0,"x":17,"y":13},{"data":1000010,"id":500000283,"lvl":11,"wI":0,"wX":0,"x":18,"y":12},{"data":1000010,"id":500000284,"lvl":11,"wI":0,"wX":0,"x":18,"y":11},{"data":1000010,"id":500000285,"lvl":11,"wI":0,"wX":0,"x":18,"y":10},{"data":1000010,"id":500000286,"lvl":11,"wI":0,"wX":0,"x":18,"y":9},{"data":1000010,"id":500000287,"lvl":11,"wI":0,"wX":0,"x":18,"y":8},{"data":1000010,"id":500000288,"lvl":11,"wI":0,"wX":0,"x":13,"y":8},{"data":1000010,"id":500000289,"lvl":11,"wI":0,"wX":0,"x":15,"y":7},{"data":1000010,"id":500000290,"lvl":11,"wI":0,"wX":0,"x":15,"y":6},{"data":1000010,"id":500000291,"lvl":11,"wI":0,"wX":0,"x":15,"y":5},{"data":1000010,"id":500000292,"lvl":11,"wI":0,"wX":0,"x":14,"y":8},{"data":1000010,"id":500000293,"lvl":11,"wI":0,"wX":0,"x":15,"y":8},{"data":1000010,"id":500000294,"lvl":11,"wI":0,"wX":0,"x":16,"y":8},{"data":1000010,"id":500000295,"lvl":11,"wI":0,"wX":0,"x":17,"y":8},{"data":1000010,"id":500000296,"lvl":11,"wI":0,"wX":0,"x":13,"y":9},{"data":1000010,"id":500000297,"lvl":11,"wI":0,"wX":0,"x":13,"y":10},{"data":1000010,"id":500000298,"lvl":11,"wI":0,"wX":0,"x":13,"y":11},{"data":1000010,"id":500000299,"lvl":11,"wI":0,"wX":0,"x":13,"y":12},{"data":1000010,"id":500000300,"lvl":11,"wI":0,"wX":0,"x":9,"y":12},{"data":1000013,"id":500000301,"lvl":9,"x":16,"y":5,"attack_mode":false,"attack_mode_draft":false,"attack_mode_war":false,"attack_mode_draft_war":false,"attack_mode2":false,"attack_mode_d2":false,"attack_mode3":false,"attack_mode_d3":false,"attack_mode4":false,"attack_mode_d4":false,"attack_mode5":false,"attack_mode_d5":false,"attack_mode_chal":false,"attack_mode_dchal":false,"attack_mode_arrw":false,"attack_mode_draft_arrw":false},{"data":1000013,"id":500000302,"lvl":9,"x":22,"y":5,"attack_mode":false,"attack_mode_draft":false,"attack_mode_war":false,"attack_mode_draft_war":false,"attack_mode2":false,"attack_mode_d2":false,"attack_mode3":false,"attack_mode_d3":false,"attack_mode4":false,"attack_mode_d4":false,"attack_mode5":false,"attack_mode_d5":false,"attack_mode_chal":false,"attack_mode_dchal":false,"attack_mode_arrw":false,"attack_mode_draft_arrw":false},{"data":1000021,"id":500000303,"lvl":4,"x":25,"y":5,"attack_mode":false,"attack_mode_draft":false,"attack_mode_war":false,"attack_mode_draft_war":false,"attack_mode2":false,"attack_mode_d2":false,"attack_mode3":false,"attack_mode_d3":false,"attack_mode4":false,"attack_mode_d4":false,"attack_mode5":false,"attack_mode_d5":false,"attack_mode_chal":false,"attack_mode_dchal":false,"attack_mode_arrw":false,"attack_mode_draft_arrw":false,"ammo":1500},{"data":1000019,"id":500000304,"lvl":8,"x":28,"y":7},{"data":1000010,"id":500000305,"lvl":11,"wI":0,"wX":0,"x":28,"y":4},{"data":1000010,"id":500000306,"lvl":11,"wI":0,"wX":0,"x":29,"y":4},{"data":1000010,"id":500000307,"lvl":11,"wI":0,"wX":0,"x":30,"y":8},{"data":1000010,"id":500000308,"lvl":11,"wI":0,"wX":0,"x":30,"y":7},{"data":1000010,"id":500000310,"lvl":11,"wI":0,"wX":0,"x":30,"y":5},{"data":1000010,"id":500000311,"lvl":11,"wI":0,"wX":0,"x":30,"y":4},{"data":1000010,"id":500000312,"lvl":11,"wI":0,"wX":0,"x":27,"y":8},{"data":1000010,"id":500000313,"lvl":11,"wI":0,"wX":0,"x":27,"y":9},{"data":1000010,"id":500000314,"lvl":11,"wI":0,"wX":0,"x":27,"y":10},{"data":1000010,"id":500000315,"lvl":11,"wI":0,"wX":0,"x":27,"y":11},{"data":1000010,"id":500000316,"lvl":11,"wI":0,"wX":0,"x":27,"y":12},{"data":1000010,"id":500000317,"lvl":11,"wI":0,"wX":0,"x":27,"y":13},{"data":1000010,"id":500000318,"lvl":11,"wI":0,"wX":0,"x":27,"y":14},{"data":1000010,"id":500000319,"lvl":11,"wI":0,"wX":0,"x":31,"y":5},{"data":1000010,"id":500000320,"lvl":11,"wI":0,"wX":0,"x":32,"y":5},{"data":1000010,"id":500000321,"lvl":11,"wI":0,"wX":0,"x":33,"y":5},{"data":1000010,"id":500000322,"lvl":11,"wI":0,"wX":0,"x":33,"y":4},{"data":1000010,"id":500000323,"lvl":11,"wI":0,"wX":0,"x":33,"y":3},{"data":1000010,"id":500000324,"lvl":11,"wI":0,"wX":0,"x":31,"y":7},{"data":1000010,"id":500000325,"lvl":11,"wI":0,"wX":0,"x":32,"y":7},{"data":1000010,"id":500000326,"lvl":11,"wI":0,"wX":0,"x":33,"y":7},{"data":1000010,"id":500000327,"lvl":11,"wI":0,"wX":0,"x":34,"y":7},{"data":1000010,"id":500000328,"lvl":11,"wI":0,"wX":0,"x":35,"y":7},{"data":1000010,"id":500000330,"lvl":11,"wI":0,"wX":0,"x":35,"y":6},{"data":1000010,"id":500000331,"lvl":11,"wI":0,"wX":0,"x":35,"y":5},{"data":1000010,"id":500000332,"lvl":11,"wI":0,"wX":0,"x":35,"y":4},{"data":1000010,"id":500000333,"lvl":11,"wI":0,"wX":0,"x":35,"y":3},{"data":1000010,"id":500000334,"lvl":11,"wI":0,"wX":0,"x":19,"y":8},{"data":1000010,"id":500000335,"lvl":11,"wI":0,"wX":0,"x":20,"y":8},{"data":1000010,"id":500000336,"lvl":11,"wI":0,"wX":0,"x":21,"y":8},{"data":1000010,"id":500000337,"lvl":11,"wI":0,"wX":0,"x":22,"y":8},{"data":1000010,"id":500000338,"lvl":11,"wI":0,"wX":0,"x":23,"y":8},{"data":1000010,"id":500000339,"lvl":11,"wI":0,"wX":0,"x":24,"y":8},{"data":1000010,"id":500000340,"lvl":11,"wI":0,"wX":0,"x":25,"y":8},{"data":1000010,"id":500000341,"lvl":11,"wI":0,"wX":0,"x":26,"y":8},{"data":1000010,"id":500000342,"lvl":11,"wI":0,"wX":0,"x":30,"y":9},{"data":1000010,"id":500000343,"lvl":11,"wI":0,"wX":0,"x":31,"y":9},{"data":1000010,"id":500000344,"lvl":11,"wI":0,"wX":0,"x":32,"y":9},{"data":1000010,"id":500000345,"lvl":11,"wI":0,"wX":0,"x":33,"y":9},{"data":1000010,"id":500000346,"lvl":11,"wI":0,"wX":0,"x":34,"y":9},{"data":1000010,"id":500000347,"lvl":11,"wI":0,"wX":0,"x":35,"y":9},{"data":1000031,"id":500000348,"lvl":2,"x":31,"y":12,"ammo":30},{"data":1000010,"id":500000349,"lvl":11,"wI":0,"wX":0,"x":30,"y":10},{"data":1000010,"id":500000350,"lvl":11,"wI":0,"wX":0,"x":30,"y":11},{"data":1000010,"id":500000351,"lvl":11,"wI":0,"wX":0,"x":30,"y":12},{"data":1000010,"id":500000352,"lvl":11,"wI":0,"wX":0,"x":30,"y":13},{"data":1000010,"id":500000353,"lvl":11,"wI":0,"wX":0,"x":30,"y":14},{"data":1000010,"id":500000354,"lvl":11,"wI":0,"wX":0,"x":30,"y":15},{"data":1000010,"id":500000355,"lvl":11,"wI":0,"wX":0,"x":30,"y":16},{"data":1000010,"id":500000356,"lvl":11,"wI":0,"wX":0,"x":31,"y":16},{"data":1000010,"id":500000357,"lvl":11,"wI":0,"wX":0,"x":32,"y":16},{"data":1000010,"id":500000358,"lvl":11,"wI":0,"wX":0,"x":33,"y":16},{"data":1000010,"id":500000359,"lvl":11,"wI":0,"wX":0,"x":34,"y":16},{"data":1000010,"id":500000360,"lvl":11,"wI":0,"wX":0,"x":35,"y":16},{"data":1000010,"id":500000361,"lvl":11,"wI":0,"wX":0,"x":35,"y":15},{"data":1000010,"id":500000362,"lvl":11,"wI":0,"wX":0,"x":35,"y":14},{"data":1000010,"id":500000363,"lvl":11,"wI":0,"wX":0,"x":35,"y":13},{"data":1000010,"id":500000364,"lvl":11,"wI":0,"wX":0,"x":35,"y":12},{"data":1000010,"id":500000365,"lvl":11,"wI":0,"wX":0,"x":35,"y":11},{"data":1000010,"id":500000367,"lvl":11,"wI":0,"wX":0,"x":31,"y":11},{"data":1000010,"id":500000368,"lvl":11,"wI":0,"wX":0,"x":32,"y":11},{"data":1000010,"id":500000369,"lvl":11,"wI":0,"wX":0,"x":33,"y":11},{"data":1000010,"id":500000370,"lvl":11,"wI":0,"wX":0,"x":34,"y":11},{"data":1000010,"id":500000371,"lvl":11,"wI":0,"wX":0,"x":36,"y":9},{"data":1000010,"id":500000372,"lvl":11,"wI":0,"wX":0,"x":37,"y":9},{"data":1000010,"id":500000373,"lvl":11,"wI":0,"wX":0,"x":37,"y":10},{"data":1000010,"id":500000374,"lvl":11,"wI":0,"wX":0,"x":37,"y":11},{"data":1000010,"id":500000375,"lvl":11,"wI":0,"wX":0,"x":37,"y":12},{"data":1000010,"id":500000376,"lvl":11,"wI":0,"wX":0,"x":37,"y":13},{"data":1000010,"id":500000377,"lvl":11,"wI":0,"wX":0,"x":37,"y":14},{"data":1000010,"id":500000378,"lvl":11,"wI":0,"wX":0,"x":37,"y":15},{"data":1000010,"id":500000379,"lvl":11,"wI":0,"wX":0,"x":37,"y":16},{"data":1000010,"id":500000380,"lvl":11,"wI":0,"wX":0,"x":37,"y":17},{"data":1000010,"id":500000381,"lvl":11,"wI":0,"wX":0,"x":37,"y":18},{"data":1000010,"id":500000383,"lvl":11,"wI":0,"wX":0,"x":36,"y":18},{"data":1000010,"id":500000384,"lvl":11,"wI":0,"wX":0,"x":35,"y":18},{"data":1000010,"id":500000385,"lvl":11,"wI":0,"wX":0,"x":34,"y":18},{"data":1000010,"id":500000386,"lvl":11,"wI":0,"wX":0,"x":33,"y":18},{"data":1000010,"id":500000387,"lvl":11,"wI":0,"wX":0,"x":32,"y":18},{"data":1000010,"id":500000388,"lvl":11,"wI":0,"wX":0,"x":31,"y":18},{"data":1000010,"id":500000389,"lvl":11,"wI":0,"wX":0,"x":30,"y":18},{"data":1000010,"id":500000390,"lvl":11,"wI":0,"wX":0,"x":30,"y":17},{"data":1000010,"id":500000391,"lvl":11,"wI":0,"wX":0,"x":29,"y":18},{"data":1000010,"id":500000392,"lvl":11,"wI":0,"wX":0,"x":28,"y":18},{"data":1000010,"id":500000393,"lvl":11,"wI":0,"wX":0,"x":27,"y":18},{"data":1000010,"id":500000394,"lvl":11,"wI":0,"wX":0,"x":27,"y":17},{"data":1000010,"id":500000395,"lvl":11,"wI":0,"wX":0,"x":27,"y":16},{"data":1000010,"id":500000396,"lvl":11,"wI":0,"wX":0,"x":27,"y":15},{"data":1000008,"id":500000397,"lvl":12,"x":24,"y":9,"attack_mode":false,"attack_mode_draft":false,"attack_mode_war":false,"attack_mode_draft_war":false,"attack_mode2":false,"attack_mode_d2":false,"attack_mode3":false,"attack_mode_d3":false,"attack_mode4":false,"attack_mode_d4":false,"attack_mode5":false,"attack_mode_d5":false,"attack_mode_chal":false,"attack_mode_dchal":false,"attack_mode_arrw":false,"attack_mode_draft_arrw":false},{"data":1000008,"id":500000398,"lvl":12,"x":19,"y":9,"attack_mode":false,"attack_mode_draft":false,"attack_mode_war":false,"attack_mode_draft_war":false,"attack_mode2":false,"attack_mode_d2":false,"attack_mode3":false,"attack_mode_d3":false,"attack_mode4":false,"attack_mode_d4":false,"attack_mode5":false,"attack_mode_d5":false,"attack_mode_chal":false,"attack_mode_dchal":false,"attack_mode_arrw":false,"attack_mode_draft_arrw":false},{"data":1000021,"id":500000399,"lvl":4,"x":19,"y":12,"attack_mode":false,"attack_mode_draft":false,"attack_mode_war":false,"attack_mode_draft_war":false,"attack_mode2":false,"attack_mode_d2":false,"attack_mode3":false,"attack_mode_d3":false,"attack_mode4":false,"attack_mode_d4":false,"attack_mode5":false,"attack_mode_d5":false,"attack_mode_chal":false,"attack_mode_dchal":false,"attack_mode_arrw":false,"attack_mode_draft_arrw":false,"ammo":1500},{"data":1000012,"id":500000400,"lvl":8,"x":24,"y":12},{"data":1000019,"id":500000401,"lvl":8,"x":22,"y":11},{"data":1000019,"id":500000402,"lvl":8,"x":22,"y":13},{"data":1000027,"id":500000403,"lvl":3,"x":22,"y":9,"attack_mode":false,"attack_mode_draft":false,"attack_mode_war":false,"attack_mode_draft_war":false,"attack_mode2":false,"attack_mode_d2":false,"attack_mode3":false,"attack_mode_d3":false,"attack_mode4":false,"attack_mode_d4":false,"attack_mode5":false,"attack_mode_d5":false,"attack_mode_chal":false,"attack_mode_dchal":false,"attack_mode_arrw":false,"attack_mode_draft_arrw":false,"ammo":1000},{"data":1000021,"id":500000404,"lvl":4,"x":24,"y":17,"attack_mode":false,"attack_mode_draft":false,"attack_mode_war":false,"attack_mode_draft_war":false,"attack_mode2":false,"attack_mode_d2":false,"attack_mode3":false,"attack_mode_d3":false,"attack_mode4":false,"attack_mode_d4":false,"attack_mode5":false,"attack_mode_d5":false,"attack_mode_chal":false,"attack_mode_dchal":false,"attack_mode_arrw":false,"attack_mode_draft_arrw":false,"ammo":1500},{"data":1000012,"id":500000405,"lvl":8,"x":16,"y":17},{"data":1000010,"id":500000406,"lvl":11,"wI":0,"wX":0,"x":30,"y":19},{"data":1000010,"id":500000407,"lvl":11,"wI":0,"wX":0,"x":30,"y":20},{"data":1000010,"id":500000408,"lvl":11,"wI":0,"wX":0,"x":29,"y":20},{"data":1000010,"id":500000409,"lvl":11,"wI":0,"wX":0,"x":28,"y":20},{"data":1000010,"id":500000410,"lvl":11,"wI":0,"wX":0,"x":27,"y":20},{"data":1000010,"id":500000411,"lvl":11,"wI":0,"wX":0,"x":26,"y":20},{"data":1000010,"id":500000412,"lvl":11,"wI":0,"wX":0,"x":25,"y":20},{"data":1000010,"id":500000413,"lvl":11,"wI":0,"wX":0,"x":24,"y":20},{"data":1000010,"id":500000414,"lvl":11,"wI":0,"wX":0,"x":23,"y":20},{"data":1000010,"id":500000415,"lvl":11,"wI":0,"wX":0,"x":22,"y":20},{"data":1000010,"id":500000416,"lvl":11,"wI":0,"wX":0,"x":21,"y":20},{"data":1000010,"id":500000417,"lvl":11,"wI":0,"wX":0,"x":20,"y":20},{"data":1000010,"id":500000418,"lvl":11,"wI":0,"wX":0,"x":19,"y":20},{"data":1000010,"id":500000419,"lvl":11,"wI":0,"wX":0,"x":18,"y":20},{"data":1000010,"id":500000420,"lvl":11,"wI":0,"wX":0,"x":17,"y":20},{"data":1000010,"id":500000421,"lvl":11,"wI":0,"wX":0,"x":16,"y":20},{"data":1000010,"id":500000422,"lvl":11,"wI":0,"wX":0,"x":15,"y":20},{"data":1000010,"id":500000423,"lvl":11,"wI":0,"wX":0,"x":14,"y":20},{"data":1000010,"id":500000424,"lvl":11,"wI":0,"wX":0,"x":13,"y":20},{"data":1000031,"id":500000425,"lvl":1,"x":20,"y":24,"ammo":30},{"data":1000019,"id":500000426,"lvl":8,"x":20,"y":21},{"data":1000019,"id":500000427,"lvl":8,"x":22,"y":21},{"data":1000010,"id":500000428,"lvl":11,"wI":0,"wX":0,"x":20,"y":23},{"data":1000010,"id":500000429,"lvl":11,"wI":0,"wX":0,"x":21,"y":23},{"data":1000010,"id":500000430,"lvl":11,"wI":0,"wX":0,"x":22,"y":23},{"data":1000010,"id":500000431,"lvl":11,"wI":0,"wX":0,"x":23,"y":23},{"data":1000010,"id":500000432,"lvl":11,"wI":0,"wX":0,"x":24,"y":23},{"data":1000010,"id":500000433,"lvl":11,"wI":0,"wX":0,"x":24,"y":22},{"data":1000010,"id":500000434,"lvl":11,"wI":0,"wX":0,"x":24,"y":21},{"data":1000010,"id":500000435,"lvl":11,"wI":0,"wX":0,"x":19,"y":21},{"data":1000010,"id":500000436,"lvl":11,"wI":0,"wX":0,"x":19,"y":22},{"data":1000010,"id":500000437,"lvl":11,"wI":0,"wX":0,"x":19,"y":23},{"data":1000010,"id":500000438,"lvl":11,"wI":0,"wX":0,"x":24,"y":24},{"data":1000010,"id":500000439,"lvl":11,"wI":0,"wX":0,"x":24,"y":25},{"data":1000010,"id":500000440,"lvl":11,"wI":0,"wX":0,"x":24,"y":26},{"data":1000010,"id":500000441,"lvl":11,"wI":0,"wX":0,"x":24,"y":27},{"data":1000010,"id":500000442,"lvl":11,"wI":0,"wX":0,"x":24,"y":28},{"data":1000010,"id":500000443,"lvl":11,"wI":0,"wX":0,"x":23,"y":28},{"data":1000010,"id":500000444,"lvl":11,"wI":0,"wX":0,"x":22,"y":28},{"data":1000010,"id":500000445,"lvl":11,"wI":0,"wX":0,"x":21,"y":28},{"data":1000010,"id":500000446,"lvl":11,"wI":0,"wX":0,"x":20,"y":28},{"data":1000010,"id":500000447,"lvl":11,"wI":0,"wX":0,"x":19,"y":28},{"data":1000010,"id":500000448,"lvl":11,"wI":0,"wX":0,"x":19,"y":27},{"data":1000010,"id":500000449,"lvl":11,"wI":0,"wX":0,"x":19,"y":26},{"data":1000010,"id":500000450,"lvl":11,"wI":0,"wX":0,"x":19,"y":25},{"data":1000010,"id":500000451,"lvl":11,"wI":0,"wX":0,"x":19,"y":24},{"data":1000010,"id":500000452,"lvl":11,"wI":0,"wX":0,"x":27,"y":21},{"data":1000010,"id":500000453,"lvl":11,"wI":0,"wX":0,"x":27,"y":22},{"data":1000010,"id":500000454,"lvl":11,"wI":0,"wX":0,"x":27,"y":23},{"data":1000010,"id":500000455,"lvl":11,"wI":0,"wX":0,"x":27,"y":24},{"data":1000010,"id":500000456,"lvl":11,"wI":0,"wX":0,"x":27,"y":25},{"data":1000010,"id":500000457,"lvl":11,"wI":0,"wX":0,"x":27,"y":26},{"data":1000010,"id":500000458,"lvl":11,"wI":0,"wX":0,"x":27,"y":27},{"data":1000010,"id":500000459,"lvl":11,"wI":0,"wX":0,"x":27,"y":28},{"data":1000010,"id":500000460,"lvl":11,"wI":0,"wX":0,"x":26,"y":28},{"data":1000010,"id":500000461,"lvl":11,"wI":0,"wX":0,"x":25,"y":28},{"data":1000027,"id":500000462,"lvl":3,"x":25,"y":21,"attack_mode":false,"attack_mode_draft":false,"attack_mode_war":false,"attack_mode_draft_war":false,"attack_mode2":false,"attack_mode_d2":false,"attack_mode3":false,"attack_mode_d3":false,"attack_mode4":false,"attack_mode_d4":false,"attack_mode5":false,"attack_mode_d5":false,"attack_mode_chal":false,"attack_mode_dchal":false,"attack_mode_arrw":false,"attack_mode_draft_arrw":false,"ammo":1000},{"data":1000027,"id":500000463,"lvl":3,"x":25,"y":26,"attack_mode":false,"attack_mode_draft":false,"attack_mode_war":false,"attack_mode_draft_war":false,"attack_mode2":false,"attack_mode_d2":false,"attack_mode3":false,"attack_mode_d3":false,"attack_mode4":false,"attack_mode_d4":false,"attack_mode5":false,"attack_mode_d5":false,"attack_mode_chal":false,"attack_mode_dchal":false,"attack_mode_arrw":false,"attack_mode_draft_arrw":false,"ammo":1000},{"data":1000012,"id":500000464,"lvl":8,"x":28,"y":21},{"data":1000012,"id":500000465,"lvl":8,"x":28,"y":29},{"data":1000012,"id":500000466,"lvl":8,"x":20,"y":29},{"data":1000012,"id":500000467,"lvl":8,"x":24,"y":29},{"data":1000010,"id":500000468,"lvl":11,"wI":0,"wX":0,"x":19,"y":29},{"data":1000010,"id":500000469,"lvl":11,"wI":0,"wX":0,"x":19,"y":30},{"data":1000010,"id":500000470,"lvl":11,"wI":0,"wX":0,"x":19,"y":31},{"data":1000010,"id":500000471,"lvl":11,"wI":0,"wX":0,"x":19,"y":32},{"data":1000010,"id":500000472,"lvl":11,"wI":0,"wX":0,"x":20,"y":32},{"data":1000010,"id":500000473,"lvl":11,"wI":0,"wX":0,"x":21,"y":32},{"data":1000010,"id":500000474,"lvl":11,"wI":0,"wX":0,"x":22,"y":32},{"data":1000010,"id":500000475,"lvl":11,"wI":0,"wX":0,"x":23,"y":32},{"data":1000010,"id":500000476,"lvl":11,"wI":0,"wX":0,"x":24,"y":32},{"data":1000010,"id":500000477,"lvl":11,"wI":0,"wX":0,"x":25,"y":32},{"data":1000010,"id":500000478,"lvl":11,"wI":0,"wX":0,"x":26,"y":32},{"data":1000010,"id":500000479,"lvl":11,"wI":0,"wX":0,"x":27,"y":32},{"data":1000010,"id":500000480,"lvl":11,"wI":0,"wX":0,"x":28,"y":32},{"data":1000010,"id":500000481,"lvl":11,"wI":0,"wX":0,"x":29,"y":32},{"data":1000010,"id":500000482,"lvl":11,"wI":0,"wX":0,"x":30,"y":32},{"data":1000010,"id":500000483,"lvl":11,"wI":0,"wX":0,"x":31,"y":32},{"data":1000010,"id":500000484,"lvl":11,"wI":0,"wX":0,"x":31,"y":31},{"data":1000010,"id":500000485,"lvl":11,"wI":0,"wX":0,"x":31,"y":30},{"data":1000010,"id":500000486,"lvl":11,"wI":0,"wX":0,"x":31,"y":29},{"data":1000010,"id":500000487,"lvl":11,"wI":0,"wX":0,"x":31,"y":28},{"data":1000010,"id":500000491,"lvl":11,"wI":0,"wX":0,"x":31,"y":20},{"data":1000010,"id":500000492,"lvl":11,"wI":0,"wX":0,"x":31,"y":21},{"data":1000010,"id":500000493,"lvl":11,"wI":0,"wX":0,"x":31,"y":22},{"data":1000010,"id":500000494,"lvl":11,"wI":0,"wX":0,"x":31,"y":23},{"data":1000010,"id":500000495,"lvl":11,"wI":0,"wX":0,"x":31,"y":24},{"data":1000010,"id":500000496,"lvl":11,"wI":0,"wX":0,"x":31,"y":25},{"data":1000010,"id":500000497,"lvl":11,"wI":0,"wX":0,"x":31,"y":26},{"data":1000010,"id":500000498,"lvl":11,"wI":0,"wX":0,"x":31,"y":27},{"data":1000003,"id":500000499,"lvl":11,"x":28,"y":25},{"data":1000003,"id":500000500,"lvl":11,"x":12,"y":21},{"data":1000021,"id":500000501,"lvl":4,"x":12,"y":25,"attack_mode":false,"attack_mode_draft":false,"attack_mode_war":false,"attack_mode_draft_war":false,"attack_mode2":false,"attack_mode_d2":false,"attack_mode3":false,"attack_mode_d3":false,"attack_mode4":false,"attack_mode_d4":false,"attack_mode5":false,"attack_mode_d5":false,"attack_mode_chal":false,"attack_mode_dchal":false,"attack_mode_arrw":false,"attack_mode_draft_arrw":false,"ammo":1500},{"data":1000010,"id":500000502,"lvl":11,"wI":0,"wX":0,"x":18,"y":28},{"data":1000010,"id":500000503,"lvl":11,"wI":0,"wX":0,"x":17,"y":28},{"data":1000010,"id":500000504,"lvl":11,"wI":0,"wX":0,"x":16,"y":28},{"data":1000010,"id":500000505,"lvl":11,"wI":0,"wX":0,"x":15,"y":28},{"data":1000010,"id":500000506,"lvl":11,"wI":0,"wX":0,"x":14,"y":28},{"data":1000010,"id":500000507,"lvl":11,"wI":0,"wX":0,"x":13,"y":28},{"data":1000010,"id":500000508,"lvl":11,"wI":0,"wX":0,"x":12,"y":28},{"data":1000010,"id":500000509,"lvl":11,"wI":0,"wX":0,"x":9,"y":14},{"data":1000010,"id":500000510,"lvl":11,"wI":0,"wX":0,"x":9,"y":15},{"data":1000010,"id":500000511,"lvl":11,"wI":0,"wX":0,"x":9,"y":16},{"data":1000010,"id":500000512,"lvl":11,"wI":0,"wX":0,"x":9,"y":17},{"data":1000010,"id":500000513,"lvl":11,"wI":0,"wX":0,"x":9,"y":18},{"data":1000010,"id":500000514,"lvl":11,"wI":0,"wX":0,"x":9,"y":19},{"data":1000010,"id":500000515,"lvl":11,"wI":0,"wX":0,"x":9,"y":20},{"data":1000010,"id":500000516,"lvl":11,"wI":0,"wX":0,"x":9,"y":21},{"data":1000010,"id":500000517,"lvl":11,"wI":0,"wX":0,"x":9,"y":22},{"data":1000010,"id":500000518,"lvl":11,"wI":0,"wX":0,"x":9,"y":23},{"data":1000010,"id":500000519,"lvl":11,"wI":0,"wX":0,"x":9,"y":24},{"data":1000010,"id":500000520,"lvl":11,"wI":0,"wX":0,"x":9,"y":25},{"data":1000010,"id":500000521,"lvl":11,"wI":0,"wX":0,"x":9,"y":26},{"data":1000010,"id":500000522,"lvl":11,"wI":0,"wX":0,"x":9,"y":27},{"data":1000010,"id":500000523,"lvl":11,"wI":0,"wX":0,"x":9,"y":28},{"data":1000010,"id":500000524,"lvl":11,"wI":0,"wX":0,"x":10,"y":28},{"data":1000010,"id":500000525,"lvl":11,"wI":0,"wX":0,"x":11,"y":28},{"data":1000010,"id":500000526,"lvl":11,"wI":0,"wX":0,"x":18,"y":32},{"data":1000010,"id":500000527,"lvl":11,"wI":0,"wX":0,"x":17,"y":32},{"data":1000010,"id":500000528,"lvl":11,"wI":0,"wX":0,"x":16,"y":32},{"data":1000010,"id":500000529,"lvl":11,"wI":0,"wX":0,"x":15,"y":32},{"data":1000010,"id":500000530,"lvl":11,"wI":0,"wX":0,"x":14,"y":32},{"data":1000010,"id":500000531,"lvl":11,"wI":0,"wX":0,"x":13,"y":32},{"data":1000010,"id":500000532,"lvl":11,"wI":0,"wX":0,"x":12,"y":32},{"data":1000010,"id":500000533,"lvl":11,"wI":0,"wX":0,"x":11,"y":32},{"data":1000010,"id":500000534,"lvl":11,"wI":0,"wX":0,"x":10,"y":32},{"data":1000010,"id":500000535,"lvl":11,"wI":0,"wX":0,"x":9,"y":32},{"data":1000010,"id":500000536,"lvl":11,"wI":0,"wX":0,"x":9,"y":31},{"data":1000010,"id":500000537,"lvl":11,"wI":0,"wX":0,"x":9,"y":30},{"data":1000010,"id":500000538,"lvl":11,"wI":0,"wX":0,"x":9,"y":29},{"data":1000010,"id":500000539,"lvl":11,"wI":0,"wX":0,"x":32,"y":32},{"data":1000010,"id":500000540,"lvl":11,"wI":0,"wX":0,"x":33,"y":32},{"data":1000010,"id":500000541,"lvl":11,"wI":0,"wX":0,"x":34,"y":32},{"data":1000010,"id":500000542,"lvl":11,"wI":0,"wX":0,"x":36,"y":32},{"data":1000010,"id":500000543,"lvl":11,"wI":0,"wX":0,"x":36,"y":31},{"data":1000010,"id":500000544,"lvl":11,"wI":0,"wX":0,"x":36,"y":30},{"data":1000010,"id":500000545,"lvl":11,"wI":0,"wX":0,"x":36,"y":29},{"data":1000010,"id":500000546,"lvl":11,"wI":0,"wX":0,"x":35,"y":32},{"data":1000010,"id":500000547,"lvl":11,"wI":0,"wX":0,"x":36,"y":28},{"data":1000010,"id":500000548,"lvl":11,"wI":0,"wX":0,"x":35,"y":28},{"data":1000010,"id":500000549,"lvl":11,"wI":0,"wX":0,"x":34,"y":28},{"data":1000010,"id":500000550,"lvl":11,"wI":0,"wX":0,"x":33,"y":28},{"data":1000010,"id":500000551,"lvl":11,"wI":0,"wX":0,"x":32,"y":28},{"data":1000010,"id":500000552,"lvl":11,"wI":0,"wX":0,"x":34,"y":27},{"data":1000010,"id":500000553,"lvl":11,"wI":0,"wX":0,"x":34,"y":26},{"data":1000010,"id":500000554,"lvl":11,"wI":0,"wX":0,"x":34,"y":25},{"data":1000010,"id":500000555,"lvl":11,"wI":0,"wX":0,"x":35,"y":25},{"data":1000010,"id":500000556,"lvl":11,"wI":0,"wX":0,"x":34,"y":19},{"data":1000010,"id":500000557,"lvl":11,"wI":0,"wX":0,"x":34,"y":20},{"data":1000010,"id":500000558,"lvl":11,"wI":0,"wX":0,"x":34,"y":22},{"data":1000010,"id":500000559,"lvl":11,"wI":0,"wX":0,"x":36,"y":25},{"data":1000010,"id":500000560,"lvl":11,"wI":0,"wX":0,"x":37,"y":24},{"data":1000010,"id":500000561,"lvl":11,"wI":0,"wX":0,"x":37,"y":23},{"data":1000010,"id":500000563,"lvl":11,"wI":0,"wX":0,"x":37,"y":22},{"data":1000010,"id":500000564,"lvl":11,"wI":0,"wX":0,"x":35,"y":22},{"data":1000010,"id":500000565,"lvl":11,"wI":0,"wX":0,"x":37,"y":25},{"data":1000010,"id":500000566,"lvl":11,"wI":0,"wX":0,"x":36,"y":22},{"data":1000010,"id":500000567,"lvl":11,"wI":0,"wX":0,"x":34,"y":21},{"data":1000005,"id":500000568,"lvl":11,"x":16,"y":23},{"data":1000010,"id":500000569,"lvl":11,"wI":0,"wX":0,"x":15,"y":21},{"data":1000010,"id":500000570,"lvl":11,"wI":0,"wX":0,"x":15,"y":22},{"data":1000010,"id":500000571,"lvl":11,"wI":0,"wX":0,"x":15,"y":23},{"data":1000010,"id":500000572,"lvl":11,"wI":0,"wX":0,"x":15,"y":24},{"data":1000010,"id":500000573,"lvl":11,"wI":0,"wX":0,"x":15,"y":25},{"data":1000010,"id":500000574,"lvl":11,"wI":0,"wX":0,"x":15,"y":26},{"data":1000010,"id":500000575,"lvl":11,"wI":0,"wX":0,"x":15,"y":27},{"data":1000027,"id":500000576,"lvl":3,"x":17,"y":21,"attack_mode":false,"attack_mode_draft":false,"attack_mode_war":false,"attack_mode_draft_war":false,"attack_mode2":false,"attack_mode_d2":false,"attack_mode3":false,"attack_mode_d3":false,"attack_mode4":false,"attack_mode_d4":false,"attack_mode5":false,"attack_mode_d5":false,"attack_mode_chal":false,"attack_mode_dchal":false,"attack_mode_arrw":false,"attack_mode_draft_arrw":false,"ammo":1000},{"data":1000027,"id":500000577,"lvl":3,"x":17,"y":26,"attack_mode":false,"attack_mode_draft":false,"attack_mode_war":false,"attack_mode_draft_war":false,"attack_mode2":false,"attack_mode_d2":false,"attack_mode3":false,"attack_mode_d3":false,"attack_mode4":false,"attack_mode_d4":false,"attack_mode5":false,"attack_mode_d5":false,"attack_mode_chal":false,"attack_mode_dchal":false,"attack_mode_arrw":false,"attack_mode_draft_arrw":false,"ammo":1000},{"data":1000027,"id":500000578,"lvl":3,"x":11,"y":29,"attack_mode":false,"attack_mode_draft":false,"attack_mode_war":false,"attack_mode_draft_war":false,"attack_mode2":false,"attack_mode_d2":false,"attack_mode3":false,"attack_mode_d3":false,"attack_mode4":false,"attack_mode_d4":false,"attack_mode5":false,"attack_mode_d5":false,"attack_mode_chal":false,"attack_mode_dchal":false,"attack_mode_arrw":false,"attack_mode_draft_arrw":false,"ammo":1000},{"data":1000008,"id":500000579,"lvl":12,"x":15,"y":29,"attack_mode":false,"attack_mode_draft":false,"attack_mode_war":false,"attack_mode_draft_war":false,"attack_mode2":false,"attack_mode_d2":false,"attack_mode3":false,"attack_mode_d3":false,"attack_mode4":false,"attack_mode_d4":false,"attack_mode5":false,"attack_mode_d5":false,"attack_mode_chal":false,"attack_mode_dchal":false,"attack_mode_arrw":false,"attack_mode_draft_arrw":false},{"data":1000010,"id":500000580,"lvl":11,"wI":0,"wX":0,"x":11,"y":27},{"data":1000010,"id":500000581,"lvl":11,"wI":0,"wX":0,"x":11,"y":26},{"data":1000010,"id":500000582,"lvl":11,"wI":0,"wX":0,"x":11,"y":25},{"data":1000010,"id":500000583,"lvl":11,"wI":0,"wX":0,"x":11,"y":24},{"data":1000010,"id":500000584,"lvl":11,"wI":0,"wX":0,"x":11,"y":23},{"data":1000010,"id":500000585,"lvl":11,"wI":0,"wX":0,"x":11,"y":22},{"data":1000010,"id":500000586,"lvl":11,"wI":0,"wX":0,"x":11,"y":21},{"data":1000010,"id":500000587,"lvl":11,"wI":0,"wX":0,"x":11,"y":20},{"data":1000010,"id":500000588,"lvl":11,"wI":0,"wX":0,"x":12,"y":20},{"data":1000010,"id":500000589,"lvl":11,"wI":0,"wX":0,"x":10,"y":20},{"data":1000010,"id":500000590,"lvl":11,"wI":0,"wX":0,"x":10,"y":21},{"data":1000010,"id":500000591,"lvl":11,"wI":0,"wX":0,"x":10,"y":22},{"data":1000010,"id":500000592,"lvl":11,"wI":0,"wX":0,"x":7,"y":10},{"data":1000010,"id":500000593,"lvl":11,"wI":0,"wX":0,"x":7,"y":11},{"data":1000010,"id":500000594,"lvl":11,"wI":0,"wX":0,"x":7,"y":12},{"data":1000010,"id":500000595,"lvl":11,"wI":0,"wX":0,"x":7,"y":13},{"data":1000010,"id":500000596,"lvl":11,"wI":0,"wX":0,"x":7,"y":14},{"data":1000010,"id":500000597,"lvl":11,"wI":0,"wX":0,"x":6,"y":10},{"data":1000010,"id":500000598,"lvl":11,"wI":0,"wX":0,"x":5,"y":10},{"data":1000010,"id":500000601,"lvl":11,"wI":0,"wX":0,"x":4,"y":10},{"data":1000010,"id":500000602,"lvl":11,"wI":0,"wX":0,"x":3,"y":10},{"data":1000010,"id":500000603,"lvl":11,"wI":0,"wX":0,"x":3,"y":11},{"data":1000010,"id":500000604,"lvl":11,"wI":0,"wX":0,"x":3,"y":12},{"data":1000010,"id":500000605,"lvl":11,"wI":0,"wX":0,"x":3,"y":13},{"data":1000010,"id":500000606,"lvl":11,"wI":0,"wX":0,"x":4,"y":13},{"data":1000010,"id":500000607,"lvl":11,"wI":0,"wX":0,"x":5,"y":13},{"data":1000010,"id":500000608,"lvl":11,"wI":0,"wX":0,"x":5,"y":12},{"data":1000010,"id":500000609,"lvl":11,"wI":0,"wX":0,"x":7,"y":15},{"data":1000010,"id":500000610,"lvl":11,"wI":0,"wX":0,"x":6,"y":15},{"data":1000010,"id":500000611,"lvl":11,"wI":0,"wX":0,"x":5,"y":15},{"data":1000010,"id":500000612,"lvl":11,"wI":0,"wX":0,"x":4,"y":15},{"data":1000010,"id":500000613,"lvl":11,"wI":0,"wX":0,"x":3,"y":15},{"data":1000010,"id":500000614,"lvl":11,"wI":0,"wX":0,"x":3,"y":16},{"data":1000010,"id":500000615,"lvl":11,"wI":0,"wX":0,"x":3,"y":17},{"data":1000010,"id":500000616,"lvl":11,"wI":0,"wX":0,"x":3,"y":18},{"data":1000010,"id":500000617,"lvl":11,"wI":0,"wX":0,"x":4,"y":18},{"data":1000010,"id":500000618,"lvl":11,"wI":0,"wX":0,"x":5,"y":18},{"data":1000010,"id":500000619,"lvl":11,"wI":0,"wX":0,"x":6,"y":18},{"data":1000010,"id":500000620,"lvl":11,"wI":0,"wX":0,"x":7,"y":18},{"data":1000010,"id":500000621,"lvl":11,"wI":0,"wX":0,"x":7,"y":19},{"data":1000010,"id":500000622,"lvl":11,"wI":0,"wX":0,"x":7,"y":20},{"data":1000010,"id":500000623,"lvl":11,"wI":0,"wX":0,"x":7,"y":22},{"data":1000010,"id":500000624,"lvl":11,"wI":0,"wX":0,"x":6,"y":22},{"data":1000010,"id":500000625,"lvl":11,"wI":0,"wX":0,"x":5,"y":22},{"data":1000010,"id":500000626,"lvl":11,"wI":0,"wX":0,"x":4,"y":22},{"data":1000010,"id":500000627,"lvl":11,"wI":0,"wX":0,"x":7,"y":21},{"data":1000010,"id":500000628,"lvl":11,"wI":0,"wX":0,"x":3,"y":22},{"data":1000010,"id":500000629,"lvl":11,"wI":0,"wX":0,"x":3,"y":21},{"data":1000010,"id":500000630,"lvl":11,"wI":0,"wX":0,"x":3,"y":20},{"data":1000010,"id":500000631,"lvl":11,"wI":0,"wX":0,"x":4,"y":20},{"data":1000010,"id":500000632,"lvl":11,"wI":0,"wX":0,"x":5,"y":20},{"data":1000010,"id":500000636,"lvl":11,"wI":0,"wX":0,"x":13,"y":19},{"data":1000010,"id":500000637,"lvl":11,"wI":0,"wX":0,"x":13,"y":18},{"data":1000010,"id":500000638,"lvl":11,"wI":0,"wX":0,"x":13,"y":17},{"data":1000010,"id":500000639,"lvl":11,"wI":0,"wX":0,"x":13,"y":16},{"data":1000010,"id":500000640,"lvl":11,"wI":0,"wX":0,"x":13,"y":15},{"data":1000010,"id":500000641,"lvl":11,"wI":0,"wX":0,"x":13,"y":14},{"data":1000027,"id":500000645,"lvl":3,"x":10,"y":16,"attack_mode":false,"attack_mode_draft":false,"attack_mode_war":false,"attack_mode_draft_war":false,"attack_mode2":false,"attack_mode_d2":false,"attack_mode3":false,"attack_mode_d3":false,"attack_mode4":false,"attack_mode_d4":false,"attack_mode5":false,"attack_mode_d5":false,"attack_mode_chal":false,"attack_mode_dchal":false,"attack_mode_arrw":false,"attack_mode_draft_arrw":false,"ammo":1000},{"data":1000027,"id":500000647,"lvl":3,"x":28,"y":14,"attack_mode":false,"attack_mode_draft":false,"attack_mode_war":false,"attack_mode_draft_war":false,"attack_mode2":false,"attack_mode_d2":false,"attack_mode3":false,"attack_mode_d3":false,"attack_mode4":false,"attack_mode_d4":false,"attack_mode5":false,"attack_mode_d5":false,"attack_mode_chal":false,"attack_mode_dchal":false,"attack_mode_arrw":false,"attack_mode_draft_arrw":false,"ammo":1000},{"data":1000019,"id":500000648,"lvl":8,"x":32,"y":23},{"data":1000021,"id":500000649,"lvl":4,"x":33,"y":29,"attack_mode":false,"attack_mode_draft":false,"attack_mode_war":false,"attack_mode_draft_war":false,"attack_mode2":false,"attack_mode_d2":false,"attack_mode3":false,"attack_mode_d3":false,"attack_mode4":false,"attack_mode_d4":false,"attack_mode5":false,"attack_mode_d5":false,"attack_mode_chal":false,"attack_mode_dchal":false,"attack_mode_arrw":false,"attack_mode_draft_arrw":false,"ammo":1500},{"data":1000024,"id":500000650,"lvl":6,"x":16,"y":14}],"decos":[{"data":18000004,"id":506000000,"x":35,"y":23}],"traps":[{"data":12000008,"id":504000002,"lvl":3,"air_mode":false,"air_mode_draft":false,"air_mode_war":false,"air_mode_draft_war":false,"air_mode2":false,"air_mode_d2":false,"air_mode3":false,"air_mode_d3":false,"air_mode4":false,"air_mode_d4":false,"air_mode5":false,"air_mode_d5":false,"air_mode6":false,"air_mode_d6":false,"air_mode7":false,"air_mode_d7":false,"x":6,"y":14},{"data":12000008,"id":504000003,"lvl":3,"air_mode":false,"air_mode_draft":false,"air_mode_war":false,"air_mode_draft_war":false,"air_mode2":false,"air_mode_d2":false,"air_mode3":false,"air_mode_d3":false,"air_mode4":false,"air_mode_d4":false,"air_mode5":false,"air_mode_d5":false,"air_mode6":false,"air_mode_d6":false,"air_mode7":false,"air_mode_d7":false,"x":5,"y":14},{"data":12000008,"id":504000004,"lvl":3,"air_mode":false,"air_mode_draft":false,"air_mode_war":false,"air_mode_draft_war":false,"air_mode2":false,"air_mode_d2":false,"air_mode3":false,"air_mode_d3":false,"air_mode4":false,"air_mode_d4":false,"air_mode5":false,"air_mode_d5":false,"air_mode6":false,"air_mode_d6":false,"air_mode7":false,"air_mode_d7":false,"x":5,"y":19},{"data":12000008,"id":504000005,"lvl":3,"air_mode":false,"air_mode_draft":false,"air_mode_war":false,"air_mode_draft_war":false,"air_mode2":false,"air_mode_d2":false,"air_mode3":false,"air_mode_d3":false,"air_mode4":false,"air_mode_d4":false,"air_mode5":false,"air_mode_d5":false,"air_mode6":false,"air_mode_d6":false,"air_mode7":false,"air_mode_d7":false,"x":6,"y":19},{"data":12000008,"id":504000006,"lvl":3,"air_mode":true,"air_mode_draft":false,"air_mode_war":false,"air_mode_draft_war":false,"air_mode2":false,"air_mode_d2":false,"air_mode3":false,"air_mode_d3":false,"air_mode4":false,"air_mode_d4":false,"air_mode5":false,"air_mode_d5":false,"air_mode6":false,"air_mode_d6":false,"air_mode7":false,"air_mode_d7":false,"x":38,"y":15},{"data":12000008,"id":504000007,"lvl":3,"air_mode":true,"air_mode_draft":false,"air_mode_war":false,"air_mode_draft_war":false,"air_mode2":false,"air_mode_d2":false,"air_mode3":false,"air_mode_d3":false,"air_mode4":false,"air_mode_d4":false,"air_mode5":false,"air_mode_d5":false,"air_mode6":false,"air_mode_d6":false,"air_mode7":false,"air_mode_d7":false,"x":38,"y":11},{"data":12000008,"id":504000008,"lvl":3,"air_mode":false,"air_mode_draft":false,"air_mode_war":false,"air_mode_draft_war":false,"air_mode2":false,"air_mode_d2":false,"air_mode3":false,"air_mode_d3":false,"air_mode4":false,"air_mode_d4":false,"air_mode5":false,"air_mode_d5":false,"air_mode6":false,"air_mode_d6":false,"air_mode7":false,"air_mode_d7":false,"x":35,"y":19},{"data":12000008,"id":504000009,"lvl":3,"air_mode":false,"air_mode_draft":false,"air_mode_war":false,"air_mode_draft_war":false,"air_mode2":false,"air_mode_d2":false,"air_mode3":false,"air_mode_d3":false,"air_mode4":false,"air_mode_d4":false,"air_mode5":false,"air_mode_d5":false,"air_mode6":false,"air_mode_d6":false,"air_mode7":false,"air_mode_d7":false,"x":31,"y":8},{"data":12000008,"id":504000010,"lvl":3,"air_mode":false,"air_mode_draft":false,"air_mode_war":false,"air_mode_draft_war":false,"air_mode2":false,"air_mode_d2":false,"air_mode3":false,"air_mode_d3":false,"air_mode4":false,"air_mode_d4":false,"air_mode5":false,"air_mode_d5":false,"air_mode6":false,"air_mode_d6":false,"air_mode7":false,"air_mode_d7":false,"x":35,"y":8},{"data":12000008,"id":504000011,"lvl":3,"air_mode":true,"air_mode_draft":false,"air_mode_war":false,"air_mode_draft_war":false,"air_mode2":false,"air_mode_d2":false,"air_mode3":false,"air_mode_d3":false,"air_mode4":false,"air_mode_d4":false,"air_mode5":false,"air_mode_d5":false,"air_mode6":false,"air_mode_d6":false,"air_mode7":false,"air_mode_d7":false,"x":33,"y":8},{"data":12000008,"id":504000012,"lvl":3,"air_mode":true,"air_mode_draft":false,"air_mode_war":false,"air_mode_draft_war":false,"air_mode2":false,"air_mode_d2":false,"air_mode3":false,"air_mode_d3":false,"air_mode4":false,"air_mode_d4":false,"air_mode5":false,"air_mode_d5":false,"air_mode6":false,"air_mode_d6":false,"air_mode7":false,"air_mode_d7":false,"x":37,"y":8},{"data":12000008,"id":504000013,"lvl":3,"air_mode":false,"air_mode_draft":false,"air_mode_war":false,"air_mode_draft_war":false,"air_mode2":false,"air_mode_d2":false,"air_mode3":false,"air_mode_d3":false,"air_mode4":false,"air_mode_d4":false,"air_mode5":false,"air_mode_d5":false,"air_mode6":false,"air_mode_d6":false,"air_mode7":false,"air_mode_d7":false,"x":38,"y":13},{"data":12000008,"id":504000014,"lvl":3,"air_mode":false,"air_mode_draft":false,"air_mode_war":false,"air_mode_draft_war":false,"air_mode2":false,"air_mode_d2":false,"air_mode3":false,"air_mode_d3":false,"air_mode4":false,"air_mode_d4":false,"air_mode5":false,"air_mode_d5":false,"air_mode6":false,"air_mode_d6":false,"air_mode7":false,"air_mode_d7":false,"x":38,"y":17},{"data":12000008,"id":504000015,"lvl":3,"air_mode":false,"air_mode_draft":false,"air_mode_war":false,"air_mode_draft_war":false,"air_mode2":false,"air_mode_d2":false,"air_mode3":false,"air_mode_d3":false,"air_mode4":false,"air_mode_d4":false,"air_mode5":false,"air_mode_d5":false,"air_mode6":false,"air_mode_d6":false,"air_mode7":false,"air_mode_d7":false,"x":38,"y":9},{"data":12000008,"id":504000016,"lvl":3,"air_mode":true,"air_mode_draft":false,"air_mode_war":false,"air_mode_draft_war":false,"air_mode2":false,"air_mode_d2":false,"air_mode3":false,"air_mode_d3":false,"air_mode4":false,"air_mode_d4":false,"air_mode5":false,"air_mode_d5":false,"air_mode6":false,"air_mode_d6":false,"air_mode7":false,"air_mode_d7":false,"x":37,"y":19},{"data":12000002,"id":504000017,"lvl":4,"x":32,"y":20},{"data":12000002,"id":504000018,"lvl":4,"x":32,"y":26},{"data":12000002,"id":504000019,"lvl":4,"x":7,"y":16},{"data":12000002,"id":504000020,"lvl":4,"x":10,"y":18},{"data":12000002,"id":504000021,"lvl":4,"x":10,"y":14},{"data":12000001,"id":504000022,"lvl":4,"x":23,"y":31},{"data":12000001,"id":504000023,"lvl":4,"x":23,"y":30},{"data":12000001,"id":504000024,"lvl":4,"x":23,"y":29},{"data":12000001,"id":504000025,"lvl":4,"x":27,"y":31},{"data":12000001,"id":504000026,"lvl":4,"x":27,"y":30},{"data":12000001,"id":504000027,"lvl":4,"x":27,"y":29},{"data":12000006,"id":504000029,"lvl":2,"x":24,"y":15},{"data":12000006,"id":504000030,"lvl":2,"x":19,"y":19},{"data":12000006,"id":504000031,"lvl":2,"x":22,"y":15},{"data":12000006,"id":504000032,"lvl":2,"x":19,"y":17},{"data":12000008,"id":504000033,"lvl":3,"air_mode":false,"air_mode_draft":false,"air_mode_war":false,"air_mode_draft_war":false,"air_mode2":false,"air_mode_d2":false,"air_mode3":false,"air_mode_d3":false,"air_mode4":false,"air_mode_d4":false,"air_mode5":false,"air_mode_d5":false,"air_mode6":false,"air_mode_d6":false,"air_mode7":false,"air_mode_d7":false,"x":14,"y":18},{"data":12000008,"id":504000034,"lvl":3,"air_mode":false,"air_mode_draft":false,"air_mode_war":false,"air_mode_draft_war":false,"air_mode2":false,"air_mode_d2":false,"air_mode3":false,"air_mode_d3":false,"air_mode4":false,"air_mode_d4":false,"air_mode5":false,"air_mode_d5":false,"air_mode6":false,"air_mode_d6":false,"air_mode7":false,"air_mode_d7":false,"x":14,"y":15},{"data":12000008,"id":504000035,"lvl":3,"air_mode":false,"air_mode_draft":false,"air_mode_war":false,"air_mode_draft_war":false,"air_mode2":false,"air_mode_d2":false,"air_mode3":false,"air_mode_d3":false,"air_mode4":false,"air_mode_d4":false,"air_mode5":false,"air_mode_d5":false,"air_mode6":false,"air_mode_d6":false,"air_mode7":false,"air_mode_d7":false,"x":10,"y":27},{"data":12000008,"id":504000036,"lvl":3,"air_mode":false,"air_mode_draft":false,"air_mode_war":false,"air_mode_draft_war":false,"air_mode2":false,"air_mode_d2":false,"air_mode3":false,"air_mode_d3":false,"air_mode4":false,"air_mode_d4":false,"air_mode5":false,"air_mode_d5":false,"air_mode6":false,"air_mode_d6":false,"air_mode7":false,"air_mode_d7":false,"x":10,"y":23}],"obstacles":[{"data":8000022,"id":503000256,"x":31,"y":10},{"data":8000022,"id":503000257,"x":32,"y":10},{"data":8000022,"id":503000258,"x":33,"y":10},{"data":8000022,"id":503000259,"x":34,"y":10},{"data":8000022,"id":503000260,"x":35,"y":10},{"data":8000022,"id":503000261,"x":36,"y":10},{"data":8000022,"id":503000262,"x":36,"y":11},{"data":8000022,"id":503000263,"x":36,"y":12},{"data":8000022,"id":503000264,"x":36,"y":13},{"data":8000022,"id":503000265,"x":36,"y":14},{"data":8000022,"id":503000266,"x":36,"y":15},{"data":8000022,"id":503000267,"x":36,"y":16},{"data":8000022,"id":503000268,"x":36,"y":17},{"data":8000022,"id":503000269,"x":35,"y":17},{"data":8000022,"id":503000270,"x":34,"y":17},{"data":8000022,"id":503000271,"x":33,"y":17},{"data":8000022,"id":503000272,"x":32,"y":17},{"data":8000022,"id":503000273,"x":31,"y":17},{"data":8000022,"id":503000274,"x":4,"y":12},{"data":8000022,"id":503000275,"x":4,"y":11},{"data":8000022,"id":503000276,"x":4,"y":21},{"data":8000022,"id":503000277,"x":5,"y":21},{"data":8000022,"id":503000278,"x":10,"y":25},{"data":8000022,"id":503000279,"x":10,"y":24},{"data":8000022,"id":503000280,"x":10,"y":26},{"data":8000022,"id":503000281,"x":14,"y":16},{"data":8000022,"id":503000282,"x":15,"y":16},{"data":8000022,"id":503000283,"x":14,"y":17},{"data":8000022,"id":503000284,"x":15,"y":17}],"exp_ver":1}