{"buildings":[{"data":1000001,"id":500000000,"lvl":10,"x":21,"y":20},{"data":1000010,"id":500000044,"lvl":11,"wI":0,"wX":0,"x":37,"y":26},{"data":1000010,"id":500000045,"lvl":11,"wI":0,"wX":0,"x":37,"y":25},{"data":1000010,"id":500000046,"lvl":11,"wI":0,"wX":0,"x":37,"y":24},{"data":1000010,"id":500000047,"lvl":11,"wI":0,"wX":0,"x":37,"y":23},{"data":1000010,"id":500000048,"lvl":11,"wI":0,"wX":0,"x":37,"y":22},{"data":1000010,"id":500000049,"lvl":11,"wI":0,"wX":0,"x":37,"y":21},{"data":1000010,"id":500000051,"lvl":11,"wI":0,"wX":0,"x":37,"y":19},{"data":1000010,"id":500000074,"lvl":11,"wI":0,"wX":0,"x":27,"y":6},{"data":1000010,"id":500000075,"lvl":11,"wI":0,"wX":0,"x":26,"y":6},{"data":1000010,"id":500000076,"lvl":11,"wI":0,"wX":0,"x":25,"y":6},{"data":1000010,"id":500000077,"lvl":11,"wI":0,"wX":0,"x":24,"y":6},{"data":1000010,"id":500000078,"lvl":11,"wI":0,"wX":0,"x":23,"y":6},{"data":1000010,"id":500000079,"lvl":11,"wI":0,"wX":0,"x":22,"y":6},{"data":1000010,"id":500000080,"lvl":11,"wI":0,"wX":0,"x":21,"y":6},{"data":1000010,"id":500000081,"lvl":11,"wI":0,"wX":0,"x":20,"y":6},{"data":1000010,"id":500000082,"lvl":11,"wI":0,"wX":0,"x":19,"y":6},{"data":1000010,"id":500000083,"lvl":11,"wI":0,"wX":0,"x":18,"y":6},{"data":1000010,"id":500000084,"lvl":11,"wI":0,"wX":0,"x":17,"y":6},{"data":1000010,"id":500000085,"lvl":11,"wI":0,"wX":0,"x":16,"y":6},{"data":1000010,"id":500000106,"lvl":11,"wI":0,"wX":0,"x":6,"y":17},{"data":1000010,"id":500000107,"lvl":11,"wI":0,"wX":0,"x":6,"y":18},{"data":1000010,"id":500000108,"lvl":11,"wI":0,"wX":0,"x":6,"y":19},{"data":1000010,"id":500000109,"lvl":11,"wI":0,"wX":0,"x":6,"y":20},{"data":1000010,"id":500000110,"lvl":11,"wI":0,"wX":0,"x":6,"y":21},{"data":1000010,"id":500000111,"lvl":11,"wI":0,"wX":0,"x":6,"y":22},{"data":1000010,"id":500000112,"lvl":11,"wI":0,"wX":0,"x":6,"y":23},{"data":1000010,"id":500000113,"lvl":11,"wI":0,"wX":0,"x":6,"y":24},{"data":1000010,"id":500000114,"lvl":11,"wI":0,"wX":0,"x":6,"y":25},{"data":1000010,"id":500000137,"lvl":11,"wI":0,"wX":0,"x":18,"y":36},{"data":1000010,"id":500000138,"lvl":11,"wI":0,"wX":0,"x":19,"y":36},{"data":1000010,"id":500000139,"lvl":11,"wI":0,"wX":0,"x":20,"y":36},{"data":1000010,"id":500000140,"lvl":11,"wI":0,"wX":0,"x":21,"y":36},{"data":1000010,"id":500000141,"lvl":11,"wI":0,"wX":0,"x":22,"y":36},{"data":1000010,"id":500000142,"lvl":11,"wI":0,"wX":0,"x":23,"y":36},{"data":1000010,"id":500000143,"lvl":11,"wI":0,"wX":0,"x":24,"y":36},{"data":1000010,"id":500000144,"lvl":11,"wI":0,"wX":0,"x":25,"y":36},{"data":1000010,"id":500000145,"lvl":11,"wI":0,"wX":0,"x":26,"y":36},{"data":1000010,"id":500000161,"lvl":11,"wI":0,"wX":0,"x":36,"y":30},{"data":1000010,"id":500000162,"lvl":11,"wI":0,"wX":0,"x":36,"y":29},{"data":1000010,"id":500000163,"lvl":11,"wI":0,"wX":0,"x":36,"y":28},{"data":1000010,"id":500000164,"lvl":11,"wI":0,"wX":0,"x":36,"y":27},{"data":1000010,"id":500000165,"lvl":11,"wI":0,"wX":0,"x":36,"y":26},{"data":1000010,"id":500000189,"lvl":11,"wI":0,"wX":0,"x":31,"y":7},{"data":1000010,"id":500000190,"lvl":11,"wI":0,"wX":0,"x":30,"y":7},{"data":1000010,"id":500000191,"lvl":11,"wI":0,"wX":0,"x":29,"y":7},{"data":1000010,"id":500000192,"lvl":11,"wI":0,"wX":0,"x":28,"y":7},{"data":1000010,"id":500000193,"lvl":11,"wI":0,"wX":0,"x":27,"y":7},{"data":1000010,"id":500000204,"lvl":11,"wI":0,"wX":0,"x":16,"y":7},{"data":1000010,"id":500000205,"lvl":11,"wI":0,"wX":0,"x":15,"y":7},{"data":1000010,"id":500000206,"lvl":11,"wI":0,"wX":0,"x":14,"y":7},{"data":1000010,"id":500000207,"lvl":11,"wI":0,"wX":0,"x":13,"y":7},{"data":1000010,"id":500000208,"lvl":11,"wI":0,"wX":0,"x":12,"y":7},{"data":1000010,"id":500000218,"lvl":11,"wI":0,"wX":0,"x":7,"y":12},{"data":1000010,"id":500000219,"lvl":11,"wI":0,"wX":0,"x":7,"y":13},{"data":1000010,"id":500000220,"lvl":11,"wI":0,"wX":0,"x":7,"y":14},{"data":1000010,"id":500000221,"lvl":11,"wI":0,"wX":0,"x":7,"y":15},{"data":1000010,"id":500000222,"lvl":11,"wI":0,"wX":0,"x":7,"y":16},{"data":1000010,"id":500000223,"lvl":11,"wI":0,"wX":0,"x":7,"y":17},{"data":1000010,"id":500000231,"lvl":11,"wI":0,"wX":0,"x":7,"y":25},{"data":1000010,"id":500000232,"lvl":11,"wI":0,"wX":0,"x":7,"y":26},{"data":1000010,"id":500000233,"lvl":11,"wI":0,"wX":0,"x":7,"y":27},{"data":1000010,"id":500000234,"lvl":11,"wI":0,"wX":0,"x":7,"y":28},{"data":1000010,"id":500000235,"lvl":11,"wI":0,"wX":0,"x":7,"y":29},{"data":1000010,"id":500000236,"lvl":11,"wI":0,"wX":0,"x":7,"y":30},{"data":1000010,"id":500000246,"lvl":11,"wI":0,"wX":0,"x":12,"y":35},{"data":1000010,"id":500000247,"lvl":11,"wI":0,"wX":0,"x":13,"y":35},{"data":1000010,"id":500000248,"lvl":11,"wI":0,"wX":0,"x":14,"y":35},{"data":1000010,"id":500000249,"lvl":11,"wI":0,"wX":0,"x":15,"y":35},{"data":1000010,"id":500000250,"lvl":11,"wI":0,"wX":0,"x":16,"y":35},{"data":1000010,"id":500000251,"lvl":11,"wI":0,"wX":0,"x":17,"y":35},{"data":1000010,"id":500000252,"lvl":11,"wI":0,"wX":0,"x":18,"y":35},{"data":1000010,"id":500000260,"lvl":11,"wI":0,"wX":0,"x":26,"y":35},{"data":1000010,"id":500000261,"lvl":11,"wI":0,"wX":0,"x":27,"y":35},{"data":1000010,"id":500000262,"lvl":11,"wI":0,"wX":0,"x":28,"y":35},{"data":1000010,"id":500000263,"lvl":11,"wI":0,"wX":0,"x":29,"y":35},{"data":1000010,"id":500000264,"lvl":11,"wI":0,"wX":0,"x":30,"y":35},{"data":1000010,"id":500000265,"lvl":11,"wI":0,"wX":0,"x":31,"y":35},{"data":1000010,"id":500000266,"lvl":11,"wI":0,"wX":0,"x":32,"y":35},{"data":1000010,"id":500000272,"lvl":11,"wI":0,"wX":0,"x":35,"y":32},{"data":1000010,"id":500000273,"lvl":11,"wI":0,"wX":0,"x":35,"y":31},{"data":1000010,"id":500000274,"lvl":11,"wI":0,"wX":0,"x":35,"y":30},{"data":1000010,"id":500000280,"lvl":11,"wI":0,"wX":0,"x":35,"y":24},{"data":1000010,"id":500000281,"lvl":11,"wI":0,"wX":0,"x":35,"y":23},{"data":1000010,"id":500000282,"lvl":11,"wI":0,"wX":0,"x":35,"y":22},{"data":1000010,"id":500000283,"lvl":11,"wI":0,"wX":0,"x":35,"y":21},{"data":1000010,"id":500000292,"lvl":11,"wI":0,"wX":0,"x":35,"y":12},{"data":1000010,"id":500000293,"lvl":11,"wI":0,"wX":0,"x":35,"y":11},{"data":1000010,"id":500000294,"lvl":11,"wI":0,"wX":0,"x":35,"y":10},{"data":1000010,"id":500000298,"lvl":11,"wI":0,"wX":0,"x":33,"y":8},{"data":1000010,"id":500000299,"lvl":11,"wI":0,"wX":0,"x":32,"y":8},{"data":1000010,"id":500000306,"lvl":11,"wI":0,"wX":0,"x":25,"y":8},{"data":1000010,"id":500000307,"lvl":11,"wI":0,"wX":0,"x":24,"y":8},{"data":1000010,"id":500000308,"lvl":11,"wI":0,"wX":0,"x":23,"y":8},{"data":1000010,"id":500000309,"lvl":11,"wI":0,"wX":0,"x":22,"y":8},{"data":1000010,"id":500000310,"lvl":11,"wI":0,"wX":0,"x":21,"y":8},{"data":1000010,"id":500000311,"lvl":11,"wI":0,"wX":0,"x":20,"y":8},{"data":1000010,"id":500000312,"lvl":11,"wI":0,"wX":0,"x":19,"y":8},{"data":1000010,"id":500000313,"lvl":11,"wI":0,"wX":0,"x":18,"y":8},{"data":1000010,"id":500000319,"lvl":11,"wI":0,"wX":0,"x":12,"y":8},{"data":1000010,"id":500000320,"lvl":11,"wI":0,"wX":0,"x":11,"y":8},{"data":1000010,"id":500000321,"lvl":11,"wI":0,"wX":0,"x":10,"y":8},{"data":1000010,"id":500000325,"lvl":11,"wI":0,"wX":0,"x":8,"y":10},{"data":1000010,"id":500000326,"lvl":11,"wI":0,"wX":0,"x":8,"y":11},{"data":1000010,"id":500000327,"lvl":11,"wI":0,"wX":0,"x":8,"y":12},{"data":1000010,"id":500000334,"lvl":11,"wI":0,"wX":0,"x":8,"y":19},{"data":1000010,"id":500000335,"lvl":11,"wI":0,"wX":0,"x":8,"y":20},{"data":1000010,"id":500000336,"lvl":11,"wI":0,"wX":0,"x":8,"y":21},{"data":1000010,"id":500000337,"lvl":11,"wI":0,"wX":0,"x":8,"y":22},{"data":1000010,"id":500000338,"lvl":11,"wI":0,"wX":0,"x":8,"y":23},{"data":1000010,"id":500000345,"lvl":11,"wI":0,"wX":0,"x":8,"y":30},{"data":1000010,"id":500000346,"lvl":11,"wI":0,"wX":0,"x":8,"y":31},{"data":1000010,"id":500000347,"lvl":11,"wI":0,"wX":0,"x":8,"y":32},{"data":1000010,"id":500000351,"lvl":11,"wI":0,"wX":0,"x":10,"y":34},{"data":1000010,"id":500000352,"lvl":11,"wI":0,"wX":0,"x":11,"y":34},{"data":1000010,"id":500000353,"lvl":11,"wI":0,"wX":0,"x":12,"y":34},{"data":1000010,"id":500000358,"lvl":11,"wI":0,"wX":0,"x":16,"y":33},{"data":1000010,"id":500000361,"lvl":11,"wI":0,"wX":0,"x":20,"y":34},{"data":1000010,"id":500000362,"lvl":11,"wI":0,"wX":0,"x":21,"y":34},{"data":1000010,"id":500000363,"lvl":11,"wI":0,"wX":0,"x":22,"y":34},{"data":1000010,"id":500000364,"lvl":11,"wI":0,"wX":0,"x":23,"y":34},{"data":1000010,"id":500000365,"lvl":11,"wI":0,"wX":0,"x":24,"y":34},{"data":1000010,"id":500000373,"lvl":11,"wI":0,"wX":0,"x":32,"y":34},{"data":1000010,"id":500000374,"lvl":11,"wI":0,"wX":0,"x":33,"y":34},{"data":1000010,"id":500000376,"lvl":11,"wI":0,"wX":0,"x":34,"y":33},{"data":1000010,"id":500000377,"lvl":11,"wI":0,"wX":0,"x":34,"y":32},{"data":1000010,"id":500000381,"lvl":11,"wI":0,"wX":0,"x":34,"y":28},{"data":1000010,"id":500000382,"lvl":11,"wI":0,"wX":0,"x":34,"y":27},{"data":1000010,"id":500000383,"lvl":11,"wI":0,"wX":0,"x":34,"y":26},{"data":1000010,"id":500000384,"lvl":11,"wI":0,"wX":0,"x":34,"y":25},{"data":1000010,"id":500000387,"lvl":11,"wI":0,"wX":0,"x":34,"y":22},{"data":1000010,"id":500000388,"lvl":11,"wI":0,"wX":0,"x":34,"y":21},{"data":1000010,"id":500000389,"lvl":11,"wI":0,"wX":0,"x":34,"y":20},{"data":1000010,"id":500000390,"lvl":11,"wI":0,"wX":0,"x":34,"y":19},{"data":1000010,"id":500000391,"lvl":9,"wI":0,"wX":0,"x":34,"y":18},{"data":1000010,"id":500000392,"lvl":9,"wI":0,"wX":0,"x":34,"y":17},{"data":1000010,"id":500000393,"lvl":9,"wI":0,"wX":0,"x":34,"y":16},{"data":1000010,"id":500000394,"lvl":9,"wI":0,"wX":0,"x":34,"y":15},{"data":1000010,"id":500000395,"lvl":9,"wI":0,"wX":0,"x":34,"y":14},{"data":1000010,"id":500000399,"lvl":11,"wI":0,"wX":0,"x":34,"y":10},{"data":1000010,"id":500000400,"lvl":11,"wI":0,"wX":0,"x":34,"y":9},{"data":1000010,"id":500000401,"lvl":11,"wI":0,"wX":0,"x":33,"y":9},{"data":1000010,"id":500000402,"lvl":11,"wI":0,"wX":0,"x":31,"y":8},{"data":1000010,"id":500000405,"lvl":11,"wI":0,"wX":0,"x":29,"y":9},{"data":1000010,"id":500000406,"lvl":11,"wI":0,"wX":0,"x":28,"y":9},{"data":1000010,"id":500000407,"lvl":11,"wI":0,"wX":0,"x":27,"y":9},{"data":1000010,"id":500000408,"lvl":11,"wI":0,"wX":0,"x":26,"y":9},{"data":1000010,"id":500000409,"lvl":11,"wI":0,"wX":0,"x":25,"y":9},{"data":1000010,"id":500000410,"lvl":11,"wI":0,"wX":0,"x":24,"y":9},{"data":1000010,"id":500000411,"lvl":11,"wI":0,"wX":0,"x":23,"y":9},{"data":1000010,"id":500000412,"lvl":11,"wI":0,"wX":0,"x":22,"y":9},{"data":1000010,"id":500000413,"lvl":11,"wI":0,"wX":0,"x":21,"y":9},{"data":1000010,"id":500000414,"lvl":11,"wI":0,"wX":0,"x":20,"y":9},{"data":1000010,"id":500000415,"lvl":11,"wI":0,"wX":0,"x":19,"y":9},{"data":1000010,"id":500000416,"lvl":11,"wI":0,"wX":0,"x":18,"y":9},{"data":1000010,"id":500000417,"lvl":11,"wI":0,"wX":0,"x":17,"y":9},{"data":1000010,"id":500000418,"lvl":11,"wI":0,"wX":0,"x":16,"y":9},{"data":1000010,"id":500000419,"lvl":11,"wI":0,"wX":0,"x":15,"y":9},{"data":1000010,"id":500000420,"lvl":11,"wI":0,"wX":0,"x":14,"y":9},{"data":1000010,"id":500000424,"lvl":11,"wI":0,"wX":0,"x":10,"y":9},{"data":1000010,"id":500000425,"lvl":11,"wI":0,"wX":0,"x":9,"y":9},{"data":1000010,"id":500000426,"lvl":11,"wI":0,"wX":0,"x":9,"y":10},{"data":1000010,"id":500000430,"lvl":11,"wI":0,"wX":0,"x":9,"y":14},{"data":1000010,"id":500000431,"lvl":11,"wI":0,"wX":0,"x":9,"y":15},{"data":1000010,"id":500000432,"lvl":11,"wI":0,"wX":0,"x":9,"y":16},{"data":1000010,"id":500000433,"lvl":11,"wI":0,"wX":0,"x":9,"y":17},{"data":1000010,"id":500000434,"lvl":11,"wI":0,"wX":0,"x":9,"y":18},{"data":1000010,"id":500000435,"lvl":11,"wI":0,"wX":0,"x":9,"y":19},{"data":1000010,"id":500000437,"lvl":11,"wI":0,"wX":0,"x":9,"y":21},{"data":1000010,"id":500000438,"lvl":11,"wI":0,"wX":0,"x":9,"y":22},{"data":1000010,"id":500000439,"lvl":11,"wI":0,"wX":0,"x":9,"y":23},{"data":1000010,"id":500000440,"lvl":11,"wI":0,"wX":0,"x":9,"y":24},{"data":1000010,"id":500000441,"lvl":11,"wI":0,"wX":0,"x":9,"y":25},{"data":1000010,"id":500000442,"lvl":11,"wI":0,"wX":0,"x":9,"y":26},{"data":1000010,"id":500000443,"lvl":11,"wI":0,"wX":0,"x":9,"y":27},{"data":1000010,"id":500000444,"lvl":11,"wI":0,"wX":0,"x":9,"y":28},{"data":1000010,"id":500000448,"lvl":11,"wI":0,"wX":0,"x":9,"y":32},{"data":1000010,"id":500000449,"lvl":11,"wI":0,"wX":0,"x":9,"y":33},{"data":1000010,"id":500000450,"lvl":11,"wI":0,"wX":0,"x":10,"y":33},{"data":1000010,"id":500000454,"lvl":11,"wI":0,"wX":0,"x":14,"y":33},{"data":1000010,"id":500000455,"lvl":11,"wI":0,"wX":0,"x":15,"y":33},{"data":1000010,"id":500000457,"lvl":11,"wI":0,"wX":0,"x":17,"y":33},{"data":1000010,"id":500000458,"lvl":11,"wI":0,"wX":0,"x":18,"y":33},{"data":1000010,"id":500000459,"lvl":11,"wI":0,"wX":0,"x":19,"y":33},{"data":1000010,"id":500000461,"lvl":11,"wI":0,"wX":0,"x":20,"y":33},{"data":1000010,"id":500000462,"lvl":11,"wI":0,"wX":0,"x":22,"y":33},{"data":1000010,"id":500000463,"lvl":11,"wI":0,"wX":0,"x":23,"y":33},{"data":1000010,"id":500000464,"lvl":11,"wI":0,"wX":0,"x":24,"y":33},{"data":1000010,"id":500000465,"lvl":11,"wI":0,"wX":0,"x":25,"y":33},{"data":1000010,"id":500000466,"lvl":11,"wI":0,"wX":0,"x":26,"y":33},{"data":1000010,"id":500000467,"lvl":11,"wI":0,"wX":0,"x":27,"y":33},{"data":1000010,"id":500000468,"lvl":11,"wI":0,"wX":0,"x":28,"y":33},{"data":1000010,"id":500000469,"lvl":11,"wI":0,"wX":0,"x":29,"y":33},{"data":1000010,"id":500000470,"lvl":11,"wI":0,"wX":0,"x":30,"y":33},{"data":1000010,"id":500000473,"lvl":11,"wI":0,"wX":0,"x":33,"y":33},{"data":1000010,"id":500000476,"lvl":11,"wI":0,"wX":0,"x":33,"y":30},{"data":1000010,"id":500000477,"lvl":11,"wI":0,"wX":0,"x":33,"y":29},{"data":1000010,"id":500000478,"lvl":11,"wI":0,"wX":0,"x":33,"y":28},{"data":1000010,"id":500000479,"lvl":11,"wI":0,"wX":0,"x":33,"y":27},{"data":1000010,"id":500000480,"lvl":11,"wI":0,"wX":0,"x":33,"y":26},{"data":1000010,"id":500000481,"lvl":11,"wI":0,"wX":0,"x":33,"y":25},{"data":1000010,"id":500000484,"lvl":11,"wI":0,"wX":0,"x":33,"y":22},{"data":1000010,"id":500000485,"lvl":11,"wI":0,"wX":0,"x":33,"y":21},{"data":1000010,"id":500000487,"lvl":11,"wI":0,"wX":0,"x":33,"y":19},{"data":1000010,"id":500000488,"lvl":9,"wI":0,"wX":0,"x":33,"y":18},{"data":1000010,"id":500000489,"lvl":9,"wI":0,"wX":0,"x":33,"y":17},{"data":1000010,"id":500000490,"lvl":9,"wI":0,"wX":0,"x":33,"y":16},{"data":1000010,"id":500000491,"lvl":9,"wI":0,"wX":0,"x":33,"y":15},{"data":1000010,"id":500000492,"lvl":9,"wI":0,"wX":0,"x":33,"y":14},{"data":1000010,"id":500000493,"lvl":9,"wI":0,"wX":0,"x":33,"y":13},{"data":1000010,"id":500000494,"lvl":11,"wI":0,"wX":0,"x":33,"y":12},{"data":1000010,"id":500000498,"lvl":11,"wI":0,"wX":0,"x":31,"y":10},{"data":1000010,"id":500000499,"lvl":11,"wI":0,"wX":0,"x":30,"y":10},{"data":1000010,"id":500000500,"lvl":11,"wI":0,"wX":0,"x":29,"y":10},{"data":1000010,"id":500000501,"lvl":11,"wI":0,"wX":0,"x":28,"y":10},{"data":1000010,"id":500000502,"lvl":11,"wI":0,"wX":0,"x":27,"y":10},{"data":1000010,"id":500000503,"lvl":11,"wI":0,"wX":0,"x":26,"y":10},{"data":1000010,"id":500000504,"lvl":11,"wI":0,"wX":0,"x":25,"y":10},{"data":1000010,"id":500000505,"lvl":11,"wI":0,"wX":0,"x":24,"y":10},{"data":1000010,"id":500000508,"lvl":11,"wI":0,"wX":0,"x":21,"y":10},{"data":1000010,"id":500000509,"lvl":11,"wI":0,"wX":0,"x":20,"y":10},{"data":1000010,"id":500000510,"lvl":11,"wI":0,"wX":0,"x":19,"y":10},{"data":1000010,"id":500000511,"lvl":11,"wI":0,"wX":0,"x":18,"y":10},{"data":1000010,"id":500000512,"lvl":11,"wI":0,"wX":0,"x":17,"y":10},{"data":1000010,"id":500000513,"lvl":11,"wI":0,"wX":0,"x":16,"y":10},{"data":1000010,"id":500000515,"lvl":11,"wI":0,"wX":0,"x":14,"y":10},{"data":1000010,"id":500000516,"lvl":11,"wI":0,"wX":0,"x":13,"y":10},{"data":1000010,"id":500000517,"lvl":11,"wI":0,"wX":0,"x":12,"y":10},{"data":1000010,"id":500000521,"lvl":11,"wI":0,"wX":0,"x":10,"y":12},{"data":1000010,"id":500000522,"lvl":11,"wI":0,"wX":0,"x":10,"y":13},{"data":1000010,"id":500000523,"lvl":11,"wI":0,"wX":0,"x":10,"y":14},{"data":1000010,"id":500000524,"lvl":11,"wI":0,"wX":0,"x":10,"y":15},{"data":1000010,"id":500000525,"lvl":11,"wI":0,"wX":0,"x":10,"y":16},{"data":1000010,"id":500000529,"lvl":11,"wI":0,"wX":0,"x":10,"y":20},{"data":1000010,"id":500000530,"lvl":11,"wI":0,"wX":0,"x":10,"y":21},{"data":1000010,"id":500000531,"lvl":11,"wI":0,"wX":0,"x":10,"y":22},{"data":1000010,"id":500000532,"lvl":11,"wI":0,"wX":0,"x":10,"y":23},{"data":1000010,"id":500000533,"lvl":11,"wI":0,"wX":0,"x":10,"y":24},{"data":1000010,"id":500000536,"lvl":11,"wI":0,"wX":0,"x":10,"y":27},{"data":1000010,"id":500000537,"lvl":11,"wI":0,"wX":0,"x":10,"y":28},{"data":1000010,"id":500000538,"lvl":11,"wI":0,"wX":0,"x":10,"y":29},{"data":1000010,"id":500000539,"lvl":11,"wI":0,"wX":0,"x":10,"y":30},{"data":1000010,"id":500000543,"lvl":11,"wI":0,"wX":0,"x":12,"y":32},{"data":1000010,"id":500000544,"lvl":11,"wI":0,"wX":0,"x":13,"y":32},{"data":1000010,"id":500000545,"lvl":11,"wI":0,"wX":0,"x":14,"y":32},{"data":1000010,"id":500000546,"lvl":11,"wI":0,"wX":0,"x":15,"y":32},{"data":1000010,"id":500000547,"lvl":11,"wI":0,"wX":0,"x":16,"y":32},{"data":1000010,"id":500000548,"lvl":11,"wI":0,"wX":0,"x":17,"y":32},{"data":1000010,"id":500000549,"lvl":11,"wI":0,"wX":0,"x":18,"y":32},{"data":1000010,"id":500000550,"lvl":11,"wI":0,"wX":0,"x":19,"y":32},{"data":1000010,"id":500000551,"lvl":11,"wI":0,"wX":0,"x":20,"y":32},{"data":1000010,"id":500000552,"lvl":11,"wI":0,"wX":0,"x":21,"y":32},{"data":1000010,"id":500000553,"lvl":11,"wI":0,"wX":0,"x":22,"y":32},{"data":1000010,"id":500000554,"lvl":11,"wI":0,"wX":0,"x":23,"y":32},{"data":1000010,"id":500000555,"lvl":11,"wI":0,"wX":0,"x":24,"y":32},{"data":1000010,"id":500000556,"lvl":11,"wI":0,"wX":0,"x":25,"y":32},{"data":1000010,"id":500000557,"lvl":11,"wI":0,"wX":0,"x":26,"y":32},{"data":1000010,"id":500000558,"lvl":11,"wI":0,"wX":0,"x":27,"y":32},{"data":1000010,"id":500000559,"lvl":11,"wI":0,"wX":0,"x":28,"y":32},{"data":1000010,"id":500000560,"lvl":11,"wI":0,"wX":0,"x":29,"y":32},{"data":1000010,"id":500000561,"lvl":11,"wI":0,"wX":0,"x":30,"y":32},{"data":1000010,"id":500000562,"lvl":11,"wI":0,"wX":0,"x":31,"y":32},{"data":1000010,"id":500000564,"lvl":11,"wI":0,"wX":0,"x":32,"y":31},{"data":1000010,"id":500000565,"lvl":11,"wI":0,"wX":0,"x":32,"y":30},{"data":1000010,"id":500000566,"lvl":11,"wI":0,"wX":0,"x":32,"y":29},{"data":1000010,"id":500000567,"lvl":11,"wI":0,"wX":0,"x":32,"y":28},{"data":1000010,"id":500000568,"lvl":11,"wI":0,"wX":0,"x":32,"y":27},{"data":1000010,"id":500000569,"lvl":11,"wI":0,"wX":0,"x":32,"y":26},{"data":1000010,"id":500000570,"lvl":11,"wI":0,"wX":0,"x":32,"y":25},{"data":1000010,"id":500000571,"lvl":11,"wI":0,"wX":0,"x":34,"y":24},{"data":1000010,"id":500000572,"lvl":11,"wI":0,"wX":0,"x":34,"y":23},{"data":1000010,"id":500000573,"lvl":11,"wI":0,"wX":0,"x":32,"y":22},{"data":1000010,"id":500000574,"lvl":11,"wI":0,"wX":0,"x":32,"y":21},{"data":1000010,"id":500000575,"lvl":11,"wI":0,"wX":0,"x":32,"y":20},{"data":1000010,"id":500000576,"lvl":11,"wI":0,"wX":0,"x":32,"y":19},{"data":1000010,"id":500000577,"lvl":9,"wI":0,"wX":0,"x":32,"y":18},{"data":1000010,"id":500000580,"lvl":9,"wI":0,"wX":0,"x":32,"y":15},{"data":1000010,"id":500000582,"lvl":9,"wI":0,"wX":0,"x":32,"y":13},{"data":1000010,"id":500000583,"lvl":11,"wI":0,"wX":0,"x":32,"y":12},{"data":1000010,"id":500000584,"lvl":11,"wI":0,"wX":0,"x":32,"y":11},{"data":1000010,"id":500000585,"lvl":11,"wI":0,"wX":0,"x":31,"y":11},{"data":1000010,"id":500000589,"lvl":11,"wI":0,"wX":0,"x":27,"y":11},{"data":1000010,"id":500000590,"lvl":11,"wI":0,"wX":0,"x":26,"y":11},{"data":1000010,"id":500000591,"lvl":11,"wI":0,"wX":0,"x":25,"y":11},{"data":1000010,"id":500000592,"lvl":11,"wI":0,"wX":0,"x":24,"y":11},{"data":1000010,"id":500000595,"lvl":11,"wI":0,"wX":0,"x":21,"y":11},{"data":1000010,"id":500000597,"lvl":11,"wI":0,"wX":0,"x":19,"y":11},{"data":1000010,"id":500000601,"lvl":11,"wI":0,"wX":0,"x":15,"y":11},{"data":1000010,"id":500000602,"lvl":11,"wI":0,"wX":0,"x":14,"y":11},{"data":1000010,"id":500000605,"lvl":11,"wI":0,"wX":0,"x":11,"y":11},{"data":1000010,"id":500000606,"lvl":11,"wI":0,"wX":0,"x":11,"y":12},{"data":1000010,"id":500000607,"lvl":11,"wI":0,"wX":0,"x":11,"y":13},{"data":1000010,"id":500000614,"lvl":11,"wI":0,"wX":0,"x":11,"y":20},{"data":1000010,"id":500000616,"lvl":11,"wI":0,"wX":0,"x":11,"y":22},{"data":1000010,"id":500000618,"lvl":11,"wI":0,"wX":0,"x":11,"y":24},{"data":1000010,"id":500000621,"lvl":11,"wI":0,"wX":0,"x":11,"y":27},{"data":1000010,"id":500000623,"lvl":11,"wI":0,"wX":0,"x":11,"y":29},{"data":1000010,"id":500000624,"lvl":11,"wI":0,"wX":0,"x":11,"y":30},{"data":1000010,"id":500000625,"lvl":11,"wI":0,"wX":0,"x":11,"y":31},{"data":1000010,"id":500000626,"lvl":11,"wI":0,"wX":0,"x":12,"y":31},{"data":1000010,"id":500000629,"lvl":11,"wI":0,"wX":0,"x":15,"y":31},{"data":1000010,"id":500000630,"lvl":11,"wI":0,"wX":0,"x":16,"y":31},{"data":1000010,"id":500000633,"lvl":11,"wI":0,"wX":0,"x":19,"y":31},{"data":1000010,"id":500000634,"lvl":11,"wI":0,"wX":0,"x":20,"y":31},{"data":1000010,"id":500000637,"lvl":11,"wI":0,"wX":0,"x":23,"y":31},{"data":1000010,"id":500000640,"lvl":11,"wI":0,"wX":0,"x":26,"y":31},{"data":1000010,"id":500000641,"lvl":11,"wI":0,"wX":0,"x":27,"y":31},{"data":1000010,"id":500000642,"lvl":11,"wI":0,"wX":0,"x":28,"y":31},{"data":1000010,"id":500000643,"lvl":11,"wI":0,"wX":0,"x":29,"y":31},{"data":1000010,"id":500000644,"lvl":11,"wI":0,"wX":0,"x":30,"y":31},{"data":1000010,"id":500000645,"lvl":11,"wI":0,"wX":0,"x":31,"y":31},{"data":1000010,"id":500000646,"lvl":11,"wI":0,"wX":0,"x":31,"y":30},{"data":1000010,"id":500000650,"lvl":11,"wI":0,"wX":0,"x":31,"y":26},{"data":1000010,"id":500000651,"lvl":11,"wI":0,"wX":0,"x":31,"y":25},{"data":1000010,"id":500000652,"lvl":11,"wI":0,"wX":0,"x":31,"y":24},{"data":1000010,"id":500000653,"lvl":11,"wI":0,"wX":0,"x":31,"y":23},{"data":1000010,"id":500000654,"lvl":11,"wI":0,"wX":0,"x":31,"y":22},{"data":1000010,"id":500000657,"lvl":9,"wI":0,"wX":0,"x":31,"y":19},{"data":1000010,"id":500000658,"lvl":9,"wI":0,"wX":0,"x":31,"y":18},{"data":1000010,"id":500000661,"lvl":9,"wI":0,"wX":0,"x":31,"y":15},{"data":1000010,"id":500000662,"lvl":9,"wI":0,"wX":0,"x":31,"y":14},{"data":1000010,"id":500000663,"lvl":9,"wI":0,"wX":0,"x":31,"y":13},{"data":1000010,"id":500000664,"lvl":11,"wI":0,"wX":0,"x":31,"y":12},{"data":1000010,"id":500000668,"lvl":11,"wI":0,"wX":0,"x":27,"y":12},{"data":1000010,"id":500000670,"lvl":11,"wI":0,"wX":0,"x":25,"y":12},{"data":1000010,"id":500000671,"lvl":11,"wI":0,"wX":0,"x":24,"y":12},{"data":1000010,"id":500000673,"lvl":11,"wI":0,"wX":0,"x":22,"y":12},{"data":1000010,"id":500000674,"lvl":11,"wI":0,"wX":0,"x":21,"y":12},{"data":1000010,"id":500000675,"lvl":11,"wI":0,"wX":0,"x":20,"y":12},{"data":1000010,"id":500000676,"lvl":11,"wI":0,"wX":0,"x":19,"y":12},{"data":1000010,"id":500000680,"lvl":11,"wI":0,"wX":0,"x":15,"y":12},{"data":1000010,"id":500000681,"lvl":11,"wI":0,"wX":0,"x":14,"y":12},{"data":1000010,"id":500000684,"lvl":11,"wI":0,"wX":0,"x":12,"y":13},{"data":1000010,"id":500000688,"lvl":11,"wI":0,"wX":0,"x":12,"y":17},{"data":1000010,"id":500000689,"lvl":11,"wI":0,"wX":0,"x":12,"y":18},{"data":1000010,"id":500000690,"lvl":11,"wI":0,"wX":0,"x":12,"y":19},{"data":1000010,"id":500000691,"lvl":11,"wI":0,"wX":0,"x":12,"y":20},{"data":1000010,"id":500000692,"lvl":11,"wI":0,"wX":0,"x":12,"y":21},{"data":1000010,"id":500000693,"lvl":11,"wI":0,"wX":0,"x":12,"y":22},{"data":1000010,"id":500000695,"lvl":11,"wI":0,"wX":0,"x":12,"y":24},{"data":1000010,"id":500000696,"lvl":11,"wI":0,"wX":0,"x":12,"y":25},{"data":1000010,"id":500000697,"lvl":11,"wI":0,"wX":0,"x":12,"y":26},{"data":1000010,"id":500000698,"lvl":11,"wI":0,"wX":0,"x":12,"y":27},{"data":1000010,"id":500000705,"lvl":11,"wI":0,"wX":0,"x":16,"y":30},{"data":1000010,"id":500000708,"lvl":11,"wI":0,"wX":0,"x":19,"y":30},{"data":1000010,"id":500000709,"lvl":11,"wI":0,"wX":0,"x":20,"y":30},{"data":1000010,"id":500000712,"lvl":11,"wI":0,"wX":0,"x":23,"y":30},{"data":1000010,"id":500000715,"lvl":11,"wI":0,"wX":0,"x":26,"y":30},{"data":1000010,"id":500000718,"lvl":11,"wI":0,"wX":0,"x":29,"y":30},{"data":1000010,"id":500000723,"lvl":11,"wI":0,"wX":0,"x":28,"y":23},{"data":1000010,"id":500000726,"lvl":11,"wI":0,"wX":0,"x":30,"y":23},{"data":1000010,"id":500000727,"lvl":11,"wI":0,"wX":0,"x":30,"y":22},{"data":1000010,"id":500000730,"lvl":9,"wI":0,"wX":0,"x":30,"y":19},{"data":1000010,"id":500000731,"lvl":9,"wI":0,"wX":0,"x":30,"y":18},{"data":1000010,"id":500000735,"lvl":11,"wI":0,"wX":0,"x":30,"y":14},{"data":1000010,"id":500000739,"lvl":11,"wI":0,"wX":0,"x":27,"y":13},{"data":1000010,"id":500000740,"lvl":11,"wI":0,"wX":0,"x":26,"y":13},{"data":1000010,"id":500000741,"lvl":11,"wI":0,"wX":0,"x":25,"y":13},{"data":1000010,"id":500000742,"lvl":11,"wI":0,"wX":0,"x":24,"y":13},{"data":1000010,"id":500000743,"lvl":11,"wI":0,"wX":0,"x":23,"y":12},{"data":1000010,"id":500000744,"lvl":11,"wI":0,"wX":0,"x":22,"y":13},{"data":1000010,"id":500000745,"lvl":11,"wI":0,"wX":0,"x":21,"y":13},{"data":1000010,"id":500000747,"lvl":11,"wI":0,"wX":0,"x":19,"y":13},{"data":1000010,"id":500000751,"lvl":11,"wI":0,"wX":0,"x":15,"y":13},{"data":1000010,"id":500000752,"lvl":11,"wI":0,"wX":0,"x":14,"y":13},{"data":1000010,"id":500000753,"lvl":11,"wI":0,"wX":0,"x":13,"y":13},{"data":1000010,"id":500000757,"lvl":11,"wI":0,"wX":0,"x":13,"y":17},{"data":1000010,"id":500000761,"lvl":11,"wI":0,"wX":0,"x":13,"y":21},{"data":1000010,"id":500000762,"lvl":11,"wI":0,"wX":0,"x":13,"y":22},{"data":1000010,"id":500000765,"lvl":11,"wI":0,"wX":0,"x":12,"y":23},{"data":1000010,"id":500000766,"lvl":11,"wI":0,"wX":0,"x":13,"y":26},{"data":1000010,"id":500000772,"lvl":11,"wI":0,"wX":0,"x":16,"y":29},{"data":1000010,"id":500000773,"lvl":11,"wI":0,"wX":0,"x":17,"y":29},{"data":1000010,"id":500000774,"lvl":11,"wI":0,"wX":0,"x":18,"y":29},{"data":1000010,"id":500000775,"lvl":11,"wI":0,"wX":0,"x":19,"y":29},{"data":1000010,"id":500000776,"lvl":11,"wI":0,"wX":0,"x":20,"y":29},{"data":1000010,"id":500000777,"lvl":11,"wI":0,"wX":0,"x":21,"y":29},{"data":1000010,"id":500000778,"lvl":11,"wI":0,"wX":0,"x":22,"y":29},{"data":1000010,"id":500000779,"lvl":11,"wI":0,"wX":0,"x":23,"y":29},{"data":1000010,"id":500000780,"lvl":11,"wI":0,"wX":0,"x":24,"y":29},{"data":1000010,"id":500000781,"lvl":11,"wI":0,"wX":0,"x":25,"y":29},{"data":1000010,"id":500000782,"lvl":11,"wI":0,"wX":0,"x":26,"y":29},{"data":1000010,"id":500000785,"lvl":11,"wI":0,"wX":0,"x":29,"y":29},{"data":1000010,"id":500000786,"lvl":11,"wI":0,"wX":0,"x":29,"y":28},{"data":1000010,"id":500000787,"lvl":11,"wI":0,"wX":0,"x":29,"y":27},{"data":1000010,"id":500000791,"lvl":11,"wI":0,"wX":0,"x":29,"y":23},{"data":1000010,"id":500000792,"lvl":11,"wI":0,"wX":0,"x":29,"y":22},{"data":1000010,"id":500000793,"lvl":11,"wI":0,"wX":0,"x":29,"y":21},{"data":1000010,"id":500000794,"lvl":11,"wI":0,"wX":0,"x":29,"y":20},{"data":1000010,"id":500000795,"lvl":11,"wI":0,"wX":0,"x":29,"y":19},{"data":1000010,"id":500000796,"lvl":11,"wI":0,"wX":0,"x":29,"y":18},{"data":1000010,"id":500000800,"lvl":11,"wI":0,"wX":0,"x":29,"y":14},{"data":1000010,"id":500000801,"lvl":11,"wI":0,"wX":0,"x":28,"y":14},{"data":1000010,"id":500000802,"lvl":11,"wI":0,"wX":0,"x":27,"y":14},{"data":1000010,"id":500000803,"lvl":11,"wI":0,"wX":0,"x":26,"y":14},{"data":1000010,"id":500000804,"lvl":11,"wI":0,"wX":0,"x":25,"y":14},{"data":1000010,"id":500000805,"lvl":11,"wI":0,"wX":0,"x":24,"y":14},{"data":1000010,"id":500000806,"lvl":11,"wI":0,"wX":0,"x":23,"y":14},{"data":1000010,"id":500000807,"lvl":11,"wI":0,"wX":0,"x":22,"y":14},{"data":1000010,"id":500000808,"lvl":11,"wI":0,"wX":0,"x":21,"y":14},{"data":1000010,"id":500000809,"lvl":11,"wI":0,"wX":0,"x":20,"y":14},{"data":1000010,"id":500000810,"lvl":11,"wI":0,"wX":0,"x":19,"y":14},{"data":1000010,"id":500000811,"lvl":11,"wI":0,"wX":0,"x":18,"y":11},{"data":1000010,"id":500000812,"lvl":11,"wI":0,"wX":0,"x":17,"y":11},{"data":1000010,"id":500000813,"lvl":11,"wI":0,"wX":0,"x":16,"y":11},{"data":1000010,"id":500000814,"lvl":11,"wI":0,"wX":0,"x":15,"y":14},{"data":1000010,"id":500000815,"lvl":11,"wI":0,"wX":0,"x":14,"y":14},{"data":1000010,"id":500000816,"lvl":11,"wI":0,"wX":0,"x":14,"y":15},{"data":1000010,"id":500000817,"lvl":11,"wI":0,"wX":0,"x":14,"y":16},{"data":1000010,"id":500000818,"lvl":11,"wI":0,"wX":0,"x":14,"y":17},{"data":1000010,"id":500000822,"lvl":11,"wI":0,"wX":0,"x":14,"y":21},{"data":1000010,"id":500000823,"lvl":11,"wI":0,"wX":0,"x":14,"y":22},{"data":1000010,"id":500000827,"lvl":11,"wI":0,"wX":0,"x":14,"y":26},{"data":1000010,"id":500000831,"lvl":11,"wI":0,"wX":0,"x":16,"y":28},{"data":1000010,"id":500000835,"lvl":11,"wI":0,"wX":0,"x":20,"y":28},{"data":1000010,"id":500000836,"lvl":11,"wI":0,"wX":0,"x":21,"y":28},{"data":1000010,"id":500000841,"lvl":11,"wI":0,"wX":0,"x":26,"y":28},{"data":1000010,"id":500000842,"lvl":11,"wI":0,"wX":0,"x":27,"y":28},{"data":1000010,"id":500000843,"lvl":11,"wI":0,"wX":0,"x":28,"y":28},{"data":1000010,"id":500000844,"lvl":11,"wI":0,"wX":0,"x":28,"y":27},{"data":1000010,"id":500000849,"lvl":11,"wI":0,"wX":0,"x":28,"y":22},{"data":1000010,"id":500000853,"lvl":11,"wI":0,"wX":0,"x":28,"y":18},{"data":1000010,"id":500000857,"lvl":11,"wI":0,"wX":0,"x":27,"y":15},{"data":1000010,"id":500000860,"lvl":11,"wI":0,"wX":0,"x":24,"y":15},{"data":1000010,"id":500000864,"lvl":11,"wI":0,"wX":0,"x":20,"y":15},{"data":1000010,"id":500000865,"lvl":11,"wI":0,"wX":0,"x":19,"y":15},{"data":1000010,"id":500000866,"lvl":11,"wI":0,"wX":0,"x":18,"y":15},{"data":1000010,"id":500000867,"lvl":11,"wI":0,"wX":0,"x":17,"y":15},{"data":1000010,"id":500000868,"lvl":11,"wI":0,"wX":0,"x":16,"y":15},{"data":1000010,"id":500000869,"lvl":11,"wI":0,"wX":0,"x":15,"y":15},{"data":1000010,"id":500000871,"lvl":11,"wI":0,"wX":0,"x":15,"y":17},{"data":1000010,"id":500000875,"lvl":11,"wI":0,"wX":0,"x":15,"y":21},{"data":1000010,"id":500000876,"lvl":11,"wI":0,"wX":0,"x":15,"y":22},{"data":1000010,"id":500000880,"lvl":11,"wI":0,"wX":0,"x":15,"y":26},{"data":1000010,"id":500000882,"lvl":11,"wI":0,"wX":0,"x":16,"y":27},{"data":1000010,"id":500000886,"lvl":11,"wI":0,"wX":0,"x":20,"y":27},{"data":1000010,"id":500000887,"lvl":11,"wI":0,"wX":0,"x":21,"y":27},{"data":1000010,"id":500000892,"lvl":11,"wI":0,"wX":0,"x":26,"y":27},{"data":1000010,"id":500000893,"lvl":11,"wI":0,"wX":0,"x":27,"y":27},{"data":1000010,"id":500000894,"lvl":11,"wI":0,"wX":0,"x":27,"y":26},{"data":1000010,"id":500000895,"lvl":11,"wI":0,"wX":0,"x":27,"y":25},{"data":1000010,"id":500000896,"lvl":11,"wI":0,"wX":0,"x":27,"y":24},{"data":1000010,"id":500000897,"lvl":11,"wI":0,"wX":0,"x":27,"y":23},{"data":1000010,"id":500000898,"lvl":11,"wI":0,"wX":0,"x":27,"y":22},{"data":1000010,"id":500000902,"lvl":11,"wI":0,"wX":0,"x":27,"y":18},{"data":1000010,"id":500000903,"lvl":11,"wI":0,"wX":0,"x":27,"y":17},{"data":1000010,"id":500000904,"lvl":11,"wI":0,"wX":0,"x":27,"y":16},{"data":1000010,"id":500000907,"lvl":11,"wI":0,"wX":0,"x":24,"y":16},{"data":1000010,"id":500000911,"lvl":11,"wI":0,"wX":0,"x":20,"y":16},{"data":1000010,"id":500000912,"lvl":11,"wI":0,"wX":0,"x":19,"y":16},{"data":1000010,"id":500000913,"lvl":11,"wI":0,"wX":0,"x":18,"y":16},{"data":1000010,"id":500000914,"lvl":11,"wI":0,"wX":0,"x":17,"y":16},{"data":1000010,"id":500000915,"lvl":11,"wI":0,"wX":0,"x":16,"y":16},{"data":1000010,"id":500000916,"lvl":11,"wI":0,"wX":0,"x":16,"y":17},{"data":1000010,"id":500000917,"lvl":11,"wI":0,"wX":0,"x":16,"y":18},{"data":1000010,"id":500000918,"lvl":11,"wI":0,"wX":0,"x":16,"y":19},{"data":1000010,"id":500000919,"lvl":11,"wI":0,"wX":0,"x":16,"y":20},{"data":1000010,"id":500000920,"lvl":11,"wI":0,"wX":0,"x":16,"y":21},{"data":1000010,"id":500000921,"lvl":11,"wI":0,"wX":0,"x":16,"y":22},{"data":1000010,"id":500000922,"lvl":11,"wI":0,"wX":0,"x":16,"y":23},{"data":1000010,"id":500000923,"lvl":11,"wI":0,"wX":0,"x":16,"y":24},{"data":1000010,"id":500000924,"lvl":11,"wI":0,"wX":0,"x":16,"y":25},{"data":1000010,"id":500000925,"lvl":11,"wI":0,"wX":0,"x":16,"y":26},{"data":1000010,"id":500000929,"lvl":11,"wI":0,"wX":0,"x":20,"y":26},{"data":1000010,"id":500000930,"lvl":11,"wI":0,"wX":0,"x":21,"y":26},{"data":1000010,"id":500000935,"lvl":11,"wI":0,"wX":0,"x":26,"y":26},{"data":1000010,"id":500000936,"lvl":11,"wI":0,"wX":0,"x":26,"y":25},{"data":1000010,"id":500000937,"lvl":11,"wI":0,"wX":0,"x":26,"y":24},{"data":1000010,"id":500000939,"lvl":11,"wI":0,"wX":0,"x":26,"y":22},{"data":1000010,"id":500000943,"lvl":11,"wI":0,"wX":0,"x":26,"y":18},{"data":1000010,"id":500000944,"lvl":11,"wI":0,"wX":0,"x":26,"y":17},{"data":1000010,"id":500000945,"lvl":11,"wI":0,"wX":0,"x":25,"y":17},{"data":1000010,"id":500000946,"lvl":11,"wI":0,"wX":0,"x":24,"y":17},{"data":1000010,"id":500000950,"lvl":11,"wI":0,"wX":0,"x":20,"y":17},{"data":1000010,"id":500000951,"lvl":11,"wI":0,"wX":0,"x":19,"y":17},{"data":1000010,"id":500000955,"lvl":11,"wI":0,"wX":0,"x":17,"y":19},{"data":1000010,"id":500000956,"lvl":11,"wI":0,"wX":0,"x":17,"y":20},{"data":1000010,"id":500000957,"lvl":11,"wI":0,"wX":0,"x":17,"y":21},{"data":1000010,"id":500000958,"lvl":11,"wI":0,"wX":0,"x":17,"y":22},{"data":1000010,"id":500000961,"lvl":11,"wI":0,"wX":0,"x":17,"y":25},{"data":1000010,"id":500000962,"lvl":11,"wI":0,"wX":0,"x":18,"y":25},{"data":1000010,"id":500000963,"lvl":11,"wI":0,"wX":0,"x":19,"y":25},{"data":1000010,"id":500000964,"lvl":11,"wI":0,"wX":0,"x":20,"y":25},{"data":1000010,"id":500000965,"lvl":11,"wI":0,"wX":0,"x":21,"y":25},{"data":1000010,"id":500000970,"lvl":11,"wI":0,"wX":0,"x":25,"y":24},{"data":1000010,"id":500000971,"lvl":11,"wI":0,"wX":0,"x":25,"y":23},{"data":1000010,"id":500000972,"lvl":11,"wI":0,"wX":0,"x":25,"y":22},{"data":1000010,"id":500000973,"lvl":11,"wI":0,"wX":0,"x":25,"y":21},{"data":1000010,"id":500000974,"lvl":11,"wI":0,"wX":0,"x":25,"y":20},{"data":1000010,"id":500000975,"lvl":11,"wI":0,"wX":0,"x":25,"y":19},{"data":1000010,"id":500000976,"lvl":11,"wI":0,"wX":0,"x":25,"y":18},{"data":1000010,"id":500000977,"lvl":11,"wI":0,"wX":0,"x":24,"y":18},{"data":1000010,"id":500000978,"lvl":11,"wI":0,"wX":0,"x":23,"y":18},{"data":1000010,"id":500000979,"lvl":11,"wI":0,"wX":0,"x":22,"y":18},{"data":1000010,"id":500000980,"lvl":11,"wI":0,"wX":0,"x":21,"y":18},{"data":1000010,"id":500000981,"lvl":11,"wI":0,"wX":0,"x":20,"y":18},{"data":1000010,"id":500000982,"lvl":11,"wI":0,"wX":0,"x":19,"y":18},{"data":1000010,"id":500000984,"lvl":11,"wI":0,"wX":0,"x":18,"y":19},{"data":1000010,"id":500000987,"lvl":11,"wI":0,"wX":0,"x":18,"y":22},{"data":1000010,"id":500000990,"lvl":11,"wI":0,"wX":0,"x":19,"y":24},{"data":1000010,"id":500000991,"lvl":11,"wI":0,"wX":0,"x":20,"y":24},{"data":1000010,"id":500000992,"lvl":11,"wI":0,"wX":0,"x":21,"y":24},{"data":1000010,"id":500000993,"lvl":11,"wI":0,"wX":0,"x":22,"y":24},{"data":1000010,"id":500000994,"lvl":11,"wI":0,"wX":0,"x":23,"y":24},{"data":1000010,"id":500000995,"lvl":11,"wI":0,"wX":0,"x":24,"y":24},{"data":1000010,"id":500001000,"lvl":11,"wI":0,"wX":0,"x":24,"y":19},{"data":1000010,"id":500001001,"lvl":11,"wI":0,"wX":0,"x":23,"y":19},{"data":1000010,"id":500001002,"lvl":11,"wI":0,"wX":0,"x":22,"y":19},{"data":1000010,"id":500001003,"lvl":11,"wI":0,"wX":0,"x":21,"y":19},{"data":1000010,"id":500001004,"lvl":11,"wI":0,"wX":0,"x":20,"y":19},{"data":1000010,"id":500001005,"lvl":11,"wI":0,"wX":0,"x":19,"y":19},{"data":1000010,"id":500001009,"lvl":11,"wI":0,"wX":0,"x":20,"y":20},{"data":1000010,"id":500001012,"lvl":11,"wI":0,"wX":0,"x":19,"y":22},{"data":1000010,"id":500001013,"lvl":11,"wI":0,"wX":0,"x":19,"y":23},{"data":1000010,"id":500001018,"lvl":11,"wI":0,"wX":0,"x":20,"y":22},{"data":1000010,"id":500001020,"lvl":11,"wI":0,"wX":0,"x":20,"y":23},{"data":1000010,"id":500001022,"lvl":11,"wI":0,"wX":0,"x":20,"y":21},{"data":1000031,"id":500001026,"lvl":1,"x":22,"y":25,"ammo":30},{"data":1000012,"id":500001027,"lvl":8,"x":13,"y":18},{"data":1000012,"id":500001028,"lvl":8,"x":21,"y":15},{"data":1000012,"id":500001029,"lvl":8,"x":17,"y":26},{"data":1000012,"id":500001030,"lvl":8,"x":26,"y":19},{"data":1000003,"id":500001031,"lvl":11,"x":13,"y":23},{"data":1000005,"id":500001032,"lvl":11,"x":16,"y":12},{"data":1000024,"id":500001033,"lvl":6,"x":28,"y":24},{"data":1000027,"id":500001034,"lvl":4,"x":17,"y":17,"attack_mode":false,"attack_mode_draft":false,"attack_mode_war":false,"attack_mode_draft_war":false,"attack_mode2":false,"attack_mode_d2":false,"attack_mode3":false,"attack_mode_d3":false,"attack_mode4":false,"attack_mode_d4":false,"attack_mode5":false,"attack_mode_d5":false,"attack_mode_chal":false,"attack_mode_dchal":false,"attack_mode_arrw":false,"attack_mode_draft_arrw":false,"ammo":1000},{"data":1000027,"id":500001035,"lvl":4,"x":25,"y":15,"attack_mode":false,"attack_mode_draft":false,"attack_mode_war":false,"attack_mode_draft_war":false,"attack_mode2":false,"attack_mode_d2":false,"attack_mode3":false,"attack_mode_d3":false,"attack_mode4":false,"attack_mode_d4":false,"attack_mode5":false,"attack_mode_d5":false,"attack_mode_chal":false,"attack_mode_dchal":false,"attack_mode_arrw":false,"attack_mode_draft_arrw":false,"ammo":1000},{"data":1000027,"id":500001036,"lvl":4,"x":21,"y":30,"attack_mode":false,"attack_mode_draft":false,"attack_mode_war":false,"attack_mode_draft_war":false,"attack_mode2":false,"attack_mode_d2":false,"attack_mode3":false,"attack_mode_d3":false,"attack_mode4":false,"attack_mode_d4":false,"attack_mode5":false,"attack_mode_d5":false,"attack_mode_chal":false,"attack_mode_dchal":false,"attack_mode_arrw":false,"attack_mode_draft_arrw":false,"ammo":1000},{"data":1000027,"id":500001037,"lvl":4,"x":30,"y":20,"attack_mode":true,"attack_mode_draft":false,"attack_mode_war":false,"attack_mode_draft_war":false,"attack_mode2":false,"attack_mode_d2":false,"attack_mode3":false,"attack_mode_d3":false,"attack_mode4":false,"attack_mode_d4":false,"attack_mode5":false,"attack_mode_d5":false,"attack_mode_chal":false,"attack_mode_dchal":false,"attack_mode_arrw":false,"attack_mode_draft_arrw":false,"ammo":1000},{"data":1000011,"id":500001038,"lvl":9,"x":28,"y":15},{"data":1000011,"id":500001039,"lvl":9,"x":11,"y":14},{"data":1000011,"id":500001040,"lvl":9,"x":13,"y":27},{"data":1000011,"id":500001041,"lvl":9,"x":28,"y":11},{"data":1000019,"id":500001043,"lvl":8,"x":17,"y":30},{"data":1000019,"id":500001044,"lvl":8,"x":12,"y":11},{"data":1000028,"id":500001045,"lvl":6,"x":18,"y":20,"aim_angle":0,"aim_angle_draft":0,"aim_angle_war":0,"aim_angle_draft_war":0,"aim_angle2":0,"aim_angle_d2":0,"aim_angle3":0,"aim_angle_d3":0,"aim_angle4":0,"aim_angle_d4":0,"aim_angle5":0,"aim_angle_d5":0,"aim_angle5_chal":0,"aim_angle_dchal":0,"aim_angle_arrw":0,"aim_angle_draft_arrw":0},{"data":1000028,"id":500001046,"lvl":6,"x":17,"y":23,"aim_angle":90,"aim_angle_draft":90,"aim_angle_war":0,"aim_angle_draft_war":0,"aim_angle2":0,"aim_angle_d2":0,"aim_angle3":0,"aim_angle_d3":0,"aim_angle4":0,"aim_angle_d4":0,"aim_angle5":0,"aim_angle_d5":0,"aim_angle5_chal":0,"aim_angle_dchal":0,"aim_angle_arrw":0,"aim_angle_draft_arrw":0},{"data":1000019,"id":500001047,"lvl":8,"x":22,"y":10},{"data":1000019,"id":500001048,"lvl":8,"x":32,"y":23},{"data":1000019,"id":500001049,"lvl":8,"x":27,"y":29},{"data":1000028,"id":500001050,"lvl":6,"x":24,"y":30,"aim_angle":225,"aim_angle_draft":225,"aim_angle_war":0,"aim_angle_draft_war":0,"aim_angle2":0,"aim_angle_d2":0,"aim_angle3":0,"aim_angle_d3":0,"aim_angle4":0,"aim_angle_d4":0,"aim_angle5":0,"aim_angle_d5":0,"aim_angle5_chal":0,"aim_angle_dchal":0,"aim_angle_arrw":0,"aim_angle_draft_arrw":0},{"data":1000019,"id":500001051,"lvl":8,"x":10,"y":25},{"data":1000010,"id":500001052,"lvl":11,"wI":0,"wX":0,"x":37,"y":20},{"data":1000010,"id":500001053,"lvl":11,"wI":0,"wX":0,"x":30,"y":29},{"data":1000010,"id":500001054,"lvl":11,"wI":0,"wX":0,"x":31,"y":29},{"data":1000010,"id":500001055,"lvl":11,"wI":0,"wX":0,"x":10,"y":19},{"data":1000010,"id":500001056,"lvl":11,"wI":0,"wX":0,"x":11,"y":19},{"data":1000010,"id":500001057,"lvl":11,"wI":0,"wX":0,"x":12,"y":28},{"data":1000010,"id":500001058,"lvl":11,"wI":0,"wX":0,"x":12,"y":29},{"data":1000010,"id":500001059,"lvl":11,"wI":0,"wX":0,"x":12,"y":30},{"data":1000010,"id":500001060,"lvl":11,"wI":0,"wX":0,"x":15,"y":30},{"data":1000010,"id":500001061,"lvl":8,"wI":0,"wX":0,"x":36,"y":12},{"data":1000010,"id":500001062,"lvl":8,"wI":0,"wX":0,"x":36,"y":13},{"data":1000010,"id":500001063,"lvl":8,"wI":0,"wX":0,"x":36,"y":14},{"data":1000010,"id":500001064,"lvl":8,"wI":0,"wX":0,"x":36,"y":15},{"data":1000010,"id":500001065,"lvl":8,"wI":0,"wX":0,"x":36,"y":16},{"data":1000010,"id":500001066,"lvl":8,"wI":0,"wX":0,"x":36,"y":17},{"data":1000010,"id":500001067,"lvl":8,"wI":0,"wX":0,"x":36,"y":18},{"data":1000010,"id":500001068,"lvl":8,"wI":0,"wX":0,"x":36,"y":19}],"decos":[{"data":18000008,"id":506000000,"x":37,"y":15}],"traps":[{"data":12000002,"id":504000000,"lvl":4,"x":10,"y":17},{"data":12000002,"id":504000001,"lvl":4,"x":30,"y":27},{"data":12000006,"id":504000002,"lvl":2,"x":20,"y":11},{"data":12000006,"id":504000003,"lvl":2,"x":11,"y":21},{"data":12000006,"id":504000004,"lvl":2,"x":26,"y":23},{"data":12000000,"id":504000005,"lvl":6,"x":20,"y":13},{"data":12000000,"id":504000007,"lvl":6,"x":15,"y":16},{"data":12000005,"id":504000008,"lvl":4,"x":33,"y":20},{"data":12000005,"id":504000009,"lvl":4,"x":21,"y":33},{"data":12000005,"id":504000010,"lvl":4,"x":23,"y":13},{"data":12000005,"id":504000011,"lvl":4,"x":11,"y":23},{"data":12000001,"id":504000012,"lvl":2,"x":13,"y":34},{"data":12000001,"id":504000013,"lvl":2,"x":14,"y":34},{"data":12000001,"id":504000014,"lvl":2,"x":15,"y":34},{"data":12000001,"id":504000015,"lvl":2,"x":16,"y":34},{"data":12000001,"id":504000016,"lvl":2,"x":17,"y":34},{"data":12000001,"id":504000017,"lvl":2,"x":18,"y":34},{"data":12000001,"id":504000018,"lvl":2,"x":19,"y":34},{"data":12000001,"id":504000019,"lvl":2,"x":19,"y":35},{"data":12000001,"id":504000020,"lvl":2,"x":20,"y":35},{"data":12000001,"id":504000021,"lvl":2,"x":21,"y":35},{"data":12000001,"id":504000022,"lvl":2,"x":22,"y":35},{"data":12000001,"id":504000023,"lvl":2,"x":23,"y":35},{"data":12000001,"id":504000024,"lvl":2,"x":24,"y":35},{"data":12000001,"id":504000025,"lvl":2,"x":25,"y":35},{"data":12000001,"id":504000026,"lvl":2,"x":25,"y":34},{"data":12000001,"id":504000027,"lvl":2,"x":26,"y":34},{"data":12000001,"id":504000028,"lvl":2,"x":27,"y":34},{"data":12000001,"id":504000029,"lvl":2,"x":28,"y":34},{"data":12000001,"id":504000030,"lvl":2,"x":29,"y":34},{"data":12000001,"id":504000031,"lvl":2,"x":30,"y":34},{"data":12000001,"id":504000032,"lvl":2,"x":31,"y":34},{"data":12000001,"id":504000033,"lvl":2,"x":31,"y":33},{"data":12000001,"id":504000034,"lvl":2,"x":32,"y":33},{"data":12000001,"id":504000035,"lvl":2,"x":32,"y":32},{"data":12000001,"id":504000036,"lvl":2,"x":33,"y":32},{"data":12000001,"id":504000037,"lvl":2,"x":33,"y":31},{"data":12000001,"id":504000038,"lvl":2,"x":34,"y":31},{"data":12000001,"id":504000039,"lvl":2,"x":34,"y":30},{"data":12000001,"id":504000040,"lvl":2,"x":34,"y":29},{"data":12000001,"id":504000041,"lvl":2,"x":35,"y":29},{"data":12000001,"id":504000042,"lvl":2,"x":35,"y":28},{"data":12000001,"id":504000043,"lvl":2,"x":35,"y":27},{"data":12000001,"id":504000044,"lvl":2,"x":35,"y":26},{"data":12000001,"id":504000045,"lvl":2,"x":35,"y":25},{"data":12000001,"id":504000046,"lvl":2,"x":36,"y":25},{"data":12000001,"id":504000047,"lvl":2,"x":36,"y":24},{"data":12000001,"id":504000048,"lvl":2,"x":36,"y":23},{"data":12000001,"id":504000049,"lvl":2,"x":36,"y":22},{"data":12000001,"id":504000050,"lvl":2,"x":36,"y":21},{"data":12000001,"id":504000051,"lvl":2,"x":36,"y":20},{"data":12000001,"id":504000052,"lvl":2,"x":35,"y":19},{"data":12000001,"id":504000053,"lvl":2,"x":35,"y":18},{"data":12000001,"id":504000054,"lvl":2,"x":35,"y":17},{"data":12000001,"id":504000055,"lvl":2,"x":35,"y":16},{"data":12000001,"id":504000056,"lvl":2,"x":35,"y":15},{"data":12000001,"id":504000057,"lvl":2,"x":35,"y":14},{"data":12000001,"id":504000058,"lvl":2,"x":35,"y":13},{"data":12000001,"id":504000059,"lvl":2,"x":34,"y":13},{"data":12000001,"id":504000060,"lvl":2,"x":34,"y":12},{"data":12000001,"id":504000061,"lvl":2,"x":34,"y":11},{"data":12000001,"id":504000062,"lvl":2,"x":33,"y":11},{"data":12000001,"id":504000063,"lvl":2,"x":33,"y":10},{"data":12000001,"id":504000064,"lvl":2,"x":32,"y":10},{"data":12000001,"id":504000065,"lvl":2,"x":32,"y":9},{"data":12000001,"id":504000066,"lvl":2,"x":31,"y":9},{"data":12000001,"id":504000067,"lvl":2,"x":30,"y":9},{"data":12000001,"id":504000068,"lvl":2,"x":30,"y":8},{"data":12000001,"id":504000069,"lvl":2,"x":29,"y":8},{"data":12000001,"id":504000070,"lvl":2,"x":28,"y":8},{"data":12000001,"id":504000071,"lvl":2,"x":27,"y":8},{"data":12000001,"id":504000072,"lvl":2,"x":26,"y":8},{"data":12000001,"id":504000073,"lvl":2,"x":26,"y":7},{"data":12000001,"id":504000074,"lvl":2,"x":25,"y":7},{"data":12000001,"id":504000075,"lvl":2,"x":24,"y":7},{"data":12000001,"id":504000076,"lvl":2,"x":23,"y":7},{"data":12000001,"id":504000077,"lvl":2,"x":22,"y":7},{"data":12000001,"id":504000078,"lvl":2,"x":21,"y":7},{"data":12000001,"id":504000079,"lvl":2,"x":20,"y":7},{"data":12000001,"id":504000080,"lvl":2,"x":19,"y":7},{"data":12000001,"id":504000081,"lvl":2,"x":18,"y":7},{"data":12000001,"id":504000082,"lvl":2,"x":17,"y":7},{"data":12000001,"id":504000083,"lvl":2,"x":17,"y":8},{"data":12000001,"id":504000084,"lvl":2,"x":16,"y":8},{"data":12000001,"id":504000085,"lvl":2,"x":15,"y":8},{"data":12000001,"id":504000086,"lvl":2,"x":14,"y":8},{"data":12000001,"id":504000087,"lvl":2,"x":13,"y":8},{"data":12000001,"id":504000088,"lvl":2,"x":13,"y":9},{"data":12000001,"id":504000089,"lvl":2,"x":11,"y":9},{"data":12000001,"id":504000090,"lvl":2,"x":12,"y":9},{"data":12000001,"id":504000091,"lvl":2,"x":10,"y":10},{"data":12000001,"id":504000092,"lvl":2,"x":10,"y":11},{"data":12000001,"id":504000093,"lvl":2,"x":9,"y":11},{"data":12000001,"id":504000094,"lvl":2,"x":9,"y":12},{"data":12000001,"id":504000095,"lvl":2,"x":9,"y":13},{"data":12000001,"id":504000096,"lvl":2,"x":8,"y":13},{"data":12000001,"id":504000097,"lvl":2,"x":8,"y":14},{"data":12000001,"id":504000098,"lvl":2,"x":8,"y":15},{"data":12000001,"id":504000099,"lvl":2,"x":8,"y":16},{"data":12000001,"id":504000100,"lvl":2,"x":8,"y":17},{"data":12000001,"id":504000101,"lvl":2,"x":8,"y":18},{"data":12000001,"id":504000102,"lvl":2,"x":7,"y":18},{"data":12000001,"id":504000103,"lvl":2,"x":7,"y":19},{"data":12000001,"id":504000104,"lvl":2,"x":7,"y":20},{"data":12000001,"id":504000105,"lvl":2,"x":7,"y":21},{"data":12000001,"id":504000106,"lvl":2,"x":7,"y":22},{"data":12000001,"id":504000107,"lvl":2,"x":7,"y":23},{"data":12000001,"id":504000108,"lvl":2,"x":7,"y":24},{"data":12000001,"id":504000109,"lvl":2,"x":8,"y":24},{"data":12000001,"id":504000110,"lvl":2,"x":8,"y":25},{"data":12000001,"id":504000111,"lvl":2,"x":8,"y":26},{"data":12000001,"id":504000112,"lvl":2,"x":8,"y":27},{"data":12000001,"id":504000113,"lvl":2,"x":8,"y":28},{"data":12000001,"id":504000114,"lvl":2,"x":8,"y":29},{"data":12000001,"id":504000115,"lvl":2,"x":9,"y":29},{"data":12000001,"id":504000116,"lvl":2,"x":9,"y":30},{"data":12000001,"id":504000117,"lvl":2,"x":9,"y":31},{"data":12000001,"id":504000118,"lvl":2,"x":10,"y":31},{"data":12000001,"id":504000119,"lvl":2,"x":10,"y":32},{"data":12000001,"id":504000120,"lvl":2,"x":11,"y":32},{"data":12000001,"id":504000121,"lvl":2,"x":11,"y":33},{"data":12000001,"id":504000122,"lvl":2,"x":12,"y":33},{"data":12000001,"id":504000123,"lvl":2,"x":13,"y":33},{"data":12000001,"id":504000124,"lvl":2,"x":35,"y":20},{"data":12000002,"id":504000125,"lvl":4,"x":31,"y":16},{"data":12000002,"id":504000126,"lvl":4,"x":13,"y":30},{"data":12000001,"id":504000127,"lvl":2,"x":28,"y":5},{"data":12000001,"id":504000128,"lvl":2,"x":27,"y":5},{"data":12000001,"id":504000129,"lvl":2,"x":28,"y":6},{"data":12000001,"id":504000130,"lvl":2,"x":26,"y":5},{"data":12000001,"id":504000131,"lvl":2,"x":25,"y":5},{"data":12000001,"id":504000132,"lvl":2,"x":24,"y":5},{"data":12000001,"id":504000133,"lvl":2,"x":23,"y":5},{"data":12000001,"id":504000134,"lvl":2,"x":22,"y":5},{"data":12000001,"id":504000135,"lvl":2,"x":21,"y":5},{"data":12000001,"id":504000136,"lvl":2,"x":20,"y":5},{"data":12000001,"id":504000137,"lvl":2,"x":19,"y":5},{"data":12000001,"id":504000138,"lvl":2,"x":18,"y":5},{"data":12000001,"id":504000139,"lvl":2,"x":17,"y":5},{"data":12000001,"id":504000140,"lvl":2,"x":16,"y":5},{"data":12000001,"id":504000141,"lvl":2,"x":15,"y":5},{"data":12000001,"id":504000142,"lvl":2,"x":15,"y":6},{"data":12000001,"id":504000143,"lvl":2,"x":14,"y":6},{"data":12000001,"id":504000144,"lvl":2,"x":13,"y":6},{"data":12000001,"id":504000145,"lvl":2,"x":12,"y":6},{"data":12000001,"id":504000146,"lvl":2,"x":11,"y":6},{"data":12000001,"id":504000147,"lvl":2,"x":11,"y":7},{"data":12000001,"id":504000148,"lvl":2,"x":10,"y":7},{"data":12000001,"id":504000149,"lvl":2,"x":9,"y":7},{"data":12000001,"id":504000150,"lvl":2,"x":9,"y":8},{"data":12000001,"id":504000151,"lvl":2,"x":8,"y":8},{"data":12000001,"id":504000152,"lvl":2,"x":8,"y":9},{"data":12000001,"id":504000153,"lvl":2,"x":7,"y":9},{"data":12000001,"id":504000154,"lvl":2,"x":7,"y":10},{"data":12000001,"id":504000155,"lvl":2,"x":7,"y":11},{"data":12000001,"id":504000156,"lvl":2,"x":6,"y":11},{"data":12000001,"id":504000158,"lvl":2,"x":6,"y":12},{"data":12000001,"id":504000159,"lvl":2,"x":6,"y":13},{"data":12000001,"id":504000160,"lvl":2,"x":6,"y":14},{"data":12000001,"id":504000161,"lvl":2,"x":6,"y":15},{"data":12000001,"id":504000162,"lvl":2,"x":6,"y":16},{"data":12000001,"id":504000163,"lvl":2,"x":5,"y":16},{"data":12000001,"id":504000164,"lvl":2,"x":5,"y":17},{"data":12000001,"id":504000165,"lvl":2,"x":5,"y":18},{"data":12000001,"id":504000166,"lvl":2,"x":5,"y":19},{"data":12000001,"id":504000167,"lvl":2,"x":5,"y":20},{"data":12000001,"id":504000168,"lvl":2,"x":5,"y":21},{"data":12000001,"id":504000169,"lvl":2,"x":5,"y":22},{"data":12000001,"id":504000170,"lvl":2,"x":5,"y":23},{"data":12000001,"id":504000171,"lvl":2,"x":5,"y":24},{"data":12000001,"id":504000172,"lvl":2,"x":5,"y":25},{"data":12000001,"id":504000173,"lvl":2,"x":5,"y":26},{"data":12000001,"id":504000174,"lvl":2,"x":6,"y":26},{"data":12000001,"id":504000175,"lvl":2,"x":6,"y":27},{"data":12000001,"id":504000176,"lvl":2,"x":6,"y":28},{"data":12000001,"id":504000177,"lvl":2,"x":6,"y":29},{"data":12000001,"id":504000178,"lvl":2,"x":6,"y":30},{"data":12000001,"id":504000179,"lvl":2,"x":6,"y":31},{"data":12000001,"id":504000180,"lvl":2,"x":7,"y":31},{"data":12000001,"id":504000181,"lvl":2,"x":7,"y":32},{"data":12000001,"id":504000182,"lvl":2,"x":7,"y":33},{"data":12000001,"id":504000183,"lvl":2,"x":8,"y":33},{"data":12000001,"id":504000184,"lvl":2,"x":8,"y":34},{"data":12000001,"id":504000185,"lvl":2,"x":9,"y":34},{"data":12000001,"id":504000186,"lvl":2,"x":9,"y":35},{"data":12000001,"id":504000187,"lvl":2,"x":10,"y":35},{"data":12000001,"id":504000188,"lvl":2,"x":11,"y":35},{"data":12000001,"id":504000189,"lvl":2,"x":11,"y":36},{"data":12000001,"id":504000190,"lvl":2,"x":12,"y":36},{"data":12000001,"id":504000191,"lvl":2,"x":13,"y":36},{"data":12000001,"id":504000192,"lvl":2,"x":14,"y":36},{"data":12000001,"id":504000193,"lvl":2,"x":15,"y":36},{"data":12000001,"id":504000194,"lvl":2,"x":16,"y":36},{"data":12000001,"id":504000195,"lvl":2,"x":17,"y":36},{"data":12000001,"id":504000196,"lvl":2,"x":17,"y":37},{"data":12000001,"id":504000198,"lvl":2,"x":18,"y":37},{"data":12000001,"id":504000199,"lvl":2,"x":19,"y":37},{"data":12000001,"id":504000200,"lvl":2,"x":20,"y":37},{"data":12000001,"id":504000201,"lvl":2,"x":21,"y":37},{"data":12000001,"id":504000202,"lvl":2,"x":22,"y":37},{"data":12000001,"id":504000203,"lvl":2,"x":23,"y":37},{"data":12000001,"id":504000204,"lvl":2,"x":24,"y":37},{"data":12000001,"id":504000205,"lvl":2,"x":25,"y":37},{"data":12000001,"id":504000206,"lvl":2,"x":26,"y":37},{"data":12000001,"id":504000207,"lvl":2,"x":27,"y":37},{"data":12000001,"id":504000208,"lvl":2,"x":27,"y":36},{"data":12000001,"id":504000209,"lvl":2,"x":28,"y":36},{"data":12000001,"id":504000210,"lvl":2,"x":29,"y":36},{"data":12000001,"id":504000211,"lvl":2,"x":30,"y":36},{"data":12000001,"id":504000212,"lvl":2,"x":31,"y":36},{"data":12000001,"id":504000213,"lvl":2,"x":32,"y":36},{"data":12000001,"id":504000214,"lvl":2,"x":33,"y":36},{"data":12000001,"id":504000215,"lvl":2,"x":33,"y":35},{"data":12000001,"id":504000216,"lvl":2,"x":34,"y":35},{"data":12000001,"id":504000217,"lvl":2,"x":34,"y":34},{"data":12000001,"id":504000218,"lvl":2,"x":35,"y":34},{"data":12000001,"id":504000219,"lvl":2,"x":35,"y":33},{"data":12000001,"id":504000220,"lvl":2,"x":36,"y":33},{"data":12000001,"id":504000221,"lvl":2,"x":36,"y":32},{"data":12000001,"id":504000222,"lvl":2,"x":36,"y":31},{"data":12000001,"id":504000223,"lvl":2,"x":37,"y":31},{"data":12000001,"id":504000224,"lvl":2,"x":37,"y":30},{"data":12000001,"id":504000225,"lvl":2,"x":37,"y":29},{"data":12000001,"id":504000226,"lvl":2,"x":37,"y":28},{"data":12000001,"id":504000227,"lvl":2,"x":37,"y":27},{"data":12000001,"id":504000228,"lvl":2,"x":38,"y":27},{"data":12000001,"id":504000229,"lvl":2,"x":38,"y":26},{"data":12000001,"id":504000230,"lvl":2,"x":38,"y":25},{"data":12000001,"id":504000231,"lvl":2,"x":38,"y":24},{"data":12000001,"id":504000232,"lvl":2,"x":38,"y":23},{"data":12000001,"id":504000233,"lvl":2,"x":38,"y":22},{"data":12000001,"id":504000234,"lvl":2,"x":38,"y":21},{"data":12000001,"id":504000235,"lvl":2,"x":38,"y":20},{"data":12000001,"id":504000236,"lvl":2,"x":38,"y":19},{"data":12000001,"id":504000237,"lvl":2,"x":38,"y":18},{"data":12000001,"id":504000238,"lvl":2,"x":37,"y":18},{"data":12000001,"id":504000239,"lvl":2,"x":37,"y":17},{"data":12000001,"id":504000243,"lvl":2,"x":37,"y":13},{"data":12000001,"id":504000244,"lvl":2,"x":37,"y":12},{"data":12000001,"id":504000245,"lvl":2,"x":37,"y":11},{"data":12000001,"id":504000246,"lvl":2,"x":37,"y":10},{"data":12000001,"id":504000247,"lvl":2,"x":36,"y":11},{"data":12000001,"id":504000248,"lvl":2,"x":36,"y":10},{"data":12000001,"id":504000249,"lvl":2,"x":36,"y":9},{"data":12000001,"id":504000250,"lvl":2,"x":35,"y":9},{"data":12000001,"id":504000251,"lvl":2,"x":35,"y":8},{"data":12000001,"id":504000252,"lvl":2,"x":34,"y":8},{"data":12000001,"id":504000253,"lvl":2,"x":34,"y":7},{"data":12000001,"id":504000254,"lvl":2,"x":33,"y":7},{"data":12000001,"id":504000255,"lvl":2,"x":32,"y":7},{"data":12000001,"id":504000256,"lvl":2,"x":32,"y":6},{"data":12000001,"id":504000257,"lvl":2,"x":31,"y":6},{"data":12000001,"id":504000258,"lvl":2,"x":30,"y":6},{"data":12000001,"id":504000259,"lvl":2,"x":29,"y":6},{"data":12000001,"id":504000260,"lvl":2,"x":37,"y":14},{"data":12000008,"id":504000262,"lvl":3,"air_mode":false,"air_mode_draft":false,"air_mode_war":false,"air_mode_draft_war":false,"air_mode2":false,"air_mode_d2":false,"air_mode3":false,"air_mode_d3":false,"air_mode4":false,"air_mode_d4":false,"air_mode5":false,"air_mode_d5":false,"air_mode6":false,"air_mode_d6":false,"air_mode7":false,"air_mode_d7":false,"x":26,"y":12},{"data":12000008,"id":504000263,"lvl":3,"air_mode":false,"air_mode_draft":false,"air_mode_war":false,"air_mode_draft_war":false,"air_mode2":false,"air_mode_d2":false,"air_mode3":false,"air_mode_d3":false,"air_mode4":false,"air_mode_d4":false,"air_mode5":false,"air_mode_d5":false,"air_mode6":false,"air_mode_d6":false,"air_mode7":false,"air_mode_d7":false,"x":15,"y":10},{"data":12000008,"id":504000264,"lvl":3,"air_mode":false,"air_mode_draft":false,"air_mode_war":false,"air_mode_draft_war":false,"air_mode2":false,"air_mode_d2":false,"air_mode3":false,"air_mode_d3":false,"air_mode4":false,"air_mode_d4":false,"air_mode5":false,"air_mode_d5":false,"air_mode6":false,"air_mode_d6":false,"air_mode7":false,"air_mode_d7":false,"x":9,"y":20},{"data":12000008,"id":504000265,"lvl":3,"air_mode":false,"air_mode_draft":false,"air_mode_war":false,"air_mode_draft_war":false,"air_mode2":false,"air_mode_d2":false,"air_mode3":false,"air_mode_d3":false,"air_mode4":false,"air_mode_d4":false,"air_mode5":false,"air_mode_d5":false,"air_mode6":false,"air_mode_d6":false,"air_mode7":false,"air_mode_d7":false,"x":11,"y":28},{"data":12000008,"id":504000266,"lvl":3,"air_mode":false,"air_mode_draft":false,"air_mode_war":false,"air_mode_draft_war":false,"air_mode2":false,"air_mode_d2":false,"air_mode3":false,"air_mode_d3":false,"air_mode4":false,"air_mode_d4":false,"air_mode5":false,"air_mode_d5":false,"air_mode6":false,"air_mode_d6":false,"air_mode7":false,"air_mode_d7":false,"x":30,"y":30},{"data":12000008,"id":504000267,"lvl":3,"air_mode":false,"air_mode_draft":false,"air_mode_war":false,"air_mode_draft_war":false,"air_mode2":false,"air_mode_d2":false,"air_mode3":false,"air_mode_d3":false,"air_mode4":false,"air_mode_d4":false,"air_mode5":false,"air_mode_d5":false,"air_mode6":false,"air_mode_d6":false,"air_mode7":false,"air_mode_d7":false,"x":32,"y":14}],"obstacles":[],"exp_ver":1}