{"buildings":[{"data":1000001,"id":500000000,"lvl":9,"x":15,"y":20},{"data":1000027,"id":500000001,"lvl":1,"x":22,"y":28,"attack_mode":false,"attack_mode_draft":false,"attack_mode_war":false,"attack_mode_draft_war":false,"attack_mode2":false,"attack_mode_d2":false,"attack_mode3":false,"attack_mode_d3":false,"attack_mode4":false,"attack_mode_d4":false,"attack_mode5":false,"attack_mode_d5":false,"attack_mode_chal":false,"attack_mode_dchal":false,"attack_mode_arrw":false,"attack_mode_draft_arrw":false,"ammo":1000},{"data":1000027,"id":500000003,"lvl":1,"x":22,"y":26,"attack_mode":false,"attack_mode_draft":false,"attack_mode_war":false,"attack_mode_draft_war":false,"attack_mode2":false,"attack_mode_d2":false,"attack_mode3":false,"attack_mode_d3":false,"attack_mode4":false,"attack_mode_d4":false,"attack_mode5":false,"attack_mode_d5":false,"attack_mode_chal":false,"attack_mode_dchal":false,"attack_mode_arrw":false,"attack_mode_draft_arrw":false,"ammo":1000},{"data":1000027,"id":500000004,"lvl":1,"x":22,"y":24,"attack_mode":false,"attack_mode_draft":false,"attack_mode_war":false,"attack_mode_draft_war":false,"attack_mode2":false,"attack_mode_d2":false,"attack_mode3":false,"attack_mode_d3":false,"attack_mode4":false,"attack_mode_d4":false,"attack_mode5":false,"attack_mode_d5":false,"attack_mode_chal":false,"attack_mode_dchal":false,"attack_mode_arrw":false,"attack_mode_draft_arrw":false,"ammo":1000},{"data":1000027,"id":500000005,"lvl":1,"x":22,"y":22,"attack_mode":false,"attack_mode_draft":false,"attack_mode_war":false,"attack_mode_draft_war":false,"attack_mode2":false,"attack_mode_d2":false,"attack_mode3":false,"attack_mode_d3":false,"attack_mode4":false,"attack_mode_d4":false,"attack_mode5":false,"attack_mode_d5":false,"attack_mode_chal":false,"attack_mode_dchal":false,"attack_mode_arrw":false,"attack_mode_draft_arrw":false,"ammo":1000},{"data":1000027,"id":500000006,"lvl":1,"x":22,"y":20,"attack_mode":false,"attack_mode_draft":false,"attack_mode_war":false,"attack_mode_draft_war":false,"attack_mode2":false,"attack_mode_d2":false,"attack_mode3":false,"attack_mode_d3":false,"attack_mode4":false,"attack_mode_d4":false,"attack_mode5":false,"attack_mode_d5":false,"attack_mode_chal":false,"attack_mode_dchal":false,"attack_mode_arrw":false,"attack_mode_draft_arrw":false,"ammo":1000},{"data":1000027,"id":500000007,"lvl":1,"x":22,"y":18,"attack_mode":false,"attack_mode_draft":false,"attack_mode_war":false,"attack_mode_draft_war":false,"attack_mode2":false,"attack_mode_d2":false,"attack_mode3":false,"attack_mode_d3":false,"attack_mode4":false,"attack_mode_d4":false,"attack_mode5":false,"attack_mode_d5":false,"attack_mode_chal":false,"attack_mode_dchal":false,"attack_mode_arrw":false,"attack_mode_draft_arrw":false,"ammo":1000},{"data":1000027,"id":500000008,"lvl":1,"x":22,"y":16,"attack_mode":false,"attack_mode_draft":false,"attack_mode_war":false,"attack_mode_draft_war":false,"attack_mode2":false,"attack_mode_d2":false,"attack_mode3":false,"attack_mode_d3":false,"attack_mode4":false,"attack_mode_d4":false,"attack_mode5":false,"attack_mode_d5":false,"attack_mode_chal":false,"attack_mode_dchal":false,"attack_mode_arrw":false,"attack_mode_draft_arrw":false,"ammo":1000},{"data":1000027,"id":500000009,"lvl":1,"x":22,"y":14,"attack_mode":false,"attack_mode_draft":false,"attack_mode_war":false,"attack_mode_draft_war":false,"attack_mode2":false,"attack_mode_d2":false,"attack_mode3":false,"attack_mode_d3":false,"attack_mode4":false,"attack_mode_d4":false,"attack_mode5":false,"attack_mode_d5":false,"attack_mode_chal":false,"attack_mode_dchal":false,"attack_mode_arrw":false,"attack_mode_draft_arrw":false,"ammo":1000},{"data":1000010,"id":500000010,"lvl":11,"wI":0,"wX":0,"x":19,"y":29},{"data":1000010,"id":500000011,"lvl":11,"wI":0,"wX":0,"x":19,"y":28},{"data":1000010,"id":500000012,"lvl":11,"wI":0,"wX":0,"x":19,"y":27},{"data":1000010,"id":500000013,"lvl":11,"wI":0,"wX":0,"x":19,"y":26},{"data":1000010,"id":500000014,"lvl":11,"wI":0,"wX":0,"x":19,"y":25},{"data":1000010,"id":500000015,"lvl":11,"wI":0,"wX":0,"x":19,"y":24},{"data":1000010,"id":500000016,"lvl":11,"wI":0,"wX":0,"x":19,"y":23},{"data":1000010,"id":500000017,"lvl":11,"wI":0,"wX":0,"x":19,"y":22},{"data":1000010,"id":500000018,"lvl":11,"wI":0,"wX":0,"x":19,"y":21},{"data":1000010,"id":500000019,"lvl":11,"wI":0,"wX":0,"x":19,"y":20},{"data":1000010,"id":500000020,"lvl":11,"wI":0,"wX":0,"x":19,"y":19},{"data":1000010,"id":500000021,"lvl":11,"wI":0,"wX":0,"x":19,"y":18},{"data":1000010,"id":500000022,"lvl":11,"wI":0,"wX":0,"x":19,"y":17},{"data":1000010,"id":500000023,"lvl":11,"wI":0,"wX":0,"x":19,"y":16},{"data":1000010,"id":500000024,"lvl":11,"wI":0,"wX":0,"x":19,"y":15},{"data":1000010,"id":500000025,"lvl":11,"wI":0,"wX":0,"x":19,"y":14},{"data":1000010,"id":500000026,"lvl":11,"wI":0,"wX":0,"x":19,"y":30},{"data":1000010,"id":500000027,"lvl":11,"wI":0,"wX":0,"x":19,"y":31},{"data":1000010,"id":500000028,"lvl":11,"wI":0,"wX":0,"x":20,"y":31},{"data":1000010,"id":500000029,"lvl":11,"wI":0,"wX":0,"x":21,"y":31},{"data":1000010,"id":500000030,"lvl":11,"wI":0,"wX":0,"x":22,"y":31},{"data":1000010,"id":500000031,"lvl":11,"wI":0,"wX":0,"x":23,"y":31},{"data":1000010,"id":500000032,"lvl":11,"wI":0,"wX":0,"x":24,"y":31},{"data":1000010,"id":500000033,"lvl":11,"wI":0,"wX":0,"x":25,"y":31},{"data":1000010,"id":500000034,"lvl":11,"wI":0,"wX":0,"x":19,"y":13},{"data":1000010,"id":500000035,"lvl":11,"wI":0,"wX":0,"x":19,"y":12},{"data":1000010,"id":500000036,"lvl":11,"wI":0,"wX":0,"x":20,"y":12},{"data":1000010,"id":500000037,"lvl":11,"wI":0,"wX":0,"x":21,"y":12},{"data":1000010,"id":500000038,"lvl":11,"wI":0,"wX":0,"x":22,"y":12},{"data":1000010,"id":500000039,"lvl":11,"wI":0,"wX":0,"x":23,"y":12},{"data":1000010,"id":500000040,"lvl":11,"wI":0,"wX":0,"x":24,"y":12},{"data":1000010,"id":500000041,"lvl":11,"wI":0,"wX":0,"x":25,"y":12},{"data":1000005,"id":500000046,"lvl":10,"x":12,"y":25},{"data":1000003,"id":500000047,"lvl":10,"x":12,"y":16},{"data":1000024,"id":500000048,"lvl":4,"x":8,"y":19},{"data":1000021,"id":500000049,"lvl":2,"x":15,"y":28,"attack_mode":true,"attack_mode_draft":true,"attack_mode_war":false,"attack_mode_draft_war":false,"attack_mode2":false,"attack_mode_d2":false,"attack_mode3":false,"attack_mode_d3":false,"attack_mode4":false,"attack_mode_d4":false,"attack_mode5":false,"attack_mode_d5":false,"attack_mode_chal":false,"attack_mode_dchal":false,"attack_mode_arrw":false,"attack_mode_draft_arrw":false,"ammo":1500},{"data":1000021,"id":500000050,"lvl":2,"x":15,"y":13,"attack_mode":false,"attack_mode_draft":false,"attack_mode_war":false,"attack_mode_draft_war":false,"attack_mode2":false,"attack_mode_d2":false,"attack_mode3":false,"attack_mode_d3":false,"attack_mode4":false,"attack_mode_d4":false,"attack_mode5":false,"attack_mode_d5":false,"attack_mode_chal":false,"attack_mode_dchal":false,"attack_mode_arrw":false,"attack_mode_draft_arrw":false,"ammo":1500},{"data":1000012,"id":500000051,"lvl":7,"x":15,"y":16},{"data":1000012,"id":500000052,"lvl":7,"x":15,"y":25},{"data":1000013,"id":500000053,"lvl":8,"x":12,"y":13,"attack_mode":false,"attack_mode_draft":false,"attack_mode_war":false,"attack_mode_draft_war":false,"attack_mode2":false,"attack_mode_d2":false,"attack_mode3":false,"attack_mode_d3":false,"attack_mode4":false,"attack_mode_d4":false,"attack_mode5":false,"attack_mode_d5":false,"attack_mode_chal":false,"attack_mode_dchal":false,"attack_mode_arrw":false,"attack_mode_draft_arrw":false},{"data":1000013,"id":500000054,"lvl":8,"x":12,"y":28,"attack_mode":false,"attack_mode_draft":false,"attack_mode_war":false,"attack_mode_draft_war":false,"attack_mode2":false,"attack_mode_d2":false,"attack_mode3":false,"attack_mode_d3":false,"attack_mode4":false,"attack_mode_d4":false,"attack_mode5":false,"attack_mode_d5":false,"attack_mode_chal":false,"attack_mode_dchal":false,"attack_mode_arrw":false,"attack_mode_draft_arrw":false},{"data":1000011,"id":500000055,"lvl":8,"x":15,"y":31},{"data":1000011,"id":500000057,"lvl":8,"x":15,"y":10},{"data":1000011,"id":500000058,"lvl":8,"x":23,"y":9},{"data":1000011,"id":500000059,"lvl":8,"x":23,"y":32},{"data":1000010,"id":500000060,"lvl":11,"wI":0,"wX":0,"x":26,"y":31},{"data":1000010,"id":500000061,"lvl":11,"wI":0,"wX":0,"x":26,"y":32},{"data":1000010,"id":500000062,"lvl":11,"wI":0,"wX":0,"x":26,"y":33},{"data":1000010,"id":500000063,"lvl":11,"wI":0,"wX":0,"x":26,"y":34},{"data":1000010,"id":500000064,"lvl":11,"wI":0,"wX":0,"x":26,"y":35},{"data":1000010,"id":500000065,"lvl":11,"wI":0,"wX":0,"x":25,"y":35},{"data":1000010,"id":500000066,"lvl":11,"wI":0,"wX":0,"x":24,"y":35},{"data":1000010,"id":500000067,"lvl":11,"wI":0,"wX":0,"x":23,"y":35},{"data":1000010,"id":500000068,"lvl":11,"wI":0,"wX":0,"x":22,"y":35},{"data":1000010,"id":500000069,"lvl":11,"wI":0,"wX":0,"x":22,"y":34},{"data":1000010,"id":500000070,"lvl":11,"wI":0,"wX":0,"x":22,"y":33},{"data":1000010,"id":500000071,"lvl":11,"wI":0,"wX":0,"x":21,"y":33},{"data":1000010,"id":500000072,"lvl":11,"wI":0,"wX":0,"x":20,"y":33},{"data":1000010,"id":500000073,"lvl":11,"wI":0,"wX":0,"x":19,"y":33},{"data":1000010,"id":500000074,"lvl":11,"wI":0,"wX":0,"x":18,"y":33},{"data":1000010,"id":500000075,"lvl":11,"wI":0,"wX":0,"x":18,"y":34},{"data":1000010,"id":500000076,"lvl":11,"wI":0,"wX":0,"x":17,"y":34},{"data":1000010,"id":500000077,"lvl":11,"wI":0,"wX":0,"x":16,"y":34},{"data":1000010,"id":500000078,"lvl":11,"wI":0,"wX":0,"x":15,"y":34},{"data":1000010,"id":500000079,"lvl":11,"wI":0,"wX":0,"x":14,"y":34},{"data":1000010,"id":500000080,"lvl":11,"wI":0,"wX":0,"x":13,"y":34},{"data":1000010,"id":500000081,"lvl":11,"wI":0,"wX":0,"x":12,"y":34},{"data":1000010,"id":500000082,"lvl":11,"wI":0,"wX":0,"x":11,"y":34},{"data":1000010,"id":500000083,"lvl":11,"wI":0,"wX":0,"x":11,"y":33},{"data":1000010,"id":500000084,"lvl":11,"wI":0,"wX":0,"x":11,"y":32},{"data":1000010,"id":500000085,"lvl":11,"wI":0,"wX":0,"x":11,"y":31},{"data":1000010,"id":500000086,"lvl":11,"wI":0,"wX":0,"x":10,"y":31},{"data":1000010,"id":500000087,"lvl":11,"wI":0,"wX":0,"x":9,"y":31},{"data":1000010,"id":500000088,"lvl":11,"wI":0,"wX":0,"x":8,"y":31},{"data":1000010,"id":500000089,"lvl":11,"wI":0,"wX":0,"x":7,"y":31},{"data":1000010,"id":500000090,"lvl":11,"wI":0,"wX":0,"x":7,"y":30},{"data":1000010,"id":500000091,"lvl":11,"wI":0,"wX":0,"x":7,"y":29},{"data":1000010,"id":500000092,"lvl":11,"wI":0,"wX":0,"x":7,"y":28},{"data":1000010,"id":500000093,"lvl":11,"wI":0,"wX":0,"x":7,"y":27},{"data":1000010,"id":500000094,"lvl":11,"wI":0,"wX":0,"x":7,"y":26},{"data":1000010,"id":500000095,"lvl":11,"wI":0,"wX":0,"x":7,"y":25},{"data":1000010,"id":500000096,"lvl":11,"wI":0,"wX":0,"x":7,"y":24},{"data":1000010,"id":500000097,"lvl":11,"wI":0,"wX":0,"x":7,"y":23},{"data":1000010,"id":500000098,"lvl":11,"wI":0,"wX":0,"x":7,"y":22},{"data":1000010,"id":500000099,"lvl":11,"wI":0,"wX":0,"x":7,"y":21},{"data":1000010,"id":500000100,"lvl":11,"wI":0,"wX":0,"x":7,"y":20},{"data":1000010,"id":500000101,"lvl":11,"wI":0,"wX":0,"x":7,"y":19},{"data":1000010,"id":500000102,"lvl":11,"wI":0,"wX":0,"x":7,"y":18},{"data":1000010,"id":500000103,"lvl":11,"wI":0,"wX":0,"x":7,"y":17},{"data":1000010,"id":500000104,"lvl":11,"wI":0,"wX":0,"x":7,"y":16},{"data":1000010,"id":500000105,"lvl":11,"wI":0,"wX":0,"x":7,"y":15},{"data":1000010,"id":500000106,"lvl":11,"wI":0,"wX":0,"x":7,"y":14},{"data":1000010,"id":500000107,"lvl":11,"wI":0,"wX":0,"x":26,"y":12},{"data":1000010,"id":500000108,"lvl":11,"wI":0,"wX":0,"x":26,"y":11},{"data":1000010,"id":500000109,"lvl":11,"wI":0,"wX":0,"x":26,"y":10},{"data":1000010,"id":500000110,"lvl":11,"wI":0,"wX":0,"x":26,"y":9},{"data":1000010,"id":500000111,"lvl":11,"wI":0,"wX":0,"x":26,"y":8},{"data":1000010,"id":500000112,"lvl":11,"wI":0,"wX":0,"x":25,"y":8},{"data":1000010,"id":500000113,"lvl":11,"wI":0,"wX":0,"x":24,"y":8},{"data":1000010,"id":500000114,"lvl":11,"wI":0,"wX":0,"x":23,"y":8},{"data":1000010,"id":500000115,"lvl":11,"wI":0,"wX":0,"x":22,"y":8},{"data":1000010,"id":500000116,"lvl":11,"wI":0,"wX":0,"x":22,"y":9},{"data":1000010,"id":500000117,"lvl":11,"wI":0,"wX":0,"x":22,"y":10},{"data":1000010,"id":500000118,"lvl":11,"wI":0,"wX":0,"x":21,"y":10},{"data":1000010,"id":500000119,"lvl":11,"wI":0,"wX":0,"x":20,"y":10},{"data":1000010,"id":500000120,"lvl":11,"wI":0,"wX":0,"x":19,"y":10},{"data":1000010,"id":500000121,"lvl":11,"wI":0,"wX":0,"x":18,"y":10},{"data":1000010,"id":500000122,"lvl":11,"wI":0,"wX":0,"x":18,"y":9},{"data":1000010,"id":500000123,"lvl":11,"wI":0,"wX":0,"x":17,"y":9},{"data":1000010,"id":500000124,"lvl":11,"wI":0,"wX":0,"x":16,"y":9},{"data":1000010,"id":500000125,"lvl":11,"wI":0,"wX":0,"x":15,"y":9},{"data":1000010,"id":500000126,"lvl":11,"wI":0,"wX":0,"x":14,"y":9},{"data":1000010,"id":500000129,"lvl":11,"wI":0,"wX":0,"x":13,"y":9},{"data":1000010,"id":500000130,"lvl":11,"wI":0,"wX":0,"x":12,"y":9},{"data":1000010,"id":500000131,"lvl":11,"wI":0,"wX":0,"x":11,"y":9},{"data":1000010,"id":500000132,"lvl":11,"wI":0,"wX":0,"x":11,"y":10},{"data":1000010,"id":500000133,"lvl":11,"wI":0,"wX":0,"x":11,"y":11},{"data":1000010,"id":500000134,"lvl":11,"wI":0,"wX":0,"x":11,"y":12},{"data":1000010,"id":500000135,"lvl":11,"wI":0,"wX":0,"x":10,"y":12},{"data":1000010,"id":500000136,"lvl":11,"wI":0,"wX":0,"x":9,"y":12},{"data":1000010,"id":500000137,"lvl":11,"wI":0,"wX":0,"x":8,"y":12},{"data":1000010,"id":500000138,"lvl":11,"wI":0,"wX":0,"x":7,"y":12},{"data":1000010,"id":500000139,"lvl":11,"wI":0,"wX":0,"x":7,"y":13},{"data":1000009,"id":500000140,"lvl":13,"x":8,"y":28,"attack_mode":false,"attack_mode_draft":false,"attack_mode_war":false,"attack_mode_draft_war":false,"attack_mode2":false,"attack_mode_d2":false,"attack_mode3":false,"attack_mode_d3":false,"attack_mode4":false,"attack_mode_d4":false,"attack_mode5":false,"attack_mode_d5":false,"attack_mode_chal":false,"attack_mode_dchal":false,"attack_mode_arrw":false,"attack_mode_draft_arrw":false},{"data":1000009,"id":500000141,"lvl":13,"x":8,"y":13,"attack_mode":false,"attack_mode_draft":false,"attack_mode_war":false,"attack_mode_draft_war":false,"attack_mode2":false,"attack_mode_d2":false,"attack_mode3":false,"attack_mode_d3":false,"attack_mode4":false,"attack_mode_d4":false,"attack_mode5":false,"attack_mode_d5":false,"attack_mode_chal":false,"attack_mode_dchal":false,"attack_mode_arrw":false,"attack_mode_draft_arrw":false},{"data":1000028,"id":500000142,"lvl":0,"x":13,"y":19,"aim_angle":315,"aim_angle_draft":0,"aim_angle_war":0,"aim_angle_draft_war":0,"aim_angle2":0,"aim_angle_d2":0,"aim_angle3":0,"aim_angle_d3":0,"aim_angle4":0,"aim_angle_d4":0,"aim_angle5":0,"aim_angle_d5":0,"aim_angle5_chal":0,"aim_angle_dchal":0,"aim_angle_arrw":0,"aim_angle_draft_arrw":0},{"data":1000028,"id":500000143,"lvl":0,"x":13,"y":23,"aim_angle":45,"aim_angle_draft":0,"aim_angle_war":0,"aim_angle_draft_war":0,"aim_angle2":0,"aim_angle_d2":0,"aim_angle3":0,"aim_angle_d3":0,"aim_angle4":0,"aim_angle_d4":0,"aim_angle5":0,"aim_angle_d5":0,"aim_angle5_chal":0,"aim_angle_dchal":0,"aim_angle_arrw":0,"aim_angle_draft_arrw":0},{"data":1000012,"id":500000144,"lvl":7,"x":9,"y":25},{"data":1000021,"id":500000145,"lvl":2,"x":8,"y":22,"attack_mode":false,"attack_mode_draft":false,"attack_mode_war":false,"attack_mode_draft_war":false,"attack_mode2":false,"attack_mode_d2":false,"attack_mode3":false,"attack_mode_d3":false,"attack_mode4":false,"attack_mode_d4":false,"attack_mode5":false,"attack_mode_d5":false,"attack_mode_chal":false,"attack_mode_dchal":false,"attack_mode_arrw":false,"attack_mode_draft_arrw":false,"ammo":1500},{"data":1000012,"id":500000147,"lvl":7,"x":9,"y":16},{"data":1000019,"id":500000148,"lvl":7,"x":11,"y":19},{"data":1000019,"id":500000149,"lvl":7,"x":13,"y":21},{"data":1000019,"id":500000150,"lvl":7,"x":11,"y":21},{"data":1000019,"id":500000151,"lvl":7,"x":11,"y":23},{"data":1000009,"id":500000152,"lvl":13,"x":12,"y":31,"attack_mode":false,"attack_mode_draft":false,"attack_mode_war":false,"attack_mode_draft_war":false,"attack_mode2":false,"attack_mode_d2":false,"attack_mode3":false,"attack_mode_d3":false,"attack_mode4":false,"attack_mode_d4":false,"attack_mode5":false,"attack_mode_d5":false,"attack_mode_chal":false,"attack_mode_dchal":false,"attack_mode_arrw":false,"attack_mode_draft_arrw":false},{"data":1000009,"id":500000153,"lvl":13,"x":12,"y":10,"attack_mode":false,"attack_mode_draft":false,"attack_mode_war":false,"attack_mode_draft_war":false,"attack_mode2":false,"attack_mode_d2":false,"attack_mode3":false,"attack_mode_d3":false,"attack_mode4":false,"attack_mode_d4":false,"attack_mode5":false,"attack_mode_d5":false,"attack_mode_chal":false,"attack_mode_dchal":false,"attack_mode_arrw":false,"attack_mode_draft_arrw":false}],"decos":[],"traps":[{"data":12000001,"id":504000000,"lvl":4,"x":20,"y":32},{"data":12000001,"id":504000001,"lvl":4,"x":19,"y":32},{"data":12000001,"id":504000002,"lvl":4,"x":19,"y":11},{"data":12000001,"id":504000003,"lvl":4,"x":20,"y":11},{"data":12000005,"id":504000004,"lvl":4,"x":5,"y":21},{"data":12000005,"id":504000005,"lvl":4,"x":4,"y":13},{"data":12000005,"id":504000006,"lvl":4,"x":7,"y":11},{"data":12000005,"id":504000007,"lvl":4,"x":8,"y":8},{"data":12000005,"id":504000008,"lvl":4,"x":10,"y":10},{"data":12000005,"id":504000009,"lvl":4,"x":9,"y":5},{"data":12000005,"id":504000010,"lvl":4,"x":4,"y":8},{"data":12000005,"id":504000011,"lvl":4,"x":3,"y":17},{"data":12000005,"id":504000012,"lvl":4,"x":3,"y":26},{"data":12000005,"id":504000013,"lvl":4,"x":6,"y":28},{"data":12000005,"id":504000014,"lvl":4,"x":4,"y":32},{"data":12000005,"id":504000015,"lvl":4,"x":8,"y":32},{"data":12000005,"id":504000016,"lvl":4,"x":9,"y":35},{"data":12000005,"id":504000017,"lvl":4,"x":6,"y":36},{"data":12000005,"id":504000018,"lvl":4,"x":11,"y":38},{"data":12000006,"id":504000019,"lvl":2,"x":4,"y":23},{"data":12000006,"id":504000020,"lvl":2,"x":6,"y":34},{"data":12000006,"id":504000021,"lvl":2,"x":13,"y":36},{"data":12000006,"id":504000022,"lvl":2,"x":6,"y":15},{"data":12000006,"id":504000023,"lvl":2,"x":11,"y":8},{"data":12000006,"id":504000024,"lvl":2,"x":6,"y":6},{"data":12000006,"id":504000025,"lvl":2,"x":10,"y":33},{"data":12000006,"id":504000026,"lvl":2,"x":9,"y":33},{"data":12000008,"id":504000027,"lvl":0,"air_mode":false,"air_mode_draft":false,"air_mode_war":false,"air_mode_draft_war":false,"air_mode2":false,"air_mode_d2":false,"air_mode3":false,"air_mode_d3":false,"air_mode4":false,"air_mode_d4":false,"air_mode5":false,"air_mode_d5":false,"air_mode6":false,"air_mode_d6":false,"air_mode7":false,"air_mode_d7":false,"x":36,"y":33},{"data":12000008,"id":504000028,"lvl":0,"air_mode":false,"air_mode_draft":false,"air_mode_war":false,"air_mode_draft_war":false,"air_mode2":false,"air_mode_d2":false,"air_mode3":false,"air_mode_d3":false,"air_mode4":false,"air_mode_d4":false,"air_mode5":false,"air_mode_d5":false,"air_mode6":false,"air_mode_d6":false,"air_mode7":false,"air_mode_d7":false,"x":36,"y":24},{"data":12000008,"id":504000029,"lvl":0,"air_mode":false,"air_mode_draft":false,"air_mode_war":false,"air_mode_draft_war":false,"air_mode2":false,"air_mode_d2":false,"air_mode3":false,"air_mode_d3":false,"air_mode4":false,"air_mode_d4":false,"air_mode5":false,"air_mode_d5":false,"air_mode6":false,"air_mode_d6":false,"air_mode7":false,"air_mode_d7":false,"x":34,"y":14},{"data":12000008,"id":504000030,"lvl":0,"air_mode":false,"air_mode_draft":false,"air_mode_war":false,"air_mode_draft_war":false,"air_mode2":false,"air_mode_d2":false,"air_mode3":false,"air_mode_d3":false,"air_mode4":false,"air_mode_d4":false,"air_mode5":false,"air_mode_d5":false,"air_mode6":false,"air_mode_d6":false,"air_mode7":false,"air_mode_d7":false,"x":39,"y":8},{"data":12000008,"id":504000031,"lvl":0,"air_mode":false,"air_mode_draft":false,"air_mode_war":false,"air_mode_draft_war":false,"air_mode2":false,"air_mode_d2":false,"air_mode3":false,"air_mode_d3":false,"air_mode4":false,"air_mode_d4":false,"air_mode5":false,"air_mode_d5":false,"air_mode6":false,"air_mode_d6":false,"air_mode7":false,"air_mode_d7":false,"x":27,"y":6},{"data":12000008,"id":504000032,"lvl":0,"air_mode":false,"air_mode_draft":false,"air_mode_war":false,"air_mode_draft_war":false,"air_mode2":false,"air_mode_d2":false,"air_mode3":false,"air_mode_d3":false,"air_mode4":false,"air_mode_d4":false,"air_mode5":false,"air_mode_d5":false,"air_mode6":false,"air_mode_d6":false,"air_mode7":false,"air_mode_d7":false,"x":5,"y":9},{"data":12000008,"id":504000033,"lvl":0,"air_mode":false,"air_mode_draft":false,"air_mode_war":false,"air_mode_draft_war":false,"air_mode2":false,"air_mode_d2":false,"air_mode3":false,"air_mode_d3":false,"air_mode4":false,"air_mode_d4":false,"air_mode5":false,"air_mode_d5":false,"air_mode6":false,"air_mode_d6":false,"air_mode7":false,"air_mode_d7":false,"x":3,"y":15},{"data":12000008,"id":504000034,"lvl":0,"air_mode":false,"air_mode_draft":false,"air_mode_war":false,"air_mode_draft_war":false,"air_mode2":false,"air_mode_d2":false,"air_mode3":false,"air_mode_d3":false,"air_mode4":false,"air_mode_d4":false,"air_mode5":false,"air_mode_d5":false,"air_mode6":false,"air_mode_d6":false,"air_mode7":false,"air_mode_d7":false,"x":3,"y":24},{"data":12000008,"id":504000035,"lvl":0,"air_mode":false,"air_mode_draft":false,"air_mode_war":false,"air_mode_draft_war":false,"air_mode2":false,"air_mode_d2":false,"air_mode3":false,"air_mode_d3":false,"air_mode4":false,"air_mode_d4":false,"air_mode5":false,"air_mode_d5":false,"air_mode6":false,"air_mode_d6":false,"air_mode7":false,"air_mode_d7":false,"x":3,"y":35},{"data":12000008,"id":504000036,"lvl":0,"air_mode":false,"air_mode_draft":false,"air_mode_war":false,"air_mode_draft_war":false,"air_mode2":false,"air_mode_d2":false,"air_mode3":false,"air_mode_d3":false,"air_mode4":false,"air_mode_d4":false,"air_mode5":false,"air_mode_d5":false,"air_mode6":false,"air_mode_d6":false,"air_mode7":false,"air_mode_d7":false,"x":14,"y":37},{"data":12000008,"id":504000037,"lvl":0,"air_mode":false,"air_mode_draft":false,"air_mode_war":false,"air_mode_draft_war":false,"air_mode2":false,"air_mode_d2":false,"air_mode3":false,"air_mode_d3":false,"air_mode4":false,"air_mode_d4":false,"air_mode5":false,"air_mode_d5":false,"air_mode6":false,"air_mode_d6":false,"air_mode7":false,"air_mode_d7":false,"x":21,"y":36},{"data":12000008,"id":504000038,"lvl":0,"air_mode":false,"air_mode_draft":false,"air_mode_war":false,"air_mode_draft_war":false,"air_mode2":false,"air_mode_d2":false,"air_mode3":false,"air_mode_d3":false,"air_mode4":false,"air_mode_d4":false,"air_mode5":false,"air_mode_d5":false,"air_mode6":false,"air_mode_d6":false,"air_mode7":false,"air_mode_d7":false,"x":30,"y":38},{"data":12000008,"id":504000039,"lvl":0,"air_mode":false,"air_mode_draft":false,"air_mode_war":false,"air_mode_draft_war":false,"air_mode2":false,"air_mode_d2":false,"air_mode3":false,"air_mode_d3":false,"air_mode4":false,"air_mode_d4":false,"air_mode5":false,"air_mode_d5":false,"air_mode6":false,"air_mode_d6":false,"air_mode7":false,"air_mode_d7":false,"x":37,"y":36},{"data":12000008,"id":504000040,"lvl":0,"air_mode":true,"air_mode_draft":false,"air_mode_war":false,"air_mode_draft_war":false,"air_mode2":false,"air_mode_d2":false,"air_mode3":false,"air_mode_d3":false,"air_mode4":false,"air_mode_d4":false,"air_mode5":false,"air_mode_d5":false,"air_mode6":false,"air_mode_d6":false,"air_mode7":false,"air_mode_d7":false,"x":36,"y":30},{"data":12000008,"id":504000041,"lvl":0,"air_mode":false,"air_mode_draft":false,"air_mode_war":false,"air_mode_draft_war":false,"air_mode2":false,"air_mode_d2":false,"air_mode3":false,"air_mode_d3":false,"air_mode4":false,"air_mode_d4":false,"air_mode5":false,"air_mode_d5":false,"air_mode6":false,"air_mode_d6":false,"air_mode7":false,"air_mode_d7":false,"x":37,"y":18},{"data":12000008,"id":504000042,"lvl":0,"air_mode":false,"air_mode_draft":false,"air_mode_war":false,"air_mode_draft_war":false,"air_mode2":false,"air_mode_d2":false,"air_mode3":false,"air_mode_d3":false,"air_mode4":false,"air_mode_d4":false,"air_mode5":false,"air_mode_d5":false,"air_mode6":false,"air_mode_d6":false,"air_mode7":false,"air_mode_d7":false,"x":35,"y":7},{"data":12000008,"id":504000043,"lvl":0,"air_mode":false,"air_mode_draft":false,"air_mode_war":false,"air_mode_draft_war":false,"air_mode2":false,"air_mode_d2":false,"air_mode3":false,"air_mode_d3":false,"air_mode4":false,"air_mode_d4":false,"air_mode5":false,"air_mode_d5":false,"air_mode6":false,"air_mode_d6":false,"air_mode7":false,"air_mode_d7":false,"x":19,"y":5},{"data":12000008,"id":504000044,"lvl":0,"air_mode":false,"air_mode_draft":false,"air_mode_war":false,"air_mode_draft_war":false,"air_mode2":false,"air_mode_d2":false,"air_mode3":false,"air_mode_d3":false,"air_mode4":false,"air_mode_d4":false,"air_mode5":false,"air_mode_d5":false,"air_mode6":false,"air_mode_d6":false,"air_mode7":false,"air_mode_d7":false,"x":18,"y":36},{"data":12000008,"id":504000045,"lvl":3,"air_mode":false,"air_mode_draft":false,"air_mode_war":false,"air_mode_draft_war":false,"air_mode2":false,"air_mode_d2":false,"air_mode3":false,"air_mode_d3":false,"air_mode4":false,"air_mode_d4":false,"air_mode5":false,"air_mode_d5":false,"air_mode6":false,"air_mode_d6":false,"air_mode7":false,"air_mode_d7":false,"x":24,"y":28},{"data":12000008,"id":504000047,"lvl":3,"air_mode":false,"air_mode_draft":false,"air_mode_war":false,"air_mode_draft_war":false,"air_mode2":false,"air_mode_d2":false,"air_mode3":false,"air_mode_d3":false,"air_mode4":false,"air_mode_d4":false,"air_mode5":false,"air_mode_d5":false,"air_mode6":false,"air_mode_d6":false,"air_mode7":false,"air_mode_d7":false,"x":24,"y":24},{"data":12000008,"id":504000049,"lvl":3,"air_mode":false,"air_mode_draft":false,"air_mode_war":false,"air_mode_draft_war":false,"air_mode2":false,"air_mode_d2":false,"air_mode3":false,"air_mode_d3":false,"air_mode4":false,"air_mode_d4":false,"air_mode5":false,"air_mode_d5":false,"air_mode6":false,"air_mode_d6":false,"air_mode7":false,"air_mode_d7":false,"x":24,"y":20},{"data":12000008,"id":504000051,"lvl":3,"air_mode":false,"air_mode_draft":false,"air_mode_war":false,"air_mode_draft_war":false,"air_mode2":false,"air_mode_d2":false,"air_mode3":false,"air_mode_d3":false,"air_mode4":false,"air_mode_d4":false,"air_mode5":false,"air_mode_d5":false,"air_mode6":false,"air_mode_d6":false,"air_mode7":false,"air_mode_d7":false,"x":24,"y":16},{"data":12000008,"id":504000052,"lvl":3,"air_mode":false,"air_mode_draft":false,"air_mode_war":false,"air_mode_draft_war":false,"air_mode2":false,"air_mode_d2":false,"air_mode3":false,"air_mode_d3":false,"air_mode4":false,"air_mode_d4":false,"air_mode5":false,"air_mode_d5":false,"air_mode6":false,"air_mode_d6":false,"air_mode7":false,"air_mode_d7":false,"x":11,"y":29},{"data":12000008,"id":504000053,"lvl":3,"air_mode":false,"air_mode_draft":false,"air_mode_war":false,"air_mode_draft_war":false,"air_mode2":false,"air_mode_d2":false,"air_mode3":false,"air_mode_d3":false,"air_mode4":false,"air_mode_d4":false,"air_mode5":false,"air_mode_d5":false,"air_mode6":false,"air_mode_d6":false,"air_mode7":false,"air_mode_d7":false,"x":11,"y":28},{"data":12000008,"id":504000054,"lvl":3,"air_mode":false,"air_mode_draft":false,"air_mode_war":false,"air_mode_draft_war":false,"air_mode2":false,"air_mode_d2":false,"air_mode3":false,"air_mode_d3":false,"air_mode4":false,"air_mode_d4":false,"air_mode5":false,"air_mode_d5":false,"air_mode6":false,"air_mode_d6":false,"air_mode7":false,"air_mode_d7":false,"x":11,"y":15},{"data":12000008,"id":504000055,"lvl":3,"air_mode":false,"air_mode_draft":false,"air_mode_war":false,"air_mode_draft_war":false,"air_mode2":false,"air_mode_d2":false,"air_mode3":false,"air_mode_d3":false,"air_mode4":false,"air_mode_d4":false,"air_mode5":false,"air_mode_d5":false,"air_mode6":false,"air_mode_d6":false,"air_mode7":false,"air_mode_d7":false,"x":11,"y":14}],"obstacles":[{"data":8000000,"id":503000015,"x":38,"y":38},{"data":8000000,"id":503000017,"x":4,"y":37},{"data":8000000,"id":503000049,"x":5,"y":4},{"data":8000000,"id":503000066,"x":38,"y":4},{"data":8000000,"id":503000135,"x":4,"y":6},{"data":8000000,"id":503000136,"x":6,"y":8},{"data":8000000,"id":503000137,"x":4,"y":10},{"data":8000000,"id":503000138,"x":5,"y":12},{"data":8000000,"id":503000139,"x":4,"y":14},{"data":8000000,"id":503000140,"x":5,"y":16},{"data":8000000,"id":503000141,"x":4,"y":18},{"data":8000000,"id":503000143,"x":5,"y":22},{"data":8000000,"id":503000144,"x":4,"y":24},{"data":8000000,"id":503000145,"x":5,"y":26},{"data":8000000,"id":503000146,"x":4,"y":28},{"data":8000000,"id":503000147,"x":4,"y":30},{"data":8000000,"id":503000148,"x":6,"y":32},{"data":8000000,"id":503000149,"x":4,"y":34},{"data":8000000,"id":503000150,"x":7,"y":35},{"data":8000000,"id":503000151,"x":7,"y":5},{"data":8000000,"id":503000152,"x":9,"y":7},{"data":8000000,"id":503000153,"x":10,"y":5},{"data":8000000,"id":503000154,"x":12,"y":6},{"data":8000000,"id":503000155,"x":14,"y":5},{"data":8000000,"id":503000156,"x":17,"y":4},{"data":8000000,"id":503000157,"x":18,"y":6},{"data":8000000,"id":503000158,"x":20,"y":4},{"data":8000000,"id":503000159,"x":22,"y":5},{"data":8000000,"id":503000160,"x":24,"y":4},{"data":8000000,"id":503000161,"x":26,"y":4},{"data":8000000,"id":503000162,"x":28,"y":5},{"data":8000000,"id":503000163,"x":30,"y":4},{"data":8000000,"id":503000164,"x":32,"y":6},{"data":8000000,"id":503000165,"x":34,"y":4},{"data":8000000,"id":503000166,"x":36,"y":5},{"data":8000000,"id":503000167,"x":38,"y":6},{"data":8000000,"id":503000168,"x":36,"y":8},{"data":8000000,"id":503000169,"x":38,"y":10},{"data":8000000,"id":503000170,"x":35,"y":12},{"data":8000000,"id":503000171,"x":38,"y":14},{"data":8000000,"id":503000172,"x":37,"y":16},{"data":8000000,"id":503000173,"x":38,"y":18},{"data":8000000,"id":503000174,"x":36,"y":20},{"data":8000000,"id":503000175,"x":38,"y":22},{"data":8000000,"id":503000176,"x":37,"y":24},{"data":8000000,"id":503000177,"x":38,"y":26},{"data":8000000,"id":503000179,"x":38,"y":30},{"data":8000000,"id":503000180,"x":38,"y":32},{"data":8000000,"id":503000181,"x":37,"y":34},{"data":8000000,"id":503000182,"x":38,"y":36},{"data":8000000,"id":503000183,"x":36,"y":37},{"data":8000000,"id":503000184,"x":34,"y":38},{"data":8000000,"id":503000185,"x":32,"y":38},{"data":8000000,"id":503000186,"x":30,"y":36},{"data":8000000,"id":503000187,"x":28,"y":38},{"data":8000000,"id":503000188,"x":26,"y":37},{"data":8000000,"id":503000189,"x":23,"y":38},{"data":8000000,"id":503000190,"x":22,"y":36},{"data":8000000,"id":503000191,"x":20,"y":38},{"data":8000000,"id":503000192,"x":17,"y":37},{"data":8000000,"id":503000193,"x":15,"y":35},{"data":8000000,"id":503000194,"x":14,"y":38},{"data":8000000,"id":503000195,"x":12,"y":37},{"data":8000000,"id":503000196,"x":10,"y":35},{"data":8000000,"id":503000197,"x":8,"y":37},{"data":8000000,"id":503000198,"x":6,"y":38},{"data":8000025,"id":503000207,"x":26,"y":22},{"data":8000025,"id":503000208,"x":25,"y":25},{"data":8000025,"id":503000209,"x":29,"y":19},{"data":8000025,"id":503000210,"x":25,"y":16},{"data":8000000,"id":503000211,"x":29,"y":33},{"data":8000000,"id":503000212,"x":31,"y":31},{"data":8000000,"id":503000213,"x":33,"y":35},{"data":8000000,"id":503000214,"x":34,"y":32},{"data":8000000,"id":503000215,"x":33,"y":29},{"data":8000000,"id":503000216,"x":35,"y":27},{"data":8000000,"id":503000217,"x":32,"y":24},{"data":8000000,"id":503000218,"x":34,"y":21},{"data":8000000,"id":503000219,"x":34,"y":18},{"data":8000000,"id":503000220,"x":32,"y":17},{"data":8000000,"id":503000221,"x":35,"y":15},{"data":8000000,"id":503000222,"x":31,"y":13},{"data":8000000,"id":503000223,"x":33,"y":11},{"data":8000000,"id":503000224,"x":34,"y":9},{"data":8000000,"id":503000226,"x":31,"y":10},{"data":8000000,"id":503000227,"x":29,"y":7}],"exp_ver":1}