{"buildings":[{"data":1000001,"id":500000000,"lvl":9,"x":19,"y":18},{"data":1000027,"id":500000001,"lvl":3,"x":16,"y":22,"attack_mode":true,"attack_mode_draft":true,"attack_mode_war":false,"attack_mode_draft_war":false,"attack_mode2":false,"attack_mode_d2":false,"attack_mode3":false,"attack_mode_d3":false,"attack_mode4":false,"attack_mode_d4":false,"attack_mode5":false,"attack_mode_d5":false,"attack_mode_chal":false,"attack_mode_dchal":false,"attack_mode_arrw":false,"attack_mode_draft_arrw":false,"ammo":1000},{"data":1000027,"id":500000002,"lvl":3,"x":24,"y":16,"attack_mode":true,"attack_mode_draft":true,"attack_mode_war":false,"attack_mode_draft_war":false,"attack_mode2":false,"attack_mode_d2":false,"attack_mode3":false,"attack_mode_d3":false,"attack_mode4":false,"attack_mode_d4":false,"attack_mode5":false,"attack_mode_d5":false,"attack_mode_chal":false,"attack_mode_dchal":false,"attack_mode_arrw":false,"attack_mode_draft_arrw":false,"ammo":1000},{"data":1000027,"id":500000003,"lvl":3,"x":24,"y":22,"attack_mode":false,"attack_mode_draft":false,"attack_mode_war":false,"attack_mode_draft_war":false,"attack_mode2":false,"attack_mode_d2":false,"attack_mode3":false,"attack_mode_d3":false,"attack_mode4":false,"attack_mode_d4":false,"attack_mode5":false,"attack_mode_d5":false,"attack_mode_chal":false,"attack_mode_dchal":false,"attack_mode_arrw":false,"attack_mode_draft_arrw":false,"ammo":1000},{"data":1000027,"id":500000004,"lvl":3,"x":16,"y":16,"attack_mode":false,"attack_mode_draft":false,"attack_mode_war":false,"attack_mode_draft_war":false,"attack_mode2":false,"attack_mode_d2":false,"attack_mode3":false,"attack_mode_d3":false,"attack_mode4":false,"attack_mode_d4":false,"attack_mode5":false,"attack_mode_d5":false,"attack_mode_chal":false,"attack_mode_dchal":false,"attack_mode_arrw":false,"attack_mode_draft_arrw":false,"ammo":1000},{"data":1000021,"id":500000005,"lvl":3,"x":16,"y":18,"attack_mode":false,"attack_mode_draft":false,"attack_mode_war":false,"attack_mode_draft_war":false,"attack_mode2":false,"attack_mode_d2":false,"attack_mode3":false,"attack_mode_d3":false,"attack_mode4":false,"attack_mode_d4":false,"attack_mode5":false,"attack_mode_d5":false,"attack_mode_chal":false,"attack_mode_dchal":false,"attack_mode_arrw":false,"attack_mode_draft_arrw":false,"ammo":1500},{"data":1000021,"id":500000006,"lvl":3,"x":23,"y":18,"attack_mode":true,"attack_mode_draft":true,"attack_mode_war":false,"attack_mode_draft_war":false,"attack_mode2":false,"attack_mode_d2":false,"attack_mode3":false,"attack_mode_d3":false,"attack_mode4":false,"attack_mode_d4":false,"attack_mode5":false,"attack_mode_d5":false,"attack_mode_chal":false,"attack_mode_dchal":false,"attack_mode_arrw":false,"attack_mode_draft_arrw":false,"ammo":1500},{"data":1000028,"id":500000007,"lvl":5,"x":20,"y":16,"aim_angle":0,"aim_angle_draft":0,"aim_angle_war":0,"aim_angle_draft_war":0,"aim_angle2":0,"aim_angle_d2":0,"aim_angle3":0,"aim_angle_d3":0,"aim_angle4":0,"aim_angle_d4":0,"aim_angle5":0,"aim_angle_d5":0,"aim_angle5_chal":0,"aim_angle_dchal":0,"aim_angle_arrw":0,"aim_angle_draft_arrw":0},{"data":1000028,"id":500000008,"lvl":5,"x":20,"y":22,"aim_angle":180,"aim_angle_draft":180,"aim_angle_war":0,"aim_angle_draft_war":0,"aim_angle2":0,"aim_angle_d2":0,"aim_angle3":0,"aim_angle_d3":0,"aim_angle4":0,"aim_angle_d4":0,"aim_angle5":0,"aim_angle_d5":0,"aim_angle5_chal":0,"aim_angle_dchal":0,"aim_angle_arrw":0,"aim_angle_draft_arrw":0},{"data":1000010,"id":500000009,"lvl":10,"wI":0,"wX":0,"x":15,"y":24},{"data":1000010,"id":500000010,"lvl":10,"wI":0,"wX":0,"x":15,"y":23},{"data":1000010,"id":500000011,"lvl":10,"wI":0,"wX":0,"x":15,"y":22},{"data":1000010,"id":500000012,"lvl":10,"wI":0,"wX":0,"x":15,"y":21},{"data":1000010,"id":500000013,"lvl":10,"wI":0,"wX":0,"x":15,"y":20},{"data":1000010,"id":500000014,"lvl":10,"wI":0,"wX":0,"x":15,"y":19},{"data":1000010,"id":500000015,"lvl":10,"wI":0,"wX":0,"x":15,"y":18},{"data":1000010,"id":500000016,"lvl":10,"wI":0,"wX":0,"x":15,"y":17},{"data":1000010,"id":500000017,"lvl":10,"wI":0,"wX":0,"x":15,"y":16},{"data":1000010,"id":500000018,"lvl":10,"wI":0,"wX":0,"x":15,"y":15},{"data":1000010,"id":500000019,"lvl":10,"wI":0,"wX":0,"x":16,"y":15},{"data":1000010,"id":500000020,"lvl":10,"wI":0,"wX":0,"x":17,"y":15},{"data":1000010,"id":500000021,"lvl":10,"wI":0,"wX":0,"x":18,"y":15},{"data":1000010,"id":500000022,"lvl":10,"wI":0,"wX":0,"x":19,"y":15},{"data":1000010,"id":500000023,"lvl":10,"wI":0,"wX":0,"x":20,"y":15},{"data":1000010,"id":500000024,"lvl":10,"wI":0,"wX":0,"x":21,"y":15},{"data":1000010,"id":500000025,"lvl":10,"wI":0,"wX":0,"x":22,"y":15},{"data":1000010,"id":500000026,"lvl":10,"wI":0,"wX":0,"x":23,"y":15},{"data":1000010,"id":500000027,"lvl":10,"wI":0,"wX":0,"x":24,"y":15},{"data":1000010,"id":500000028,"lvl":10,"wI":0,"wX":0,"x":25,"y":15},{"data":1000010,"id":500000029,"lvl":10,"wI":0,"wX":0,"x":26,"y":15},{"data":1000010,"id":500000030,"lvl":10,"wI":0,"wX":0,"x":26,"y":16},{"data":1000010,"id":500000031,"lvl":10,"wI":0,"wX":0,"x":26,"y":17},{"data":1000010,"id":500000032,"lvl":10,"wI":0,"wX":0,"x":26,"y":18},{"data":1000010,"id":500000033,"lvl":10,"wI":0,"wX":0,"x":26,"y":19},{"data":1000010,"id":500000034,"lvl":10,"wI":0,"wX":0,"x":26,"y":20},{"data":1000010,"id":500000035,"lvl":10,"wI":0,"wX":0,"x":26,"y":21},{"data":1000010,"id":500000036,"lvl":10,"wI":0,"wX":0,"x":26,"y":22},{"data":1000010,"id":500000037,"lvl":10,"wI":0,"wX":0,"x":26,"y":23},{"data":1000010,"id":500000038,"lvl":10,"wI":0,"wX":0,"x":26,"y":24},{"data":1000010,"id":500000039,"lvl":10,"wI":0,"wX":0,"x":25,"y":24},{"data":1000010,"id":500000040,"lvl":10,"wI":0,"wX":0,"x":24,"y":24},{"data":1000010,"id":500000041,"lvl":10,"wI":0,"wX":0,"x":23,"y":24},{"data":1000010,"id":500000042,"lvl":10,"wI":0,"wX":0,"x":22,"y":24},{"data":1000010,"id":500000043,"lvl":10,"wI":0,"wX":0,"x":21,"y":24},{"data":1000010,"id":500000044,"lvl":10,"wI":0,"wX":0,"x":20,"y":24},{"data":1000010,"id":500000045,"lvl":10,"wI":0,"wX":0,"x":19,"y":24},{"data":1000010,"id":500000046,"lvl":10,"wI":0,"wX":0,"x":18,"y":24},{"data":1000010,"id":500000047,"lvl":10,"wI":0,"wX":0,"x":17,"y":24},{"data":1000010,"id":500000048,"lvl":10,"wI":0,"wX":0,"x":16,"y":24},{"data":1000012,"id":500000049,"lvl":7,"x":25,"y":12},{"data":1000012,"id":500000050,"lvl":7,"x":14,"y":12},{"data":1000012,"id":500000051,"lvl":7,"x":25,"y":25},{"data":1000012,"id":500000052,"lvl":7,"x":14,"y":25},{"data":1000011,"id":500000053,"lvl":8,"x":28,"y":14},{"data":1000011,"id":500000054,"lvl":8,"x":28,"y":22},{"data":1000011,"id":500000055,"lvl":8,"x":11,"y":14},{"data":1000011,"id":500000056,"lvl":8,"x":11,"y":22},{"data":1000010,"id":500000057,"lvl":10,"wI":0,"wX":0,"x":9,"y":12},{"data":1000010,"id":500000058,"lvl":10,"wI":0,"wX":0,"x":12,"y":9},{"data":1000010,"id":500000059,"lvl":10,"wI":0,"wX":0,"x":13,"y":9},{"data":1000010,"id":500000062,"lvl":10,"wI":0,"wX":0,"x":16,"y":9},{"data":1000010,"id":500000065,"lvl":10,"wI":0,"wX":0,"x":19,"y":9},{"data":1000010,"id":500000066,"lvl":10,"wI":0,"wX":0,"x":20,"y":9},{"data":1000010,"id":500000067,"lvl":10,"wI":0,"wX":0,"x":21,"y":9},{"data":1000010,"id":500000068,"lvl":10,"wI":0,"wX":0,"x":22,"y":9},{"data":1000010,"id":500000071,"lvl":10,"wI":0,"wX":0,"x":25,"y":9},{"data":1000010,"id":500000072,"lvl":10,"wI":0,"wX":0,"x":26,"y":9},{"data":1000010,"id":500000073,"lvl":10,"wI":0,"wX":0,"x":27,"y":9},{"data":1000010,"id":500000074,"lvl":10,"wI":0,"wX":0,"x":28,"y":9},{"data":1000010,"id":500000075,"lvl":10,"wI":0,"wX":0,"x":29,"y":9},{"data":1000010,"id":500000076,"lvl":10,"wI":0,"wX":0,"x":32,"y":11},{"data":1000010,"id":500000077,"lvl":10,"wI":0,"wX":0,"x":32,"y":12},{"data":1000010,"id":500000078,"lvl":10,"wI":0,"wX":0,"x":32,"y":13},{"data":1000010,"id":500000079,"lvl":10,"wI":0,"wX":0,"x":32,"y":14},{"data":1000010,"id":500000080,"lvl":10,"wI":0,"wX":0,"x":32,"y":15},{"data":1000010,"id":500000083,"lvl":10,"wI":0,"wX":0,"x":32,"y":16},{"data":1000010,"id":500000084,"lvl":10,"wI":0,"wX":0,"x":32,"y":19},{"data":1000010,"id":500000085,"lvl":10,"wI":0,"wX":0,"x":32,"y":20},{"data":1000010,"id":500000088,"lvl":10,"wI":0,"wX":0,"x":32,"y":23},{"data":1000010,"id":500000089,"lvl":10,"wI":0,"wX":0,"x":32,"y":24},{"data":1000010,"id":500000090,"lvl":10,"wI":0,"wX":0,"x":32,"y":25},{"data":1000010,"id":500000091,"lvl":10,"wI":0,"wX":0,"x":32,"y":26},{"data":1000010,"id":500000092,"lvl":10,"wI":0,"wX":0,"x":32,"y":27},{"data":1000010,"id":500000093,"lvl":10,"wI":0,"wX":0,"x":30,"y":30},{"data":1000010,"id":500000094,"lvl":10,"wI":0,"wX":0,"x":29,"y":30},{"data":1000010,"id":500000095,"lvl":10,"wI":0,"wX":0,"x":28,"y":30},{"data":1000010,"id":500000096,"lvl":10,"wI":0,"wX":0,"x":27,"y":30},{"data":1000010,"id":500000097,"lvl":10,"wI":0,"wX":0,"x":26,"y":30},{"data":1000010,"id":500000098,"lvl":10,"wI":0,"wX":0,"x":25,"y":30},{"data":1000010,"id":500000099,"lvl":10,"wI":0,"wX":0,"x":22,"y":30},{"data":1000010,"id":500000100,"lvl":10,"wI":0,"wX":0,"x":21,"y":30},{"data":1000010,"id":500000101,"lvl":10,"wI":0,"wX":0,"x":20,"y":30},{"data":1000010,"id":500000104,"lvl":10,"wI":0,"wX":0,"x":19,"y":30},{"data":1000010,"id":500000107,"lvl":10,"wI":0,"wX":0,"x":16,"y":30},{"data":1000010,"id":500000108,"lvl":10,"wI":0,"wX":0,"x":15,"y":30},{"data":1000010,"id":500000109,"lvl":10,"wI":0,"wX":0,"x":14,"y":30},{"data":1000010,"id":500000110,"lvl":10,"wI":0,"wX":0,"x":13,"y":30},{"data":1000010,"id":500000111,"lvl":10,"wI":0,"wX":0,"x":12,"y":30},{"data":1000010,"id":500000112,"lvl":10,"wI":0,"wX":0,"x":11,"y":30},{"data":1000010,"id":500000113,"lvl":10,"wI":0,"wX":0,"x":9,"y":27},{"data":1000010,"id":500000114,"lvl":10,"wI":0,"wX":0,"x":9,"y":26},{"data":1000010,"id":500000115,"lvl":10,"wI":0,"wX":0,"x":9,"y":25},{"data":1000010,"id":500000116,"lvl":10,"wI":0,"wX":0,"x":9,"y":24},{"data":1000010,"id":500000117,"lvl":10,"wI":0,"wX":0,"x":9,"y":23},{"data":1000010,"id":500000120,"lvl":10,"wI":0,"wX":0,"x":9,"y":22},{"data":1000010,"id":500000121,"lvl":10,"wI":0,"wX":0,"x":9,"y":19},{"data":1000010,"id":500000122,"lvl":10,"wI":0,"wX":0,"x":9,"y":18},{"data":1000010,"id":500000123,"lvl":10,"wI":0,"wX":0,"x":9,"y":15},{"data":1000010,"id":500000126,"lvl":10,"wI":0,"wX":0,"x":9,"y":14},{"data":1000010,"id":500000127,"lvl":10,"wI":0,"wX":0,"x":9,"y":13},{"data":1000010,"id":500000128,"lvl":10,"wI":0,"wX":0,"x":11,"y":9},{"data":1000010,"id":500000129,"lvl":10,"wI":0,"wX":0,"x":14,"y":9},{"data":1000010,"id":500000130,"lvl":10,"wI":0,"wX":0,"x":15,"y":9},{"data":1000009,"id":500000131,"lvl":12,"x":29,"y":10,"attack_mode":false,"attack_mode_draft":false,"attack_mode_war":false,"attack_mode_draft_war":false,"attack_mode2":false,"attack_mode_d2":false,"attack_mode3":false,"attack_mode_d3":false,"attack_mode4":false,"attack_mode_d4":false,"attack_mode5":false,"attack_mode_d5":false,"attack_mode_chal":false,"attack_mode_dchal":false,"attack_mode_arrw":false,"attack_mode_draft_arrw":false},{"data":1000009,"id":500000132,"lvl":12,"x":10,"y":10,"attack_mode":false,"attack_mode_draft":false,"attack_mode_war":false,"attack_mode_draft_war":false,"attack_mode2":false,"attack_mode_d2":false,"attack_mode3":false,"attack_mode_d3":false,"attack_mode4":false,"attack_mode_d4":false,"attack_mode5":false,"attack_mode_d5":false,"attack_mode_chal":false,"attack_mode_dchal":false,"attack_mode_arrw":false,"attack_mode_draft_arrw":false},{"data":1000009,"id":500000133,"lvl":12,"x":10,"y":27,"attack_mode":false,"attack_mode_draft":false,"attack_mode_war":false,"attack_mode_draft_war":false,"attack_mode2":false,"attack_mode_d2":false,"attack_mode3":false,"attack_mode_d3":false,"attack_mode4":false,"attack_mode_d4":false,"attack_mode5":false,"attack_mode_d5":false,"attack_mode_chal":false,"attack_mode_dchal":false,"attack_mode_arrw":false,"attack_mode_draft_arrw":false},{"data":1000009,"id":500000134,"lvl":12,"x":29,"y":27,"attack_mode":false,"attack_mode_draft":false,"attack_mode_war":false,"attack_mode_draft_war":false,"attack_mode2":false,"attack_mode_d2":false,"attack_mode3":false,"attack_mode_d3":false,"attack_mode4":false,"attack_mode_d4":false,"attack_mode5":false,"attack_mode_d5":false,"attack_mode_chal":false,"attack_mode_dchal":false,"attack_mode_arrw":false,"attack_mode_draft_arrw":false},{"data":1000032,"id":500000135,"lvl":3,"x":21,"y":11},{"data":1000032,"id":500000136,"lvl":3,"x":18,"y":11},{"data":1000032,"id":500000137,"lvl":3,"x":18,"y":26},{"data":1000032,"id":500000138,"lvl":3,"x":21,"y":26},{"data":1000008,"id":500000139,"lvl":12,"x":29,"y":18,"attack_mode":false,"attack_mode_draft":false,"attack_mode_war":false,"attack_mode_draft_war":false,"attack_mode2":false,"attack_mode_d2":false,"attack_mode3":false,"attack_mode_d3":false,"attack_mode4":false,"attack_mode_d4":false,"attack_mode5":false,"attack_mode_d5":false,"attack_mode_chal":false,"attack_mode_dchal":false,"attack_mode_arrw":false,"attack_mode_draft_arrw":false},{"data":1000008,"id":500000140,"lvl":12,"x":10,"y":18,"attack_mode":false,"attack_mode_draft":false,"attack_mode_war":false,"attack_mode_draft_war":false,"attack_mode2":false,"attack_mode_d2":false,"attack_mode3":false,"attack_mode_d3":false,"attack_mode4":false,"attack_mode_d4":false,"attack_mode5":false,"attack_mode_d5":false,"attack_mode_chal":false,"attack_mode_dchal":false,"attack_mode_arrw":false,"attack_mode_draft_arrw":false},{"data":1000010,"id":500000141,"lvl":10,"wI":0,"wX":0,"x":8,"y":24},{"data":1000010,"id":500000142,"lvl":10,"wI":0,"wX":0,"x":8,"y":23},{"data":1000010,"id":500000145,"lvl":10,"wI":0,"wX":0,"x":8,"y":22},{"data":1000010,"id":500000146,"lvl":10,"wI":0,"wX":0,"x":8,"y":19},{"data":1000010,"id":500000147,"lvl":10,"wI":0,"wX":0,"x":8,"y":18},{"data":1000010,"id":500000148,"lvl":10,"wI":0,"wX":0,"x":8,"y":15},{"data":1000010,"id":500000151,"lvl":10,"wI":0,"wX":0,"x":8,"y":14},{"data":1000010,"id":500000152,"lvl":10,"wI":0,"wX":0,"x":8,"y":13},{"data":1000010,"id":500000153,"lvl":10,"wI":0,"wX":0,"x":33,"y":25},{"data":1000010,"id":500000154,"lvl":10,"wI":0,"wX":0,"x":33,"y":24},{"data":1000010,"id":500000155,"lvl":10,"wI":0,"wX":0,"x":33,"y":23},{"data":1000010,"id":500000159,"lvl":10,"wI":0,"wX":0,"x":33,"y":19},{"data":1000010,"id":500000162,"lvl":10,"wI":0,"wX":0,"x":33,"y":16},{"data":1000010,"id":500000163,"lvl":10,"wI":0,"wX":0,"x":33,"y":15},{"data":1000010,"id":500000164,"lvl":10,"wI":0,"wX":0,"x":33,"y":14},{"data":1000010,"id":500000165,"lvl":10,"wI":0,"wX":0,"x":26,"y":8},{"data":1000010,"id":500000166,"lvl":10,"wI":0,"wX":0,"x":27,"y":8},{"data":1000010,"id":500000167,"lvl":10,"wI":0,"wX":0,"x":25,"y":8},{"data":1000010,"id":500000170,"lvl":10,"wI":0,"wX":0,"x":22,"y":8},{"data":1000010,"id":500000171,"lvl":10,"wI":0,"wX":0,"x":21,"y":8},{"data":1000010,"id":500000172,"lvl":10,"wI":0,"wX":0,"x":20,"y":8},{"data":1000010,"id":500000173,"lvl":10,"wI":0,"wX":0,"x":19,"y":8},{"data":1000010,"id":500000176,"lvl":10,"wI":0,"wX":0,"x":16,"y":8},{"data":1000010,"id":500000177,"lvl":10,"wI":0,"wX":0,"x":15,"y":8},{"data":1000010,"id":500000178,"lvl":10,"wI":0,"wX":0,"x":14,"y":8},{"data":1000010,"id":500000179,"lvl":10,"wI":0,"wX":0,"x":14,"y":31},{"data":1000010,"id":500000180,"lvl":10,"wI":0,"wX":0,"x":15,"y":31},{"data":1000010,"id":500000181,"lvl":10,"wI":0,"wX":0,"x":16,"y":31},{"data":1000010,"id":500000184,"lvl":10,"wI":0,"wX":0,"x":19,"y":31},{"data":1000010,"id":500000187,"lvl":10,"wI":0,"wX":0,"x":20,"y":31},{"data":1000010,"id":500000188,"lvl":10,"wI":0,"wX":0,"x":21,"y":31},{"data":1000010,"id":500000189,"lvl":10,"wI":0,"wX":0,"x":22,"y":31},{"data":1000010,"id":500000190,"lvl":10,"wI":0,"wX":0,"x":25,"y":31},{"data":1000010,"id":500000191,"lvl":10,"wI":0,"wX":0,"x":26,"y":31},{"data":1000010,"id":500000192,"lvl":10,"wI":0,"wX":0,"x":27,"y":31},{"data":1000023,"id":500000193,"lvl":5,"x":14,"y":5,"res_time":64657},{"data":1000023,"id":500000199,"lvl":5,"x":14,"y":32,"res_time":64657},{"data":1000023,"id":500000202,"lvl":5,"x":26,"y":32,"res_time":64657},{"data":1000023,"id":500000205,"lvl":5,"x":26,"y":5,"res_time":64657},{"data":1000004,"id":500000207,"lvl":11,"x":5,"y":13,"res_time":84777},{"data":1000004,"id":500000208,"lvl":11,"x":5,"y":25,"res_time":84777},{"data":1000002,"id":500000212,"lvl":11,"x":34,"y":24,"res_time":84671},{"data":1000002,"id":500000215,"lvl":11,"x":34,"y":12,"res_time":84671},{"data":1000010,"id":500000216,"lvl":10,"wI":0,"wX":0,"x":33,"y":20},{"data":1000005,"id":500000218,"lvl":10,"x":5,"y":21},{"data":1000005,"id":500000219,"lvl":10,"x":5,"y":17},{"data":1000024,"id":500000220,"lvl":4,"x":18,"y":32},{"data":1000024,"id":500000221,"lvl":4,"x":22,"y":32},{"data":1000003,"id":500000222,"lvl":10,"x":34,"y":20},{"data":1000003,"id":500000223,"lvl":10,"x":34,"y":16},{"data":1000024,"id":500000224,"lvl":4,"x":18,"y":5},{"data":1000024,"id":500000225,"lvl":4,"x":22,"y":5},{"data":1000010,"id":500000226,"lvl":10,"wI":0,"wX":0,"x":9,"y":28},{"data":1000010,"id":500000227,"lvl":10,"wI":0,"wX":0,"x":9,"y":29},{"data":1000010,"id":500000228,"lvl":10,"wI":0,"wX":0,"x":9,"y":30},{"data":1000010,"id":500000229,"lvl":10,"wI":0,"wX":0,"x":10,"y":30},{"data":1000010,"id":500000230,"lvl":10,"wI":0,"wX":0,"x":31,"y":30},{"data":1000010,"id":500000231,"lvl":10,"wI":0,"wX":0,"x":32,"y":30},{"data":1000010,"id":500000232,"lvl":10,"wI":0,"wX":0,"x":32,"y":29},{"data":1000010,"id":500000233,"lvl":10,"wI":0,"wX":0,"x":32,"y":28},{"data":1000010,"id":500000234,"lvl":10,"wI":0,"wX":0,"x":32,"y":10},{"data":1000010,"id":500000235,"lvl":10,"wI":0,"wX":0,"x":32,"y":9},{"data":1000010,"id":500000236,"lvl":10,"wI":0,"wX":0,"x":31,"y":9},{"data":1000010,"id":500000237,"lvl":10,"wI":0,"wX":0,"x":30,"y":9},{"data":1000010,"id":500000238,"lvl":10,"wI":0,"wX":0,"x":10,"y":9},{"data":1000010,"id":500000239,"lvl":10,"wI":0,"wX":0,"x":9,"y":9},{"data":1000010,"id":500000240,"lvl":10,"wI":0,"wX":0,"x":9,"y":10},{"data":1000010,"id":500000241,"lvl":10,"wI":0,"wX":0,"x":9,"y":11},{"data":1000019,"id":500000242,"lvl":8,"x":13,"y":28},{"data":1000019,"id":500000243,"lvl":8,"x":13,"y":10},{"data":1000019,"id":500000244,"lvl":8,"x":27,"y":10},{"data":1000019,"id":500000245,"lvl":8,"x":27,"y":28}],"decos":[],"traps":[{"data":12000008,"id":504000004,"lvl":3,"air_mode":false,"air_mode_draft":false,"air_mode_war":false,"air_mode_draft_war":false,"air_mode2":false,"air_mode_d2":false,"air_mode3":false,"air_mode_d3":false,"air_mode4":false,"air_mode_d4":false,"air_mode5":false,"air_mode_d5":false,"air_mode6":false,"air_mode_d6":false,"air_mode7":false,"air_mode_d7":false,"x":5,"y":24},{"data":12000008,"id":504000005,"lvl":3,"air_mode":false,"air_mode_draft":false,"air_mode_war":false,"air_mode_draft_war":false,"air_mode2":false,"air_mode_d2":false,"air_mode3":false,"air_mode_d3":false,"air_mode4":false,"air_mode_d4":false,"air_mode5":false,"air_mode_d5":false,"air_mode6":false,"air_mode_d6":false,"air_mode7":false,"air_mode_d7":false,"x":5,"y":20},{"data":12000008,"id":504000006,"lvl":3,"air_mode":false,"air_mode_draft":false,"air_mode_war":false,"air_mode_draft_war":false,"air_mode2":false,"air_mode_d2":false,"air_mode3":false,"air_mode_d3":false,"air_mode4":false,"air_mode_d4":false,"air_mode5":false,"air_mode_d5":false,"air_mode6":false,"air_mode_d6":false,"air_mode7":false,"air_mode_d7":false,"x":5,"y":16},{"data":12000008,"id":504000007,"lvl":3,"air_mode":false,"air_mode_draft":false,"air_mode_war":false,"air_mode_draft_war":false,"air_mode2":false,"air_mode_d2":false,"air_mode3":false,"air_mode_d3":false,"air_mode4":false,"air_mode_d4":false,"air_mode5":false,"air_mode_d5":false,"air_mode6":false,"air_mode_d6":false,"air_mode7":false,"air_mode_d7":false,"x":6,"y":16},{"data":12000008,"id":504000008,"lvl":3,"air_mode":false,"air_mode_draft":false,"air_mode_war":false,"air_mode_draft_war":false,"air_mode2":false,"air_mode_d2":false,"air_mode3":false,"air_mode_d3":false,"air_mode4":false,"air_mode_d4":false,"air_mode5":false,"air_mode_d5":false,"air_mode6":false,"air_mode_d6":false,"air_mode7":false,"air_mode_d7":false,"x":6,"y":20},{"data":12000008,"id":504000009,"lvl":3,"air_mode":false,"air_mode_draft":false,"air_mode_war":false,"air_mode_draft_war":false,"air_mode2":false,"air_mode_d2":false,"air_mode3":false,"air_mode_d3":false,"air_mode4":false,"air_mode_d4":false,"air_mode5":false,"air_mode_d5":false,"air_mode6":false,"air_mode_d6":false,"air_mode7":false,"air_mode_d7":false,"x":6,"y":24},{"data":12000008,"id":504000016,"lvl":3,"air_mode":false,"air_mode_draft":false,"air_mode_war":false,"air_mode_draft_war":false,"air_mode2":false,"air_mode_d2":false,"air_mode3":false,"air_mode_d3":false,"air_mode4":false,"air_mode_d4":false,"air_mode5":false,"air_mode_d5":false,"air_mode6":false,"air_mode_d6":false,"air_mode7":false,"air_mode_d7":false,"x":36,"y":23},{"data":12000008,"id":504000017,"lvl":3,"air_mode":false,"air_mode_draft":false,"air_mode_war":false,"air_mode_draft_war":false,"air_mode2":false,"air_mode_d2":false,"air_mode3":false,"air_mode_d3":false,"air_mode4":false,"air_mode_d4":false,"air_mode5":false,"air_mode_d5":false,"air_mode6":false,"air_mode_d6":false,"air_mode7":false,"air_mode_d7":false,"x":35,"y":23},{"data":12000008,"id":504000018,"lvl":3,"air_mode":false,"air_mode_draft":false,"air_mode_war":false,"air_mode_draft_war":false,"air_mode2":false,"air_mode_d2":false,"air_mode3":false,"air_mode_d3":false,"air_mode4":false,"air_mode_d4":false,"air_mode5":false,"air_mode_d5":false,"air_mode6":false,"air_mode_d6":false,"air_mode7":false,"air_mode_d7":false,"x":36,"y":19},{"data":12000008,"id":504000019,"lvl":3,"air_mode":false,"air_mode_draft":false,"air_mode_war":false,"air_mode_draft_war":false,"air_mode2":false,"air_mode_d2":false,"air_mode3":false,"air_mode_d3":false,"air_mode4":false,"air_mode_d4":false,"air_mode5":false,"air_mode_d5":false,"air_mode6":false,"air_mode_d6":false,"air_mode7":false,"air_mode_d7":false,"x":35,"y":19},{"data":12000008,"id":504000020,"lvl":3,"air_mode":false,"air_mode_draft":false,"air_mode_war":false,"air_mode_draft_war":false,"air_mode2":false,"air_mode_d2":false,"air_mode3":false,"air_mode_d3":false,"air_mode4":false,"air_mode_d4":false,"air_mode5":false,"air_mode_d5":false,"air_mode6":false,"air_mode_d6":false,"air_mode7":false,"air_mode_d7":false,"x":36,"y":15},{"data":12000008,"id":504000021,"lvl":3,"air_mode":false,"air_mode_draft":false,"air_mode_war":false,"air_mode_draft_war":false,"air_mode2":false,"air_mode_d2":false,"air_mode3":false,"air_mode_d3":false,"air_mode4":false,"air_mode_d4":false,"air_mode5":false,"air_mode_d5":false,"air_mode6":false,"air_mode_d6":false,"air_mode7":false,"air_mode_d7":false,"x":35,"y":15},{"data":12000006,"id":504000022,"lvl":2,"x":17,"y":5},{"data":12000006,"id":504000023,"lvl":2,"x":17,"y":6},{"data":12000006,"id":504000024,"lvl":2,"x":21,"y":5},{"data":12000006,"id":504000025,"lvl":2,"x":21,"y":6},{"data":12000006,"id":504000026,"lvl":2,"x":25,"y":5},{"data":12000006,"id":504000027,"lvl":2,"x":25,"y":6},{"data":12000006,"id":504000028,"lvl":2,"x":17,"y":34},{"data":12000006,"id":504000029,"lvl":2,"x":17,"y":33},{"data":12000006,"id":504000030,"lvl":2,"x":21,"y":34},{"data":12000006,"id":504000031,"lvl":2,"x":21,"y":33},{"data":12000006,"id":504000032,"lvl":2,"x":25,"y":34},{"data":12000006,"id":504000033,"lvl":2,"x":25,"y":33},{"data":12000002,"id":504000034,"lvl":4,"x":10,"y":31},{"data":12000002,"id":504000035,"lvl":4,"x":13,"y":17},{"data":12000002,"id":504000036,"lvl":4,"x":13,"y":20},{"data":12000002,"id":504000037,"lvl":4,"x":27,"y":20},{"data":12000002,"id":504000038,"lvl":4,"x":27,"y":17},{"data":12000002,"id":504000039,"lvl":4,"x":12,"y":31},{"data":12000002,"id":504000040,"lvl":4,"x":29,"y":31},{"data":12000002,"id":504000041,"lvl":4,"x":31,"y":31},{"data":12000002,"id":504000042,"lvl":4,"x":33,"y":29},{"data":12000002,"id":504000043,"lvl":4,"x":33,"y":27},{"data":12000002,"id":504000044,"lvl":4,"x":33,"y":10},{"data":12000002,"id":504000045,"lvl":4,"x":30,"y":7},{"data":12000002,"id":504000046,"lvl":4,"x":12,"y":7},{"data":12000002,"id":504000047,"lvl":4,"x":10,"y":7},{"data":12000002,"id":504000048,"lvl":4,"x":7,"y":9},{"data":12000002,"id":504000049,"lvl":4,"x":7,"y":11},{"data":12000002,"id":504000050,"lvl":4,"x":7,"y":29},{"data":12000008,"id":504000051,"lvl":3,"air_mode":false,"air_mode_draft":false,"air_mode_war":false,"air_mode_draft_war":false,"air_mode2":false,"air_mode_d2":false,"air_mode3":false,"air_mode_d3":false,"air_mode4":false,"air_mode_d4":false,"air_mode5":false,"air_mode_d5":false,"air_mode6":false,"air_mode_d6":false,"air_mode7":false,"air_mode_d7":false,"x":25,"y":21},{"data":12000008,"id":504000052,"lvl":3,"air_mode":false,"air_mode_draft":false,"air_mode_war":false,"air_mode_draft_war":false,"air_mode2":false,"air_mode_d2":false,"air_mode3":false,"air_mode_d3":false,"air_mode4":false,"air_mode_d4":false,"air_mode5":false,"air_mode_d5":false,"air_mode6":false,"air_mode_d6":false,"air_mode7":false,"air_mode_d7":false,"x":24,"y":21},{"data":12000008,"id":504000053,"lvl":3,"air_mode":false,"air_mode_draft":false,"air_mode_war":false,"air_mode_draft_war":false,"air_mode2":false,"air_mode_d2":false,"air_mode3":false,"air_mode_d3":false,"air_mode4":false,"air_mode_d4":false,"air_mode5":false,"air_mode_d5":false,"air_mode6":false,"air_mode_d6":false,"air_mode7":false,"air_mode_d7":false,"x":18,"y":21},{"data":12000008,"id":504000054,"lvl":3,"air_mode":false,"air_mode_draft":false,"air_mode_war":false,"air_mode_draft_war":false,"air_mode2":false,"air_mode_d2":false,"air_mode3":false,"air_mode_d3":false,"air_mode4":false,"air_mode_d4":false,"air_mode5":false,"air_mode_d5":false,"air_mode6":false,"air_mode_d6":false,"air_mode7":false,"air_mode_d7":false,"x":17,"y":21},{"data":12000008,"id":504000055,"lvl":3,"air_mode":false,"air_mode_draft":false,"air_mode_war":false,"air_mode_draft_war":false,"air_mode2":false,"air_mode_d2":false,"air_mode3":false,"air_mode_d3":false,"air_mode4":false,"air_mode_d4":false,"air_mode5":false,"air_mode_d5":false,"air_mode6":false,"air_mode_d6":false,"air_mode7":false,"air_mode_d7":false,"x":16,"y":21},{"data":12000008,"id":504000056,"lvl":3,"air_mode":false,"air_mode_draft":false,"air_mode_war":false,"air_mode_draft_war":false,"air_mode2":false,"air_mode_d2":false,"air_mode3":false,"air_mode_d3":false,"air_mode4":false,"air_mode_d4":false,"air_mode5":false,"air_mode_d5":false,"air_mode6":false,"air_mode_d6":false,"air_mode7":false,"air_mode_d7":false,"x":23,"y":21},{"data":12000018,"id":504000057,"lvl":0,"x":17,"y":30},{"data":12000018,"id":504000058,"lvl":0,"x":23,"y":30},{"data":12000018,"id":504000059,"lvl":0,"x":32,"y":21},{"data":12000018,"id":504000060,"lvl":0,"x":32,"y":17},{"data":12000018,"id":504000061,"lvl":0,"x":23,"y":8},{"data":12000018,"id":504000062,"lvl":0,"x":17,"y":8},{"data":12000018,"id":504000063,"lvl":0,"x":8,"y":16},{"data":12000018,"id":504000064,"lvl":0,"x":8,"y":20},{"data":12000018,"id":504000065,"lvl":0,"x":18,"y":22},{"data":12000018,"id":504000066,"lvl":0,"x":22,"y":22},{"data":12000018,"id":504000067,"lvl":0,"x":22,"y":16},{"data":12000018,"id":504000068,"lvl":0,"x":18,"y":16}],"obstacles":[{"data":8000000,"id":503000007,"x":9,"y":33},{"data":8000000,"id":503000010,"x":33,"y":33},{"data":8000000,"id":503000011,"x":35,"y":31},{"data":8000000,"id":503000012,"x":9,"y":35},{"data":8000000,"id":503000013,"x":5,"y":31},{"data":8000000,"id":503000014,"x":31,"y":33},{"data":8000000,"id":503000016,"x":33,"y":31},{"data":8000000,"id":503000029,"x":31,"y":35},{"data":8000000,"id":503000032,"x":35,"y":29},{"data":8000000,"id":503000036,"x":7,"y":33},{"data":8000000,"id":503000037,"x":7,"y":31},{"data":8000000,"id":503000042,"x":3,"y":9},{"data":8000000,"id":503000043,"x":3,"y":11},{"data":8000000,"id":503000044,"x":7,"y":7},{"data":8000000,"id":503000045,"x":5,"y":7},{"data":8000000,"id":503000047,"x":7,"y":5},{"data":8000000,"id":503000048,"x":9,"y":5},{"data":8000000,"id":503000049,"x":9,"y":3},{"data":8000000,"id":503000059,"x":31,"y":3},{"data":8000000,"id":503000060,"x":31,"y":5},{"data":8000000,"id":503000061,"x":33,"y":5},{"data":8000000,"id":503000062,"x":33,"y":7},{"data":8000000,"id":503000063,"x":35,"y":7},{"data":8000000,"id":503000064,"x":35,"y":9},{"data":8000000,"id":503000065,"x":37,"y":9},{"data":8000000,"id":503000073,"x":11,"y":3},{"data":8000000,"id":503000074,"x":13,"y":3},{"data":8000000,"id":503000075,"x":15,"y":3},{"data":8000000,"id":503000076,"x":17,"y":3},{"data":8000000,"id":503000077,"x":19,"y":3},{"data":8000000,"id":503000078,"x":21,"y":3},{"data":8000000,"id":503000079,"x":23,"y":3},{"data":8000000,"id":503000080,"x":25,"y":3},{"data":8000000,"id":503000081,"x":27,"y":3},{"data":8000000,"id":503000082,"x":29,"y":3},{"data":8000000,"id":503000083,"x":37,"y":11},{"data":8000000,"id":503000084,"x":37,"y":13},{"data":8000000,"id":503000085,"x":37,"y":15},{"data":8000000,"id":503000086,"x":37,"y":17},{"data":8000000,"id":503000087,"x":37,"y":19},{"data":8000000,"id":503000088,"x":37,"y":21},{"data":8000000,"id":503000089,"x":37,"y":23},{"data":8000000,"id":503000090,"x":37,"y":25},{"data":8000000,"id":503000091,"x":37,"y":27},{"data":8000000,"id":503000092,"x":37,"y":29},{"data":8000000,"id":503000093,"x":29,"y":35},{"data":8000000,"id":503000094,"x":27,"y":35},{"data":8000000,"id":503000095,"x":25,"y":35},{"data":8000000,"id":503000096,"x":23,"y":35},{"data":8000000,"id":503000097,"x":21,"y":35},{"data":8000000,"id":503000098,"x":19,"y":35},{"data":8000000,"id":503000099,"x":17,"y":35},{"data":8000000,"id":503000100,"x":15,"y":35},{"data":8000000,"id":503000101,"x":13,"y":35},{"data":8000000,"id":503000102,"x":11,"y":35},{"data":8000000,"id":503000103,"x":3,"y":29},{"data":8000000,"id":503000105,"x":3,"y":27},{"data":8000000,"id":503000106,"x":3,"y":25},{"data":8000000,"id":503000107,"x":3,"y":13},{"data":8000000,"id":503000108,"x":3,"y":15},{"data":8000000,"id":503000109,"x":3,"y":17},{"data":8000000,"id":503000110,"x":3,"y":19},{"data":8000000,"id":503000111,"x":3,"y":21},{"data":8000000,"id":503000112,"x":3,"y":23},{"data":8000000,"id":503000113,"x":5,"y":9},{"data":8000000,"id":503000114,"x":5,"y":29}],"exp_ver":1}