{"buildings":[{"data":1000001,"id":500000000,"lvl":10,"x":16,"y":21},{"data":1000009,"id":500000011,"lvl":14,"x":20,"y":25,"attack_mode":false,"attack_mode_draft":false,"attack_mode_war":false,"attack_mode_draft_war":false,"attack_mode2":false,"attack_mode_d2":false,"attack_mode3":false,"attack_mode_d3":false,"attack_mode4":false,"attack_mode_d4":false,"attack_mode5":false,"attack_mode_d5":false,"attack_mode_chal":false,"attack_mode_dchal":false,"attack_mode_arrw":false,"attack_mode_draft_arrw":false},{"data":1000021,"id":500000014,"lvl":4,"x":20,"y":15,"attack_mode":true,"attack_mode_draft":true,"attack_mode_war":false,"attack_mode_draft_war":false,"attack_mode2":false,"attack_mode_d2":false,"attack_mode3":false,"attack_mode_d3":false,"attack_mode4":false,"attack_mode_d4":false,"attack_mode5":false,"attack_mode_d5":false,"attack_mode_chal":false,"attack_mode_dchal":false,"attack_mode_arrw":false,"attack_mode_draft_arrw":false,"ammo":1500},{"data":1000012,"id":500000019,"lvl":8,"x":20,"y":28},{"data":1000011,"id":500000023,"lvl":9,"x":20,"y":12},{"data":1000010,"id":500000162,"lvl":11,"wI":0,"wX":0,"x":15,"y":24},{"data":1000009,"id":500000177,"lvl":14,"x":23,"y":25,"attack_mode":false,"attack_mode_draft":false,"attack_mode_war":false,"attack_mode_draft_war":false,"attack_mode2":false,"attack_mode_d2":false,"attack_mode3":false,"attack_mode_d3":false,"attack_mode4":false,"attack_mode_d4":false,"attack_mode5":false,"attack_mode_d5":false,"attack_mode_chal":false,"attack_mode_dchal":false,"attack_mode_arrw":false,"attack_mode_draft_arrw":false},{"data":1000009,"id":500000178,"lvl":14,"x":13,"y":15,"attack_mode":false,"attack_mode_draft":false,"attack_mode_war":false,"attack_mode_draft_war":false,"attack_mode2":false,"attack_mode_d2":false,"attack_mode3":false,"attack_mode_d3":false,"attack_mode4":false,"attack_mode_d4":false,"attack_mode5":false,"attack_mode_d5":false,"attack_mode_chal":false,"attack_mode_dchal":false,"attack_mode_arrw":false,"attack_mode_draft_arrw":false},{"data":1000009,"id":500000179,"lvl":14,"x":10,"y":15,"attack_mode":false,"attack_mode_draft":false,"attack_mode_war":false,"attack_mode_draft_war":false,"attack_mode2":false,"attack_mode_d2":false,"attack_mode3":false,"attack_mode_d3":false,"attack_mode4":false,"attack_mode_d4":false,"attack_mode5":false,"attack_mode_d5":false,"attack_mode_chal":false,"attack_mode_dchal":false,"attack_mode_arrw":false,"attack_mode_draft_arrw":false},{"data":1000021,"id":500000180,"lvl":4,"x":23,"y":15,"attack_mode":false,"attack_mode_draft":false,"attack_mode_war":false,"attack_mode_draft_war":false,"attack_mode2":false,"attack_mode_d2":false,"attack_mode3":false,"attack_mode_d3":false,"attack_mode4":false,"attack_mode_d4":false,"attack_mode5":false,"attack_mode_d5":false,"attack_mode_chal":false,"attack_mode_dchal":false,"attack_mode_arrw":false,"attack_mode_draft_arrw":false,"ammo":1500},{"data":1000021,"id":500000181,"lvl":4,"x":13,"y":25,"attack_mode":true,"attack_mode_draft":true,"attack_mode_war":false,"attack_mode_draft_war":false,"attack_mode2":false,"attack_mode_d2":false,"attack_mode3":false,"attack_mode_d3":false,"attack_mode4":false,"attack_mode_d4":false,"attack_mode5":false,"attack_mode_d5":false,"attack_mode_chal":false,"attack_mode_dchal":false,"attack_mode_arrw":false,"attack_mode_draft_arrw":false,"ammo":1500},{"data":1000021,"id":500000182,"lvl":4,"x":10,"y":25,"attack_mode":false,"attack_mode_draft":false,"attack_mode_war":false,"attack_mode_draft_war":false,"attack_mode2":false,"attack_mode_d2":false,"attack_mode3":false,"attack_mode_d3":false,"attack_mode4":false,"attack_mode_d4":false,"attack_mode5":false,"attack_mode_d5":false,"attack_mode_chal":false,"attack_mode_dchal":false,"attack_mode_arrw":false,"attack_mode_draft_arrw":false,"ammo":1500},{"data":1000011,"id":500000183,"lvl":9,"x":23,"y":12},{"data":1000011,"id":500000184,"lvl":9,"x":10,"y":28},{"data":1000011,"id":500000185,"lvl":9,"x":13,"y":28},{"data":1000012,"id":500000186,"lvl":8,"x":23,"y":28},{"data":1000012,"id":500000187,"lvl":8,"x":10,"y":12},{"data":1000012,"id":500000188,"lvl":8,"x":13,"y":12},{"data":1000031,"id":500000189,"lvl":1,"x":16,"y":17,"ammo":30},{"data":1000019,"id":500000193,"lvl":9,"x":29,"y":25},{"data":1000019,"id":500000199,"lvl":9,"x":29,"y":23},{"data":1000019,"id":500000200,"lvl":9,"x":29,"y":21},{"data":1000019,"id":500000201,"lvl":9,"x":29,"y":19},{"data":1000019,"id":500000202,"lvl":9,"x":29,"y":17},{"data":1000019,"id":500000203,"lvl":9,"x":31,"y":23},{"data":1000019,"id":500000204,"lvl":9,"x":31,"y":21},{"data":1000019,"id":500000205,"lvl":9,"x":31,"y":19},{"data":1000019,"id":500000206,"lvl":9,"x":33,"y":21},{"data":1000010,"id":500000207,"lvl":11,"wI":0,"wX":0,"x":15,"y":23},{"data":1000010,"id":500000208,"lvl":11,"wI":0,"wX":0,"x":15,"y":22},{"data":1000010,"id":500000209,"lvl":11,"wI":0,"wX":0,"x":15,"y":21},{"data":1000010,"id":500000210,"lvl":11,"wI":0,"wX":0,"x":15,"y":20},{"data":1000010,"id":500000211,"lvl":11,"wI":0,"wX":0,"x":15,"y":19},{"data":1000010,"id":500000212,"lvl":11,"wI":0,"wX":0,"x":15,"y":18},{"data":1000010,"id":500000213,"lvl":11,"wI":0,"wX":0,"x":14,"y":18},{"data":1000010,"id":500000214,"lvl":11,"wI":0,"wX":0,"x":13,"y":18},{"data":1000010,"id":500000215,"lvl":11,"wI":0,"wX":0,"x":12,"y":18},{"data":1000010,"id":500000216,"lvl":11,"wI":0,"wX":0,"x":11,"y":18},{"data":1000010,"id":500000217,"lvl":11,"wI":0,"wX":0,"x":10,"y":18},{"data":1000010,"id":500000218,"lvl":11,"wI":0,"wX":0,"x":9,"y":18},{"data":1000010,"id":500000219,"lvl":11,"wI":0,"wX":0,"x":9,"y":17},{"data":1000010,"id":500000220,"lvl":11,"wI":0,"wX":0,"x":9,"y":16},{"data":1000010,"id":500000221,"lvl":11,"wI":0,"wX":0,"x":9,"y":15},{"data":1000010,"id":500000222,"lvl":11,"wI":0,"wX":0,"x":9,"y":14},{"data":1000010,"id":500000223,"lvl":11,"wI":0,"wX":0,"x":9,"y":13},{"data":1000010,"id":500000224,"lvl":11,"wI":0,"wX":0,"x":9,"y":12},{"data":1000010,"id":500000225,"lvl":11,"wI":0,"wX":0,"x":9,"y":11},{"data":1000010,"id":500000226,"lvl":11,"wI":0,"wX":0,"x":10,"y":11},{"data":1000010,"id":500000227,"lvl":11,"wI":0,"wX":0,"x":11,"y":11},{"data":1000010,"id":500000228,"lvl":11,"wI":0,"wX":0,"x":12,"y":11},{"data":1000010,"id":500000229,"lvl":11,"wI":0,"wX":0,"x":13,"y":11},{"data":1000010,"id":500000230,"lvl":11,"wI":0,"wX":0,"x":14,"y":11},{"data":1000010,"id":500000231,"lvl":11,"wI":0,"wX":0,"x":15,"y":11},{"data":1000010,"id":500000232,"lvl":11,"wI":0,"wX":0,"x":16,"y":11},{"data":1000010,"id":500000233,"lvl":11,"wI":0,"wX":0,"x":16,"y":12},{"data":1000010,"id":500000234,"lvl":11,"wI":0,"wX":0,"x":16,"y":13},{"data":1000010,"id":500000235,"lvl":11,"wI":0,"wX":0,"x":16,"y":14},{"data":1000010,"id":500000236,"lvl":11,"wI":0,"wX":0,"x":16,"y":15},{"data":1000010,"id":500000237,"lvl":11,"wI":0,"wX":0,"x":16,"y":16},{"data":1000010,"id":500000238,"lvl":11,"wI":0,"wX":0,"x":17,"y":16},{"data":1000010,"id":500000239,"lvl":11,"wI":0,"wX":0,"x":18,"y":16},{"data":1000010,"id":500000240,"lvl":11,"wI":0,"wX":0,"x":19,"y":16},{"data":1000010,"id":500000241,"lvl":11,"wI":0,"wX":0,"x":19,"y":15},{"data":1000010,"id":500000242,"lvl":11,"wI":0,"wX":0,"x":19,"y":14},{"data":1000010,"id":500000243,"lvl":11,"wI":0,"wX":0,"x":19,"y":13},{"data":1000010,"id":500000244,"lvl":11,"wI":0,"wX":0,"x":19,"y":12},{"data":1000010,"id":500000245,"lvl":11,"wI":0,"wX":0,"x":19,"y":11},{"data":1000010,"id":500000246,"lvl":11,"wI":0,"wX":0,"x":20,"y":11},{"data":1000010,"id":500000247,"lvl":11,"wI":0,"wX":0,"x":21,"y":11},{"data":1000010,"id":500000248,"lvl":11,"wI":0,"wX":0,"x":22,"y":11},{"data":1000010,"id":500000249,"lvl":11,"wI":0,"wX":0,"x":23,"y":11},{"data":1000010,"id":500000250,"lvl":11,"wI":0,"wX":0,"x":24,"y":11},{"data":1000010,"id":500000251,"lvl":11,"wI":0,"wX":0,"x":25,"y":11},{"data":1000010,"id":500000252,"lvl":11,"wI":0,"wX":0,"x":25,"y":31},{"data":1000010,"id":500000253,"lvl":11,"wI":0,"wX":0,"x":24,"y":31},{"data":1000010,"id":500000254,"lvl":11,"wI":0,"wX":0,"x":23,"y":31},{"data":1000010,"id":500000255,"lvl":11,"wI":0,"wX":0,"x":22,"y":31},{"data":1000010,"id":500000256,"lvl":11,"wI":0,"wX":0,"x":21,"y":31},{"data":1000010,"id":500000257,"lvl":11,"wI":0,"wX":0,"x":20,"y":31},{"data":1000010,"id":500000258,"lvl":11,"wI":0,"wX":0,"x":19,"y":31},{"data":1000010,"id":500000259,"lvl":11,"wI":0,"wX":0,"x":19,"y":30},{"data":1000010,"id":500000260,"lvl":11,"wI":0,"wX":0,"x":19,"y":29},{"data":1000010,"id":500000261,"lvl":11,"wI":0,"wX":0,"x":19,"y":28},{"data":1000010,"id":500000262,"lvl":11,"wI":0,"wX":0,"x":19,"y":27},{"data":1000010,"id":500000263,"lvl":11,"wI":0,"wX":0,"x":19,"y":26},{"data":1000010,"id":500000264,"lvl":11,"wI":0,"wX":0,"x":19,"y":25},{"data":1000010,"id":500000265,"lvl":11,"wI":0,"wX":0,"x":18,"y":25},{"data":1000010,"id":500000266,"lvl":11,"wI":0,"wX":0,"x":17,"y":25},{"data":1000010,"id":500000267,"lvl":11,"wI":0,"wX":0,"x":16,"y":25},{"data":1000010,"id":500000268,"lvl":11,"wI":0,"wX":0,"x":16,"y":26},{"data":1000010,"id":500000269,"lvl":11,"wI":0,"wX":0,"x":16,"y":27},{"data":1000010,"id":500000270,"lvl":11,"wI":0,"wX":0,"x":16,"y":28},{"data":1000010,"id":500000271,"lvl":11,"wI":0,"wX":0,"x":16,"y":29},{"data":1000010,"id":500000272,"lvl":11,"wI":0,"wX":0,"x":16,"y":30},{"data":1000010,"id":500000273,"lvl":11,"wI":0,"wX":0,"x":16,"y":31},{"data":1000010,"id":500000274,"lvl":11,"wI":0,"wX":0,"x":15,"y":31},{"data":1000010,"id":500000275,"lvl":11,"wI":0,"wX":0,"x":14,"y":31},{"data":1000010,"id":500000276,"lvl":11,"wI":0,"wX":0,"x":13,"y":31},{"data":1000010,"id":500000277,"lvl":11,"wI":0,"wX":0,"x":12,"y":31},{"data":1000010,"id":500000278,"lvl":11,"wI":0,"wX":0,"x":11,"y":31},{"data":1000010,"id":500000279,"lvl":11,"wI":0,"wX":0,"x":10,"y":31},{"data":1000010,"id":500000280,"lvl":11,"wI":0,"wX":0,"x":9,"y":31},{"data":1000010,"id":500000281,"lvl":11,"wI":0,"wX":0,"x":9,"y":30},{"data":1000010,"id":500000282,"lvl":11,"wI":0,"wX":0,"x":9,"y":29},{"data":1000010,"id":500000283,"lvl":11,"wI":0,"wX":0,"x":9,"y":28},{"data":1000010,"id":500000284,"lvl":11,"wI":0,"wX":0,"x":9,"y":27},{"data":1000010,"id":500000285,"lvl":11,"wI":0,"wX":0,"x":9,"y":26},{"data":1000010,"id":500000286,"lvl":11,"wI":0,"wX":0,"x":9,"y":25},{"data":1000010,"id":500000287,"lvl":11,"wI":0,"wX":0,"x":9,"y":24},{"data":1000010,"id":500000288,"lvl":11,"wI":0,"wX":0,"x":10,"y":24},{"data":1000010,"id":500000289,"lvl":11,"wI":0,"wX":0,"x":11,"y":24},{"data":1000010,"id":500000290,"lvl":11,"wI":0,"wX":0,"x":12,"y":24},{"data":1000010,"id":500000291,"lvl":11,"wI":0,"wX":0,"x":13,"y":24},{"data":1000010,"id":500000292,"lvl":11,"wI":0,"wX":0,"x":14,"y":24},{"data":1000010,"id":500000293,"lvl":11,"wI":0,"wX":0,"x":26,"y":31},{"data":1000010,"id":500000294,"lvl":11,"wI":0,"wX":0,"x":27,"y":31},{"data":1000010,"id":500000295,"lvl":11,"wI":0,"wX":0,"x":28,"y":31},{"data":1000010,"id":500000296,"lvl":11,"wI":0,"wX":0,"x":29,"y":31},{"data":1000010,"id":500000297,"lvl":11,"wI":0,"wX":0,"x":30,"y":31},{"data":1000010,"id":500000298,"lvl":11,"wI":0,"wX":0,"x":31,"y":31},{"data":1000010,"id":500000299,"lvl":11,"wI":0,"wX":0,"x":32,"y":31},{"data":1000010,"id":500000300,"lvl":11,"wI":0,"wX":0,"x":26,"y":11},{"data":1000010,"id":500000301,"lvl":11,"wI":0,"wX":0,"x":27,"y":11},{"data":1000010,"id":500000302,"lvl":11,"wI":0,"wX":0,"x":28,"y":11},{"data":1000010,"id":500000303,"lvl":11,"wI":0,"wX":0,"x":29,"y":11},{"data":1000010,"id":500000304,"lvl":11,"wI":0,"wX":0,"x":30,"y":11},{"data":1000010,"id":500000305,"lvl":11,"wI":0,"wX":0,"x":31,"y":11},{"data":1000010,"id":500000306,"lvl":11,"wI":0,"wX":0,"x":32,"y":11},{"data":1000010,"id":500000307,"lvl":11,"wI":0,"wX":0,"x":33,"y":11},{"data":1000010,"id":500000308,"lvl":11,"wI":0,"wX":0,"x":34,"y":11},{"data":1000010,"id":500000309,"lvl":11,"wI":0,"wX":0,"x":33,"y":31},{"data":1000010,"id":500000310,"lvl":11,"wI":0,"wX":0,"x":34,"y":31},{"data":1000010,"id":500000311,"lvl":11,"wI":0,"wX":0,"x":28,"y":12},{"data":1000010,"id":500000312,"lvl":11,"wI":0,"wX":0,"x":28,"y":13},{"data":1000010,"id":500000313,"lvl":11,"wI":0,"wX":0,"x":28,"y":14},{"data":1000010,"id":500000314,"lvl":11,"wI":0,"wX":0,"x":28,"y":15},{"data":1000010,"id":500000315,"lvl":11,"wI":0,"wX":0,"x":28,"y":30},{"data":1000010,"id":500000316,"lvl":11,"wI":0,"wX":0,"x":28,"y":29},{"data":1000010,"id":500000317,"lvl":11,"wI":0,"wX":0,"x":28,"y":28},{"data":1000010,"id":500000318,"lvl":11,"wI":0,"wX":0,"x":28,"y":27},{"data":1000024,"id":500000319,"lvl":5,"x":21,"y":20},{"data":1000005,"id":500000320,"lvl":11,"x":24,"y":18},{"data":1000003,"id":500000321,"lvl":11,"x":24,"y":22},{"data":1000027,"id":500000322,"lvl":4,"x":17,"y":14,"attack_mode":false,"attack_mode_draft":false,"attack_mode_war":false,"attack_mode_draft_war":false,"attack_mode2":false,"attack_mode_d2":false,"attack_mode3":false,"attack_mode_d3":false,"attack_mode4":false,"attack_mode_d4":false,"attack_mode5":false,"attack_mode_d5":false,"attack_mode_chal":false,"attack_mode_dchal":false,"attack_mode_arrw":false,"attack_mode_draft_arrw":false,"ammo":1000},{"data":1000027,"id":500000323,"lvl":4,"x":17,"y":26,"attack_mode":false,"attack_mode_draft":false,"attack_mode_war":false,"attack_mode_draft_war":false,"attack_mode2":false,"attack_mode_d2":false,"attack_mode3":false,"attack_mode_d3":false,"attack_mode4":false,"attack_mode_d4":false,"attack_mode5":false,"attack_mode_d5":false,"attack_mode_chal":false,"attack_mode_dchal":false,"attack_mode_arrw":false,"attack_mode_draft_arrw":false,"ammo":1000},{"data":1000019,"id":500000326,"lvl":9,"x":13,"y":22},{"data":1000019,"id":500000327,"lvl":9,"x":13,"y":19},{"data":1000019,"id":500000328,"lvl":9,"x":11,"y":19},{"data":1000019,"id":500000329,"lvl":9,"x":11,"y":22},{"data":1000019,"id":500000330,"lvl":9,"x":17,"y":30},{"data":1000019,"id":500000331,"lvl":9,"x":17,"y":11}],"decos":[],"traps":[{"data":12000008,"id":504000000,"lvl":2,"air_mode":false,"air_mode_draft":false,"air_mode_war":false,"air_mode_draft_war":false,"air_mode2":false,"air_mode_d2":false,"air_mode3":false,"air_mode_d3":false,"air_mode4":false,"air_mode_d4":false,"air_mode5":false,"air_mode_d5":false,"air_mode6":false,"air_mode_d6":false,"air_mode7":false,"air_mode_d7":false,"x":14,"y":21},{"data":12000008,"id":504000001,"lvl":2,"air_mode":false,"air_mode_draft":false,"air_mode_war":false,"air_mode_draft_war":false,"air_mode2":false,"air_mode_d2":false,"air_mode3":false,"air_mode_d3":false,"air_mode4":false,"air_mode_d4":false,"air_mode5":false,"air_mode_d5":false,"air_mode6":false,"air_mode_d6":false,"air_mode7":false,"air_mode_d7":false,"x":13,"y":21},{"data":12000008,"id":504000002,"lvl":2,"air_mode":false,"air_mode_draft":false,"air_mode_war":false,"air_mode_draft_war":false,"air_mode2":false,"air_mode_d2":false,"air_mode3":false,"air_mode_d3":false,"air_mode4":false,"air_mode_d4":false,"air_mode5":false,"air_mode_d5":false,"air_mode6":false,"air_mode_d6":false,"air_mode7":false,"air_mode_d7":false,"x":12,"y":21},{"data":12000008,"id":504000003,"lvl":2,"air_mode":false,"air_mode_draft":false,"air_mode_war":false,"air_mode_draft_war":false,"air_mode2":false,"air_mode_d2":false,"air_mode3":false,"air_mode_d3":false,"air_mode4":false,"air_mode_d4":false,"air_mode5":false,"air_mode_d5":false,"air_mode6":false,"air_mode_d6":false,"air_mode7":false,"air_mode_d7":false,"x":11,"y":21},{"data":12000008,"id":504000004,"lvl":2,"air_mode":false,"air_mode_draft":false,"air_mode_war":false,"air_mode_draft_war":false,"air_mode2":false,"air_mode_d2":false,"air_mode3":false,"air_mode_d3":false,"air_mode4":false,"air_mode_d4":false,"air_mode5":false,"air_mode_d5":false,"air_mode6":false,"air_mode_d6":false,"air_mode7":false,"air_mode_d7":false,"x":17,"y":28},{"data":12000008,"id":504000005,"lvl":2,"air_mode":false,"air_mode_draft":false,"air_mode_war":false,"air_mode_draft_war":false,"air_mode2":false,"air_mode_d2":false,"air_mode3":false,"air_mode_d3":false,"air_mode4":false,"air_mode_d4":false,"air_mode5":false,"air_mode_d5":false,"air_mode6":false,"air_mode_d6":false,"air_mode7":false,"air_mode_d7":false,"x":18,"y":28},{"data":12000008,"id":504000006,"lvl":2,"air_mode":false,"air_mode_draft":false,"air_mode_war":false,"air_mode_draft_war":false,"air_mode2":false,"air_mode_d2":false,"air_mode3":false,"air_mode_d3":false,"air_mode4":false,"air_mode_d4":false,"air_mode5":false,"air_mode_d5":false,"air_mode6":false,"air_mode_d6":false,"air_mode7":false,"air_mode_d7":false,"x":17,"y":13},{"data":12000008,"id":504000007,"lvl":2,"air_mode":false,"air_mode_draft":false,"air_mode_war":false,"air_mode_draft_war":false,"air_mode2":false,"air_mode_d2":false,"air_mode3":false,"air_mode_d3":false,"air_mode4":false,"air_mode_d4":false,"air_mode5":false,"air_mode_d5":false,"air_mode6":false,"air_mode_d6":false,"air_mode7":false,"air_mode_d7":false,"x":18,"y":13},{"data":12000008,"id":504000008,"lvl":2,"air_mode":false,"air_mode_draft":false,"air_mode_war":false,"air_mode_draft_war":false,"air_mode2":false,"air_mode_d2":false,"air_mode3":false,"air_mode_d3":false,"air_mode4":false,"air_mode_d4":false,"air_mode5":false,"air_mode_d5":false,"air_mode6":false,"air_mode_d6":false,"air_mode7":false,"air_mode_d7":false,"x":26,"y":12},{"data":12000008,"id":504000009,"lvl":2,"air_mode":false,"air_mode_draft":false,"air_mode_war":false,"air_mode_draft_war":false,"air_mode2":false,"air_mode_d2":false,"air_mode3":false,"air_mode_d3":false,"air_mode4":false,"air_mode_d4":false,"air_mode5":false,"air_mode_d5":false,"air_mode6":false,"air_mode_d6":false,"air_mode7":false,"air_mode_d7":false,"x":26,"y":15},{"data":12000008,"id":504000010,"lvl":2,"air_mode":false,"air_mode_draft":false,"air_mode_war":false,"air_mode_draft_war":false,"air_mode2":false,"air_mode_d2":false,"air_mode3":false,"air_mode_d3":false,"air_mode4":false,"air_mode_d4":false,"air_mode5":false,"air_mode_d5":false,"air_mode6":false,"air_mode_d6":false,"air_mode7":false,"air_mode_d7":false,"x":26,"y":30},{"data":12000008,"id":504000011,"lvl":2,"air_mode":false,"air_mode_draft":false,"air_mode_war":false,"air_mode_draft_war":false,"air_mode2":false,"air_mode_d2":false,"air_mode3":false,"air_mode_d3":false,"air_mode4":false,"air_mode_d4":false,"air_mode5":false,"air_mode_d5":false,"air_mode6":false,"air_mode_d6":false,"air_mode7":false,"air_mode_d7":false,"x":26,"y":27},{"data":12000008,"id":504000012,"lvl":2,"air_mode":false,"air_mode_draft":false,"air_mode_war":false,"air_mode_draft_war":false,"air_mode2":false,"air_mode_d2":false,"air_mode3":false,"air_mode_d3":false,"air_mode4":false,"air_mode_d4":false,"air_mode5":false,"air_mode_d5":false,"air_mode6":false,"air_mode_d6":false,"air_mode7":false,"air_mode_d7":false,"x":8,"y":16},{"data":12000008,"id":504000013,"lvl":2,"air_mode":false,"air_mode_draft":false,"air_mode_war":false,"air_mode_draft_war":false,"air_mode2":false,"air_mode_d2":false,"air_mode3":false,"air_mode_d3":false,"air_mode4":false,"air_mode_d4":false,"air_mode5":false,"air_mode_d5":false,"air_mode6":false,"air_mode_d6":false,"air_mode7":false,"air_mode_d7":false,"x":8,"y":25}],"obstacles":[{"data":8000003,"id":503000199,"x":29,"y":27},{"data":8000003,"id":503000200,"x":31,"y":27},{"data":8000003,"id":503000201,"x":33,"y":27},{"data":8000003,"id":503000202,"x":35,"y":27},{"data":8000003,"id":503000203,"x":29,"y":14},{"data":8000003,"id":503000204,"x":31,"y":14},{"data":8000003,"id":503000205,"x":33,"y":14},{"data":8000003,"id":503000206,"x":35,"y":14},{"data":8000005,"id":503000207,"x":7,"y":37},{"data":8000005,"id":503000208,"x":10,"y":37},{"data":8000005,"id":503000209,"x":13,"y":37},{"data":8000005,"id":503000210,"x":16,"y":37},{"data":8000005,"id":503000211,"x":19,"y":37},{"data":8000005,"id":503000212,"x":22,"y":37},{"data":8000005,"id":503000213,"x":25,"y":37},{"data":8000005,"id":503000214,"x":28,"y":37},{"data":8000005,"id":503000215,"x":31,"y":37},{"data":8000005,"id":503000216,"x":34,"y":37},{"data":8000005,"id":503000217,"x":37,"y":37},{"data":8000005,"id":503000219,"x":37,"y":4},{"data":8000005,"id":503000220,"x":4,"y":4},{"data":8000005,"id":503000221,"x":34,"y":4},{"data":8000005,"id":503000222,"x":31,"y":4},{"data":8000005,"id":503000223,"x":28,"y":4},{"data":8000005,"id":503000224,"x":25,"y":4},{"data":8000005,"id":503000225,"x":22,"y":4},{"data":8000005,"id":503000226,"x":19,"y":4},{"data":8000005,"id":503000227,"x":16,"y":4},{"data":8000005,"id":503000228,"x":13,"y":4},{"data":8000005,"id":503000229,"x":10,"y":4},{"data":8000005,"id":503000230,"x":7,"y":4},{"data":8000005,"id":503000231,"x":4,"y":37},{"data":8000005,"id":503000232,"x":4,"y":7},{"data":8000005,"id":503000233,"x":4,"y":10},{"data":8000005,"id":503000234,"x":4,"y":13},{"data":8000005,"id":503000235,"x":4,"y":16},{"data":8000005,"id":503000236,"x":4,"y":19},{"data":8000005,"id":503000237,"x":4,"y":22},{"data":8000005,"id":503000238,"x":4,"y":25},{"data":8000005,"id":503000239,"x":4,"y":28},{"data":8000005,"id":503000240,"x":4,"y":31},{"data":8000005,"id":503000241,"x":4,"y":34},{"data":8000003,"id":503000242,"x":37,"y":14},{"data":8000003,"id":503000243,"x":37,"y":27}],"exp_ver":1}