{"buildings":[{"data":1000005,"id":500000001,"lvl":12,"x":11,"y":21},{"data":1000003,"id":500000002,"lvl":12,"x":16,"y":30},{"data":1000024,"id":500000003,"lvl":6,"x":16,"y":21},{"data":1000010,"id":500000005,"lvl":12,"wI":0,"wX":0,"x":39,"y":4},{"data":1000010,"id":500000006,"lvl":12,"wI":0,"wX":0,"x":39,"y":5},{"data":1000010,"id":500000007,"lvl":12,"wI":0,"wX":0,"x":39,"y":6},{"data":1000010,"id":500000008,"lvl":12,"wI":0,"wX":0,"x":39,"y":7},{"data":1000010,"id":500000009,"lvl":12,"wI":0,"wX":0,"x":39,"y":8},{"data":1000010,"id":500000010,"lvl":12,"wI":0,"wX":0,"x":39,"y":9},{"data":1000010,"id":500000011,"lvl":12,"wI":0,"wX":0,"x":39,"y":10},{"data":1000010,"id":500000012,"lvl":12,"wI":0,"wX":0,"x":39,"y":11},{"data":1000010,"id":500000013,"lvl":12,"wI":0,"wX":0,"x":39,"y":12},{"data":1000010,"id":500000014,"lvl":12,"wI":0,"wX":0,"x":39,"y":13},{"data":1000010,"id":500000015,"lvl":12,"wI":0,"wX":0,"x":39,"y":14},{"data":1000010,"id":500000017,"lvl":12,"wI":0,"wX":0,"x":39,"y":16},{"data":1000010,"id":500000018,"lvl":12,"wI":0,"wX":0,"x":39,"y":17},{"data":1000010,"id":500000019,"lvl":12,"wI":0,"wX":0,"x":39,"y":18},{"data":1000010,"id":500000020,"lvl":12,"wI":0,"wX":0,"x":39,"y":19},{"data":1000010,"id":500000021,"lvl":12,"wI":0,"wX":0,"x":39,"y":20},{"data":1000010,"id":500000022,"lvl":12,"wI":0,"wX":0,"x":39,"y":21},{"data":1000010,"id":500000023,"lvl":12,"wI":0,"wX":0,"x":39,"y":22},{"data":1000010,"id":500000024,"lvl":12,"wI":0,"wX":0,"x":39,"y":23},{"data":1000010,"id":500000025,"lvl":12,"wI":0,"wX":0,"x":39,"y":24},{"data":1000010,"id":500000026,"lvl":12,"wI":0,"wX":0,"x":39,"y":25},{"data":1000010,"id":500000027,"lvl":12,"wI":0,"wX":0,"x":39,"y":26},{"data":1000010,"id":500000028,"lvl":12,"wI":0,"wX":0,"x":39,"y":27},{"data":1000010,"id":500000029,"lvl":12,"wI":0,"wX":0,"x":39,"y":28},{"data":1000010,"id":500000030,"lvl":12,"wI":0,"wX":0,"x":39,"y":29},{"data":1000010,"id":500000031,"lvl":12,"wI":0,"wX":0,"x":39,"y":30},{"data":1000010,"id":500000032,"lvl":12,"wI":0,"wX":0,"x":39,"y":31},{"data":1000010,"id":500000033,"lvl":12,"wI":0,"wX":0,"x":39,"y":32},{"data":1000010,"id":500000034,"lvl":12,"wI":0,"wX":0,"x":39,"y":33},{"data":1000010,"id":500000035,"lvl":12,"wI":0,"wX":0,"x":38,"y":33},{"data":1000010,"id":500000036,"lvl":12,"wI":0,"wX":0,"x":37,"y":33},{"data":1000010,"id":500000037,"lvl":12,"wI":0,"wX":0,"x":36,"y":33},{"data":1000010,"id":500000038,"lvl":12,"wI":0,"wX":0,"x":35,"y":33},{"data":1000010,"id":500000039,"lvl":12,"wI":0,"wX":0,"x":34,"y":33},{"data":1000010,"id":500000040,"lvl":12,"wI":0,"wX":0,"x":34,"y":32},{"data":1000010,"id":500000041,"lvl":12,"wI":0,"wX":0,"x":34,"y":31},{"data":1000010,"id":500000042,"lvl":12,"wI":0,"wX":0,"x":34,"y":30},{"data":1000010,"id":500000043,"lvl":12,"wI":0,"wX":0,"x":34,"y":29},{"data":1000010,"id":500000044,"lvl":12,"wI":0,"wX":0,"x":34,"y":28},{"data":1000010,"id":500000045,"lvl":12,"wI":0,"wX":0,"x":36,"y":28},{"data":1000010,"id":500000046,"lvl":12,"wI":0,"wX":0,"x":36,"y":27},{"data":1000010,"id":500000047,"lvl":12,"wI":0,"wX":0,"x":36,"y":26},{"data":1000010,"id":500000048,"lvl":12,"wI":0,"wX":0,"x":36,"y":25},{"data":1000010,"id":500000049,"lvl":12,"wI":0,"wX":0,"x":36,"y":24},{"data":1000010,"id":500000050,"lvl":12,"wI":0,"wX":0,"x":36,"y":23},{"data":1000010,"id":500000051,"lvl":12,"wI":0,"wX":0,"x":35,"y":22},{"data":1000010,"id":500000052,"lvl":12,"wI":0,"wX":0,"x":35,"y":21},{"data":1000010,"id":500000053,"lvl":12,"wI":0,"wX":0,"x":35,"y":20},{"data":1000010,"id":500000054,"lvl":12,"wI":0,"wX":0,"x":35,"y":19},{"data":1000010,"id":500000055,"lvl":12,"wI":0,"wX":0,"x":35,"y":18},{"data":1000010,"id":500000056,"lvl":12,"wI":0,"wX":0,"x":35,"y":17},{"data":1000010,"id":500000057,"lvl":12,"wI":0,"wX":0,"x":35,"y":16},{"data":1000010,"id":500000060,"lvl":12,"wI":0,"wX":0,"x":34,"y":13},{"data":1000010,"id":500000061,"lvl":12,"wI":0,"wX":0,"x":35,"y":12},{"data":1000010,"id":500000062,"lvl":12,"wI":0,"wX":0,"x":35,"y":11},{"data":1000010,"id":500000063,"lvl":12,"wI":0,"wX":0,"x":35,"y":10},{"data":1000010,"id":500000064,"lvl":12,"wI":0,"wX":0,"x":34,"y":16},{"data":1000010,"id":500000065,"lvl":12,"wI":0,"wX":0,"x":24,"y":8},{"data":1000010,"id":500000066,"lvl":12,"wI":0,"wX":0,"x":24,"y":7},{"data":1000010,"id":500000067,"lvl":12,"wI":0,"wX":0,"x":35,"y":13},{"data":1000010,"id":500000068,"lvl":12,"wI":0,"wX":0,"x":34,"y":7},{"data":1000010,"id":500000069,"lvl":12,"wI":0,"wX":0,"x":33,"y":7},{"data":1000010,"id":500000070,"lvl":12,"wI":0,"wX":0,"x":32,"y":7},{"data":1000010,"id":500000071,"lvl":12,"wI":0,"wX":0,"x":31,"y":7},{"data":1000010,"id":500000072,"lvl":12,"wI":0,"wX":0,"x":30,"y":7},{"data":1000010,"id":500000073,"lvl":12,"wI":0,"wX":0,"x":29,"y":9},{"data":1000010,"id":500000074,"lvl":12,"wI":0,"wX":0,"x":29,"y":7},{"data":1000010,"id":500000075,"lvl":12,"wI":0,"wX":0,"x":28,"y":9},{"data":1000010,"id":500000076,"lvl":12,"wI":0,"wX":0,"x":27,"y":9},{"data":1000010,"id":500000077,"lvl":12,"wI":0,"wX":0,"x":26,"y":9},{"data":1000010,"id":500000078,"lvl":12,"wI":0,"wX":0,"x":25,"y":9},{"data":1000010,"id":500000079,"lvl":12,"wI":0,"wX":0,"x":24,"y":9},{"data":1000010,"id":500000080,"lvl":12,"wI":0,"wX":0,"x":24,"y":6},{"data":1000010,"id":500000081,"lvl":12,"wI":0,"wX":0,"x":24,"y":5},{"data":1000010,"id":500000082,"lvl":12,"wI":0,"wX":0,"x":24,"y":4},{"data":1000010,"id":500000083,"lvl":12,"wI":0,"wX":0,"x":25,"y":4},{"data":1000010,"id":500000084,"lvl":12,"wI":0,"wX":0,"x":26,"y":4},{"data":1000010,"id":500000085,"lvl":12,"wI":0,"wX":0,"x":27,"y":4},{"data":1000010,"id":500000086,"lvl":12,"wI":0,"wX":0,"x":28,"y":4},{"data":1000010,"id":500000087,"lvl":12,"wI":0,"wX":0,"x":29,"y":4},{"data":1000010,"id":500000088,"lvl":12,"wI":0,"wX":0,"x":30,"y":4},{"data":1000010,"id":500000089,"lvl":12,"wI":0,"wX":0,"x":31,"y":4},{"data":1000010,"id":500000090,"lvl":12,"wI":0,"wX":0,"x":32,"y":4},{"data":1000010,"id":500000091,"lvl":12,"wI":0,"wX":0,"x":33,"y":4},{"data":1000010,"id":500000092,"lvl":12,"wI":0,"wX":0,"x":34,"y":4},{"data":1000010,"id":500000093,"lvl":12,"wI":0,"wX":0,"x":35,"y":4},{"data":1000010,"id":500000094,"lvl":12,"wI":0,"wX":0,"x":36,"y":4},{"data":1000010,"id":500000095,"lvl":12,"wI":0,"wX":0,"x":37,"y":4},{"data":1000010,"id":500000096,"lvl":12,"wI":0,"wX":0,"x":38,"y":4},{"data":1000010,"id":500000097,"lvl":12,"wI":0,"wX":0,"x":34,"y":9},{"data":1000010,"id":500000098,"lvl":12,"wI":0,"wX":0,"x":35,"y":9},{"data":1000031,"id":500000099,"lvl":2,"x":25,"y":5,"ammo":30},{"data":1000031,"id":500000100,"lvl":2,"x":35,"y":29,"ammo":30},{"data":1000027,"id":500000101,"lvl":5,"x":20,"y":22,"attack_mode":true,"attack_mode_draft":false,"attack_mode_war":false,"attack_mode_draft_war":false,"attack_mode2":false,"attack_mode_d2":false,"attack_mode3":false,"attack_mode_d3":false,"attack_mode4":false,"attack_mode_d4":false,"attack_mode5":false,"attack_mode_d5":false,"attack_mode_chal":false,"attack_mode_dchal":false,"attack_mode_arrw":false,"attack_mode_draft_arrw":false,"ammo":1000},{"data":1000027,"id":500000102,"lvl":5,"x":20,"y":30,"attack_mode":true,"attack_mode_draft":false,"attack_mode_war":false,"attack_mode_draft_war":false,"attack_mode2":false,"attack_mode_d2":false,"attack_mode3":false,"attack_mode_d3":false,"attack_mode4":false,"attack_mode_d4":false,"attack_mode5":false,"attack_mode_d5":false,"attack_mode_chal":false,"attack_mode_dchal":false,"attack_mode_arrw":false,"attack_mode_draft_arrw":false,"ammo":1000},{"data":1000027,"id":500000103,"lvl":5,"x":37,"y":26,"attack_mode":true,"attack_mode_draft":false,"attack_mode_war":false,"attack_mode_draft_war":false,"attack_mode2":false,"attack_mode_d2":false,"attack_mode3":false,"attack_mode_d3":false,"attack_mode4":false,"attack_mode_d4":false,"attack_mode5":false,"attack_mode_d5":false,"attack_mode_chal":false,"attack_mode_dchal":false,"attack_mode_arrw":false,"attack_mode_draft_arrw":false,"ammo":1000},{"data":1000027,"id":500000109,"lvl":5,"x":37,"y":24,"attack_mode":false,"attack_mode_draft":false,"attack_mode_war":false,"attack_mode_draft_war":false,"attack_mode2":false,"attack_mode_d2":false,"attack_mode3":false,"attack_mode_d3":false,"attack_mode4":false,"attack_mode_d4":false,"attack_mode5":false,"attack_mode_d5":false,"attack_mode_chal":false,"attack_mode_dchal":false,"attack_mode_arrw":false,"attack_mode_draft_arrw":false,"ammo":1000},{"data":1000027,"id":500000110,"lvl":5,"x":37,"y":22,"attack_mode":true,"attack_mode_draft":false,"attack_mode_war":false,"attack_mode_draft_war":false,"attack_mode2":false,"attack_mode_d2":false,"attack_mode3":false,"attack_mode_d3":false,"attack_mode4":false,"attack_mode_d4":false,"attack_mode5":false,"attack_mode_d5":false,"attack_mode_chal":false,"attack_mode_dchal":false,"attack_mode_arrw":false,"attack_mode_draft_arrw":false,"ammo":1000},{"data":1000027,"id":500000111,"lvl":5,"x":29,"y":5,"attack_mode":true,"attack_mode_draft":false,"attack_mode_war":false,"attack_mode_draft_war":false,"attack_mode2":false,"attack_mode_d2":false,"attack_mode3":false,"attack_mode_d3":false,"attack_mode4":false,"attack_mode_d4":false,"attack_mode5":false,"attack_mode_d5":false,"attack_mode_chal":false,"attack_mode_dchal":false,"attack_mode_arrw":false,"attack_mode_draft_arrw":false,"ammo":1000},{"data":1000027,"id":500000112,"lvl":5,"x":31,"y":5,"attack_mode":false,"attack_mode_draft":false,"attack_mode_war":false,"attack_mode_draft_war":false,"attack_mode2":false,"attack_mode_d2":false,"attack_mode3":false,"attack_mode_d3":false,"attack_mode4":false,"attack_mode_d4":false,"attack_mode5":false,"attack_mode_d5":false,"attack_mode_chal":false,"attack_mode_dchal":false,"attack_mode_arrw":false,"attack_mode_draft_arrw":false,"ammo":1000},{"data":1000027,"id":500000113,"lvl":5,"x":33,"y":5,"attack_mode":true,"attack_mode_draft":false,"attack_mode_war":false,"attack_mode_draft_war":false,"attack_mode2":false,"attack_mode_d2":false,"attack_mode3":false,"attack_mode_d3":false,"attack_mode4":false,"attack_mode_d4":false,"attack_mode5":false,"attack_mode_d5":false,"attack_mode_chal":false,"attack_mode_dchal":false,"attack_mode_arrw":false,"attack_mode_draft_arrw":false,"ammo":1000},{"data":1000010,"id":500000114,"lvl":12,"wI":0,"wX":0,"x":29,"y":8},{"data":1000010,"id":500000115,"lvl":12,"wI":0,"wX":0,"x":34,"y":8},{"data":1000010,"id":500000116,"lvl":12,"wI":0,"wX":0,"x":35,"y":28},{"data":1000010,"id":500000117,"lvl":12,"wI":0,"wX":0,"x":36,"y":22},{"data":1000010,"id":500000118,"lvl":12,"wI":0,"wX":0,"x":34,"y":17},{"data":1000010,"id":500000119,"lvl":12,"wI":0,"wX":0,"x":34,"y":14},{"data":1000021,"id":500000120,"lvl":5,"x":32,"y":18,"attack_mode":false,"attack_mode_draft":false,"attack_mode_war":false,"attack_mode_draft_war":false,"attack_mode2":false,"attack_mode_d2":false,"attack_mode3":false,"attack_mode_d3":false,"attack_mode4":false,"attack_mode_d4":false,"attack_mode5":false,"attack_mode_d5":false,"attack_mode_chal":false,"attack_mode_dchal":false,"attack_mode_arrw":false,"attack_mode_draft_arrw":false,"ammo":1500},{"data":1000021,"id":500000121,"lvl":5,"x":32,"y":10,"attack_mode":false,"attack_mode_draft":false,"attack_mode_war":false,"attack_mode_draft_war":false,"attack_mode2":false,"attack_mode_d2":false,"attack_mode3":false,"attack_mode_d3":false,"attack_mode4":false,"attack_mode_d4":false,"attack_mode5":false,"attack_mode_d5":false,"attack_mode_chal":false,"attack_mode_dchal":false,"attack_mode_arrw":false,"attack_mode_draft_arrw":false,"ammo":1500},{"data":1000010,"id":500000122,"lvl":12,"wI":0,"wX":0,"x":35,"y":14},{"data":1000012,"id":500000123,"lvl":9,"x":36,"y":9},{"data":1000012,"id":500000124,"lvl":9,"x":36,"y":19},{"data":1000009,"id":500000125,"lvl":15,"x":36,"y":12,"attack_mode":false,"attack_mode_draft":false,"attack_mode_war":false,"attack_mode_draft_war":false,"attack_mode2":false,"attack_mode_d2":false,"attack_mode3":false,"attack_mode_d3":false,"attack_mode4":false,"attack_mode_d4":false,"attack_mode5":false,"attack_mode_d5":false,"attack_mode_chal":false,"attack_mode_dchal":false,"attack_mode_arrw":false,"attack_mode_draft_arrw":false},{"data":1000009,"id":500000126,"lvl":15,"x":36,"y":16,"attack_mode":false,"attack_mode_draft":false,"attack_mode_war":false,"attack_mode_draft_war":false,"attack_mode2":false,"attack_mode_d2":false,"attack_mode3":false,"attack_mode_d3":false,"attack_mode4":false,"attack_mode_d4":false,"attack_mode5":false,"attack_mode_d5":false,"attack_mode_chal":false,"attack_mode_dchal":false,"attack_mode_arrw":false,"attack_mode_draft_arrw":false},{"data":1000062,"id":500000127,"lvl":0,"x":10,"y":25,"mode":0},{"data":1000017,"id":500000128,"lvl":1,"x":35,"y":5,"wp_lvl":0}],"decos":[{"data":18000001,"id":506000000,"x":32,"y":13},{"data":18000001,"id":506000001,"x":32,"y":16},{"data":18000001,"id":506000002,"x":14,"y":23},{"data":18000001,"id":506000003,"x":14,"y":30}],"traps":[{"data":12000001,"id":504000000,"lvl":4,"x":39,"y":15},{"data":12000001,"id":504000001,"lvl":4,"x":35,"y":15},{"data":12000001,"id":504000002,"lvl":4,"x":34,"y":15},{"data":12000001,"id":504000003,"lvl":4,"x":38,"y":28},{"data":12000001,"id":504000004,"lvl":4,"x":37,"y":28},{"data":12000002,"id":504000005,"lvl":4,"x":32,"y":33},{"data":12000002,"id":504000006,"lvl":4,"x":38,"y":34},{"data":12000002,"id":504000007,"lvl":4,"x":22,"y":4},{"data":12000002,"id":504000008,"lvl":4,"x":27,"y":10},{"data":12000002,"id":504000009,"lvl":4,"x":34,"y":26},{"data":12000002,"id":504000010,"lvl":4,"x":30,"y":13},{"data":12000002,"id":504000011,"lvl":4,"x":30,"y":17},{"data":12000002,"id":504000012,"lvl":4,"x":40,"y":6},{"data":12000002,"id":504000013,"lvl":4,"x":40,"y":11},{"data":12000002,"id":504000014,"lvl":4,"x":40,"y":17},{"data":12000002,"id":504000015,"lvl":4,"x":40,"y":22},{"data":12000002,"id":504000016,"lvl":4,"x":40,"y":3},{"data":12000002,"id":504000017,"lvl":4,"x":40,"y":27},{"data":12000002,"id":504000018,"lvl":4,"x":40,"y":31},{"data":12000006,"id":504000025,"lvl":2,"x":31,"y":8},{"data":12000006,"id":504000026,"lvl":2,"x":25,"y":10},{"data":12000006,"id":504000027,"lvl":2,"x":23,"y":6},{"data":12000006,"id":504000028,"lvl":2,"x":33,"y":15},{"data":12000006,"id":504000029,"lvl":2,"x":34,"y":22},{"data":12000006,"id":504000030,"lvl":2,"x":33,"y":31},{"data":12000006,"id":504000031,"lvl":2,"x":36,"y":34},{"data":12000006,"id":504000032,"lvl":2,"x":40,"y":29},{"data":12000006,"id":504000033,"lvl":2,"x":40,"y":19},{"data":12000006,"id":504000034,"lvl":2,"x":40,"y":10},{"data":12000006,"id":504000035,"lvl":2,"x":31,"y":3},{"data":12000006,"id":504000036,"lvl":2,"x":36,"y":3},{"data":12000006,"id":504000037,"lvl":2,"x":26,"y":3},{"data":12000006,"id":504000038,"lvl":2,"x":40,"y":5},{"data":12000005,"id":504000039,"lvl":4,"x":32,"y":37},{"data":12000005,"id":504000040,"lvl":4,"x":40,"y":35},{"data":12000005,"id":504000041,"lvl":4,"x":40,"y":25},{"data":12000005,"id":504000042,"lvl":4,"x":40,"y":15},{"data":12000005,"id":504000043,"lvl":4,"x":40,"y":8},{"data":12000005,"id":504000044,"lvl":4,"x":34,"y":3},{"data":12000005,"id":504000045,"lvl":4,"x":28,"y":3},{"data":12000005,"id":504000046,"lvl":4,"x":19,"y":3},{"data":12000005,"id":504000047,"lvl":4,"x":19,"y":6},{"data":12000005,"id":504000048,"lvl":4,"x":26,"y":12},{"data":12000005,"id":504000049,"lvl":4,"x":30,"y":16},{"data":12000005,"id":504000050,"lvl":4,"x":30,"y":20},{"data":12000005,"id":504000051,"lvl":4,"x":33,"y":27},{"data":12000005,"id":504000052,"lvl":4,"x":29,"y":35},{"data":12000008,"id":504000053,"lvl":3,"air_mode":false,"air_mode_draft":false,"air_mode_war":false,"air_mode_draft_war":false,"air_mode2":false,"air_mode_d2":false,"air_mode3":false,"air_mode_d3":false,"air_mode4":false,"air_mode_d4":false,"air_mode5":false,"air_mode_d5":false,"air_mode6":false,"air_mode_d6":false,"air_mode7":false,"air_mode_d7":false,"x":16,"y":26},{"data":12000008,"id":504000054,"lvl":3,"air_mode":false,"air_mode_draft":false,"air_mode_war":false,"air_mode_draft_war":false,"air_mode2":false,"air_mode_d2":false,"air_mode3":false,"air_mode_d3":false,"air_mode4":false,"air_mode_d4":false,"air_mode5":false,"air_mode_d5":false,"air_mode6":false,"air_mode_d6":false,"air_mode7":false,"air_mode_d7":false,"x":23,"y":30},{"data":12000008,"id":504000055,"lvl":3,"air_mode":false,"air_mode_draft":false,"air_mode_war":false,"air_mode_draft_war":false,"air_mode2":false,"air_mode_d2":false,"air_mode3":false,"air_mode_d3":false,"air_mode4":false,"air_mode_d4":false,"air_mode5":false,"air_mode_d5":false,"air_mode6":false,"air_mode_d6":false,"air_mode7":false,"air_mode_d7":false,"x":24,"y":28},{"data":12000008,"id":504000056,"lvl":3,"air_mode":false,"air_mode_draft":false,"air_mode_war":false,"air_mode_draft_war":false,"air_mode2":false,"air_mode_d2":false,"air_mode3":false,"air_mode_d3":false,"air_mode4":false,"air_mode_d4":false,"air_mode5":false,"air_mode_d5":false,"air_mode6":false,"air_mode_d6":false,"air_mode7":false,"air_mode_d7":false,"x":18,"y":28},{"data":12000008,"id":504000057,"lvl":3,"air_mode":false,"air_mode_draft":false,"air_mode_war":false,"air_mode_draft_war":false,"air_mode2":false,"air_mode_d2":false,"air_mode3":false,"air_mode_d3":false,"air_mode4":false,"air_mode_d4":false,"air_mode5":false,"air_mode_d5":false,"air_mode6":false,"air_mode_d6":false,"air_mode7":false,"air_mode_d7":false,"x":20,"y":17},{"data":12000008,"id":504000058,"lvl":3,"air_mode":false,"air_mode_draft":false,"air_mode_war":false,"air_mode_draft_war":false,"air_mode2":false,"air_mode_d2":false,"air_mode3":false,"air_mode_d3":false,"air_mode4":false,"air_mode_d4":false,"air_mode5":false,"air_mode_d5":false,"air_mode6":false,"air_mode_d6":false,"air_mode7":false,"air_mode_d7":false,"x":8,"y":12},{"data":12000008,"id":504000059,"lvl":3,"air_mode":false,"air_mode_draft":false,"air_mode_war":false,"air_mode_draft_war":false,"air_mode2":false,"air_mode_d2":false,"air_mode3":false,"air_mode_d3":false,"air_mode4":false,"air_mode_d4":false,"air_mode5":false,"air_mode_d5":false,"air_mode6":false,"air_mode_d6":false,"air_mode7":false,"air_mode_d7":false,"x":21,"y":27},{"data":12000008,"id":504000060,"lvl":3,"air_mode":false,"air_mode_draft":false,"air_mode_war":false,"air_mode_draft_war":false,"air_mode2":false,"air_mode_d2":false,"air_mode3":false,"air_mode_d3":false,"air_mode4":false,"air_mode_d4":false,"air_mode5":false,"air_mode_d5":false,"air_mode6":false,"air_mode_d6":false,"air_mode7":false,"air_mode_d7":false,"x":20,"y":24},{"data":12000008,"id":504000061,"lvl":3,"air_mode":false,"air_mode_draft":false,"air_mode_war":false,"air_mode_draft_war":false,"air_mode2":false,"air_mode_d2":false,"air_mode3":false,"air_mode_d3":false,"air_mode4":false,"air_mode_d4":false,"air_mode5":false,"air_mode_d5":false,"air_mode6":false,"air_mode_d6":false,"air_mode7":false,"air_mode_d7":false,"x":26,"y":26},{"data":12000008,"id":504000062,"lvl":3,"air_mode":false,"air_mode_draft":false,"air_mode_war":false,"air_mode_draft_war":false,"air_mode2":false,"air_mode_d2":false,"air_mode3":false,"air_mode_d3":false,"air_mode4":false,"air_mode_d4":false,"air_mode5":false,"air_mode_d5":false,"air_mode6":false,"air_mode_d6":false,"air_mode7":false,"air_mode_d7":false,"x":28,"y":24},{"data":12000008,"id":504000063,"lvl":3,"air_mode":false,"air_mode_draft":false,"air_mode_war":false,"air_mode_draft_war":false,"air_mode2":false,"air_mode_d2":false,"air_mode3":false,"air_mode_d3":false,"air_mode4":false,"air_mode_d4":false,"air_mode5":false,"air_mode_d5":false,"air_mode6":false,"air_mode_d6":false,"air_mode7":false,"air_mode_d7":false,"x":23,"y":25},{"data":12000008,"id":504000064,"lvl":3,"air_mode":false,"air_mode_draft":false,"air_mode_war":false,"air_mode_draft_war":false,"air_mode2":false,"air_mode_d2":false,"air_mode3":false,"air_mode_d3":false,"air_mode4":false,"air_mode_d4":false,"air_mode5":false,"air_mode_d5":false,"air_mode6":false,"air_mode_d6":false,"air_mode7":false,"air_mode_d7":false,"x":28,"y":21},{"data":12000008,"id":504000065,"lvl":3,"air_mode":false,"air_mode_draft":false,"air_mode_war":false,"air_mode_draft_war":false,"air_mode2":false,"air_mode_d2":false,"air_mode3":false,"air_mode_d3":false,"air_mode4":false,"air_mode_d4":false,"air_mode5":false,"air_mode_d5":false,"air_mode6":false,"air_mode_d6":false,"air_mode7":false,"air_mode_d7":false,"x":17,"y":16},{"data":12000008,"id":504000066,"lvl":3,"air_mode":true,"air_mode_draft":false,"air_mode_war":false,"air_mode_draft_war":false,"air_mode2":false,"air_mode_d2":false,"air_mode3":false,"air_mode_d3":false,"air_mode4":false,"air_mode_d4":false,"air_mode5":false,"air_mode_d5":false,"air_mode6":false,"air_mode_d6":false,"air_mode7":false,"air_mode_d7":false,"x":26,"y":24},{"data":12000008,"id":504000067,"lvl":3,"air_mode":true,"air_mode_draft":false,"air_mode_war":false,"air_mode_draft_war":false,"air_mode2":false,"air_mode_d2":false,"air_mode3":false,"air_mode_d3":false,"air_mode4":false,"air_mode_d4":false,"air_mode5":false,"air_mode_d5":false,"air_mode6":false,"air_mode_d6":false,"air_mode7":false,"air_mode_d7":false,"x":22,"y":22},{"data":12000008,"id":504000068,"lvl":3,"air_mode":true,"air_mode_draft":false,"air_mode_war":false,"air_mode_draft_war":false,"air_mode2":false,"air_mode_d2":false,"air_mode3":false,"air_mode_d3":false,"air_mode4":false,"air_mode_d4":false,"air_mode5":false,"air_mode_d5":false,"air_mode6":false,"air_mode_d6":false,"air_mode7":false,"air_mode_d7":false,"x":12,"y":9},{"data":12000008,"id":504000069,"lvl":3,"air_mode":true,"air_mode_draft":false,"air_mode_war":false,"air_mode_draft_war":false,"air_mode2":false,"air_mode_d2":false,"air_mode3":false,"air_mode_d3":false,"air_mode4":false,"air_mode_d4":false,"air_mode5":false,"air_mode_d5":false,"air_mode6":false,"air_mode_d6":false,"air_mode7":false,"air_mode_d7":false,"x":18,"y":26}],"obstacles":[{"data":8000000,"id":503000017,"x":4,"y":38},{"data":8000000,"id":503000049,"x":4,"y":4},{"data":8000000,"id":503000135,"x":4,"y":6},{"data":8000000,"id":503000136,"x":4,"y":8},{"data":8000000,"id":503000137,"x":4,"y":10},{"data":8000000,"id":503000138,"x":4,"y":12},{"data":8000000,"id":503000139,"x":4,"y":14},{"data":8000000,"id":503000140,"x":4,"y":16},{"data":8000000,"id":503000149,"x":4,"y":34},{"data":8000000,"id":503000150,"x":4,"y":36},{"data":8000000,"id":503000151,"x":6,"y":4},{"data":8000000,"id":503000152,"x":8,"y":4},{"data":8000000,"id":503000153,"x":10,"y":4},{"data":8000000,"id":503000154,"x":12,"y":4},{"data":8000000,"id":503000155,"x":14,"y":4},{"data":8000000,"id":503000156,"x":16,"y":4},{"data":8000000,"id":503000157,"x":18,"y":4},{"data":8000000,"id":503000158,"x":20,"y":4},{"data":8000000,"id":503000178,"x":38,"y":36},{"data":8000000,"id":503000183,"x":36,"y":38},{"data":8000000,"id":503000184,"x":34,"y":38},{"data":8000000,"id":503000185,"x":32,"y":38},{"data":8000000,"id":503000186,"x":30,"y":38},{"data":8000000,"id":503000187,"x":28,"y":38},{"data":8000000,"id":503000188,"x":26,"y":38},{"data":8000000,"id":503000189,"x":24,"y":38},{"data":8000000,"id":503000190,"x":22,"y":38},{"data":8000000,"id":503000191,"x":20,"y":38},{"data":8000000,"id":503000192,"x":18,"y":38},{"data":8000000,"id":503000193,"x":16,"y":38},{"data":8000000,"id":503000194,"x":14,"y":38},{"data":8000000,"id":503000195,"x":12,"y":38},{"data":8000000,"id":503000196,"x":10,"y":38},{"data":8000000,"id":503000197,"x":8,"y":38},{"data":8000000,"id":503000198,"x":6,"y":38},{"data":8000000,"id":503000199,"x":6,"y":36},{"data":8000000,"id":503000200,"x":8,"y":36},{"data":8000000,"id":503000201,"x":11,"y":36},{"data":8000000,"id":503000202,"x":13,"y":36},{"data":8000000,"id":503000203,"x":16,"y":36},{"data":8000000,"id":503000204,"x":19,"y":35},{"data":8000000,"id":503000205,"x":21,"y":36},{"data":8000000,"id":503000206,"x":24,"y":36},{"data":8000000,"id":503000207,"x":27,"y":36},{"data":8000000,"id":503000208,"x":30,"y":35},{"data":8000000,"id":503000209,"x":33,"y":36},{"data":8000000,"id":503000210,"x":35,"y":36},{"data":8000000,"id":503000211,"x":6,"y":34},{"data":8000000,"id":503000222,"x":6,"y":7},{"data":8000000,"id":503000223,"x":6,"y":10},{"data":8000000,"id":503000224,"x":6,"y":13},{"data":8000000,"id":503000225,"x":7,"y":15},{"data":8000000,"id":503000227,"x":8,"y":6},{"data":8000000,"id":503000228,"x":11,"y":6},{"data":8000000,"id":503000229,"x":13,"y":7},{"data":8000000,"id":503000230,"x":16,"y":6},{"data":8000000,"id":503000231,"x":19,"y":7},{"data":8000000,"id":503000232,"x":21,"y":6},{"data":8000019,"id":503000255,"x":10,"y":18},{"data":8000020,"id":503000258,"x":7,"y":25},{"data":8000020,"id":503000259,"x":8,"y":22},{"data":8000020,"id":503000260,"x":10,"y":33},{"data":8000016,"id":503000262,"x":13,"y":19},{"data":8000016,"id":503000263,"x":8,"y":20},{"data":8000016,"id":503000264,"x":9,"y":31},{"data":8000016,"id":503000265,"x":6,"y":23},{"data":8000016,"id":503000266,"x":5,"y":28},{"data":8000016,"id":503000267,"x":19,"y":32},{"data":8000016,"id":503000268,"x":9,"y":16},{"data":8000018,"id":503000269,"x":5,"y":26},{"data":8000018,"id":503000270,"x":13,"y":17},{"data":8000018,"id":503000271,"x":5,"y":21},{"data":8000018,"id":503000272,"x":21,"y":32},{"data":8000030,"id":503000275,"x":14,"y":28},{"data":8000035,"id":503000280,"x":10,"y":14},{"data":8000035,"id":503000281,"x":9,"y":12},{"data":8000035,"id":503000282,"x":12,"y":12},{"data":8000035,"id":503000283,"x":11,"y":11},{"data":8000035,"id":503000284,"x":9,"y":9},{"data":8000035,"id":503000285,"x":10,"y":10},{"data":8000035,"id":503000286,"x":13,"y":10},{"data":8000035,"id":503000287,"x":17,"y":10},{"data":8000035,"id":503000288,"x":20,"y":9},{"data":8000035,"id":503000289,"x":22,"y":10},{"data":8000035,"id":503000290,"x":20,"y":14},{"data":8000035,"id":503000291,"x":16,"y":13},{"data":8000035,"id":503000292,"x":19,"y":11},{"data":8000035,"id":503000293,"x":18,"y":13},{"data":8000035,"id":503000294,"x":21,"y":12},{"data":8000035,"id":503000295,"x":15,"y":11},{"data":8000035,"id":503000296,"x":23,"y":12},{"data":8000035,"id":503000297,"x":24,"y":16},{"data":8000035,"id":503000300,"x":24,"y":14},{"data":8000035,"id":503000301,"x":22,"y":14},{"data":8000035,"id":503000302,"x":22,"y":18},{"data":8000035,"id":503000305,"x":24,"y":30},{"data":8000035,"id":503000307,"x":30,"y":22},{"data":8000035,"id":503000309,"x":30,"y":24},{"data":8000035,"id":503000310,"x":27,"y":27},{"data":8000035,"id":503000311,"x":30,"y":27},{"data":8000035,"id":503000314,"x":26,"y":31},{"data":8000035,"id":503000315,"x":30,"y":30},{"data":8000035,"id":503000316,"x":28,"y":32},{"data":8000035,"id":503000318,"x":29,"y":28},{"data":8000035,"id":503000319,"x":31,"y":28},{"data":8000035,"id":503000320,"x":31,"y":25},{"data":8000035,"id":503000321,"x":29,"y":25},{"data":8000035,"id":503000323,"x":28,"y":29},{"data":8000035,"id":503000324,"x":25,"y":28},{"data":8000035,"id":503000326,"x":14,"y":13},{"data":8000035,"id":503000329,"x":23,"y":19},{"data":8000035,"id":503000330,"x":22,"y":16},{"data":8000035,"id":503000331,"x":25,"y":17},{"data":8000035,"id":503000332,"x":26,"y":15},{"data":8000035,"id":503000333,"x":31,"y":22},{"data":8000035,"id":503000334,"x":31,"y":20},{"data":8000035,"id":503000337,"x":24,"y":20},{"data":8000035,"id":503000338,"x":23,"y":22},{"data":8000035,"id":503000339,"x":25,"y":18},{"data":8000000,"id":503000341,"x":24,"y":33},{"data":8000000,"id":503000342,"x":22,"y":34},{"data":8000000,"id":503000343,"x":26,"y":34},{"data":8000000,"id":503000356,"x":16,"y":8},{"data":8000034,"id":503000360,"x":26,"y":29},{"data":8000034,"id":503000361,"x":30,"y":28},{"data":8000034,"id":503000362,"x":30,"y":23},{"data":8000034,"id":503000363,"x":23,"y":18},{"data":8000034,"id":503000364,"x":24,"y":15},{"data":8000034,"id":503000365,"x":21,"y":11},{"data":8000034,"id":503000366,"x":17,"y":12},{"data":8000034,"id":503000367,"x":10,"y":11},{"data":8000019,"id":503000414,"x":7,"y":28},{"data":8000020,"id":503000415,"x":11,"y":30},{"data":8000019,"id":503000417,"x":18,"y":18},{"data":8000020,"id":503000418,"x":15,"y":18},{"data":8000019,"id":503000419,"x":13,"y":33},{"data":8000020,"id":503000420,"x":16,"y":33},{"data":8000018,"id":503000421,"x":21,"y":20},{"data":8000018,"id":503000422,"x":6,"y":31},{"data":8000000,"id":503000424,"x":7,"y":18},{"data":8000000,"id":503000425,"x":5,"y":19},{"data":8000000,"id":503000428,"x":4,"y":23},{"data":8000000,"id":503000431,"x":4,"y":30},{"data":8000000,"id":503000432,"x":4,"y":32},{"data":8000000,"id":503000433,"x":8,"y":33},{"data":8000035,"id":503000434,"x":12,"y":14},{"data":8000030,"id":503000435,"x":18,"y":24},{"data":8000022,"id":503000436,"x":16,"y":28},{"data":8000022,"id":503000437,"x":17,"y":26},{"data":8000022,"id":503000438,"x":17,"y":27},{"data":8000022,"id":503000439,"x":17,"y":24},{"data":8000022,"id":503000440,"x":15,"y":32},{"data":8000022,"id":503000441,"x":15,"y":25},{"data":8000022,"id":503000442,"x":13,"y":24},{"data":8000022,"id":503000443,"x":19,"y":29},{"data":8000022,"id":503000444,"x":19,"y":28},{"data":8000022,"id":503000445,"x":21,"y":26},{"data":8000022,"id":503000446,"x":22,"y":28},{"data":8000022,"id":503000447,"x":21,"y":29},{"data":8000022,"id":503000448,"x":22,"y":24},{"data":8000022,"id":503000449,"x":25,"y":27},{"data":8000022,"id":503000450,"x":24,"y":29},{"data":8000022,"id":503000451,"x":27,"y":26},{"data":8000022,"id":503000452,"x":27,"y":23},{"data":8000022,"id":503000453,"x":18,"y":17}],"exp_ver":1}