{"buildings":[{"data":1000021,"id":500000001,"lvl":5,"x":21,"y":7,"attack_mode":true,"attack_mode_draft":true,"attack_mode_war":false,"attack_mode_draft_war":false,"attack_mode2":false,"attack_mode_d2":false,"attack_mode3":false,"attack_mode_d3":false,"attack_mode4":false,"attack_mode_d4":false,"attack_mode5":false,"attack_mode_d5":false,"attack_mode_chal":false,"attack_mode_dchal":false,"attack_mode_arrw":false,"attack_mode_draft_arrw":false,"ammo":1500},{"data":1000021,"id":500000002,"lvl":5,"x":26,"y":24,"attack_mode":true,"attack_mode_draft":true,"attack_mode_war":false,"attack_mode_draft_war":false,"attack_mode2":false,"attack_mode_d2":false,"attack_mode3":false,"attack_mode_d3":false,"attack_mode4":false,"attack_mode_d4":false,"attack_mode5":false,"attack_mode_d5":false,"attack_mode_chal":false,"attack_mode_dchal":false,"attack_mode_arrw":false,"attack_mode_draft_arrw":false,"ammo":1500},{"data":1000021,"id":500000003,"lvl":5,"x":15,"y":7,"attack_mode":false,"attack_mode_draft":false,"attack_mode_war":false,"attack_mode_draft_war":false,"attack_mode2":false,"attack_mode_d2":false,"attack_mode3":false,"attack_mode_d3":false,"attack_mode4":false,"attack_mode_d4":false,"attack_mode5":false,"attack_mode_d5":false,"attack_mode_chal":false,"attack_mode_dchal":false,"attack_mode_arrw":false,"attack_mode_draft_arrw":false,"ammo":1500},{"data":1000021,"id":500000004,"lvl":5,"x":26,"y":14,"attack_mode":false,"attack_mode_draft":false,"attack_mode_war":false,"attack_mode_draft_war":false,"attack_mode2":false,"attack_mode_d2":false,"attack_mode3":false,"attack_mode_d3":false,"attack_mode4":false,"attack_mode_d4":false,"attack_mode5":false,"attack_mode_d5":false,"attack_mode_chal":false,"attack_mode_dchal":false,"attack_mode_arrw":false,"attack_mode_draft_arrw":false,"ammo":1500},{"data":1000021,"id":500000005,"lvl":5,"x":21,"y":30,"attack_mode":true,"attack_mode_draft":true,"attack_mode_war":false,"attack_mode_draft_war":false,"attack_mode2":false,"attack_mode_d2":false,"attack_mode3":false,"attack_mode_d3":false,"attack_mode4":false,"attack_mode_d4":false,"attack_mode5":false,"attack_mode_d5":false,"attack_mode_chal":false,"attack_mode_dchal":false,"attack_mode_arrw":false,"attack_mode_draft_arrw":false,"ammo":1500},{"data":1000021,"id":500000006,"lvl":5,"x":12,"y":28,"attack_mode":false,"attack_mode_draft":false,"attack_mode_war":false,"attack_mode_draft_war":false,"attack_mode2":false,"attack_mode_d2":false,"attack_mode3":false,"attack_mode_d3":false,"attack_mode4":false,"attack_mode_d4":false,"attack_mode5":false,"attack_mode_d5":false,"attack_mode_chal":false,"attack_mode_dchal":false,"attack_mode_arrw":false,"attack_mode_draft_arrw":false,"ammo":1500},{"data":1000010,"id":500000010,"lvl":12,"wI":0,"wX":0,"x":17,"y":17},{"data":1000010,"id":500000011,"lvl":12,"wI":0,"wX":0,"x":18,"y":17},{"data":1000010,"id":500000012,"lvl":12,"wI":0,"wX":0,"x":19,"y":17},{"data":1000010,"id":500000013,"lvl":12,"wI":0,"wX":0,"x":20,"y":17},{"data":1000010,"id":500000014,"lvl":12,"wI":0,"wX":0,"x":21,"y":17},{"data":1000010,"id":500000015,"lvl":12,"wI":0,"wX":0,"x":22,"y":17},{"data":1000010,"id":500000017,"lvl":12,"wI":0,"wX":0,"x":22,"y":19},{"data":1000010,"id":500000020,"lvl":12,"wI":0,"wX":0,"x":22,"y":22},{"data":1000010,"id":500000021,"lvl":12,"wI":0,"wX":0,"x":21,"y":22},{"data":1000010,"id":500000022,"lvl":12,"wI":0,"wX":0,"x":20,"y":22},{"data":1000010,"id":500000023,"lvl":12,"wI":0,"wX":0,"x":19,"y":22},{"data":1000010,"id":500000024,"lvl":12,"wI":0,"wX":0,"x":18,"y":22},{"data":1000010,"id":500000025,"lvl":12,"wI":0,"wX":0,"x":17,"y":22},{"data":1000010,"id":500000028,"lvl":12,"wI":0,"wX":0,"x":17,"y":15},{"data":1000010,"id":500000029,"lvl":12,"wI":0,"wX":0,"x":17,"y":14},{"data":1000010,"id":500000030,"lvl":12,"wI":0,"wX":0,"x":17,"y":13},{"data":1000010,"id":500000031,"lvl":12,"wI":0,"wX":0,"x":17,"y":12},{"data":1000010,"id":500000032,"lvl":12,"wI":0,"wX":0,"x":17,"y":23},{"data":1000010,"id":500000033,"lvl":12,"wI":0,"wX":0,"x":17,"y":24},{"data":1000010,"id":500000034,"lvl":12,"wI":0,"wX":0,"x":17,"y":25},{"data":1000010,"id":500000035,"lvl":12,"wI":0,"wX":0,"x":17,"y":26},{"data":1000010,"id":500000036,"lvl":12,"wI":0,"wX":0,"x":19,"y":27},{"data":1000010,"id":500000037,"lvl":12,"wI":0,"wX":0,"x":20,"y":27},{"data":1000010,"id":500000038,"lvl":12,"wI":0,"wX":0,"x":21,"y":27},{"data":1000010,"id":500000039,"lvl":12,"wI":0,"wX":0,"x":22,"y":27},{"data":1000010,"id":500000040,"lvl":12,"wI":0,"wX":0,"x":22,"y":26},{"data":1000010,"id":500000041,"lvl":12,"wI":0,"wX":0,"x":22,"y":25},{"data":1000010,"id":500000042,"lvl":12,"wI":0,"wX":0,"x":22,"y":24},{"data":1000010,"id":500000043,"lvl":12,"wI":0,"wX":0,"x":22,"y":23},{"data":1000010,"id":500000044,"lvl":12,"wI":0,"wX":0,"x":23,"y":12},{"data":1000010,"id":500000045,"lvl":12,"wI":0,"wX":0,"x":18,"y":12},{"data":1000010,"id":500000046,"lvl":12,"wI":0,"wX":0,"x":19,"y":12},{"data":1000010,"id":500000047,"lvl":12,"wI":0,"wX":0,"x":20,"y":12},{"data":1000010,"id":500000048,"lvl":12,"wI":0,"wX":0,"x":21,"y":12},{"data":1000010,"id":500000049,"lvl":12,"wI":0,"wX":0,"x":22,"y":12},{"data":1000010,"id":500000050,"lvl":12,"wI":0,"wX":0,"x":22,"y":13},{"data":1000010,"id":500000051,"lvl":12,"wI":0,"wX":0,"x":22,"y":14},{"data":1000010,"id":500000052,"lvl":12,"wI":0,"wX":0,"x":22,"y":15},{"data":1000010,"id":500000053,"lvl":12,"wI":0,"wX":0,"x":22,"y":16},{"data":1000010,"id":500000054,"lvl":12,"wI":0,"wX":0,"x":25,"y":15},{"data":1000010,"id":500000055,"lvl":12,"wI":0,"wX":0,"x":25,"y":14},{"data":1000010,"id":500000056,"lvl":12,"wI":0,"wX":0,"x":25,"y":13},{"data":1000010,"id":500000057,"lvl":12,"wI":0,"wX":0,"x":25,"y":12},{"data":1000010,"id":500000058,"lvl":12,"wI":0,"wX":0,"x":24,"y":12},{"data":1000010,"id":500000059,"lvl":12,"wI":0,"wX":0,"x":17,"y":16},{"data":1000031,"id":500000060,"lvl":2,"x":18,"y":23,"ammo":30},{"data":1000031,"id":500000061,"lvl":2,"x":18,"y":13,"ammo":30},{"data":1000027,"id":500000062,"lvl":5,"x":23,"y":13,"attack_mode":false,"attack_mode_draft":false,"attack_mode_war":false,"attack_mode_draft_war":false,"attack_mode2":false,"attack_mode_d2":false,"attack_mode3":false,"attack_mode_d3":false,"attack_mode4":false,"attack_mode_d4":false,"attack_mode5":false,"attack_mode_d5":false,"attack_mode_chal":false,"attack_mode_dchal":false,"attack_mode_arrw":false,"attack_mode_draft_arrw":false,"ammo":1000},{"data":1000027,"id":500000063,"lvl":5,"x":15,"y":13,"attack_mode":false,"attack_mode_draft":false,"attack_mode_war":false,"attack_mode_draft_war":false,"attack_mode2":false,"attack_mode_d2":false,"attack_mode3":false,"attack_mode_d3":false,"attack_mode4":false,"attack_mode_d4":false,"attack_mode5":false,"attack_mode_d5":false,"attack_mode_chal":false,"attack_mode_dchal":false,"attack_mode_arrw":false,"attack_mode_draft_arrw":false,"ammo":1000},{"data":1000027,"id":500000064,"lvl":5,"x":15,"y":25,"attack_mode":false,"attack_mode_draft":false,"attack_mode_war":false,"attack_mode_draft_war":false,"attack_mode2":false,"attack_mode_d2":false,"attack_mode3":false,"attack_mode_d3":false,"attack_mode4":false,"attack_mode_d4":false,"attack_mode5":false,"attack_mode_d5":false,"attack_mode_chal":false,"attack_mode_dchal":false,"attack_mode_arrw":false,"attack_mode_draft_arrw":false,"ammo":1000},{"data":1000027,"id":500000065,"lvl":5,"x":23,"y":25,"attack_mode":false,"attack_mode_draft":false,"attack_mode_war":false,"attack_mode_draft_war":false,"attack_mode2":false,"attack_mode_d2":false,"attack_mode3":false,"attack_mode_d3":false,"attack_mode4":false,"attack_mode_d4":false,"attack_mode5":false,"attack_mode_d5":false,"attack_mode_chal":false,"attack_mode_dchal":false,"attack_mode_arrw":false,"attack_mode_draft_arrw":false,"ammo":1000},{"data":1000028,"id":500000066,"lvl":6,"x":23,"y":16,"aim_angle":315,"aim_angle_draft":315,"aim_angle_war":0,"aim_angle_draft_war":0,"aim_angle2":0,"aim_angle_d2":0,"aim_angle3":0,"aim_angle_d3":0,"aim_angle4":0,"aim_angle_d4":0,"aim_angle5":0,"aim_angle_d5":0,"aim_angle5_chal":0,"aim_angle_dchal":0,"aim_angle_arrw":0,"aim_angle_draft_arrw":0},{"data":1000028,"id":500000067,"lvl":6,"x":23,"y":23,"aim_angle":45,"aim_angle_draft":45,"aim_angle_war":0,"aim_angle_draft_war":0,"aim_angle2":0,"aim_angle_d2":0,"aim_angle3":0,"aim_angle_d3":0,"aim_angle4":0,"aim_angle_d4":0,"aim_angle5":0,"aim_angle_d5":0,"aim_angle5_chal":0,"aim_angle_dchal":0,"aim_angle_arrw":0,"aim_angle_draft_arrw":0},{"data":1000028,"id":500000068,"lvl":6,"x":15,"y":16,"aim_angle":225,"aim_angle_draft":225,"aim_angle_war":0,"aim_angle_draft_war":0,"aim_angle2":0,"aim_angle_d2":0,"aim_angle3":0,"aim_angle_d3":0,"aim_angle4":0,"aim_angle_d4":0,"aim_angle5":0,"aim_angle_d5":0,"aim_angle5_chal":0,"aim_angle_dchal":0,"aim_angle_arrw":0,"aim_angle_draft_arrw":0},{"data":1000028,"id":500000069,"lvl":6,"x":15,"y":23,"aim_angle":135,"aim_angle_draft":135,"aim_angle_war":0,"aim_angle_draft_war":0,"aim_angle2":0,"aim_angle_d2":0,"aim_angle3":0,"aim_angle_d3":0,"aim_angle4":0,"aim_angle_d4":0,"aim_angle5":0,"aim_angle_d5":0,"aim_angle5_chal":0,"aim_angle_dchal":0,"aim_angle_arrw":0,"aim_angle_draft_arrw":0},{"data":1000010,"id":500000072,"lvl":12,"wI":0,"wX":0,"x":17,"y":27},{"data":1000010,"id":500000073,"lvl":12,"wI":0,"wX":0,"x":18,"y":27},{"data":1000010,"id":500000074,"lvl":12,"wI":0,"wX":0,"x":25,"y":16},{"data":1000010,"id":500000075,"lvl":12,"wI":0,"wX":0,"x":25,"y":17},{"data":1000010,"id":500000080,"lvl":12,"wI":0,"wX":0,"x":25,"y":22},{"data":1000010,"id":500000081,"lvl":12,"wI":0,"wX":0,"x":25,"y":23},{"data":1000010,"id":500000082,"lvl":12,"wI":0,"wX":0,"x":25,"y":24},{"data":1000010,"id":500000083,"lvl":12,"wI":0,"wX":0,"x":25,"y":25},{"data":1000010,"id":500000084,"lvl":12,"wI":0,"wX":0,"x":25,"y":26},{"data":1000010,"id":500000085,"lvl":12,"wI":0,"wX":0,"x":25,"y":27},{"data":1000010,"id":500000086,"lvl":12,"wI":0,"wX":0,"x":24,"y":27},{"data":1000010,"id":500000087,"lvl":12,"wI":0,"wX":0,"x":23,"y":27},{"data":1000010,"id":500000088,"lvl":12,"wI":0,"wX":0,"x":16,"y":12},{"data":1000010,"id":500000089,"lvl":12,"wI":0,"wX":0,"x":15,"y":12},{"data":1000010,"id":500000090,"lvl":12,"wI":0,"wX":0,"x":14,"y":12},{"data":1000010,"id":500000091,"lvl":12,"wI":0,"wX":0,"x":14,"y":13},{"data":1000010,"id":500000092,"lvl":12,"wI":0,"wX":0,"x":14,"y":14},{"data":1000010,"id":500000093,"lvl":12,"wI":0,"wX":0,"x":14,"y":15},{"data":1000010,"id":500000094,"lvl":12,"wI":0,"wX":0,"x":14,"y":16},{"data":1000010,"id":500000095,"lvl":12,"wI":0,"wX":0,"x":14,"y":17},{"data":1000010,"id":500000097,"lvl":12,"wI":0,"wX":0,"x":14,"y":22},{"data":1000010,"id":500000098,"lvl":12,"wI":0,"wX":0,"x":14,"y":23},{"data":1000010,"id":500000099,"lvl":12,"wI":0,"wX":0,"x":14,"y":24},{"data":1000010,"id":500000100,"lvl":12,"wI":0,"wX":0,"x":14,"y":25},{"data":1000010,"id":500000101,"lvl":12,"wI":0,"wX":0,"x":14,"y":26},{"data":1000010,"id":500000102,"lvl":12,"wI":0,"wX":0,"x":14,"y":27},{"data":1000010,"id":500000103,"lvl":12,"wI":0,"wX":0,"x":15,"y":27},{"data":1000010,"id":500000104,"lvl":12,"wI":0,"wX":0,"x":16,"y":27},{"data":1000027,"id":500000105,"lvl":5,"x":23,"y":18,"attack_mode":true,"attack_mode_draft":true,"attack_mode_war":false,"attack_mode_draft_war":false,"attack_mode2":false,"attack_mode_d2":false,"attack_mode3":false,"attack_mode_d3":false,"attack_mode4":false,"attack_mode_d4":false,"attack_mode5":false,"attack_mode_d5":false,"attack_mode_chal":false,"attack_mode_dchal":false,"attack_mode_arrw":false,"attack_mode_draft_arrw":false,"ammo":1000},{"data":1000027,"id":500000106,"lvl":5,"x":23,"y":20,"attack_mode":true,"attack_mode_draft":true,"attack_mode_war":false,"attack_mode_draft_war":false,"attack_mode2":false,"attack_mode_d2":false,"attack_mode3":false,"attack_mode_d3":false,"attack_mode4":false,"attack_mode_d4":false,"attack_mode5":false,"attack_mode_d5":false,"attack_mode_chal":false,"attack_mode_dchal":false,"attack_mode_arrw":false,"attack_mode_draft_arrw":false,"ammo":1000},{"data":1000027,"id":500000107,"lvl":5,"x":15,"y":18,"attack_mode":true,"attack_mode_draft":true,"attack_mode_war":false,"attack_mode_draft_war":false,"attack_mode2":false,"attack_mode_d2":false,"attack_mode3":false,"attack_mode_d3":false,"attack_mode4":false,"attack_mode_d4":false,"attack_mode5":false,"attack_mode_d5":false,"attack_mode_chal":false,"attack_mode_dchal":false,"attack_mode_arrw":false,"attack_mode_draft_arrw":false,"ammo":1000},{"data":1000027,"id":500000108,"lvl":5,"x":15,"y":20,"attack_mode":true,"attack_mode_draft":true,"attack_mode_war":false,"attack_mode_draft_war":false,"attack_mode2":false,"attack_mode_d2":false,"attack_mode3":false,"attack_mode_d3":false,"attack_mode4":false,"attack_mode_d4":false,"attack_mode5":false,"attack_mode_d5":false,"attack_mode_chal":false,"attack_mode_dchal":false,"attack_mode_arrw":false,"attack_mode_draft_arrw":false,"ammo":1000},{"data":1000010,"id":500000112,"lvl":12,"wI":0,"wX":0,"x":26,"y":27},{"data":1000010,"id":500000113,"lvl":12,"wI":0,"wX":0,"x":27,"y":28},{"data":1000010,"id":500000114,"lvl":12,"wI":0,"wX":0,"x":27,"y":29},{"data":1000010,"id":500000115,"lvl":12,"wI":0,"wX":0,"x":27,"y":30},{"data":1000010,"id":500000116,"lvl":12,"wI":0,"wX":0,"x":27,"y":31},{"data":1000010,"id":500000117,"lvl":12,"wI":0,"wX":0,"x":27,"y":32},{"data":1000010,"id":500000118,"lvl":12,"wI":0,"wX":0,"x":24,"y":33},{"data":1000010,"id":500000119,"lvl":12,"wI":0,"wX":0,"x":21,"y":33},{"data":1000010,"id":500000120,"lvl":12,"wI":0,"wX":0,"x":20,"y":33},{"data":1000010,"id":500000121,"lvl":12,"wI":0,"wX":0,"x":19,"y":33},{"data":1000010,"id":500000122,"lvl":12,"wI":0,"wX":0,"x":18,"y":33},{"data":1000010,"id":500000123,"lvl":12,"wI":0,"wX":0,"x":17,"y":33},{"data":1000010,"id":500000124,"lvl":12,"wI":0,"wX":0,"x":16,"y":33},{"data":1000010,"id":500000125,"lvl":12,"wI":0,"wX":0,"x":11,"y":33},{"data":1000010,"id":500000126,"lvl":12,"wI":0,"wX":0,"x":11,"y":32},{"data":1000010,"id":500000127,"lvl":12,"wI":0,"wX":0,"x":11,"y":31},{"data":1000010,"id":500000128,"lvl":12,"wI":0,"wX":0,"x":11,"y":30},{"data":1000010,"id":500000129,"lvl":12,"wI":0,"wX":0,"x":11,"y":29},{"data":1000010,"id":500000130,"lvl":12,"wI":0,"wX":0,"x":11,"y":28},{"data":1000010,"id":500000131,"lvl":12,"wI":0,"wX":0,"x":11,"y":27},{"data":1000010,"id":500000132,"lvl":12,"wI":0,"wX":0,"x":12,"y":27},{"data":1000010,"id":500000133,"lvl":12,"wI":0,"wX":0,"x":13,"y":27},{"data":1000010,"id":500000138,"lvl":12,"wI":0,"wX":0,"x":26,"y":12},{"data":1000010,"id":500000139,"lvl":12,"wI":0,"wX":0,"x":26,"y":11},{"data":1000010,"id":500000140,"lvl":12,"wI":0,"wX":0,"x":27,"y":10},{"data":1000008,"id":500000141,"lvl":15,"x":15,"y":30,"attack_mode":false,"attack_mode_draft":false,"attack_mode_war":false,"attack_mode_draft_war":false,"attack_mode2":false,"attack_mode_d2":false,"attack_mode3":false,"attack_mode_d3":false,"attack_mode4":false,"attack_mode_d4":false,"attack_mode5":false,"attack_mode_d5":false,"attack_mode_chal":false,"attack_mode_dchal":false,"attack_mode_arrw":false,"attack_mode_draft_arrw":false},{"data":1000008,"id":500000142,"lvl":15,"x":24,"y":30,"attack_mode":false,"attack_mode_draft":false,"attack_mode_war":false,"attack_mode_draft_war":false,"attack_mode2":false,"attack_mode_d2":false,"attack_mode3":false,"attack_mode_d3":false,"attack_mode4":false,"attack_mode_d4":false,"attack_mode5":false,"attack_mode_d5":false,"attack_mode_chal":false,"attack_mode_dchal":false,"attack_mode_arrw":false,"attack_mode_draft_arrw":false},{"data":1000010,"id":500000144,"lvl":12,"wI":0,"wX":0,"x":25,"y":33},{"data":1000010,"id":500000145,"lvl":12,"wI":0,"wX":0,"x":27,"y":33},{"data":1000010,"id":500000146,"lvl":12,"wI":0,"wX":0,"x":12,"y":33},{"data":1000010,"id":500000147,"lvl":12,"wI":0,"wX":0,"x":13,"y":33},{"data":1000010,"id":500000148,"lvl":12,"wI":0,"wX":0,"x":14,"y":33},{"data":1000010,"id":500000149,"lvl":12,"wI":0,"wX":0,"x":15,"y":33},{"data":1000010,"id":500000150,"lvl":12,"wI":0,"wX":0,"x":27,"y":9},{"data":1000010,"id":500000151,"lvl":12,"wI":0,"wX":0,"x":27,"y":8},{"data":1000010,"id":500000152,"lvl":12,"wI":0,"wX":0,"x":27,"y":7},{"data":1000010,"id":500000153,"lvl":12,"wI":0,"wX":0,"x":27,"y":6},{"data":1000010,"id":500000154,"lvl":12,"wI":0,"wX":0,"x":25,"y":6},{"data":1000010,"id":500000155,"lvl":12,"wI":0,"wX":0,"x":24,"y":6},{"data":1000010,"id":500000156,"lvl":12,"wI":0,"wX":0,"x":23,"y":6},{"data":1000010,"id":500000157,"lvl":12,"wI":0,"wX":0,"x":22,"y":6},{"data":1000010,"id":500000158,"lvl":12,"wI":0,"wX":0,"x":21,"y":6},{"data":1000010,"id":500000159,"lvl":12,"wI":0,"wX":0,"x":20,"y":6},{"data":1000010,"id":500000160,"lvl":12,"wI":0,"wX":0,"x":19,"y":6},{"data":1000010,"id":500000161,"lvl":12,"wI":0,"wX":0,"x":18,"y":6},{"data":1000010,"id":500000162,"lvl":12,"wI":0,"wX":0,"x":17,"y":6},{"data":1000010,"id":500000163,"lvl":12,"wI":0,"wX":0,"x":16,"y":6},{"data":1000010,"id":500000164,"lvl":12,"wI":0,"wX":0,"x":11,"y":7},{"data":1000010,"id":500000165,"lvl":12,"wI":0,"wX":0,"x":11,"y":8},{"data":1000010,"id":500000166,"lvl":12,"wI":0,"wX":0,"x":11,"y":9},{"data":1000010,"id":500000167,"lvl":12,"wI":0,"wX":0,"x":11,"y":10},{"data":1000010,"id":500000168,"lvl":12,"wI":0,"wX":0,"x":12,"y":11},{"data":1000010,"id":500000169,"lvl":12,"wI":0,"wX":0,"x":12,"y":12},{"data":1000010,"id":500000170,"lvl":12,"wI":0,"wX":0,"x":13,"y":12},{"data":1000008,"id":500000171,"lvl":15,"x":12,"y":7,"attack_mode":false,"attack_mode_draft":false,"attack_mode_war":false,"attack_mode_draft_war":false,"attack_mode2":false,"attack_mode_d2":false,"attack_mode3":false,"attack_mode_d3":false,"attack_mode4":false,"attack_mode_d4":false,"attack_mode5":false,"attack_mode_d5":false,"attack_mode_chal":false,"attack_mode_dchal":false,"attack_mode_arrw":false,"attack_mode_draft_arrw":false},{"data":1000008,"id":500000172,"lvl":15,"x":24,"y":7,"attack_mode":false,"attack_mode_draft":false,"attack_mode_war":false,"attack_mode_draft_war":false,"attack_mode2":false,"attack_mode_d2":false,"attack_mode3":false,"attack_mode_d3":false,"attack_mode4":false,"attack_mode_d4":false,"attack_mode5":false,"attack_mode_d5":false,"attack_mode_chal":false,"attack_mode_dchal":false,"attack_mode_arrw":false,"attack_mode_draft_arrw":false},{"data":1000010,"id":500000173,"lvl":12,"wI":0,"wX":0,"x":22,"y":33},{"data":1000010,"id":500000174,"lvl":12,"wI":0,"wX":0,"x":23,"y":33},{"data":1000010,"id":500000175,"lvl":12,"wI":0,"wX":0,"x":27,"y":27},{"data":1000010,"id":500000176,"lvl":12,"wI":0,"wX":0,"x":28,"y":27},{"data":1000010,"id":500000177,"lvl":12,"wI":0,"wX":0,"x":29,"y":27},{"data":1000010,"id":500000178,"lvl":12,"wI":0,"wX":0,"x":30,"y":27},{"data":1000010,"id":500000179,"lvl":12,"wI":0,"wX":0,"x":31,"y":27},{"data":1000010,"id":500000180,"lvl":12,"wI":0,"wX":0,"x":31,"y":26},{"data":1000010,"id":500000181,"lvl":12,"wI":0,"wX":0,"x":31,"y":25},{"data":1000010,"id":500000182,"lvl":12,"wI":0,"wX":0,"x":31,"y":23},{"data":1000010,"id":500000183,"lvl":12,"wI":0,"wX":0,"x":31,"y":24},{"data":1000010,"id":500000184,"lvl":12,"wI":0,"wX":0,"x":31,"y":22},{"data":1000010,"id":500000187,"lvl":12,"wI":0,"wX":0,"x":31,"y":17},{"data":1000010,"id":500000188,"lvl":12,"wI":0,"wX":0,"x":31,"y":16},{"data":1000010,"id":500000189,"lvl":12,"wI":0,"wX":0,"x":31,"y":15},{"data":1000010,"id":500000190,"lvl":12,"wI":0,"wX":0,"x":31,"y":14},{"data":1000010,"id":500000191,"lvl":12,"wI":0,"wX":0,"x":31,"y":13},{"data":1000010,"id":500000192,"lvl":12,"wI":0,"wX":0,"x":31,"y":12},{"data":1000010,"id":500000193,"lvl":12,"wI":0,"wX":0,"x":31,"y":11},{"data":1000010,"id":500000194,"lvl":12,"wI":0,"wX":0,"x":29,"y":11},{"data":1000010,"id":500000195,"lvl":12,"wI":0,"wX":0,"x":28,"y":11},{"data":1000010,"id":500000196,"lvl":12,"wI":0,"wX":0,"x":27,"y":11},{"data":1000010,"id":500000198,"lvl":12,"wI":0,"wX":0,"x":12,"y":6},{"data":1000010,"id":500000199,"lvl":12,"wI":0,"wX":0,"x":13,"y":6},{"data":1000010,"id":500000200,"lvl":12,"wI":0,"wX":0,"x":14,"y":6},{"data":1000010,"id":500000201,"lvl":12,"wI":0,"wX":0,"x":15,"y":6},{"data":1000021,"id":500000202,"lvl":5,"x":9,"y":12,"attack_mode":false,"attack_mode_draft":false,"attack_mode_war":false,"attack_mode_draft_war":false,"attack_mode2":false,"attack_mode_d2":false,"attack_mode3":false,"attack_mode_d3":false,"attack_mode4":false,"attack_mode_d4":false,"attack_mode5":false,"attack_mode_d5":false,"attack_mode_chal":false,"attack_mode_dchal":false,"attack_mode_arrw":false,"attack_mode_draft_arrw":false,"ammo":1500},{"data":1000021,"id":500000203,"lvl":5,"x":11,"y":21,"attack_mode":true,"attack_mode_draft":true,"attack_mode_war":false,"attack_mode_draft_war":false,"attack_mode2":false,"attack_mode_d2":false,"attack_mode3":false,"attack_mode_d3":false,"attack_mode4":false,"attack_mode_d4":false,"attack_mode5":false,"attack_mode_d5":false,"attack_mode_chal":false,"attack_mode_dchal":false,"attack_mode_arrw":false,"attack_mode_draft_arrw":false,"ammo":1500},{"data":1000010,"id":500000205,"lvl":12,"wI":0,"wX":0,"x":30,"y":11},{"data":1000019,"id":500000210,"lvl":9,"x":15,"y":28},{"data":1000019,"id":500000211,"lvl":9,"x":25,"y":28},{"data":1000019,"id":500000212,"lvl":9,"x":21,"y":10},{"data":1000019,"id":500000213,"lvl":9,"x":16,"y":10},{"data":1000019,"id":500000214,"lvl":9,"x":29,"y":18},{"data":1000010,"id":500000215,"lvl":12,"wI":0,"wX":0,"x":10,"y":27},{"data":1000010,"id":500000216,"lvl":12,"wI":0,"wX":0,"x":11,"y":11},{"data":1000010,"id":500000217,"lvl":12,"wI":0,"wX":0,"x":10,"y":11},{"data":1000010,"id":500000218,"lvl":12,"wI":0,"wX":0,"x":8,"y":11},{"data":1000010,"id":500000219,"lvl":12,"wI":0,"wX":0,"x":8,"y":12},{"data":1000010,"id":500000220,"lvl":12,"wI":0,"wX":0,"x":8,"y":13},{"data":1000010,"id":500000221,"lvl":12,"wI":0,"wX":0,"x":8,"y":14},{"data":1000010,"id":500000222,"lvl":12,"wI":0,"wX":0,"x":8,"y":15},{"data":1000010,"id":500000223,"lvl":12,"wI":0,"wX":0,"x":8,"y":16},{"data":1000010,"id":500000224,"lvl":12,"wI":0,"wX":0,"x":8,"y":17},{"data":1000010,"id":500000230,"lvl":12,"wI":0,"wX":0,"x":8,"y":23},{"data":1000010,"id":500000231,"lvl":12,"wI":0,"wX":0,"x":8,"y":24},{"data":1000010,"id":500000232,"lvl":12,"wI":0,"wX":0,"x":8,"y":25},{"data":1000010,"id":500000233,"lvl":12,"wI":0,"wX":0,"x":8,"y":26},{"data":1000010,"id":500000234,"lvl":12,"wI":0,"wX":0,"x":8,"y":27},{"data":1000010,"id":500000235,"lvl":12,"wI":0,"wX":0,"x":9,"y":27},{"data":1000011,"id":500000236,"lvl":10,"x":11,"y":18},{"data":1000010,"id":500000237,"lvl":12,"wI":0,"wX":0,"x":9,"y":11},{"data":1000019,"id":500000238,"lvl":9,"x":9,"y":18},{"data":1000012,"id":500000239,"lvl":9,"x":28,"y":28},{"data":1000012,"id":500000247,"lvl":9,"x":8,"y":28},{"data":1000012,"id":500000248,"lvl":9,"x":28,"y":8},{"data":1000012,"id":500000249,"lvl":9,"x":8,"y":8},{"data":1000010,"id":500000250,"lvl":12,"wI":0,"wX":0,"x":26,"y":33},{"data":1000010,"id":500000251,"lvl":12,"wI":0,"wX":0,"x":26,"y":6},{"data":1000010,"id":500000252,"lvl":12,"wI":0,"wX":0,"x":11,"y":6},{"data":1000009,"id":500000253,"lvl":15,"x":18,"y":28,"attack_mode":false,"attack_mode_draft":false,"attack_mode_war":false,"attack_mode_draft_war":false,"attack_mode2":false,"attack_mode_d2":false,"attack_mode3":false,"attack_mode_d3":false,"attack_mode4":false,"attack_mode_d4":false,"attack_mode5":false,"attack_mode_d5":false,"attack_mode_chal":false,"attack_mode_dchal":false,"attack_mode_arrw":false,"attack_mode_draft_arrw":false},{"data":1000009,"id":500000258,"lvl":15,"x":18,"y":7,"attack_mode":false,"attack_mode_draft":false,"attack_mode_war":false,"attack_mode_draft_war":false,"attack_mode2":false,"attack_mode_d2":false,"attack_mode3":false,"attack_mode_d3":false,"attack_mode4":false,"attack_mode_d4":false,"attack_mode5":false,"attack_mode_d5":false,"attack_mode_chal":false,"attack_mode_dchal":false,"attack_mode_arrw":false,"attack_mode_draft_arrw":false},{"data":1000003,"id":500000259,"lvl":12,"x":11,"y":24},{"data":1000024,"id":500000260,"lvl":6,"x":11,"y":15},{"data":1000005,"id":500000261,"lvl":12,"x":26,"y":21},{"data":1000010,"id":500000262,"lvl":12,"wI":0,"wX":0,"x":8,"y":22},{"data":1000061,"id":500000263,"lvl":0,"x":25,"y":18,"mode":0},{"data":1000017,"id":500000264,"lvl":1,"x":18,"y":18,"wp_lvl":0}],"decos":[],"traps":[{"data":12000006,"id":504000000,"lvl":2,"x":23,"y":15},{"data":12000006,"id":504000001,"lvl":2,"x":15,"y":15},{"data":12000006,"id":504000002,"lvl":2,"x":23,"y":22},{"data":12000008,"id":504000003,"lvl":3,"air_mode":false,"air_mode_draft":false,"air_mode_war":false,"air_mode_draft_war":false,"air_mode2":false,"air_mode_d2":false,"air_mode3":false,"air_mode_d3":false,"air_mode4":false,"air_mode_d4":false,"air_mode5":false,"air_mode_d5":false,"air_mode6":false,"air_mode_d6":false,"air_mode7":false,"air_mode_d7":false,"x":24,"y":15},{"data":12000008,"id":504000004,"lvl":3,"air_mode":false,"air_mode_draft":false,"air_mode_war":false,"air_mode_draft_war":false,"air_mode2":false,"air_mode_d2":false,"air_mode3":false,"air_mode_d3":false,"air_mode4":false,"air_mode_d4":false,"air_mode5":false,"air_mode_d5":false,"air_mode6":false,"air_mode_d6":false,"air_mode7":false,"air_mode_d7":false,"x":16,"y":15},{"data":12000008,"id":504000005,"lvl":3,"air_mode":false,"air_mode_draft":false,"air_mode_war":false,"air_mode_draft_war":false,"air_mode2":false,"air_mode_d2":false,"air_mode3":false,"air_mode_d3":false,"air_mode4":false,"air_mode_d4":false,"air_mode5":false,"air_mode_d5":false,"air_mode6":false,"air_mode_d6":false,"air_mode7":false,"air_mode_d7":false,"x":24,"y":22},{"data":12000006,"id":504000006,"lvl":2,"x":15,"y":22},{"data":12000008,"id":504000007,"lvl":3,"air_mode":false,"air_mode_draft":false,"air_mode_war":false,"air_mode_draft_war":false,"air_mode2":false,"air_mode_d2":false,"air_mode3":false,"air_mode_d3":false,"air_mode4":false,"air_mode_d4":false,"air_mode5":false,"air_mode_d5":false,"air_mode6":false,"air_mode_d6":false,"air_mode7":false,"air_mode_d7":false,"x":16,"y":22},{"data":12000002,"id":504000008,"lvl":4,"x":12,"y":31},{"data":12000002,"id":504000009,"lvl":4,"x":9,"y":25},{"data":12000002,"id":504000010,"lvl":4,"x":12,"y":13},{"data":12000002,"id":504000011,"lvl":4,"x":22,"y":28},{"data":12000002,"id":504000012,"lvl":4,"x":18,"y":31},{"data":12000002,"id":504000013,"lvl":4,"x":29,"y":15},{"data":12000002,"id":504000014,"lvl":4,"x":29,"y":25},{"data":12000002,"id":504000015,"lvl":4,"x":29,"y":20},{"data":12000005,"id":504000016,"lvl":4,"x":29,"y":24},{"data":12000005,"id":504000017,"lvl":4,"x":30,"y":24},{"data":12000005,"id":504000018,"lvl":4,"x":29,"y":22},{"data":12000005,"id":504000019,"lvl":4,"x":30,"y":22},{"data":12000005,"id":504000020,"lvl":4,"x":30,"y":12},{"data":12000005,"id":504000021,"lvl":4,"x":30,"y":13},{"data":12000005,"id":504000022,"lvl":4,"x":30,"y":14},{"data":12000005,"id":504000023,"lvl":4,"x":29,"y":17},{"data":12000005,"id":504000024,"lvl":4,"x":30,"y":17},{"data":12000002,"id":504000029,"lvl":4,"x":19,"y":10},{"data":12000002,"id":504000030,"lvl":4,"x":13,"y":10},{"data":12000002,"id":504000031,"lvl":4,"x":24,"y":10},{"data":12000002,"id":504000032,"lvl":4,"x":9,"y":15},{"data":12000002,"id":504000033,"lvl":4,"x":9,"y":21},{"data":12000005,"id":504000034,"lvl":4,"x":10,"y":23},{"data":12000005,"id":504000035,"lvl":4,"x":9,"y":23},{"data":12000005,"id":504000036,"lvl":4,"x":10,"y":24},{"data":12000005,"id":504000037,"lvl":4,"x":9,"y":24},{"data":12000005,"id":504000038,"lvl":4,"x":9,"y":17},{"data":12000005,"id":504000039,"lvl":4,"x":10,"y":17},{"data":12000005,"id":504000040,"lvl":4,"x":9,"y":20},{"data":12000005,"id":504000041,"lvl":4,"x":10,"y":20}],"obstacles":[{"data":8000070,"id":503000007,"x":33,"y":24},{"data":8000070,"id":503000008,"x":36,"y":24},{"data":8000070,"id":503000009,"x":33,"y":14},{"data":8000070,"id":503000010,"x":36,"y":14},{"data":8000003,"id":503000011,"x":32,"y":22},{"data":8000003,"id":503000012,"x":34,"y":22},{"data":8000003,"id":503000013,"x":36,"y":22},{"data":8000003,"id":503000014,"x":32,"y":16},{"data":8000003,"id":503000015,"x":34,"y":16},{"data":8000003,"id":503000016,"x":36,"y":16},{"data":8000003,"id":503000017,"x":6,"y":16},{"data":8000003,"id":503000018,"x":4,"y":16},{"data":8000003,"id":503000019,"x":6,"y":22},{"data":8000003,"id":503000020,"x":4,"y":22},{"data":8000070,"id":503000021,"x":5,"y":14},{"data":8000070,"id":503000023,"x":5,"y":24}],"exp_ver":1}