{"buildings":[{"data":1000031,"id":500000001,"lvl":2,"x":19,"y":15,"ammo":30},{"data":1000031,"id":500000002,"lvl":2,"x":19,"y":23,"ammo":30},{"data":1000031,"id":500000003,"lvl":2,"x":15,"y":19,"ammo":30},{"data":1000031,"id":500000004,"lvl":2,"x":23,"y":19,"ammo":30},{"data":1000010,"id":500000005,"lvl":12,"wI":0,"wX":0,"x":20,"y":27},{"data":1000010,"id":500000006,"lvl":12,"wI":0,"wX":0,"x":21,"y":27},{"data":1000010,"id":500000007,"lvl":12,"wI":0,"wX":0,"x":22,"y":27},{"data":1000010,"id":500000008,"lvl":12,"wI":0,"wX":0,"x":23,"y":27},{"data":1000010,"id":500000009,"lvl":12,"wI":0,"wX":0,"x":23,"y":26},{"data":1000010,"id":500000010,"lvl":12,"wI":0,"wX":0,"x":23,"y":25},{"data":1000010,"id":500000011,"lvl":12,"wI":0,"wX":0,"x":24,"y":25},{"data":1000010,"id":500000012,"lvl":12,"wI":0,"wX":0,"x":25,"y":25},{"data":1000010,"id":500000013,"lvl":12,"wI":0,"wX":0,"x":25,"y":24},{"data":1000010,"id":500000014,"lvl":12,"wI":0,"wX":0,"x":25,"y":23},{"data":1000010,"id":500000015,"lvl":12,"wI":0,"wX":0,"x":26,"y":23},{"data":1000010,"id":500000016,"lvl":12,"wI":0,"wX":0,"x":27,"y":23},{"data":1000010,"id":500000017,"lvl":12,"wI":0,"wX":0,"x":27,"y":22},{"data":1000010,"id":500000018,"lvl":12,"wI":0,"wX":0,"x":27,"y":21},{"data":1000010,"id":500000019,"lvl":12,"wI":0,"wX":0,"x":27,"y":20},{"data":1000010,"id":500000020,"lvl":12,"wI":0,"wX":0,"x":27,"y":19},{"data":1000010,"id":500000021,"lvl":12,"wI":0,"wX":0,"x":27,"y":18},{"data":1000010,"id":500000022,"lvl":12,"wI":0,"wX":0,"x":26,"y":18},{"data":1000010,"id":500000023,"lvl":12,"wI":0,"wX":0,"x":25,"y":18},{"data":1000010,"id":500000024,"lvl":12,"wI":0,"wX":0,"x":25,"y":17},{"data":1000010,"id":500000025,"lvl":12,"wI":0,"wX":0,"x":25,"y":16},{"data":1000010,"id":500000026,"lvl":12,"wI":0,"wX":0,"x":24,"y":16},{"data":1000010,"id":500000027,"lvl":12,"wI":0,"wX":0,"x":23,"y":16},{"data":1000010,"id":500000028,"lvl":12,"wI":0,"wX":0,"x":23,"y":15},{"data":1000010,"id":500000029,"lvl":12,"wI":0,"wX":0,"x":23,"y":14},{"data":1000010,"id":500000030,"lvl":12,"wI":0,"wX":0,"x":22,"y":14},{"data":1000010,"id":500000031,"lvl":12,"wI":0,"wX":0,"x":21,"y":14},{"data":1000010,"id":500000032,"lvl":12,"wI":0,"wX":0,"x":20,"y":14},{"data":1000010,"id":500000033,"lvl":12,"wI":0,"wX":0,"x":19,"y":14},{"data":1000010,"id":500000034,"lvl":12,"wI":0,"wX":0,"x":18,"y":14},{"data":1000010,"id":500000035,"lvl":12,"wI":0,"wX":0,"x":18,"y":15},{"data":1000010,"id":500000036,"lvl":12,"wI":0,"wX":0,"x":18,"y":16},{"data":1000010,"id":500000037,"lvl":12,"wI":0,"wX":0,"x":17,"y":16},{"data":1000010,"id":500000038,"lvl":12,"wI":0,"wX":0,"x":16,"y":16},{"data":1000010,"id":500000039,"lvl":12,"wI":0,"wX":0,"x":16,"y":17},{"data":1000010,"id":500000040,"lvl":12,"wI":0,"wX":0,"x":16,"y":18},{"data":1000010,"id":500000041,"lvl":12,"wI":0,"wX":0,"x":15,"y":18},{"data":1000010,"id":500000042,"lvl":12,"wI":0,"wX":0,"x":14,"y":18},{"data":1000010,"id":500000043,"lvl":12,"wI":0,"wX":0,"x":14,"y":19},{"data":1000010,"id":500000044,"lvl":12,"wI":0,"wX":0,"x":14,"y":20},{"data":1000010,"id":500000045,"lvl":12,"wI":0,"wX":0,"x":14,"y":21},{"data":1000010,"id":500000046,"lvl":12,"wI":0,"wX":0,"x":14,"y":22},{"data":1000010,"id":500000047,"lvl":12,"wI":0,"wX":0,"x":14,"y":23},{"data":1000010,"id":500000048,"lvl":12,"wI":0,"wX":0,"x":15,"y":23},{"data":1000010,"id":500000049,"lvl":12,"wI":0,"wX":0,"x":16,"y":23},{"data":1000010,"id":500000050,"lvl":12,"wI":0,"wX":0,"x":16,"y":24},{"data":1000010,"id":500000051,"lvl":12,"wI":0,"wX":0,"x":18,"y":26},{"data":1000010,"id":500000052,"lvl":12,"wI":0,"wX":0,"x":16,"y":25},{"data":1000010,"id":500000053,"lvl":12,"wI":0,"wX":0,"x":17,"y":25},{"data":1000010,"id":500000054,"lvl":12,"wI":0,"wX":0,"x":18,"y":25},{"data":1000010,"id":500000055,"lvl":12,"wI":0,"wX":0,"x":18,"y":27},{"data":1000010,"id":500000056,"lvl":12,"wI":0,"wX":0,"x":19,"y":27},{"data":1000010,"id":500000057,"lvl":12,"wI":0,"wX":0,"x":5,"y":36},{"data":1000010,"id":500000058,"lvl":12,"wI":0,"wX":0,"x":36,"y":36},{"data":1000010,"id":500000061,"lvl":12,"wI":0,"wX":0,"x":5,"y":5},{"data":1000010,"id":500000062,"lvl":12,"wI":0,"wX":0,"x":36,"y":5},{"data":1000010,"id":500000064,"lvl":12,"wI":0,"wX":0,"x":26,"y":30},{"data":1000010,"id":500000065,"lvl":12,"wI":0,"wX":0,"x":26,"y":28},{"data":1000010,"id":500000066,"lvl":12,"wI":0,"wX":0,"x":28,"y":28},{"data":1000010,"id":500000067,"lvl":12,"wI":0,"wX":0,"x":28,"y":26},{"data":1000010,"id":500000068,"lvl":12,"wI":0,"wX":0,"x":30,"y":26},{"data":1000010,"id":500000069,"lvl":12,"wI":0,"wX":0,"x":30,"y":24},{"data":1000010,"id":500000070,"lvl":12,"wI":0,"wX":0,"x":29,"y":22},{"data":1000010,"id":500000071,"lvl":12,"wI":0,"wX":0,"x":30,"y":17},{"data":1000010,"id":500000072,"lvl":12,"wI":0,"wX":0,"x":30,"y":15},{"data":1000010,"id":500000073,"lvl":12,"wI":0,"wX":0,"x":28,"y":15},{"data":1000010,"id":500000074,"lvl":12,"wI":0,"wX":0,"x":28,"y":13},{"data":1000010,"id":500000075,"lvl":12,"wI":0,"wX":0,"x":26,"y":13},{"data":1000010,"id":500000076,"lvl":12,"wI":0,"wX":0,"x":26,"y":11},{"data":1000010,"id":500000077,"lvl":12,"wI":0,"wX":0,"x":24,"y":11},{"data":1000010,"id":500000078,"lvl":12,"wI":0,"wX":0,"x":22,"y":12},{"data":1000010,"id":500000079,"lvl":12,"wI":0,"wX":0,"x":17,"y":11},{"data":1000010,"id":500000080,"lvl":12,"wI":0,"wX":0,"x":15,"y":11},{"data":1000010,"id":500000081,"lvl":12,"wI":0,"wX":0,"x":15,"y":13},{"data":1000010,"id":500000082,"lvl":12,"wI":0,"wX":0,"x":13,"y":15},{"data":1000010,"id":500000083,"lvl":12,"wI":0,"wX":0,"x":13,"y":13},{"data":1000010,"id":500000084,"lvl":12,"wI":0,"wX":0,"x":11,"y":15},{"data":1000010,"id":500000085,"lvl":12,"wI":0,"wX":0,"x":11,"y":17},{"data":1000010,"id":500000086,"lvl":12,"wI":0,"wX":0,"x":12,"y":19},{"data":1000010,"id":500000087,"lvl":12,"wI":0,"wX":0,"x":11,"y":24},{"data":1000010,"id":500000088,"lvl":12,"wI":0,"wX":0,"x":11,"y":26},{"data":1000010,"id":500000089,"lvl":12,"wI":0,"wX":0,"x":13,"y":26},{"data":1000010,"id":500000090,"lvl":12,"wI":0,"wX":0,"x":15,"y":28},{"data":1000010,"id":500000091,"lvl":12,"wI":0,"wX":0,"x":13,"y":28},{"data":1000010,"id":500000092,"lvl":12,"wI":0,"wX":0,"x":15,"y":30},{"data":1000010,"id":500000093,"lvl":12,"wI":0,"wX":0,"x":17,"y":30},{"data":1000010,"id":500000094,"lvl":12,"wI":0,"wX":0,"x":19,"y":29},{"data":1000010,"id":500000095,"lvl":12,"wI":0,"wX":0,"x":24,"y":30},{"data":1000010,"id":500000096,"lvl":12,"wI":0,"wX":0,"x":22,"y":29},{"data":1000010,"id":500000097,"lvl":12,"wI":0,"wX":0,"x":19,"y":12},{"data":1000010,"id":500000098,"lvl":12,"wI":0,"wX":0,"x":29,"y":19},{"data":1000010,"id":500000099,"lvl":12,"wI":0,"wX":0,"x":12,"y":22},{"data":1000010,"id":500000100,"lvl":12,"wI":0,"wX":0,"x":6,"y":36},{"data":1000010,"id":500000101,"lvl":12,"wI":0,"wX":0,"x":6,"y":37},{"data":1000010,"id":500000102,"lvl":12,"wI":0,"wX":0,"x":7,"y":37},{"data":1000010,"id":500000103,"lvl":12,"wI":0,"wX":0,"x":8,"y":37},{"data":1000010,"id":500000104,"lvl":12,"wI":0,"wX":0,"x":9,"y":37},{"data":1000010,"id":500000105,"lvl":12,"wI":0,"wX":0,"x":9,"y":38},{"data":1000010,"id":500000106,"lvl":12,"wI":0,"wX":0,"x":10,"y":38},{"data":1000010,"id":500000107,"lvl":12,"wI":0,"wX":0,"x":11,"y":38},{"data":1000010,"id":500000108,"lvl":12,"wI":0,"wX":0,"x":12,"y":38},{"data":1000010,"id":500000109,"lvl":12,"wI":0,"wX":0,"x":13,"y":38},{"data":1000010,"id":500000110,"lvl":12,"wI":0,"wX":0,"x":14,"y":38},{"data":1000010,"id":500000111,"lvl":12,"wI":0,"wX":0,"x":15,"y":38},{"data":1000010,"id":500000112,"lvl":12,"wI":0,"wX":0,"x":16,"y":38},{"data":1000010,"id":500000113,"lvl":12,"wI":0,"wX":0,"x":17,"y":38},{"data":1000010,"id":500000114,"lvl":12,"wI":0,"wX":0,"x":18,"y":38},{"data":1000010,"id":500000115,"lvl":12,"wI":0,"wX":0,"x":19,"y":38},{"data":1000010,"id":500000116,"lvl":12,"wI":0,"wX":0,"x":20,"y":38},{"data":1000010,"id":500000117,"lvl":12,"wI":0,"wX":0,"x":21,"y":38},{"data":1000010,"id":500000118,"lvl":12,"wI":0,"wX":0,"x":22,"y":38},{"data":1000010,"id":500000119,"lvl":12,"wI":0,"wX":0,"x":23,"y":38},{"data":1000010,"id":500000120,"lvl":12,"wI":0,"wX":0,"x":24,"y":38},{"data":1000010,"id":500000121,"lvl":12,"wI":0,"wX":0,"x":25,"y":38},{"data":1000010,"id":500000122,"lvl":12,"wI":0,"wX":0,"x":26,"y":38},{"data":1000010,"id":500000123,"lvl":12,"wI":0,"wX":0,"x":27,"y":38},{"data":1000010,"id":500000124,"lvl":12,"wI":0,"wX":0,"x":28,"y":38},{"data":1000010,"id":500000125,"lvl":12,"wI":0,"wX":0,"x":29,"y":38},{"data":1000010,"id":500000126,"lvl":12,"wI":0,"wX":0,"x":30,"y":38},{"data":1000010,"id":500000127,"lvl":12,"wI":0,"wX":0,"x":31,"y":38},{"data":1000010,"id":500000128,"lvl":12,"wI":0,"wX":0,"x":32,"y":38},{"data":1000010,"id":500000129,"lvl":12,"wI":0,"wX":0,"x":32,"y":37},{"data":1000010,"id":500000130,"lvl":12,"wI":0,"wX":0,"x":33,"y":37},{"data":1000010,"id":500000131,"lvl":12,"wI":0,"wX":0,"x":34,"y":37},{"data":1000010,"id":500000132,"lvl":12,"wI":0,"wX":0,"x":35,"y":37},{"data":1000010,"id":500000133,"lvl":12,"wI":0,"wX":0,"x":35,"y":36},{"data":1000010,"id":500000134,"lvl":12,"wI":0,"wX":0,"x":36,"y":35},{"data":1000010,"id":500000135,"lvl":12,"wI":0,"wX":0,"x":37,"y":35},{"data":1000010,"id":500000136,"lvl":12,"wI":0,"wX":0,"x":37,"y":34},{"data":1000010,"id":500000137,"lvl":12,"wI":0,"wX":0,"x":37,"y":33},{"data":1000010,"id":500000138,"lvl":12,"wI":0,"wX":0,"x":37,"y":32},{"data":1000010,"id":500000139,"lvl":12,"wI":0,"wX":0,"x":38,"y":32},{"data":1000010,"id":500000140,"lvl":12,"wI":0,"wX":0,"x":38,"y":31},{"data":1000010,"id":500000141,"lvl":12,"wI":0,"wX":0,"x":38,"y":30},{"data":1000010,"id":500000142,"lvl":12,"wI":0,"wX":0,"x":38,"y":29},{"data":1000010,"id":500000143,"lvl":12,"wI":0,"wX":0,"x":38,"y":28},{"data":1000010,"id":500000144,"lvl":12,"wI":0,"wX":0,"x":38,"y":27},{"data":1000010,"id":500000145,"lvl":12,"wI":0,"wX":0,"x":38,"y":26},{"data":1000010,"id":500000146,"lvl":12,"wI":0,"wX":0,"x":38,"y":25},{"data":1000010,"id":500000147,"lvl":12,"wI":0,"wX":0,"x":38,"y":24},{"data":1000010,"id":500000148,"lvl":12,"wI":0,"wX":0,"x":38,"y":23},{"data":1000010,"id":500000149,"lvl":12,"wI":0,"wX":0,"x":38,"y":22},{"data":1000010,"id":500000150,"lvl":12,"wI":0,"wX":0,"x":38,"y":21},{"data":1000010,"id":500000151,"lvl":12,"wI":0,"wX":0,"x":38,"y":20},{"data":1000010,"id":500000152,"lvl":12,"wI":0,"wX":0,"x":38,"y":19},{"data":1000010,"id":500000153,"lvl":12,"wI":0,"wX":0,"x":38,"y":18},{"data":1000010,"id":500000154,"lvl":12,"wI":0,"wX":0,"x":38,"y":17},{"data":1000010,"id":500000155,"lvl":12,"wI":0,"wX":0,"x":38,"y":16},{"data":1000010,"id":500000156,"lvl":12,"wI":0,"wX":0,"x":38,"y":15},{"data":1000010,"id":500000157,"lvl":12,"wI":0,"wX":0,"x":38,"y":14},{"data":1000010,"id":500000158,"lvl":12,"wI":0,"wX":0,"x":38,"y":13},{"data":1000010,"id":500000159,"lvl":12,"wI":0,"wX":0,"x":38,"y":12},{"data":1000010,"id":500000160,"lvl":12,"wI":0,"wX":0,"x":38,"y":11},{"data":1000010,"id":500000161,"lvl":12,"wI":0,"wX":0,"x":38,"y":10},{"data":1000010,"id":500000162,"lvl":12,"wI":0,"wX":0,"x":38,"y":9},{"data":1000010,"id":500000163,"lvl":12,"wI":0,"wX":0,"x":37,"y":9},{"data":1000010,"id":500000164,"lvl":12,"wI":0,"wX":0,"x":37,"y":8},{"data":1000010,"id":500000165,"lvl":12,"wI":0,"wX":0,"x":37,"y":7},{"data":1000010,"id":500000166,"lvl":12,"wI":0,"wX":0,"x":37,"y":6},{"data":1000010,"id":500000167,"lvl":12,"wI":0,"wX":0,"x":36,"y":6},{"data":1000010,"id":500000168,"lvl":12,"wI":0,"wX":0,"x":35,"y":5},{"data":1000010,"id":500000169,"lvl":12,"wI":0,"wX":0,"x":35,"y":4},{"data":1000010,"id":500000170,"lvl":12,"wI":0,"wX":0,"x":34,"y":4},{"data":1000010,"id":500000171,"lvl":12,"wI":0,"wX":0,"x":33,"y":4},{"data":1000010,"id":500000172,"lvl":12,"wI":0,"wX":0,"x":32,"y":4},{"data":1000010,"id":500000173,"lvl":12,"wI":0,"wX":0,"x":32,"y":3},{"data":1000010,"id":500000174,"lvl":12,"wI":0,"wX":0,"x":31,"y":3},{"data":1000010,"id":500000175,"lvl":12,"wI":0,"wX":0,"x":30,"y":3},{"data":1000010,"id":500000176,"lvl":12,"wI":0,"wX":0,"x":29,"y":3},{"data":1000010,"id":500000177,"lvl":12,"wI":0,"wX":0,"x":28,"y":3},{"data":1000010,"id":500000178,"lvl":12,"wI":0,"wX":0,"x":27,"y":3},{"data":1000010,"id":500000179,"lvl":12,"wI":0,"wX":0,"x":26,"y":3},{"data":1000010,"id":500000180,"lvl":12,"wI":0,"wX":0,"x":25,"y":3},{"data":1000010,"id":500000181,"lvl":12,"wI":0,"wX":0,"x":24,"y":3},{"data":1000010,"id":500000182,"lvl":12,"wI":0,"wX":0,"x":23,"y":3},{"data":1000010,"id":500000183,"lvl":12,"wI":0,"wX":0,"x":22,"y":3},{"data":1000010,"id":500000184,"lvl":12,"wI":0,"wX":0,"x":21,"y":3},{"data":1000010,"id":500000185,"lvl":12,"wI":0,"wX":0,"x":20,"y":3},{"data":1000010,"id":500000186,"lvl":12,"wI":0,"wX":0,"x":19,"y":3},{"data":1000010,"id":500000187,"lvl":12,"wI":0,"wX":0,"x":18,"y":3},{"data":1000010,"id":500000188,"lvl":12,"wI":0,"wX":0,"x":17,"y":3},{"data":1000010,"id":500000189,"lvl":12,"wI":0,"wX":0,"x":16,"y":3},{"data":1000010,"id":500000190,"lvl":12,"wI":0,"wX":0,"x":15,"y":3},{"data":1000010,"id":500000191,"lvl":12,"wI":0,"wX":0,"x":14,"y":3},{"data":1000010,"id":500000192,"lvl":12,"wI":0,"wX":0,"x":13,"y":3},{"data":1000010,"id":500000193,"lvl":12,"wI":0,"wX":0,"x":12,"y":3},{"data":1000010,"id":500000194,"lvl":12,"wI":0,"wX":0,"x":11,"y":3},{"data":1000010,"id":500000195,"lvl":12,"wI":0,"wX":0,"x":10,"y":3},{"data":1000010,"id":500000196,"lvl":12,"wI":0,"wX":0,"x":9,"y":3},{"data":1000010,"id":500000197,"lvl":12,"wI":0,"wX":0,"x":9,"y":4},{"data":1000010,"id":500000198,"lvl":12,"wI":0,"wX":0,"x":8,"y":4},{"data":1000010,"id":500000199,"lvl":12,"wI":0,"wX":0,"x":7,"y":4},{"data":1000010,"id":500000200,"lvl":12,"wI":0,"wX":0,"x":6,"y":4},{"data":1000010,"id":500000201,"lvl":12,"wI":0,"wX":0,"x":6,"y":5},{"data":1000010,"id":500000202,"lvl":12,"wI":0,"wX":0,"x":5,"y":6},{"data":1000010,"id":500000203,"lvl":12,"wI":0,"wX":0,"x":4,"y":6},{"data":1000010,"id":500000204,"lvl":12,"wI":0,"wX":0,"x":4,"y":7},{"data":1000010,"id":500000205,"lvl":12,"wI":0,"wX":0,"x":4,"y":8},{"data":1000010,"id":500000206,"lvl":12,"wI":0,"wX":0,"x":4,"y":9},{"data":1000010,"id":500000207,"lvl":12,"wI":0,"wX":0,"x":3,"y":9},{"data":1000010,"id":500000208,"lvl":12,"wI":0,"wX":0,"x":3,"y":10},{"data":1000010,"id":500000209,"lvl":12,"wI":0,"wX":0,"x":3,"y":11},{"data":1000010,"id":500000210,"lvl":12,"wI":0,"wX":0,"x":3,"y":12},{"data":1000010,"id":500000211,"lvl":12,"wI":0,"wX":0,"x":3,"y":13},{"data":1000010,"id":500000212,"lvl":12,"wI":0,"wX":0,"x":3,"y":14},{"data":1000010,"id":500000213,"lvl":12,"wI":0,"wX":0,"x":3,"y":15},{"data":1000010,"id":500000214,"lvl":12,"wI":0,"wX":0,"x":3,"y":16},{"data":1000010,"id":500000215,"lvl":12,"wI":0,"wX":0,"x":3,"y":17},{"data":1000010,"id":500000216,"lvl":12,"wI":0,"wX":0,"x":3,"y":18},{"data":1000010,"id":500000217,"lvl":12,"wI":0,"wX":0,"x":3,"y":19},{"data":1000010,"id":500000218,"lvl":12,"wI":0,"wX":0,"x":3,"y":20},{"data":1000010,"id":500000219,"lvl":12,"wI":0,"wX":0,"x":3,"y":21},{"data":1000010,"id":500000220,"lvl":12,"wI":0,"wX":0,"x":3,"y":22},{"data":1000010,"id":500000221,"lvl":12,"wI":0,"wX":0,"x":3,"y":23},{"data":1000010,"id":500000222,"lvl":12,"wI":0,"wX":0,"x":3,"y":24},{"data":1000010,"id":500000223,"lvl":12,"wI":0,"wX":0,"x":3,"y":25},{"data":1000010,"id":500000224,"lvl":12,"wI":0,"wX":0,"x":3,"y":26},{"data":1000010,"id":500000225,"lvl":12,"wI":0,"wX":0,"x":3,"y":27},{"data":1000010,"id":500000226,"lvl":12,"wI":0,"wX":0,"x":3,"y":28},{"data":1000010,"id":500000227,"lvl":12,"wI":0,"wX":0,"x":3,"y":29},{"data":1000010,"id":500000228,"lvl":12,"wI":0,"wX":0,"x":3,"y":30},{"data":1000010,"id":500000229,"lvl":12,"wI":0,"wX":0,"x":3,"y":31},{"data":1000010,"id":500000230,"lvl":12,"wI":0,"wX":0,"x":3,"y":32},{"data":1000010,"id":500000231,"lvl":12,"wI":0,"wX":0,"x":4,"y":32},{"data":1000010,"id":500000232,"lvl":12,"wI":0,"wX":0,"x":4,"y":33},{"data":1000010,"id":500000233,"lvl":12,"wI":0,"wX":0,"x":4,"y":34},{"data":1000010,"id":500000234,"lvl":12,"wI":0,"wX":0,"x":4,"y":35},{"data":1000010,"id":500000235,"lvl":12,"wI":0,"wX":0,"x":5,"y":35},{"data":1000005,"id":500000236,"lvl":12,"x":9,"y":9},{"data":1000027,"id":500000237,"lvl":5,"x":20,"y":8,"attack_mode":false,"attack_mode_draft":false,"attack_mode_war":false,"attack_mode_draft_war":false,"attack_mode2":false,"attack_mode_d2":false,"attack_mode3":false,"attack_mode_d3":false,"attack_mode4":false,"attack_mode_d4":false,"attack_mode5":false,"attack_mode_d5":false,"attack_mode_chal":false,"attack_mode_dchal":false,"attack_mode_arrw":false,"attack_mode_draft_arrw":false,"ammo":1000},{"data":1000027,"id":500000238,"lvl":5,"x":32,"y":20,"attack_mode":false,"attack_mode_draft":false,"attack_mode_war":false,"attack_mode_draft_war":false,"attack_mode2":false,"attack_mode_d2":false,"attack_mode3":false,"attack_mode_d3":false,"attack_mode4":false,"attack_mode_d4":false,"attack_mode5":false,"attack_mode_d5":false,"attack_mode_chal":false,"attack_mode_dchal":false,"attack_mode_arrw":false,"attack_mode_draft_arrw":false,"ammo":1000},{"data":1000027,"id":500000239,"lvl":5,"x":20,"y":32,"attack_mode":false,"attack_mode_draft":false,"attack_mode_war":false,"attack_mode_draft_war":false,"attack_mode2":false,"attack_mode_d2":false,"attack_mode3":false,"attack_mode_d3":false,"attack_mode4":false,"attack_mode_d4":false,"attack_mode5":false,"attack_mode_d5":false,"attack_mode_chal":false,"attack_mode_dchal":false,"attack_mode_arrw":false,"attack_mode_draft_arrw":false,"ammo":1000},{"data":1000027,"id":500000240,"lvl":5,"x":8,"y":20,"attack_mode":false,"attack_mode_draft":false,"attack_mode_war":false,"attack_mode_draft_war":false,"attack_mode2":false,"attack_mode_d2":false,"attack_mode3":false,"attack_mode_d3":false,"attack_mode4":false,"attack_mode_d4":false,"attack_mode5":false,"attack_mode_d5":false,"attack_mode_chal":false,"attack_mode_dchal":false,"attack_mode_arrw":false,"attack_mode_draft_arrw":false,"ammo":1000},{"data":1000005,"id":500000241,"lvl":12,"x":30,"y":30},{"data":1000003,"id":500000242,"lvl":12,"x":9,"y":30},{"data":1000024,"id":500000243,"lvl":6,"x":30,"y":9},{"data":1000021,"id":500000244,"lvl":5,"x":15,"y":32,"attack_mode":false,"attack_mode_draft":false,"attack_mode_war":false,"attack_mode_draft_war":false,"attack_mode2":false,"attack_mode_d2":false,"attack_mode3":false,"attack_mode_d3":false,"attack_mode4":false,"attack_mode_d4":false,"attack_mode5":false,"attack_mode_d5":false,"attack_mode_chal":false,"attack_mode_dchal":false,"attack_mode_arrw":false,"attack_mode_draft_arrw":false,"ammo":1500},{"data":1000021,"id":500000245,"lvl":5,"x":24,"y":32,"attack_mode":false,"attack_mode_draft":false,"attack_mode_war":false,"attack_mode_draft_war":false,"attack_mode2":false,"attack_mode_d2":false,"attack_mode3":false,"attack_mode_d3":false,"attack_mode4":false,"attack_mode_d4":false,"attack_mode5":false,"attack_mode_d5":false,"attack_mode_chal":false,"attack_mode_dchal":false,"attack_mode_arrw":false,"attack_mode_draft_arrw":false,"ammo":1500},{"data":1000021,"id":500000246,"lvl":5,"x":32,"y":24,"attack_mode":false,"attack_mode_draft":false,"attack_mode_war":false,"attack_mode_draft_war":false,"attack_mode2":false,"attack_mode_d2":false,"attack_mode3":false,"attack_mode_d3":false,"attack_mode4":false,"attack_mode_d4":false,"attack_mode5":false,"attack_mode_d5":false,"attack_mode_chal":false,"attack_mode_dchal":false,"attack_mode_arrw":false,"attack_mode_draft_arrw":false,"ammo":1500},{"data":1000021,"id":500000247,"lvl":5,"x":32,"y":15,"attack_mode":false,"attack_mode_draft":false,"attack_mode_war":false,"attack_mode_draft_war":false,"attack_mode2":false,"attack_mode_d2":false,"attack_mode3":false,"attack_mode_d3":false,"attack_mode4":false,"attack_mode_d4":false,"attack_mode5":false,"attack_mode_d5":false,"attack_mode_chal":false,"attack_mode_dchal":false,"attack_mode_arrw":false,"attack_mode_draft_arrw":false,"ammo":1500},{"data":1000021,"id":500000248,"lvl":5,"x":24,"y":7,"attack_mode":false,"attack_mode_draft":false,"attack_mode_war":false,"attack_mode_draft_war":false,"attack_mode2":false,"attack_mode_d2":false,"attack_mode3":false,"attack_mode_d3":false,"attack_mode4":false,"attack_mode_d4":false,"attack_mode5":false,"attack_mode_d5":false,"attack_mode_chal":false,"attack_mode_dchal":false,"attack_mode_arrw":false,"attack_mode_draft_arrw":false,"ammo":1500},{"data":1000021,"id":500000249,"lvl":5,"x":15,"y":7,"attack_mode":false,"attack_mode_draft":false,"attack_mode_war":false,"attack_mode_draft_war":false,"attack_mode2":false,"attack_mode_d2":false,"attack_mode3":false,"attack_mode_d3":false,"attack_mode4":false,"attack_mode_d4":false,"attack_mode5":false,"attack_mode_d5":false,"attack_mode_chal":false,"attack_mode_dchal":false,"attack_mode_arrw":false,"attack_mode_draft_arrw":false,"ammo":1500},{"data":1000021,"id":500000250,"lvl":5,"x":7,"y":15,"attack_mode":false,"attack_mode_draft":false,"attack_mode_war":false,"attack_mode_draft_war":false,"attack_mode2":false,"attack_mode_d2":false,"attack_mode3":false,"attack_mode_d3":false,"attack_mode4":false,"attack_mode_d4":false,"attack_mode5":false,"attack_mode_d5":false,"attack_mode_chal":false,"attack_mode_dchal":false,"attack_mode_arrw":false,"attack_mode_draft_arrw":false,"ammo":1500},{"data":1000021,"id":500000251,"lvl":5,"x":7,"y":24,"attack_mode":false,"attack_mode_draft":false,"attack_mode_war":false,"attack_mode_draft_war":false,"attack_mode2":false,"attack_mode_d2":false,"attack_mode3":false,"attack_mode_d3":false,"attack_mode4":false,"attack_mode_d4":false,"attack_mode5":false,"attack_mode_d5":false,"attack_mode_chal":false,"attack_mode_dchal":false,"attack_mode_arrw":false,"attack_mode_draft_arrw":false,"ammo":1500},{"data":1000019,"id":500000252,"lvl":9,"x":12,"y":7},{"data":1000019,"id":500000253,"lvl":9,"x":7,"y":12},{"data":1000019,"id":500000254,"lvl":9,"x":7,"y":28},{"data":1000019,"id":500000255,"lvl":9,"x":11,"y":33},{"data":1000019,"id":500000256,"lvl":9,"x":28,"y":33},{"data":1000019,"id":500000257,"lvl":9,"x":33,"y":28},{"data":1000019,"id":500000258,"lvl":9,"x":33,"y":12},{"data":1000019,"id":500000259,"lvl":9,"x":28,"y":7},{"data":1000011,"id":500000260,"lvl":10,"x":33,"y":33},{"data":1000011,"id":500000261,"lvl":10,"x":33,"y":6},{"data":1000011,"id":500000262,"lvl":10,"x":6,"y":6},{"data":1000011,"id":500000263,"lvl":10,"x":6,"y":33},{"data":1000012,"id":500000264,"lvl":9,"x":11,"y":35},{"data":1000012,"id":500000265,"lvl":9,"x":28,"y":35},{"data":1000012,"id":500000266,"lvl":9,"x":35,"y":28},{"data":1000012,"id":500000267,"lvl":9,"x":35,"y":11},{"data":1000012,"id":500000268,"lvl":9,"x":11,"y":4},{"data":1000012,"id":500000269,"lvl":9,"x":4,"y":11},{"data":1000012,"id":500000270,"lvl":9,"x":4,"y":28},{"data":1000013,"id":500000271,"lvl":10,"x":35,"y":15,"attack_mode":false,"attack_mode_draft":false,"attack_mode_war":false,"attack_mode_draft_war":false,"attack_mode2":false,"attack_mode_d2":false,"attack_mode3":false,"attack_mode_d3":false,"attack_mode4":false,"attack_mode_d4":false,"attack_mode5":false,"attack_mode_d5":false,"attack_mode_chal":false,"attack_mode_dchal":false,"attack_mode_arrw":false,"attack_mode_draft_arrw":false},{"data":1000013,"id":500000272,"lvl":10,"x":35,"y":24,"attack_mode":false,"attack_mode_draft":false,"attack_mode_war":false,"attack_mode_draft_war":false,"attack_mode2":false,"attack_mode_d2":false,"attack_mode3":false,"attack_mode_d3":false,"attack_mode4":false,"attack_mode_d4":false,"attack_mode5":false,"attack_mode_d5":false,"attack_mode_chal":false,"attack_mode_dchal":false,"attack_mode_arrw":false,"attack_mode_draft_arrw":false},{"data":1000013,"id":500000273,"lvl":10,"x":15,"y":35,"attack_mode":false,"attack_mode_draft":false,"attack_mode_war":false,"attack_mode_draft_war":false,"attack_mode2":false,"attack_mode_d2":false,"attack_mode3":false,"attack_mode_d3":false,"attack_mode4":false,"attack_mode_d4":false,"attack_mode5":false,"attack_mode_d5":false,"attack_mode_chal":false,"attack_mode_dchal":false,"attack_mode_arrw":false,"attack_mode_draft_arrw":false},{"data":1000013,"id":500000274,"lvl":10,"x":24,"y":35,"attack_mode":false,"attack_mode_draft":false,"attack_mode_war":false,"attack_mode_draft_war":false,"attack_mode2":false,"attack_mode_d2":false,"attack_mode3":false,"attack_mode_d3":false,"attack_mode4":false,"attack_mode_d4":false,"attack_mode5":false,"attack_mode_d5":false,"attack_mode_chal":false,"attack_mode_dchal":false,"attack_mode_arrw":false,"attack_mode_draft_arrw":false},{"data":1000013,"id":500000275,"lvl":10,"x":4,"y":24,"attack_mode":false,"attack_mode_draft":false,"attack_mode_war":false,"attack_mode_draft_war":false,"attack_mode2":false,"attack_mode_d2":false,"attack_mode3":false,"attack_mode_d3":false,"attack_mode4":false,"attack_mode_d4":false,"attack_mode5":false,"attack_mode_d5":false,"attack_mode_chal":false,"attack_mode_dchal":false,"attack_mode_arrw":false,"attack_mode_draft_arrw":false},{"data":1000013,"id":500000276,"lvl":10,"x":4,"y":15,"attack_mode":false,"attack_mode_draft":false,"attack_mode_war":false,"attack_mode_draft_war":false,"attack_mode2":false,"attack_mode_d2":false,"attack_mode3":false,"attack_mode_d3":false,"attack_mode4":false,"attack_mode_d4":false,"attack_mode5":false,"attack_mode_d5":false,"attack_mode_chal":false,"attack_mode_dchal":false,"attack_mode_arrw":false,"attack_mode_draft_arrw":false},{"data":1000013,"id":500000277,"lvl":10,"x":15,"y":4,"attack_mode":false,"attack_mode_draft":false,"attack_mode_war":false,"attack_mode_draft_war":false,"attack_mode2":false,"attack_mode_d2":false,"attack_mode3":false,"attack_mode_d3":false,"attack_mode4":false,"attack_mode_d4":false,"attack_mode5":false,"attack_mode_d5":false,"attack_mode_chal":false,"attack_mode_dchal":false,"attack_mode_arrw":false,"attack_mode_draft_arrw":false},{"data":1000013,"id":500000278,"lvl":10,"x":24,"y":4,"attack_mode":false,"attack_mode_draft":false,"attack_mode_war":false,"attack_mode_draft_war":false,"attack_mode2":false,"attack_mode_d2":false,"attack_mode3":false,"attack_mode_d3":false,"attack_mode4":false,"attack_mode_d4":false,"attack_mode5":false,"attack_mode_d5":false,"attack_mode_chal":false,"attack_mode_dchal":false,"attack_mode_arrw":false,"attack_mode_draft_arrw":false},{"data":1000009,"id":500000279,"lvl":15,"x":21,"y":4,"attack_mode":false,"attack_mode_draft":false,"attack_mode_war":false,"attack_mode_draft_war":false,"attack_mode2":false,"attack_mode_d2":false,"attack_mode3":false,"attack_mode_d3":false,"attack_mode4":false,"attack_mode_d4":false,"attack_mode5":false,"attack_mode_d5":false,"attack_mode_chal":false,"attack_mode_dchal":false,"attack_mode_arrw":false,"attack_mode_draft_arrw":false},{"data":1000009,"id":500000280,"lvl":15,"x":18,"y":4,"attack_mode":false,"attack_mode_draft":false,"attack_mode_war":false,"attack_mode_draft_war":false,"attack_mode2":false,"attack_mode_d2":false,"attack_mode3":false,"attack_mode_d3":false,"attack_mode4":false,"attack_mode_d4":false,"attack_mode5":false,"attack_mode_d5":false,"attack_mode_chal":false,"attack_mode_dchal":false,"attack_mode_arrw":false,"attack_mode_draft_arrw":false},{"data":1000009,"id":500000281,"lvl":15,"x":35,"y":18,"attack_mode":false,"attack_mode_draft":false,"attack_mode_war":false,"attack_mode_draft_war":false,"attack_mode2":false,"attack_mode_d2":false,"attack_mode3":false,"attack_mode_d3":false,"attack_mode4":false,"attack_mode_d4":false,"attack_mode5":false,"attack_mode_d5":false,"attack_mode_chal":false,"attack_mode_dchal":false,"attack_mode_arrw":false,"attack_mode_draft_arrw":false},{"data":1000009,"id":500000282,"lvl":15,"x":35,"y":21,"attack_mode":false,"attack_mode_draft":false,"attack_mode_war":false,"attack_mode_draft_war":false,"attack_mode2":false,"attack_mode_d2":false,"attack_mode3":false,"attack_mode_d3":false,"attack_mode4":false,"attack_mode_d4":false,"attack_mode5":false,"attack_mode_d5":false,"attack_mode_chal":false,"attack_mode_dchal":false,"attack_mode_arrw":false,"attack_mode_draft_arrw":false},{"data":1000009,"id":500000283,"lvl":15,"x":21,"y":35,"attack_mode":false,"attack_mode_draft":false,"attack_mode_war":false,"attack_mode_draft_war":false,"attack_mode2":false,"attack_mode_d2":false,"attack_mode3":false,"attack_mode_d3":false,"attack_mode4":false,"attack_mode_d4":false,"attack_mode5":false,"attack_mode_d5":false,"attack_mode_chal":false,"attack_mode_dchal":false,"attack_mode_arrw":false,"attack_mode_draft_arrw":false},{"data":1000009,"id":500000284,"lvl":15,"x":18,"y":35,"attack_mode":false,"attack_mode_draft":false,"attack_mode_war":false,"attack_mode_draft_war":false,"attack_mode2":false,"attack_mode_d2":false,"attack_mode3":false,"attack_mode_d3":false,"attack_mode4":false,"attack_mode_d4":false,"attack_mode5":false,"attack_mode_d5":false,"attack_mode_chal":false,"attack_mode_dchal":false,"attack_mode_arrw":false,"attack_mode_draft_arrw":false},{"data":1000009,"id":500000285,"lvl":15,"x":4,"y":21,"attack_mode":false,"attack_mode_draft":false,"attack_mode_war":false,"attack_mode_draft_war":false,"attack_mode2":false,"attack_mode_d2":false,"attack_mode3":false,"attack_mode_d3":false,"attack_mode4":false,"attack_mode_d4":false,"attack_mode5":false,"attack_mode_d5":false,"attack_mode_chal":false,"attack_mode_dchal":false,"attack_mode_arrw":false,"attack_mode_draft_arrw":false},{"data":1000009,"id":500000286,"lvl":15,"x":4,"y":18,"attack_mode":false,"attack_mode_draft":false,"attack_mode_war":false,"attack_mode_draft_war":false,"attack_mode2":false,"attack_mode_d2":false,"attack_mode3":false,"attack_mode_d3":false,"attack_mode4":false,"attack_mode_d4":false,"attack_mode5":false,"attack_mode_d5":false,"attack_mode_chal":false,"attack_mode_dchal":false,"attack_mode_arrw":false,"attack_mode_draft_arrw":false},{"data":1000012,"id":500000287,"lvl":9,"x":28,"y":4},{"data":1000016,"id":500000289,"lvl":0,"x":12,"y":9},{"data":1000016,"id":500000290,"lvl":0,"x":9,"y":12},{"data":1000016,"id":500000291,"lvl":0,"x":9,"y":28},{"data":1000016,"id":500000292,"lvl":0,"x":12,"y":31},{"data":1000016,"id":500000293,"lvl":0,"x":28,"y":31},{"data":1000016,"id":500000294,"lvl":0,"x":31,"y":28},{"data":1000016,"id":500000295,"lvl":0,"x":31,"y":12},{"data":1000016,"id":500000296,"lvl":0,"x":28,"y":9},{"data":1000017,"id":500000297,"lvl":1,"x":19,"y":19,"wp_lvl":0}],"decos":[],"traps":[{"data":12000008,"id":504000000,"lvl":3,"air_mode":false,"air_mode_draft":false,"air_mode_war":false,"air_mode_draft_war":false,"air_mode2":false,"air_mode_d2":false,"air_mode3":false,"air_mode_d3":false,"air_mode4":false,"air_mode_d4":false,"air_mode5":false,"air_mode_d5":false,"air_mode6":false,"air_mode_d6":false,"air_mode7":false,"air_mode_d7":false,"x":9,"y":33},{"data":12000008,"id":504000001,"lvl":3,"air_mode":false,"air_mode_draft":false,"air_mode_war":false,"air_mode_draft_war":false,"air_mode2":false,"air_mode_d2":false,"air_mode3":false,"air_mode_d3":false,"air_mode4":false,"air_mode_d4":false,"air_mode5":false,"air_mode_d5":false,"air_mode6":false,"air_mode_d6":false,"air_mode7":false,"air_mode_d7":false,"x":32,"y":33},{"data":12000008,"id":504000002,"lvl":3,"air_mode":false,"air_mode_draft":false,"air_mode_war":false,"air_mode_draft_war":false,"air_mode2":false,"air_mode_d2":false,"air_mode3":false,"air_mode_d3":false,"air_mode4":false,"air_mode_d4":false,"air_mode5":false,"air_mode_d5":false,"air_mode6":false,"air_mode_d6":false,"air_mode7":false,"air_mode_d7":false,"x":33,"y":9},{"data":12000008,"id":504000003,"lvl":3,"air_mode":false,"air_mode_draft":false,"air_mode_war":false,"air_mode_draft_war":false,"air_mode2":false,"air_mode_d2":false,"air_mode3":false,"air_mode_d3":false,"air_mode4":false,"air_mode_d4":false,"air_mode5":false,"air_mode_d5":false,"air_mode6":false,"air_mode_d6":false,"air_mode7":false,"air_mode_d7":false,"x":9,"y":8},{"data":12000008,"id":504000004,"lvl":3,"air_mode":false,"air_mode_draft":false,"air_mode_war":false,"air_mode_draft_war":false,"air_mode2":false,"air_mode_d2":false,"air_mode3":false,"air_mode_d3":false,"air_mode4":false,"air_mode_d4":false,"air_mode5":false,"air_mode_d5":false,"air_mode6":false,"air_mode_d6":false,"air_mode7":false,"air_mode_d7":false,"x":18,"y":23},{"data":12000008,"id":504000005,"lvl":3,"air_mode":false,"air_mode_draft":false,"air_mode_war":false,"air_mode_draft_war":false,"air_mode2":false,"air_mode_d2":false,"air_mode3":false,"air_mode_d3":false,"air_mode4":false,"air_mode_d4":false,"air_mode5":false,"air_mode_d5":false,"air_mode6":false,"air_mode_d6":false,"air_mode7":false,"air_mode_d7":false,"x":23,"y":18},{"data":12000008,"id":504000006,"lvl":3,"air_mode":true,"air_mode_draft":false,"air_mode_war":false,"air_mode_draft_war":false,"air_mode2":false,"air_mode_d2":false,"air_mode3":false,"air_mode_d3":false,"air_mode4":false,"air_mode_d4":false,"air_mode5":false,"air_mode_d5":false,"air_mode6":false,"air_mode_d6":false,"air_mode7":false,"air_mode_d7":false,"x":23,"y":23},{"data":12000008,"id":504000007,"lvl":3,"air_mode":true,"air_mode_draft":false,"air_mode_war":false,"air_mode_draft_war":false,"air_mode2":false,"air_mode_d2":false,"air_mode3":false,"air_mode_d3":false,"air_mode4":false,"air_mode_d4":false,"air_mode5":false,"air_mode_d5":false,"air_mode6":false,"air_mode_d6":false,"air_mode7":false,"air_mode_d7":false,"x":18,"y":18}],"obstacles":[],"exp_ver":1}