{"buildings":[{"data":1000010,"id":500000001,"lvl":12,"wI":0,"wX":0,"x":24,"y":14},{"data":1000010,"id":500000002,"lvl":12,"wI":0,"wX":0,"x":25,"y":14},{"data":1000010,"id":500000003,"lvl":12,"wI":0,"wX":0,"x":26,"y":14},{"data":1000010,"id":500000004,"lvl":12,"wI":0,"wX":0,"x":28,"y":14},{"data":1000010,"id":500000006,"lvl":12,"wI":0,"wX":0,"x":28,"y":13},{"data":1000010,"id":500000010,"lvl":12,"wI":0,"wX":0,"x":22,"y":12},{"data":1000010,"id":500000011,"lvl":12,"wI":0,"wX":0,"x":22,"y":11},{"data":1000010,"id":500000012,"lvl":12,"wI":0,"wX":0,"x":22,"y":10},{"data":1000010,"id":500000013,"lvl":12,"wI":0,"wX":0,"x":22,"y":9},{"data":1000010,"id":500000014,"lvl":12,"wI":0,"wX":0,"x":23,"y":9},{"data":1000010,"id":500000015,"lvl":12,"wI":0,"wX":0,"x":23,"y":8},{"data":1000010,"id":500000016,"lvl":12,"wI":0,"wX":0,"x":24,"y":8},{"data":1000010,"id":500000017,"lvl":12,"wI":0,"wX":0,"x":24,"y":7},{"data":1000010,"id":500000018,"lvl":12,"wI":0,"wX":0,"x":25,"y":7},{"data":1000010,"id":500000019,"lvl":12,"wI":0,"wX":0,"x":26,"y":7},{"data":1000010,"id":500000020,"lvl":12,"wI":0,"wX":0,"x":27,"y":7},{"data":1000010,"id":500000021,"lvl":12,"wI":0,"wX":0,"x":27,"y":8},{"data":1000010,"id":500000022,"lvl":12,"wI":0,"wX":0,"x":28,"y":8},{"data":1000010,"id":500000023,"lvl":12,"wI":0,"wX":0,"x":28,"y":12},{"data":1000010,"id":500000024,"lvl":12,"wI":0,"wX":0,"x":29,"y":12},{"data":1000010,"id":500000025,"lvl":12,"wI":0,"wX":0,"x":29,"y":11},{"data":1000010,"id":500000026,"lvl":12,"wI":0,"wX":0,"x":29,"y":10},{"data":1000010,"id":500000027,"lvl":12,"wI":0,"wX":0,"x":29,"y":9},{"data":1000010,"id":500000028,"lvl":12,"wI":0,"wX":0,"x":28,"y":9},{"data":1000010,"id":500000030,"lvl":12,"wI":0,"wX":0,"x":28,"y":15},{"data":1000010,"id":500000031,"lvl":12,"wI":0,"wX":0,"x":29,"y":15},{"data":1000010,"id":500000032,"lvl":12,"wI":0,"wX":0,"x":30,"y":15},{"data":1000010,"id":500000033,"lvl":12,"wI":0,"wX":0,"x":30,"y":16},{"data":1000010,"id":500000034,"lvl":12,"wI":0,"wX":0,"x":31,"y":16},{"data":1000010,"id":500000035,"lvl":12,"wI":0,"wX":0,"x":32,"y":16},{"data":1000010,"id":500000036,"lvl":12,"wI":0,"wX":0,"x":32,"y":17},{"data":1000010,"id":500000037,"lvl":12,"wI":0,"wX":0,"x":32,"y":18},{"data":1000010,"id":500000038,"lvl":12,"wI":0,"wX":0,"x":33,"y":18},{"data":1000010,"id":500000040,"lvl":12,"wI":0,"wX":0,"x":33,"y":19},{"data":1000010,"id":500000041,"lvl":12,"wI":0,"wX":0,"x":33,"y":21},{"data":1000010,"id":500000042,"lvl":12,"wI":0,"wX":0,"x":33,"y":22},{"data":1000010,"id":500000043,"lvl":12,"wI":0,"wX":0,"x":26,"y":15},{"data":1000010,"id":500000044,"lvl":12,"wI":0,"wX":0,"x":26,"y":16},{"data":1000010,"id":500000045,"lvl":12,"wI":0,"wX":0,"x":25,"y":16},{"data":1000010,"id":500000046,"lvl":12,"wI":0,"wX":0,"x":24,"y":16},{"data":1000010,"id":500000047,"lvl":12,"wI":0,"wX":0,"x":24,"y":17},{"data":1000010,"id":500000049,"lvl":12,"wI":0,"wX":0,"x":32,"y":22},{"data":1000010,"id":500000050,"lvl":12,"wI":0,"wX":0,"x":32,"y":23},{"data":1000010,"id":500000051,"lvl":12,"wI":0,"wX":0,"x":32,"y":24},{"data":1000010,"id":500000052,"lvl":12,"wI":0,"wX":0,"x":31,"y":24},{"data":1000010,"id":500000053,"lvl":12,"wI":0,"wX":0,"x":30,"y":24},{"data":1000010,"id":500000054,"lvl":12,"wI":0,"wX":0,"x":30,"y":25},{"data":1000010,"id":500000056,"lvl":12,"wI":0,"wX":0,"x":28,"y":25},{"data":1000010,"id":500000057,"lvl":12,"wI":0,"wX":0,"x":27,"y":25},{"data":1000010,"id":500000058,"lvl":12,"wI":0,"wX":0,"x":26,"y":25},{"data":1000010,"id":500000059,"lvl":12,"wI":0,"wX":0,"x":26,"y":24},{"data":1000010,"id":500000060,"lvl":12,"wI":0,"wX":0,"x":25,"y":24},{"data":1000010,"id":500000061,"lvl":12,"wI":0,"wX":0,"x":24,"y":24},{"data":1000010,"id":500000062,"lvl":12,"wI":0,"wX":0,"x":24,"y":23},{"data":1000010,"id":500000063,"lvl":12,"wI":0,"wX":0,"x":24,"y":22},{"data":1000010,"id":500000064,"lvl":12,"wI":0,"wX":0,"x":23,"y":18},{"data":1000010,"id":500000067,"lvl":12,"wI":0,"wX":0,"x":23,"y":21},{"data":1000010,"id":500000068,"lvl":12,"wI":0,"wX":0,"x":23,"y":22},{"data":1000010,"id":500000069,"lvl":12,"wI":0,"wX":0,"x":24,"y":18},{"data":1000010,"id":500000070,"lvl":12,"wI":0,"wX":0,"x":22,"y":20},{"data":1000010,"id":500000072,"lvl":12,"wI":0,"wX":0,"x":22,"y":18},{"data":1000010,"id":500000073,"lvl":12,"wI":0,"wX":0,"x":22,"y":17},{"data":1000010,"id":500000074,"lvl":12,"wI":0,"wX":0,"x":22,"y":16},{"data":1000010,"id":500000075,"lvl":12,"wI":0,"wX":0,"x":22,"y":15},{"data":1000010,"id":500000079,"lvl":12,"wI":0,"wX":0,"x":21,"y":12},{"data":1000010,"id":500000080,"lvl":12,"wI":0,"wX":0,"x":20,"y":12},{"data":1000010,"id":500000081,"lvl":12,"wI":0,"wX":0,"x":19,"y":12},{"data":1000010,"id":500000082,"lvl":12,"wI":0,"wX":0,"x":18,"y":12},{"data":1000010,"id":500000083,"lvl":12,"wI":0,"wX":0,"x":18,"y":11},{"data":1000010,"id":500000084,"lvl":12,"wI":0,"wX":0,"x":17,"y":11},{"data":1000010,"id":500000085,"lvl":12,"wI":0,"wX":0,"x":16,"y":11},{"data":1000010,"id":500000086,"lvl":12,"wI":0,"wX":0,"x":15,"y":11},{"data":1000010,"id":500000087,"lvl":12,"wI":0,"wX":0,"x":14,"y":11},{"data":1000010,"id":500000088,"lvl":12,"wI":0,"wX":0,"x":13,"y":11},{"data":1000010,"id":500000090,"lvl":12,"wI":0,"wX":0,"x":13,"y":12},{"data":1000010,"id":500000091,"lvl":12,"wI":0,"wX":0,"x":12,"y":12},{"data":1000010,"id":500000092,"lvl":12,"wI":0,"wX":0,"x":11,"y":12},{"data":1000010,"id":500000093,"lvl":12,"wI":0,"wX":0,"x":10,"y":12},{"data":1000010,"id":500000094,"lvl":12,"wI":0,"wX":0,"x":10,"y":13},{"data":1000010,"id":500000095,"lvl":12,"wI":0,"wX":0,"x":10,"y":14},{"data":1000010,"id":500000096,"lvl":12,"wI":0,"wX":0,"x":10,"y":15},{"data":1000010,"id":500000097,"lvl":12,"wI":0,"wX":0,"x":9,"y":15},{"data":1000010,"id":500000098,"lvl":12,"wI":0,"wX":0,"x":9,"y":16},{"data":1000010,"id":500000099,"lvl":12,"wI":0,"wX":0,"x":9,"y":17},{"data":1000010,"id":500000100,"lvl":12,"wI":0,"wX":0,"x":9,"y":18},{"data":1000010,"id":500000101,"lvl":12,"wI":0,"wX":0,"x":9,"y":19},{"data":1000010,"id":500000102,"lvl":12,"wI":0,"wX":0,"x":9,"y":20},{"data":1000010,"id":500000103,"lvl":12,"wI":0,"wX":0,"x":10,"y":20},{"data":1000010,"id":500000104,"lvl":12,"wI":0,"wX":0,"x":10,"y":21},{"data":1000010,"id":500000105,"lvl":12,"wI":0,"wX":0,"x":10,"y":22},{"data":1000010,"id":500000107,"lvl":12,"wI":0,"wX":0,"x":10,"y":23},{"data":1000010,"id":500000108,"lvl":12,"wI":0,"wX":0,"x":11,"y":23},{"data":1000010,"id":500000109,"lvl":12,"wI":0,"wX":0,"x":12,"y":23},{"data":1000010,"id":500000110,"lvl":12,"wI":0,"wX":0,"x":13,"y":23},{"data":1000010,"id":500000111,"lvl":12,"wI":0,"wX":0,"x":13,"y":24},{"data":1000010,"id":500000112,"lvl":12,"wI":0,"wX":0,"x":14,"y":24},{"data":1000010,"id":500000113,"lvl":12,"wI":0,"wX":0,"x":15,"y":24},{"data":1000010,"id":500000116,"lvl":12,"wI":0,"wX":0,"x":17,"y":24},{"data":1000010,"id":500000118,"lvl":12,"wI":0,"wX":0,"x":19,"y":23},{"data":1000010,"id":500000119,"lvl":12,"wI":0,"wX":0,"x":20,"y":23},{"data":1000010,"id":500000120,"lvl":12,"wI":0,"wX":0,"x":21,"y":23},{"data":1000010,"id":500000121,"lvl":12,"wI":0,"wX":0,"x":21,"y":22},{"data":1000010,"id":500000122,"lvl":12,"wI":0,"wX":0,"x":21,"y":21},{"data":1000010,"id":500000123,"lvl":12,"wI":0,"wX":0,"x":21,"y":20},{"data":1000010,"id":500000125,"lvl":12,"wI":0,"wX":0,"x":19,"y":25},{"data":1000010,"id":500000126,"lvl":12,"wI":0,"wX":0,"x":20,"y":25},{"data":1000010,"id":500000127,"lvl":12,"wI":0,"wX":0,"x":21,"y":25},{"data":1000010,"id":500000128,"lvl":12,"wI":0,"wX":0,"x":22,"y":25},{"data":1000010,"id":500000129,"lvl":12,"wI":0,"wX":0,"x":22,"y":26},{"data":1000010,"id":500000130,"lvl":12,"wI":0,"wX":0,"x":23,"y":26},{"data":1000010,"id":500000131,"lvl":12,"wI":0,"wX":0,"x":24,"y":26},{"data":1000010,"id":500000132,"lvl":12,"wI":0,"wX":0,"x":24,"y":27},{"data":1000010,"id":500000134,"lvl":12,"wI":0,"wX":0,"x":24,"y":28},{"data":1000010,"id":500000135,"lvl":12,"wI":0,"wX":0,"x":25,"y":28},{"data":1000010,"id":500000137,"lvl":12,"wI":0,"wX":0,"x":25,"y":30},{"data":1000010,"id":500000138,"lvl":12,"wI":0,"wX":0,"x":25,"y":31},{"data":1000010,"id":500000139,"lvl":12,"wI":0,"wX":0,"x":25,"y":32},{"data":1000010,"id":500000140,"lvl":12,"wI":0,"wX":0,"x":24,"y":32},{"data":1000010,"id":500000141,"lvl":12,"wI":0,"wX":0,"x":24,"y":33},{"data":1000010,"id":500000142,"lvl":12,"wI":0,"wX":0,"x":24,"y":34},{"data":1000010,"id":500000143,"lvl":12,"wI":0,"wX":0,"x":23,"y":34},{"data":1000010,"id":500000144,"lvl":12,"wI":0,"wX":0,"x":22,"y":34},{"data":1000010,"id":500000145,"lvl":12,"wI":0,"wX":0,"x":22,"y":35},{"data":1000010,"id":500000146,"lvl":12,"wI":0,"wX":0,"x":21,"y":35},{"data":1000010,"id":500000147,"lvl":12,"wI":0,"wX":0,"x":20,"y":35},{"data":1000010,"id":500000149,"lvl":12,"wI":0,"wX":0,"x":18,"y":35},{"data":1000010,"id":500000150,"lvl":12,"wI":0,"wX":0,"x":18,"y":34},{"data":1000010,"id":500000151,"lvl":12,"wI":0,"wX":0,"x":17,"y":34},{"data":1000010,"id":500000152,"lvl":12,"wI":0,"wX":0,"x":16,"y":34},{"data":1000010,"id":500000154,"lvl":12,"wI":0,"wX":0,"x":16,"y":33},{"data":1000010,"id":500000155,"lvl":12,"wI":0,"wX":0,"x":16,"y":32},{"data":1000010,"id":500000156,"lvl":12,"wI":0,"wX":0,"x":15,"y":32},{"data":1000010,"id":500000159,"lvl":12,"wI":0,"wX":0,"x":15,"y":29},{"data":1000010,"id":500000160,"lvl":12,"wI":0,"wX":0,"x":15,"y":28},{"data":1000010,"id":500000161,"lvl":12,"wI":0,"wX":0,"x":16,"y":28},{"data":1000010,"id":500000162,"lvl":12,"wI":0,"wX":0,"x":16,"y":27},{"data":1000010,"id":500000163,"lvl":12,"wI":0,"wX":0,"x":16,"y":26},{"data":1000010,"id":500000164,"lvl":12,"wI":0,"wX":0,"x":17,"y":26},{"data":1000010,"id":500000166,"lvl":12,"wI":0,"wX":0,"x":26,"y":28},{"data":1000010,"id":500000167,"lvl":12,"wI":0,"wX":0,"x":27,"y":28},{"data":1000010,"id":500000168,"lvl":12,"wI":0,"wX":0,"x":27,"y":27},{"data":1000010,"id":500000169,"lvl":12,"wI":0,"wX":0,"x":28,"y":27},{"data":1000010,"id":500000170,"lvl":12,"wI":0,"wX":0,"x":28,"y":26},{"data":1000010,"id":500000172,"lvl":12,"wI":0,"wX":0,"x":30,"y":26},{"data":1000010,"id":500000173,"lvl":12,"wI":0,"wX":0,"x":30,"y":27},{"data":1000010,"id":500000174,"lvl":12,"wI":0,"wX":0,"x":31,"y":27},{"data":1000010,"id":500000175,"lvl":12,"wI":0,"wX":0,"x":31,"y":28},{"data":1000010,"id":500000176,"lvl":12,"wI":0,"wX":0,"x":32,"y":28},{"data":1000010,"id":500000177,"lvl":12,"wI":0,"wX":0,"x":32,"y":29},{"data":1000010,"id":500000178,"lvl":12,"wI":0,"wX":0,"x":31,"y":30},{"data":1000010,"id":500000179,"lvl":12,"wI":0,"wX":0,"x":32,"y":30},{"data":1000010,"id":500000180,"lvl":12,"wI":0,"wX":0,"x":30,"y":31},{"data":1000010,"id":500000181,"lvl":12,"wI":0,"wX":0,"x":31,"y":31},{"data":1000010,"id":500000182,"lvl":12,"wI":0,"wX":0,"x":28,"y":32},{"data":1000010,"id":500000183,"lvl":12,"wI":0,"wX":0,"x":30,"y":32},{"data":1000010,"id":500000184,"lvl":12,"wI":0,"wX":0,"x":29,"y":32},{"data":1000010,"id":500000185,"lvl":12,"wI":0,"wX":0,"x":27,"y":31},{"data":1000010,"id":500000186,"lvl":12,"wI":0,"wX":0,"x":28,"y":31},{"data":1000010,"id":500000187,"lvl":12,"wI":0,"wX":0,"x":27,"y":30},{"data":1000010,"id":500000188,"lvl":12,"wI":0,"wX":0,"x":26,"y":30},{"data":1000031,"id":500000190,"lvl":2,"x":23,"y":10,"ammo":30},{"data":1000027,"id":500000191,"lvl":5,"x":17,"y":27,"attack_mode":false,"attack_mode_draft":false,"attack_mode_war":false,"attack_mode_draft_war":false,"attack_mode2":false,"attack_mode_d2":false,"attack_mode3":false,"attack_mode_d3":false,"attack_mode4":false,"attack_mode_d4":false,"attack_mode5":false,"attack_mode_d5":false,"attack_mode_chal":false,"attack_mode_dchal":false,"attack_mode_arrw":false,"attack_mode_draft_arrw":false,"ammo":1000},{"data":1000021,"id":500000192,"lvl":5,"x":28,"y":28,"attack_mode":false,"attack_mode_draft":false,"attack_mode_war":false,"attack_mode_draft_war":false,"attack_mode2":false,"attack_mode_d2":false,"attack_mode3":false,"attack_mode_d3":false,"attack_mode4":false,"attack_mode_d4":false,"attack_mode5":false,"attack_mode_d5":false,"attack_mode_chal":false,"attack_mode_dchal":false,"attack_mode_arrw":false,"attack_mode_draft_arrw":false,"ammo":1500},{"data":1000027,"id":500000193,"lvl":5,"x":22,"y":27,"attack_mode":false,"attack_mode_draft":false,"attack_mode_war":false,"attack_mode_draft_war":false,"attack_mode2":false,"attack_mode_d2":false,"attack_mode3":false,"attack_mode_d3":false,"attack_mode4":false,"attack_mode_d4":false,"attack_mode5":false,"attack_mode_d5":false,"attack_mode_chal":false,"attack_mode_dchal":false,"attack_mode_arrw":false,"attack_mode_draft_arrw":false,"ammo":1000},{"data":1000027,"id":500000194,"lvl":5,"x":17,"y":32,"attack_mode":false,"attack_mode_draft":false,"attack_mode_war":false,"attack_mode_draft_war":false,"attack_mode2":false,"attack_mode_d2":false,"attack_mode3":false,"attack_mode_d3":false,"attack_mode4":false,"attack_mode_d4":false,"attack_mode5":false,"attack_mode_d5":false,"attack_mode_chal":false,"attack_mode_dchal":false,"attack_mode_arrw":false,"attack_mode_draft_arrw":false,"ammo":1000},{"data":1000027,"id":500000195,"lvl":5,"x":22,"y":32,"attack_mode":false,"attack_mode_draft":false,"attack_mode_war":false,"attack_mode_draft_war":false,"attack_mode2":false,"attack_mode_d2":false,"attack_mode3":false,"attack_mode_d3":false,"attack_mode4":false,"attack_mode_d4":false,"attack_mode5":false,"attack_mode_d5":false,"attack_mode_chal":false,"attack_mode_dchal":false,"attack_mode_arrw":false,"attack_mode_draft_arrw":false,"ammo":1000},{"data":1000027,"id":500000196,"lvl":5,"x":25,"y":17,"attack_mode":true,"attack_mode_draft":false,"attack_mode_war":false,"attack_mode_draft_war":false,"attack_mode2":false,"attack_mode_d2":false,"attack_mode3":false,"attack_mode_d3":false,"attack_mode4":false,"attack_mode_d4":false,"attack_mode5":false,"attack_mode_d5":false,"attack_mode_chal":false,"attack_mode_dchal":false,"attack_mode_arrw":false,"attack_mode_draft_arrw":false,"ammo":1000},{"data":1000027,"id":500000197,"lvl":5,"x":25,"y":22,"attack_mode":true,"attack_mode_draft":false,"attack_mode_war":false,"attack_mode_draft_war":false,"attack_mode2":false,"attack_mode_d2":false,"attack_mode3":false,"attack_mode_d3":false,"attack_mode4":false,"attack_mode_d4":false,"attack_mode5":false,"attack_mode_d5":false,"attack_mode_chal":false,"attack_mode_dchal":false,"attack_mode_arrw":false,"attack_mode_draft_arrw":false,"ammo":1000},{"data":1000027,"id":500000198,"lvl":5,"x":30,"y":22,"attack_mode":true,"attack_mode_draft":false,"attack_mode_war":false,"attack_mode_draft_war":false,"attack_mode2":false,"attack_mode_d2":false,"attack_mode3":false,"attack_mode_d3":false,"attack_mode4":false,"attack_mode_d4":false,"attack_mode5":false,"attack_mode_d5":false,"attack_mode_chal":false,"attack_mode_dchal":false,"attack_mode_arrw":false,"attack_mode_draft_arrw":false,"ammo":1000},{"data":1000027,"id":500000199,"lvl":5,"x":30,"y":17,"attack_mode":true,"attack_mode_draft":false,"attack_mode_war":false,"attack_mode_draft_war":false,"attack_mode2":false,"attack_mode_d2":false,"attack_mode3":false,"attack_mode_d3":false,"attack_mode4":false,"attack_mode_d4":false,"attack_mode5":false,"attack_mode_d5":false,"attack_mode_chal":false,"attack_mode_dchal":false,"attack_mode_arrw":false,"attack_mode_draft_arrw":false,"ammo":1000},{"data":1000011,"id":500000204,"lvl":10,"x":19,"y":32},{"data":1000011,"id":500000205,"lvl":10,"x":22,"y":29},{"data":1000011,"id":500000206,"lvl":10,"x":19,"y":26},{"data":1000011,"id":500000207,"lvl":10,"x":16,"y":29},{"data":1000009,"id":500000208,"lvl":15,"x":27,"y":22,"attack_mode":false,"attack_mode_draft":false,"attack_mode_war":false,"attack_mode_draft_war":false,"attack_mode2":false,"attack_mode_d2":false,"attack_mode3":false,"attack_mode_d3":false,"attack_mode4":false,"attack_mode_d4":false,"attack_mode5":false,"attack_mode_d5":false,"attack_mode_chal":false,"attack_mode_dchal":false,"attack_mode_arrw":false,"attack_mode_draft_arrw":false},{"data":1000009,"id":500000209,"lvl":15,"x":24,"y":19,"attack_mode":false,"attack_mode_draft":false,"attack_mode_war":false,"attack_mode_draft_war":false,"attack_mode2":false,"attack_mode_d2":false,"attack_mode3":false,"attack_mode_d3":false,"attack_mode4":false,"attack_mode_d4":false,"attack_mode5":false,"attack_mode_d5":false,"attack_mode_chal":false,"attack_mode_dchal":false,"attack_mode_arrw":false,"attack_mode_draft_arrw":false},{"data":1000009,"id":500000210,"lvl":15,"x":27,"y":16,"attack_mode":false,"attack_mode_draft":false,"attack_mode_war":false,"attack_mode_draft_war":false,"attack_mode2":false,"attack_mode_d2":false,"attack_mode3":false,"attack_mode_d3":false,"attack_mode4":false,"attack_mode_d4":false,"attack_mode5":false,"attack_mode_d5":false,"attack_mode_chal":false,"attack_mode_dchal":false,"attack_mode_arrw":false,"attack_mode_draft_arrw":false},{"data":1000009,"id":500000211,"lvl":15,"x":30,"y":19,"attack_mode":false,"attack_mode_draft":false,"attack_mode_war":false,"attack_mode_draft_war":false,"attack_mode2":false,"attack_mode_d2":false,"attack_mode3":false,"attack_mode_d3":false,"attack_mode4":false,"attack_mode_d4":false,"attack_mode5":false,"attack_mode_d5":false,"attack_mode_chal":false,"attack_mode_dchal":false,"attack_mode_arrw":false,"attack_mode_draft_arrw":false},{"data":1000012,"id":500000214,"lvl":9,"x":15,"y":20},{"data":1000012,"id":500000215,"lvl":9,"x":12,"y":20},{"data":1000012,"id":500000216,"lvl":9,"x":18,"y":17},{"data":1000012,"id":500000217,"lvl":9,"x":18,"y":14},{"data":1000008,"id":500000218,"lvl":15,"x":14,"y":12,"attack_mode":false,"attack_mode_draft":false,"attack_mode_war":false,"attack_mode_draft_war":false,"attack_mode2":false,"attack_mode_d2":false,"attack_mode3":false,"attack_mode_d3":false,"attack_mode4":false,"attack_mode_d4":false,"attack_mode5":false,"attack_mode_d5":false,"attack_mode_chal":false,"attack_mode_dchal":false,"attack_mode_arrw":false,"attack_mode_draft_arrw":false},{"data":1000008,"id":500000220,"lvl":15,"x":10,"y":16,"attack_mode":false,"attack_mode_draft":false,"attack_mode_war":false,"attack_mode_draft_war":false,"attack_mode2":false,"attack_mode_d2":false,"attack_mode3":false,"attack_mode_d3":false,"attack_mode4":false,"attack_mode_d4":false,"attack_mode5":false,"attack_mode_d5":false,"attack_mode_chal":false,"attack_mode_dchal":false,"attack_mode_arrw":false,"attack_mode_draft_arrw":false},{"data":1000008,"id":500000221,"lvl":15,"x":11,"y":13,"attack_mode":false,"attack_mode_draft":false,"attack_mode_war":false,"attack_mode_draft_war":false,"attack_mode2":false,"attack_mode_d2":false,"attack_mode3":false,"attack_mode_d3":false,"attack_mode4":false,"attack_mode_d4":false,"attack_mode5":false,"attack_mode_d5":false,"attack_mode_chal":false,"attack_mode_dchal":false,"attack_mode_arrw":false,"attack_mode_draft_arrw":false},{"data":1000010,"id":500000223,"lvl":12,"wI":0,"wX":0,"x":14,"y":26},{"data":1000010,"id":500000224,"lvl":12,"wI":0,"wX":0,"x":13,"y":26},{"data":1000010,"id":500000225,"lvl":12,"wI":0,"wX":0,"x":12,"y":26},{"data":1000010,"id":500000226,"lvl":12,"wI":0,"wX":0,"x":11,"y":26},{"data":1000010,"id":500000227,"lvl":12,"wI":0,"wX":0,"x":11,"y":25},{"data":1000010,"id":500000228,"lvl":12,"wI":0,"wX":0,"x":10,"y":25},{"data":1000010,"id":500000229,"lvl":12,"wI":0,"wX":0,"x":9,"y":25},{"data":1000010,"id":500000230,"lvl":12,"wI":0,"wX":0,"x":8,"y":25},{"data":1000010,"id":500000231,"lvl":12,"wI":0,"wX":0,"x":8,"y":24},{"data":1000010,"id":500000232,"lvl":12,"wI":0,"wX":0,"x":8,"y":23},{"data":1000010,"id":500000233,"lvl":12,"wI":0,"wX":0,"x":8,"y":22},{"data":1000010,"id":500000234,"lvl":12,"wI":0,"wX":0,"x":7,"y":22},{"data":1000010,"id":500000236,"lvl":12,"wI":0,"wX":0,"x":7,"y":21},{"data":1000010,"id":500000237,"lvl":12,"wI":0,"wX":0,"x":7,"y":20},{"data":1000010,"id":500000238,"lvl":12,"wI":0,"wX":0,"x":7,"y":19},{"data":1000010,"id":500000239,"lvl":12,"wI":0,"wX":0,"x":7,"y":18},{"data":1000010,"id":500000240,"lvl":12,"wI":0,"wX":0,"x":7,"y":17},{"data":1000010,"id":500000241,"lvl":12,"wI":0,"wX":0,"x":7,"y":16},{"data":1000010,"id":500000242,"lvl":12,"wI":0,"wX":0,"x":7,"y":15},{"data":1000010,"id":500000243,"lvl":12,"wI":0,"wX":0,"x":7,"y":14},{"data":1000010,"id":500000244,"lvl":12,"wI":0,"wX":0,"x":7,"y":13},{"data":1000010,"id":500000245,"lvl":12,"wI":0,"wX":0,"x":8,"y":13},{"data":1000010,"id":500000246,"lvl":12,"wI":0,"wX":0,"x":8,"y":12},{"data":1000010,"id":500000247,"lvl":12,"wI":0,"wX":0,"x":8,"y":11},{"data":1000010,"id":500000248,"lvl":12,"wI":0,"wX":0,"x":8,"y":10},{"data":1000010,"id":500000249,"lvl":12,"wI":0,"wX":0,"x":9,"y":10},{"data":1000010,"id":500000250,"lvl":12,"wI":0,"wX":0,"x":10,"y":10},{"data":1000010,"id":500000251,"lvl":12,"wI":0,"wX":0,"x":11,"y":10},{"data":1000010,"id":500000252,"lvl":12,"wI":0,"wX":0,"x":11,"y":9},{"data":1000010,"id":500000253,"lvl":12,"wI":0,"wX":0,"x":12,"y":9},{"data":1000010,"id":500000254,"lvl":12,"wI":0,"wX":0,"x":13,"y":9},{"data":1000010,"id":500000255,"lvl":12,"wI":0,"wX":0,"x":14,"y":9},{"data":1000010,"id":500000256,"lvl":12,"wI":0,"wX":0,"x":15,"y":9},{"data":1000010,"id":500000257,"lvl":12,"wI":0,"wX":0,"x":16,"y":9},{"data":1000010,"id":500000258,"lvl":12,"wI":0,"wX":0,"x":17,"y":9},{"data":1000010,"id":500000259,"lvl":12,"wI":0,"wX":0,"x":18,"y":9},{"data":1000010,"id":500000260,"lvl":12,"wI":0,"wX":0,"x":19,"y":9},{"data":1000010,"id":500000261,"lvl":12,"wI":0,"wX":0,"x":20,"y":10},{"data":1000010,"id":500000262,"lvl":12,"wI":0,"wX":0,"x":20,"y":9},{"data":1000010,"id":500000263,"lvl":12,"wI":0,"wX":0,"x":20,"y":8},{"data":1000010,"id":500000264,"lvl":12,"wI":0,"wX":0,"x":20,"y":7},{"data":1000010,"id":500000265,"lvl":12,"wI":0,"wX":0,"x":21,"y":7},{"data":1000010,"id":500000266,"lvl":12,"wI":0,"wX":0,"x":21,"y":6},{"data":1000010,"id":500000267,"lvl":12,"wI":0,"wX":0,"x":22,"y":6},{"data":1000010,"id":500000268,"lvl":12,"wI":0,"wX":0,"x":22,"y":5},{"data":1000010,"id":500000269,"lvl":12,"wI":0,"wX":0,"x":23,"y":5},{"data":1000010,"id":500000270,"lvl":12,"wI":0,"wX":0,"x":24,"y":5},{"data":1000010,"id":500000271,"lvl":12,"wI":0,"wX":0,"x":25,"y":5},{"data":1000010,"id":500000272,"lvl":12,"wI":0,"wX":0,"x":26,"y":5},{"data":1000010,"id":500000273,"lvl":12,"wI":0,"wX":0,"x":27,"y":5},{"data":1000010,"id":500000274,"lvl":12,"wI":0,"wX":0,"x":28,"y":5},{"data":1000010,"id":500000275,"lvl":12,"wI":0,"wX":0,"x":29,"y":5},{"data":1000010,"id":500000276,"lvl":12,"wI":0,"wX":0,"x":29,"y":6},{"data":1000010,"id":500000277,"lvl":12,"wI":0,"wX":0,"x":30,"y":6},{"data":1000010,"id":500000278,"lvl":12,"wI":0,"wX":0,"x":30,"y":7},{"data":1000010,"id":500000279,"lvl":12,"wI":0,"wX":0,"x":31,"y":7},{"data":1000010,"id":500000280,"lvl":12,"wI":0,"wX":0,"x":31,"y":8},{"data":1000010,"id":500000283,"lvl":12,"wI":0,"wX":0,"x":31,"y":11},{"data":1000010,"id":500000284,"lvl":12,"wI":0,"wX":0,"x":31,"y":12},{"data":1000010,"id":500000285,"lvl":12,"wI":0,"wX":0,"x":31,"y":13},{"data":1000010,"id":500000286,"lvl":12,"wI":0,"wX":0,"x":32,"y":13},{"data":1000010,"id":500000287,"lvl":12,"wI":0,"wX":0,"x":32,"y":14},{"data":1000010,"id":500000288,"lvl":12,"wI":0,"wX":0,"x":33,"y":14},{"data":1000010,"id":500000289,"lvl":12,"wI":0,"wX":0,"x":34,"y":14},{"data":1000010,"id":500000290,"lvl":12,"wI":0,"wX":0,"x":34,"y":15},{"data":1000010,"id":500000291,"lvl":12,"wI":0,"wX":0,"x":34,"y":16},{"data":1000010,"id":500000292,"lvl":12,"wI":0,"wX":0,"x":35,"y":16},{"data":1000010,"id":500000293,"lvl":12,"wI":0,"wX":0,"x":35,"y":17},{"data":1000010,"id":500000294,"lvl":12,"wI":0,"wX":0,"x":35,"y":18},{"data":1000010,"id":500000295,"lvl":12,"wI":0,"wX":0,"x":35,"y":19},{"data":1000010,"id":500000296,"lvl":12,"wI":0,"wX":0,"x":35,"y":20},{"data":1000010,"id":500000297,"lvl":12,"wI":0,"wX":0,"x":35,"y":21},{"data":1000010,"id":500000298,"lvl":12,"wI":0,"wX":0,"x":35,"y":22},{"data":1000010,"id":500000299,"lvl":12,"wI":0,"wX":0,"x":35,"y":23},{"data":1000010,"id":500000300,"lvl":12,"wI":0,"wX":0,"x":35,"y":24},{"data":1000010,"id":500000301,"lvl":12,"wI":0,"wX":0,"x":34,"y":24},{"data":1000010,"id":500000302,"lvl":12,"wI":0,"wX":0,"x":34,"y":25},{"data":1000010,"id":500000303,"lvl":12,"wI":0,"wX":0,"x":34,"y":26},{"data":1000010,"id":500000304,"lvl":12,"wI":0,"wX":0,"x":33,"y":26},{"data":1000010,"id":500000305,"lvl":12,"wI":0,"wX":0,"x":34,"y":27},{"data":1000010,"id":500000306,"lvl":12,"wI":0,"wX":0,"x":34,"y":28},{"data":1000010,"id":500000307,"lvl":12,"wI":0,"wX":0,"x":34,"y":29},{"data":1000010,"id":500000308,"lvl":12,"wI":0,"wX":0,"x":34,"y":30},{"data":1000010,"id":500000309,"lvl":12,"wI":0,"wX":0,"x":34,"y":31},{"data":1000010,"id":500000310,"lvl":12,"wI":0,"wX":0,"x":33,"y":33},{"data":1000010,"id":500000311,"lvl":12,"wI":0,"wX":0,"x":34,"y":32},{"data":1000010,"id":500000312,"lvl":12,"wI":0,"wX":0,"x":33,"y":32},{"data":1000010,"id":500000314,"lvl":12,"wI":0,"wX":0,"x":32,"y":33},{"data":1000010,"id":500000315,"lvl":12,"wI":0,"wX":0,"x":32,"y":34},{"data":1000010,"id":500000316,"lvl":12,"wI":0,"wX":0,"x":31,"y":34},{"data":1000010,"id":500000317,"lvl":12,"wI":0,"wX":0,"x":30,"y":34},{"data":1000010,"id":500000318,"lvl":12,"wI":0,"wX":0,"x":29,"y":34},{"data":1000010,"id":500000319,"lvl":12,"wI":0,"wX":0,"x":28,"y":34},{"data":1000010,"id":500000320,"lvl":12,"wI":0,"wX":0,"x":27,"y":34},{"data":1000010,"id":500000321,"lvl":12,"wI":0,"wX":0,"x":26,"y":34},{"data":1000010,"id":500000322,"lvl":12,"wI":0,"wX":0,"x":26,"y":35},{"data":1000010,"id":500000323,"lvl":12,"wI":0,"wX":0,"x":26,"y":36},{"data":1000010,"id":500000324,"lvl":12,"wI":0,"wX":0,"x":25,"y":36},{"data":1000010,"id":500000325,"lvl":12,"wI":0,"wX":0,"x":24,"y":36},{"data":1000010,"id":500000326,"lvl":12,"wI":0,"wX":0,"x":24,"y":37},{"data":1000010,"id":500000327,"lvl":12,"wI":0,"wX":0,"x":23,"y":37},{"data":1000010,"id":500000328,"lvl":12,"wI":0,"wX":0,"x":22,"y":37},{"data":1000010,"id":500000329,"lvl":12,"wI":0,"wX":0,"x":21,"y":37},{"data":1000010,"id":500000330,"lvl":12,"wI":0,"wX":0,"x":20,"y":37},{"data":1000010,"id":500000331,"lvl":12,"wI":0,"wX":0,"x":19,"y":37},{"data":1000010,"id":500000332,"lvl":12,"wI":0,"wX":0,"x":18,"y":37},{"data":1000010,"id":500000333,"lvl":12,"wI":0,"wX":0,"x":17,"y":37},{"data":1000010,"id":500000334,"lvl":12,"wI":0,"wX":0,"x":16,"y":37},{"data":1000010,"id":500000335,"lvl":12,"wI":0,"wX":0,"x":16,"y":36},{"data":1000010,"id":500000336,"lvl":12,"wI":0,"wX":0,"x":15,"y":36},{"data":1000010,"id":500000337,"lvl":12,"wI":0,"wX":0,"x":14,"y":36},{"data":1000010,"id":500000338,"lvl":12,"wI":0,"wX":0,"x":14,"y":35},{"data":1000010,"id":500000339,"lvl":12,"wI":0,"wX":0,"x":14,"y":34},{"data":1000010,"id":500000340,"lvl":12,"wI":0,"wX":0,"x":13,"y":34},{"data":1000010,"id":500000341,"lvl":12,"wI":0,"wX":0,"x":13,"y":33},{"data":1000010,"id":500000342,"lvl":12,"wI":0,"wX":0,"x":13,"y":32},{"data":1000010,"id":500000345,"lvl":12,"wI":0,"wX":0,"x":13,"y":29},{"data":1000010,"id":500000346,"lvl":12,"wI":0,"wX":0,"x":13,"y":28},{"data":1000010,"id":500000347,"lvl":12,"wI":0,"wX":0,"x":13,"y":27},{"data":1000010,"id":500000348,"lvl":12,"wI":0,"wX":0,"x":23,"y":20},{"data":1000010,"id":500000349,"lvl":12,"wI":0,"wX":0,"x":17,"y":25},{"data":1000010,"id":500000350,"lvl":12,"wI":0,"wX":0,"x":19,"y":24},{"data":1000010,"id":500000351,"lvl":12,"wI":0,"wX":0,"x":22,"y":14},{"data":1000010,"id":500000352,"lvl":12,"wI":0,"wX":0,"x":23,"y":14},{"data":1000010,"id":500000353,"lvl":12,"wI":0,"wX":0,"x":16,"y":24},{"data":1000010,"id":500000354,"lvl":12,"wI":0,"wX":0,"x":15,"y":31},{"data":1000010,"id":500000355,"lvl":12,"wI":0,"wX":0,"x":15,"y":30},{"data":1000019,"id":500000356,"lvl":9,"x":25,"y":8},{"data":1000019,"id":500000357,"lvl":9,"x":27,"y":10},{"data":1000019,"id":500000358,"lvl":9,"x":22,"y":23},{"data":1000019,"id":500000359,"lvl":9,"x":25,"y":26},{"data":1000024,"id":500000360,"lvl":6,"x":27,"y":19},{"data":1000003,"id":500000361,"lvl":12,"x":19,"y":29},{"data":1000005,"id":500000362,"lvl":12,"x":18,"y":20},{"data":1000017,"id":500000363,"lvl":1,"x":14,"y":16,"wp_lvl":0}],"decos":[{"data":18000004,"id":506000000,"x":32,"y":5},{"data":18000004,"id":506000001,"x":35,"y":33},{"data":18000004,"id":506000002,"x":7,"y":7}],"traps":[{"data":12000002,"id":504000001,"lvl":4,"x":26,"y":32},{"data":12000002,"id":504000002,"lvl":4,"x":31,"y":25},{"data":12000008,"id":504000003,"lvl":3,"air_mode":false,"air_mode_draft":false,"air_mode_war":false,"air_mode_draft_war":false,"air_mode2":false,"air_mode_d2":false,"air_mode3":false,"air_mode_d3":false,"air_mode4":false,"air_mode_d4":false,"air_mode5":false,"air_mode_d5":false,"air_mode6":false,"air_mode_d6":false,"air_mode7":false,"air_mode_d7":false,"x":20,"y":24},{"data":12000008,"id":504000004,"lvl":3,"air_mode":false,"air_mode_draft":false,"air_mode_war":false,"air_mode_draft_war":false,"air_mode2":false,"air_mode_d2":false,"air_mode3":false,"air_mode_d3":false,"air_mode4":false,"air_mode_d4":false,"air_mode5":false,"air_mode_d5":false,"air_mode6":false,"air_mode_d6":false,"air_mode7":false,"air_mode_d7":false,"x":22,"y":21},{"data":12000008,"id":504000005,"lvl":3,"air_mode":false,"air_mode_draft":false,"air_mode_war":false,"air_mode_draft_war":false,"air_mode2":false,"air_mode_d2":false,"air_mode3":false,"air_mode_d3":false,"air_mode4":false,"air_mode_d4":false,"air_mode5":false,"air_mode_d5":false,"air_mode6":false,"air_mode_d6":false,"air_mode7":false,"air_mode_d7":false,"x":23,"y":25},{"data":12000008,"id":504000006,"lvl":3,"air_mode":true,"air_mode_draft":false,"air_mode_war":false,"air_mode_draft_war":false,"air_mode2":false,"air_mode_d2":false,"air_mode3":false,"air_mode_d3":false,"air_mode4":false,"air_mode_d4":false,"air_mode5":false,"air_mode_d5":false,"air_mode6":false,"air_mode_d6":false,"air_mode7":false,"air_mode_d7":false,"x":27,"y":26},{"data":12000008,"id":504000007,"lvl":3,"air_mode":true,"air_mode_draft":false,"air_mode_war":false,"air_mode_draft_war":false,"air_mode2":false,"air_mode_d2":false,"air_mode3":false,"air_mode_d3":false,"air_mode4":false,"air_mode_d4":false,"air_mode5":false,"air_mode_d5":false,"air_mode6":false,"air_mode_d6":false,"air_mode7":false,"air_mode_d7":false,"x":21,"y":24},{"data":12000008,"id":504000008,"lvl":3,"air_mode":true,"air_mode_draft":false,"air_mode_war":false,"air_mode_draft_war":false,"air_mode2":false,"air_mode_d2":false,"air_mode3":false,"air_mode_d3":false,"air_mode4":false,"air_mode_d4":false,"air_mode5":false,"air_mode_d5":false,"air_mode6":false,"air_mode_d6":false,"air_mode7":false,"air_mode_d7":false,"x":22,"y":22},{"data":12000008,"id":504000009,"lvl":3,"air_mode":false,"air_mode_draft":false,"air_mode_war":false,"air_mode_draft_war":false,"air_mode2":false,"air_mode_d2":false,"air_mode3":false,"air_mode_d3":false,"air_mode4":false,"air_mode_d4":false,"air_mode5":false,"air_mode_d5":false,"air_mode6":false,"air_mode_d6":false,"air_mode7":false,"air_mode_d7":false,"x":25,"y":25},{"data":12000008,"id":504000010,"lvl":3,"air_mode":true,"air_mode_draft":false,"air_mode_war":false,"air_mode_draft_war":false,"air_mode2":false,"air_mode_d2":false,"air_mode3":false,"air_mode_d3":false,"air_mode4":false,"air_mode_d4":false,"air_mode5":false,"air_mode_d5":false,"air_mode6":false,"air_mode_d6":false,"air_mode7":false,"air_mode_d7":false,"x":24,"y":25},{"data":12000001,"id":504000011,"lvl":4,"x":21,"y":8},{"data":12000001,"id":504000012,"lvl":4,"x":22,"y":8},{"data":12000001,"id":504000013,"lvl":4,"x":22,"y":7},{"data":12000001,"id":504000014,"lvl":4,"x":23,"y":7},{"data":12000001,"id":504000015,"lvl":4,"x":23,"y":6},{"data":12000001,"id":504000016,"lvl":4,"x":24,"y":6},{"data":12000001,"id":504000017,"lvl":4,"x":25,"y":6},{"data":12000001,"id":504000018,"lvl":4,"x":26,"y":6},{"data":12000001,"id":504000019,"lvl":4,"x":27,"y":6},{"data":12000001,"id":504000020,"lvl":4,"x":28,"y":6},{"data":12000001,"id":504000021,"lvl":4,"x":29,"y":7},{"data":12000001,"id":504000022,"lvl":4,"x":28,"y":7},{"data":12000001,"id":504000023,"lvl":4,"x":29,"y":8},{"data":12000001,"id":504000024,"lvl":4,"x":30,"y":8},{"data":12000001,"id":504000025,"lvl":4,"x":24,"y":9},{"data":12000001,"id":504000026,"lvl":4,"x":27,"y":9},{"data":12000001,"id":504000027,"lvl":4,"x":27,"y":12},{"data":12000001,"id":504000028,"lvl":4,"x":27,"y":13},{"data":12000001,"id":504000029,"lvl":4,"x":28,"y":33},{"data":12000001,"id":504000030,"lvl":4,"x":29,"y":33},{"data":12000001,"id":504000031,"lvl":4,"x":30,"y":33},{"data":12000001,"id":504000032,"lvl":4,"x":31,"y":33},{"data":12000001,"id":504000033,"lvl":4,"x":31,"y":32},{"data":12000001,"id":504000034,"lvl":4,"x":32,"y":32},{"data":12000001,"id":504000035,"lvl":4,"x":32,"y":31},{"data":12000001,"id":504000036,"lvl":4,"x":33,"y":31},{"data":12000001,"id":504000037,"lvl":4,"x":33,"y":30},{"data":12000001,"id":504000038,"lvl":4,"x":33,"y":29},{"data":12000001,"id":504000039,"lvl":4,"x":33,"y":28},{"data":12000001,"id":504000040,"lvl":4,"x":33,"y":27},{"data":12000001,"id":504000041,"lvl":4,"x":32,"y":27},{"data":12000001,"id":504000042,"lvl":4,"x":8,"y":18},{"data":12000001,"id":504000043,"lvl":4,"x":8,"y":17},{"data":12000001,"id":504000044,"lvl":4,"x":8,"y":16},{"data":12000001,"id":504000045,"lvl":4,"x":8,"y":15},{"data":12000001,"id":504000046,"lvl":4,"x":8,"y":14},{"data":12000001,"id":504000047,"lvl":4,"x":9,"y":14},{"data":12000001,"id":504000048,"lvl":4,"x":9,"y":13},{"data":12000001,"id":504000049,"lvl":4,"x":9,"y":12},{"data":12000001,"id":504000050,"lvl":4,"x":9,"y":11},{"data":12000001,"id":504000051,"lvl":4,"x":10,"y":11},{"data":12000001,"id":504000052,"lvl":4,"x":11,"y":11},{"data":12000001,"id":504000053,"lvl":4,"x":12,"y":11},{"data":12000001,"id":504000054,"lvl":4,"x":12,"y":10},{"data":12000001,"id":504000055,"lvl":4,"x":13,"y":10},{"data":12000001,"id":504000056,"lvl":4,"x":14,"y":10},{"data":12000001,"id":504000057,"lvl":4,"x":15,"y":10},{"data":12000001,"id":504000058,"lvl":4,"x":16,"y":10},{"data":12000002,"id":504000059,"lvl":4,"x":29,"y":13},{"data":12000008,"id":504000060,"lvl":3,"air_mode":false,"air_mode_draft":false,"air_mode_war":false,"air_mode_draft_war":false,"air_mode2":false,"air_mode_d2":false,"air_mode3":false,"air_mode_d3":false,"air_mode4":false,"air_mode_d4":false,"air_mode5":false,"air_mode_d5":false,"air_mode6":false,"air_mode_d6":false,"air_mode7":false,"air_mode_d7":false,"x":23,"y":17},{"data":12000008,"id":504000061,"lvl":3,"air_mode":true,"air_mode_draft":false,"air_mode_war":false,"air_mode_draft_war":false,"air_mode2":false,"air_mode_d2":false,"air_mode3":false,"air_mode_d3":false,"air_mode4":false,"air_mode_d4":false,"air_mode5":false,"air_mode_d5":false,"air_mode6":false,"air_mode_d6":false,"air_mode7":false,"air_mode_d7":false,"x":23,"y":16},{"data":12000008,"id":504000062,"lvl":3,"air_mode":false,"air_mode_draft":false,"air_mode_war":false,"air_mode_draft_war":false,"air_mode2":false,"air_mode_d2":false,"air_mode3":false,"air_mode_d3":false,"air_mode4":false,"air_mode_d4":false,"air_mode5":false,"air_mode_d5":false,"air_mode6":false,"air_mode_d6":false,"air_mode7":false,"air_mode_d7":false,"x":23,"y":15},{"data":12000008,"id":504000063,"lvl":3,"air_mode":true,"air_mode_draft":false,"air_mode_war":false,"air_mode_draft_war":false,"air_mode2":false,"air_mode_d2":false,"air_mode3":false,"air_mode_d3":false,"air_mode4":false,"air_mode_d4":false,"air_mode5":false,"air_mode_d5":false,"air_mode6":false,"air_mode_d6":false,"air_mode7":false,"air_mode_d7":false,"x":24,"y":15},{"data":12000008,"id":504000064,"lvl":3,"air_mode":false,"air_mode_draft":false,"air_mode_war":false,"air_mode_draft_war":false,"air_mode2":false,"air_mode_d2":false,"air_mode3":false,"air_mode_d3":false,"air_mode4":false,"air_mode_d4":false,"air_mode5":false,"air_mode_d5":false,"air_mode6":false,"air_mode_d6":false,"air_mode7":false,"air_mode_d7":false,"x":25,"y":15},{"data":12000000,"id":504000065,"lvl":6,"x":10,"y":19},{"data":12000000,"id":504000066,"lvl":6,"x":11,"y":22},{"data":12000000,"id":504000067,"lvl":6,"x":13,"y":19},{"data":12000000,"id":504000068,"lvl":6,"x":13,"y":16},{"data":12000000,"id":504000069,"lvl":6,"x":16,"y":15},{"data":12000000,"id":504000070,"lvl":6,"x":17,"y":12},{"data":12000000,"id":504000071,"lvl":6,"x":20,"y":13},{"data":12000001,"id":504000072,"lvl":4,"x":14,"y":23},{"data":12000001,"id":504000073,"lvl":4,"x":15,"y":23},{"data":12000001,"id":504000074,"lvl":4,"x":16,"y":23},{"data":12000001,"id":504000075,"lvl":4,"x":17,"y":23},{"data":12000001,"id":504000076,"lvl":4,"x":18,"y":23},{"data":12000001,"id":504000077,"lvl":4,"x":21,"y":19},{"data":12000001,"id":504000078,"lvl":4,"x":22,"y":19},{"data":12000001,"id":504000079,"lvl":4,"x":21,"y":18},{"data":12000001,"id":504000080,"lvl":4,"x":21,"y":17},{"data":12000001,"id":504000081,"lvl":4,"x":21,"y":16},{"data":12000001,"id":504000082,"lvl":4,"x":21,"y":15},{"data":12000001,"id":504000083,"lvl":4,"x":21,"y":14},{"data":12000001,"id":504000084,"lvl":4,"x":21,"y":13},{"data":12000006,"id":504000085,"lvl":2,"x":9,"y":24},{"data":12000006,"id":504000086,"lvl":2,"x":33,"y":23},{"data":12000006,"id":504000087,"lvl":2,"x":34,"y":20},{"data":12000006,"id":504000088,"lvl":2,"x":33,"y":17},{"data":12000006,"id":504000089,"lvl":2,"x":31,"y":14},{"data":12000006,"id":504000090,"lvl":2,"x":15,"y":35},{"data":12000006,"id":504000091,"lvl":2,"x":18,"y":36},{"data":12000006,"id":504000092,"lvl":2,"x":21,"y":36},{"data":12000006,"id":504000093,"lvl":2,"x":25,"y":35},{"data":12000006,"id":504000094,"lvl":2,"x":12,"y":25},{"data":12000006,"id":504000095,"lvl":2,"x":19,"y":11},{"data":12000006,"id":504000096,"lvl":2,"x":21,"y":9},{"data":12000005,"id":504000097,"lvl":4,"x":17,"y":36},{"data":12000005,"id":504000098,"lvl":4,"x":20,"y":36},{"data":12000005,"id":504000099,"lvl":4,"x":23,"y":35},{"data":12000005,"id":504000100,"lvl":4,"x":33,"y":34},{"data":12000005,"id":504000101,"lvl":4,"x":35,"y":31},{"data":12000005,"id":504000102,"lvl":4,"x":29,"y":35},{"data":12000005,"id":504000103,"lvl":4,"x":25,"y":29},{"data":12000005,"id":504000104,"lvl":4,"x":29,"y":25},{"data":12000005,"id":504000105,"lvl":4,"x":18,"y":24},{"data":12000005,"id":504000106,"lvl":4,"x":19,"y":13},{"data":12000005,"id":504000107,"lvl":4,"x":18,"y":13},{"data":12000005,"id":504000108,"lvl":4,"x":17,"y":15},{"data":12000005,"id":504000109,"lvl":4,"x":14,"y":15},{"data":12000005,"id":504000110,"lvl":4,"x":13,"y":17},{"data":12000005,"id":504000111,"lvl":4,"x":11,"y":19},{"data":12000005,"id":504000112,"lvl":4,"x":11,"y":21},{"data":12000005,"id":504000113,"lvl":0,"x":33,"y":8},{"data":12000006,"id":504000114,"lvl":2,"x":5,"y":14},{"data":12000006,"id":504000115,"lvl":2,"x":4,"y":7},{"data":12000006,"id":504000116,"lvl":2,"x":7,"y":11},{"data":12000006,"id":504000117,"lvl":2,"x":5,"y":3},{"data":12000006,"id":504000118,"lvl":2,"x":11,"y":7},{"data":12000006,"id":504000119,"lvl":2,"x":13,"y":3},{"data":12000006,"id":504000120,"lvl":2,"x":32,"y":4},{"data":12000006,"id":504000121,"lvl":2,"x":35,"y":5},{"data":12000006,"id":504000122,"lvl":2,"x":35,"y":9},{"data":12000006,"id":504000123,"lvl":2,"x":32,"y":10},{"data":12000006,"id":504000124,"lvl":2,"x":33,"y":13},{"data":12000006,"id":504000125,"lvl":2,"x":37,"y":15},{"data":12000002,"id":504000126,"lvl":4,"x":4,"y":16},{"data":12000002,"id":504000127,"lvl":4,"x":5,"y":12},{"data":12000002,"id":504000128,"lvl":4,"x":4,"y":9},{"data":12000002,"id":504000129,"lvl":4,"x":5,"y":6},{"data":12000002,"id":504000130,"lvl":4,"x":7,"y":4},{"data":12000002,"id":504000131,"lvl":4,"x":10,"y":4},{"data":12000002,"id":504000132,"lvl":4,"x":13,"y":5},{"data":12000002,"id":504000133,"lvl":4,"x":31,"y":36},{"data":12000002,"id":504000134,"lvl":4,"x":34,"y":36},{"data":12000002,"id":504000135,"lvl":4,"x":36,"y":28},{"data":12000002,"id":504000136,"lvl":4,"x":37,"y":31},{"data":12000002,"id":504000137,"lvl":4,"x":37,"y":35},{"data":12000002,"id":504000138,"lvl":4,"x":36,"y":25},{"data":12000002,"id":504000139,"lvl":4,"x":28,"y":36},{"data":12000005,"id":504000140,"lvl":0,"x":4,"y":14},{"data":12000005,"id":504000141,"lvl":0,"x":4,"y":11},{"data":12000005,"id":504000142,"lvl":0,"x":3,"y":7},{"data":12000005,"id":504000143,"lvl":0,"x":6,"y":9},{"data":12000005,"id":504000144,"lvl":0,"x":4,"y":5},{"data":12000005,"id":504000145,"lvl":0,"x":9,"y":6},{"data":12000005,"id":504000146,"lvl":0,"x":9,"y":3},{"data":12000005,"id":504000147,"lvl":0,"x":12,"y":6},{"data":12000001,"id":504000148,"lvl":4,"x":3,"y":11},{"data":12000001,"id":504000149,"lvl":4,"x":6,"y":11},{"data":12000001,"id":504000150,"lvl":4,"x":4,"y":8},{"data":12000001,"id":504000151,"lvl":4,"x":6,"y":5},{"data":12000001,"id":504000152,"lvl":4,"x":8,"y":6},{"data":12000001,"id":504000153,"lvl":4,"x":9,"y":8},{"data":12000001,"id":504000154,"lvl":4,"x":11,"y":6},{"data":12000001,"id":504000155,"lvl":4,"x":8,"y":3},{"data":12000001,"id":504000156,"lvl":4,"x":11,"y":3},{"data":12000001,"id":504000157,"lvl":4,"x":14,"y":7},{"data":12000001,"id":504000158,"lvl":4,"x":14,"y":4},{"data":12000001,"id":504000159,"lvl":4,"x":6,"y":17},{"data":12000001,"id":504000160,"lvl":4,"x":3,"y":14},{"data":12000001,"id":504000161,"lvl":4,"x":27,"y":4},{"data":12000001,"id":504000162,"lvl":4,"x":30,"y":4},{"data":12000001,"id":504000163,"lvl":4,"x":31,"y":6},{"data":12000001,"id":504000164,"lvl":4,"x":34,"y":4},{"data":12000001,"id":504000165,"lvl":4,"x":33,"y":7},{"data":12000001,"id":504000166,"lvl":4,"x":36,"y":7},{"data":12000001,"id":504000167,"lvl":4,"x":33,"y":9},{"data":12000001,"id":504000168,"lvl":4,"x":36,"y":9},{"data":12000001,"id":504000169,"lvl":4,"x":35,"y":12},{"data":12000001,"id":504000170,"lvl":4,"x":36,"y":11},{"data":12000001,"id":504000171,"lvl":4,"x":36,"y":13},{"data":12000001,"id":504000172,"lvl":4,"x":32,"y":11},{"data":12000001,"id":504000173,"lvl":4,"x":35,"y":15},{"data":12000006,"id":504000174,"lvl":2,"x":29,"y":38},{"data":12000006,"id":504000175,"lvl":2,"x":33,"y":37},{"data":12000006,"id":504000176,"lvl":2,"x":36,"y":37},{"data":12000006,"id":504000177,"lvl":2,"x":38,"y":34},{"data":12000006,"id":504000178,"lvl":2,"x":38,"y":29},{"data":12000006,"id":504000179,"lvl":2,"x":35,"y":27},{"data":12000006,"id":504000180,"lvl":2,"x":38,"y":26},{"data":12000006,"id":504000181,"lvl":2,"x":34,"y":35},{"data":12000006,"id":504000182,"lvl":2,"x":36,"y":32},{"data":12000006,"id":504000183,"lvl":2,"x":27,"y":35},{"data":12000005,"id":504000184,"lvl":4,"x":27,"y":38},{"data":12000005,"id":504000185,"lvl":4,"x":33,"y":38},{"data":12000005,"id":504000186,"lvl":4,"x":38,"y":37},{"data":12000005,"id":504000187,"lvl":4,"x":39,"y":31},{"data":12000005,"id":504000188,"lvl":4,"x":38,"y":27},{"data":12000005,"id":504000189,"lvl":4,"x":36,"y":23},{"data":12000005,"id":504000190,"lvl":4,"x":35,"y":13},{"data":12000005,"id":504000191,"lvl":4,"x":33,"y":12},{"data":12000005,"id":504000192,"lvl":4,"x":37,"y":11},{"data":12000005,"id":504000193,"lvl":4,"x":37,"y":7},{"data":12000005,"id":504000194,"lvl":4,"x":35,"y":6},{"data":12000005,"id":504000195,"lvl":4,"x":30,"y":5},{"data":12000005,"id":504000196,"lvl":4,"x":28,"y":3},{"data":12000005,"id":504000197,"lvl":4,"x":25,"y":4},{"data":12000005,"id":504000198,"lvl":4,"x":36,"y":5},{"data":12000006,"id":504000199,"lvl":2,"x":26,"y":3},{"data":12000001,"id":504000200,"lvl":4,"x":31,"y":38},{"data":12000001,"id":504000201,"lvl":4,"x":30,"y":35},{"data":12000001,"id":504000202,"lvl":4,"x":33,"y":35},{"data":12000001,"id":504000203,"lvl":4,"x":27,"y":37},{"data":12000001,"id":504000204,"lvl":4,"x":30,"y":36},{"data":12000001,"id":504000205,"lvl":4,"x":34,"y":34},{"data":12000001,"id":504000206,"lvl":4,"x":34,"y":33},{"data":12000001,"id":504000207,"lvl":4,"x":36,"y":30},{"data":12000001,"id":504000208,"lvl":4,"x":39,"y":32},{"data":12000001,"id":504000209,"lvl":4,"x":39,"y":35},{"data":12000001,"id":504000210,"lvl":4,"x":35,"y":35},{"data":12000001,"id":504000211,"lvl":4,"x":35,"y":29},{"data":12000001,"id":504000212,"lvl":4,"x":37,"y":27},{"data":12000001,"id":504000213,"lvl":4,"x":39,"y":28},{"data":12000001,"id":504000214,"lvl":4,"x":35,"y":25},{"data":12000001,"id":504000215,"lvl":4,"x":38,"y":24},{"data":12000002,"id":504000216,"lvl":4,"x":30,"y":9},{"data":12000002,"id":504000217,"lvl":4,"x":23,"y":3},{"data":12000002,"id":504000218,"lvl":4,"x":34,"y":10},{"data":12000002,"id":504000219,"lvl":4,"x":34,"y":7}],"obstacles":[],"exp_ver":1}