{"active_layout":0,"layout_state":[0,0,0,0,0,0],"buildings":[{"data":1000001,"lvl":1,"x":22,"y":20},{"data":1000008,"lvl":2,"x":28,"y":26},{"data":1000008,"lvl":1,"x":13,"y":16},{"data":1000010,"lvl":1,"x":22,"y":18},{"data":1000010,"lvl":2,"x":18,"y":18},{"data":1000010,"lvl":2,"x":19,"y":18},{"data":1000010,"lvl":1,"x":20,"y":18},{"data":1000010,"lvl":2,"x":21,"y":18},{"data":1000010,"lvl":2,"x":25,"y":19},{"data":1000010,"lvl":2,"x":25,"y":18},{"data":1000010,"lvl":2,"x":24,"y":18},{"data":1000010,"lvl":1,"x":23,"y":18},{"data":1000010,"lvl":1,"x":17,"y":18},{"data":1000010,"lvl":2,"x":18,"y":24},{"data":1000010,"lvl":2,"x":18,"y":25},{"data":1000010,"lvl":1,"x":19,"y":25},{"data":1000010,"lvl":1,"x":20,"y":25},{"data":1000010,"lvl":2,"x":21,"y":25},{"data":1000010,"lvl":2,"x":22,"y":25},{"data":1000010,"lvl":1,"x":23,"y":25},{"data":1000010,"lvl":2,"x":24,"y":25},{"data":1000010,"lvl":1,"x":25,"y":25},{"data":1000010,"lvl":1,"x":26,"y":25},{"data":1000010,"lvl":1,"x":27,"y":25},{"data":1000010,"lvl":1,"x":27,"y":24},{"data":1000010,"lvl":1,"x":27,"y":23},{"data":1000010,"lvl":2,"x":27,"y":22},{"data":1000010,"lvl":1,"x":27,"y":21},{"data":1000010,"lvl":1,"x":27,"y":20},{"data":1000010,"lvl":2,"x":27,"y":19},{"data":1000010,"lvl":1,"x":27,"y":18},{"data":1000010,"lvl":2,"x":27,"y":17},{"data":1000010,"lvl":2,"x":27,"y":16},{"data":1000010,"lvl":1,"x":26,"y":16},{"data":1000010,"lvl":1,"x":25,"y":16},{"data":1000010,"lvl":1,"x":24,"y":16},{"data":1000010,"lvl":2,"x":23,"y":16},{"data":1000010,"lvl":1,"x":22,"y":16},{"data":1000010,"lvl":1,"x":21,"y":16},{"data":1000010,"lvl":1,"x":20,"y":16},{"data":1000010,"lvl":1,"x":19,"y":16},{"data":1000010,"lvl":2,"x":18,"y":16},{"data":1000010,"lvl":2,"x":17,"y":16},{"data":1000010,"lvl":2,"x":16,"y":16},{"data":1000010,"lvl":2,"x":16,"y":19},{"data":1000010,"lvl":2,"x":16,"y":20},{"data":1000010,"lvl":1,"x":16,"y":21},{"data":1000010,"lvl":1,"x":16,"y":22},{"data":1000010,"lvl":2,"x":16,"y":23},{"data":1000010,"lvl":1,"x":16,"y":24},{"data":1000010,"lvl":1,"x":16,"y":25},{"data":1000010,"lvl":1,"x":16,"y":26},{"data":1000010,"lvl":2,"x":16,"y":27},{"data":1000010,"lvl":1,"x":17,"y":27},{"data":1000010,"lvl":2,"x":18,"y":27},{"data":1000010,"lvl":2,"x":19,"y":27},{"data":1000010,"lvl":2,"x":20,"y":27},{"data":1000010,"lvl":2,"x":21,"y":27},{"data":1000010,"lvl":1,"x":22,"y":27},{"data":1000010,"lvl":1,"x":23,"y":27},{"data":1000010,"lvl":1,"x":24,"y":27},{"data":1000010,"lvl":1,"x":25,"y":27},{"data":1000010,"lvl":1,"x":26,"y":27},{"data":1000010,"lvl":1,"x":27,"y":27},{"data":1000010,"lvl":2,"x":16,"y":18},{"data":1000008,"lvl":1,"x":16,"y":13},{"data":1000003,"lvl":2,"x":18,"y":20},{"data":1000018,"lvl":0,"x":28,"y":24,"units":[[4000000,7]],"storage_type":0},{"data":1000018,"lvl":0,"x":26,"y":28,"units":[],"storage_type":0}],"obstacles":[{"data":8000000,"x":4,"y":24,"loot_multiply_ver":1},{"data":8000003,"x":9,"y":25,"loot_multiply_ver":1},{"data":8000002,"x":25,"y":14,"loot_multiply_ver":1},{"data":8000003,"x":16,"y":28,"loot_multiply_ver":1},{"data":8000025,"x":30,"y":14,"loot_multiply_ver":1},{"data":8000006,"x":12,"y":33,"loot_multiply_ver":1},{"data":8000000,"x":6,"y":38,"loot_multiply_ver":1},{"data":8000000,"x":20,"y":38,"loot_multiply_ver":1},{"data":8000000,"x":38,"y":26,"loot_multiply_ver":1},{"data":8000001,"x":23,"y":33,"loot_multiply_ver":1},{"data":8000000,"x":34,"y":38,"loot_multiply_ver":1},{"data":8000000,"x":38,"y":38,"loot_multiply_ver":1},{"data":8000000,"x":8,"y":38,"loot_multiply_ver":1},{"data":8000000,"x":4,"y":38,"loot_multiply_ver":1},{"data":8000000,"x":36,"y":38,"loot_multiply_ver":1},{"data":8000000,"x":30,"y":38,"loot_multiply_ver":1},{"data":8000000,"x":38,"y":36,"loot_multiply_ver":1},{"data":8000000,"x":4,"y":26,"loot_multiply_ver":1},{"data":8000000,"x":12,"y":38,"loot_multiply_ver":1},{"data":8000000,"x":28,"y":38,"loot_multiply_ver":1},{"data":8000000,"x":26,"y":38,"loot_multiply_ver":1},{"data":8000000,"x":4,"y":34,"loot_multiply_ver":1},{"data":8000000,"x":16,"y":38,"loot_multiply_ver":1},{"data":8000000,"x":14,"y":38,"loot_multiply_ver":1},{"data":8000000,"x":18,"y":38,"loot_multiply_ver":1},{"data":8000000,"x":4,"y":22,"loot_multiply_ver":1},{"data":8000000,"x":38,"y":30,"loot_multiply_ver":1},{"data":8000000,"x":4,"y":28,"loot_multiply_ver":1},{"data":8000000,"x":24,"y":38,"loot_multiply_ver":1},{"data":8000000,"x":32,"y":38,"loot_multiply_ver":1},{"data":8000000,"x":10,"y":38,"loot_multiply_ver":1},{"data":8000000,"x":38,"y":28,"loot_multiply_ver":1},{"data":8000000,"x":38,"y":32,"loot_multiply_ver":1},{"data":8000000,"x":4,"y":30,"loot_multiply_ver":1},{"data":8000000,"x":4,"y":18,"loot_multiply_ver":1},{"data":8000000,"x":38,"y":34,"loot_multiply_ver":1},{"data":8000000,"x":4,"y":36,"loot_multiply_ver":1},{"data":8000000,"x":4,"y":32,"loot_multiply_ver":1},{"data":8000000,"x":22,"y":38,"loot_multiply_ver":1},{"data":8000000,"x":4,"y":20,"loot_multiply_ver":1},{"data":8000000,"x":4,"y":14,"loot_multiply_ver":1},{"data":8000000,"x":4,"y":12,"loot_multiply_ver":1},{"data":8000000,"x":4,"y":10,"loot_multiply_ver":1},{"data":8000000,"x":4,"y":8,"loot_multiply_ver":1},{"data":8000000,"x":4,"y":6,"loot_multiply_ver":1},{"data":8000000,"x":4,"y":4,"loot_multiply_ver":1},{"data":8000000,"x":6,"y":4,"loot_multiply_ver":1},{"data":8000000,"x":8,"y":4,"loot_multiply_ver":1},{"data":8000000,"x":10,"y":4,"loot_multiply_ver":1},{"data":8000000,"x":12,"y":4,"loot_multiply_ver":1},{"data":8000000,"x":14,"y":4,"loot_multiply_ver":1},{"data":8000000,"x":16,"y":4,"loot_multiply_ver":1},{"data":8000000,"x":18,"y":4,"loot_multiply_ver":1},{"data":8000000,"x":20,"y":4,"loot_multiply_ver":1},{"data":8000000,"x":22,"y":4,"loot_multiply_ver":1},{"data":8000000,"x":24,"y":4,"loot_multiply_ver":1},{"data":8000000,"x":26,"y":4,"loot_multiply_ver":1},{"data":8000000,"x":28,"y":4,"loot_multiply_ver":1},{"data":8000000,"x":30,"y":4,"loot_multiply_ver":1},{"data":8000000,"x":32,"y":4,"loot_multiply_ver":1},{"data":8000000,"x":34,"y":4,"loot_multiply_ver":1},{"data":8000000,"x":36,"y":4,"loot_multiply_ver":1},{"data":8000000,"x":38,"y":4,"loot_multiply_ver":1},{"data":8000000,"x":38,"y":6,"loot_multiply_ver":1},{"data":8000000,"x":38,"y":8,"loot_multiply_ver":1},{"data":8000000,"x":38,"y":10,"loot_multiply_ver":1},{"data":8000000,"x":38,"y":12,"loot_multiply_ver":1},{"data":8000000,"x":38,"y":14,"loot_multiply_ver":1},{"data":8000000,"x":38,"y":16,"loot_multiply_ver":1},{"data":8000000,"x":38,"y":18,"loot_multiply_ver":1},{"data":8000000,"x":38,"y":20,"loot_multiply_ver":1},{"data":8000000,"x":38,"y":22,"loot_multiply_ver":1},{"data":8000000,"x":38,"y":24,"loot_multiply_ver":1},{"data":8000000,"x":28,"y":22,"loot_multiply_ver":1},{"data":8000000,"x":21,"y":14,"loot_multiply_ver":1},{"data":8000000,"x":4,"y":16,"loot_multiply_ver":1},{"data":8000000,"x":23,"y":28,"loot_multiply_ver":1},{"data":8000000,"x":19,"y":14,"loot_multiply_ver":1},{"data":8000000,"x":14,"y":19,"loot_multiply_ver":1},{"data":8000000,"x":14,"y":21,"loot_multiply_ver":1},{"data":8000014,"x":12,"y":12,"loot_multiply_ver":1},{"data":8000020,"x":19,"y":7,"loot_multiply_ver":1},{"data":8000020,"x":28,"y":10,"loot_multiply_ver":1},{"data":8000020,"x":33,"y":32,"loot_multiply_ver":1},{"data":8000020,"x":16,"y":33,"loot_multiply_ver":1},{"data":8000020,"x":9,"y":19,"loot_multiply_ver":1},{"data":8000020,"x":8,"y":8,"loot_multiply_ver":1},{"data":8000024,"x":16,"y":17,"loot_multiply_ver":1},{"data":8000025,"x":26,"y":23,"loot_multiply_ver":1},{"data":8000024,"x":20,"y":26,"loot_multiply_ver":1},{"data":8000024,"x":18,"y":25,"loot_multiply_ver":1},{"data":8000024,"x":17,"y":26,"loot_multiply_ver":1},{"data":8000024,"x":24,"y":16,"loot_multiply_ver":1},{"data":8000024,"x":22,"y":17,"loot_multiply_ver":1},{"data":8000024,"x":19,"y":16,"loot_multiply_ver":1},{"data":8000025,"x":19,"y":26,"loot_multiply_ver":1},{"data":8000025,"x":26,"y":25,"loot_multiply_ver":1},{"data":8000025,"x":16,"y":26,"loot_multiply_ver":1},{"data":8000025,"x":21,"y":17,"loot_multiply_ver":1},{"data":8000025,"x":20,"y":16,"loot_multiply_ver":1},{"data":8000025,"x":24,"y":18,"loot_multiply_ver":1},{"data":8000025,"x":23,"y":25,"loot_multiply_ver":1},{"data":8000025,"x":16,"y":23,"loot_multiply_ver":1},{"data":8000025,"x":26,"y":18,"loot_multiply_ver":1},{"data":8000024,"x":22,"y":25,"loot_multiply_ver":1},{"data":8000024,"x":16,"y":25,"loot_multiply_ver":1},{"data":8000024,"x":26,"y":17,"loot_multiply_ver":1},{"data":8000024,"x":24,"y":26,"loot_multiply_ver":1},{"data":8000025,"x":26,"y":16,"loot_multiply_ver":1},{"data":8000025,"x":18,"y":17,"loot_multiply_ver":1},{"data":8000009,"x":30,"y":7,"loot_multiply_ver":1}],"traps":[{"data":12000000,"lvl":0,"x":18,"y":17},{"data":12000000,"lvl":0,"x":23,"y":17},{"data":12000000,"lvl":0,"x":19,"y":17},{"data":12000000,"lvl":0,"x":22,"y":17},{"data":12000000,"lvl":0,"x":21,"y":17},{"data":12000000,"lvl":0,"x":20,"y":17},{"data":12000000,"lvl":0,"x":17,"y":17},{"data":12000000,"lvl":0,"x":17,"y":23},{"data":12000000,"lvl":0,"x":20,"y":26},{"data":12000000,"lvl":0,"x":22,"y":26},{"data":12000000,"lvl":0,"x":17,"y":24},{"data":12000000,"lvl":0,"x":24,"y":17},{"data":12000000,"lvl":0,"x":25,"y":17},{"data":12000000,"lvl":0,"x":26,"y":17},{"data":12000000,"lvl":0,"x":26,"y":18},{"data":12000000,"lvl":0,"x":26,"y":19},{"data":12000000,"lvl":0,"x":26,"y":26},{"data":12000000,"lvl":0,"x":25,"y":26},{"data":12000000,"lvl":0,"x":23,"y":26},{"data":12000000,"lvl":0,"x":17,"y":26},{"data":12000000,"lvl":0,"x":17,"y":25},{"data":12000000,"lvl":0,"x":18,"y":26},{"data":12000000,"lvl":0,"x":19,"y":26},{"data":12000000,"lvl":0,"x":21,"y":26},{"data":12000000,"lvl":0,"x":24,"y":26},{"data":12000003,"lvl":0,"x":31,"y":7}],"decos":[],"respawnVars":{"secondsFromLastRespawn":0,"respawnSeed":1529463799,"obstacleClearCounter":0},"cooldowns":[],"newShopBuildings":[1,0,2,1,2,1,2,0,2,1,25,0,0,0,1,5,0,0,0,0,0,0,0,0,0,0,0],"newShopTraps":[0,0,0,0,0,0,0],"newShopDecos":[1,4,0,0,1,0,0,0,0,0,0,0,0,0,0,0,0,0,0,0,0,0,0,0,0,0,0,0,0,0,0,0,0,0,0,0,0]}