{"exp_ver":1,"active_layout":0,"act_l2":0,"layout_state":[0,0,0,0,0,0,0,0],"layout_state2":[0,0,0,0,0,0,0,0],"layout_cooldown":[0,0,0,0,0,0,0,0],"buildings":[{"data":1000001,"id":500000000,"lvl":10,"x":23,"y":23},{"data":1000004,"id":500000001,"lvl":0,"x":23,"y":19,"res_time":0},{"data":1000000,"id":500000002,"lvl":0,"x":28,"y":22,"units":[]},{"data":1000015,"id":500000003,"lvl":0,"x":20,"y":25},{"data":1000014,"id":500000004,"lvl":0,"x":21,"y":28},{"data":1000015,"id":500000005,"lvl":0,"x":20,"y":23},{"data":1000015,"id":500000006,"lvl":0,"x":16,"y":25},{"data":1000015,"id":500000007,"lvl":0,"x":18,"y":25},{"data":1000015,"id":500000008,"lvl":0,"x":18,"y":23},{"data":1000008,"id":500000009,"lvl":0,"x":28,"y":28,"attack_mode":false,"attack_mode_draft":false,"attack_mode_war":false,"attack_mode_draft_war":false,"attack_mode2":false,"attack_mode_d2":false,"attack_mode3":false,"attack_mode_d3":false,"attack_mode4":false,"attack_mode_d4":false,"attack_mode5":false,"attack_mode_d5":false,"attack_mode_chal":false,"attack_mode_dchal":false,"attack_mode_arrw":false,"attack_mode_draft_arrw":false},{"data":1000002,"id":500000010,"lvl":0,"x":23,"y":16,"res_time":0},{"data":1000003,"id":500000011,"lvl":0,"x":27,"y":19},{"data":1000006,"id":500000012,"lvl":0,"x":24,"y":28,"unit_prod":{"m":1,"unit_type":0}},{"data":1000008,"id":500000013,"lvl":0,"x":31,"y":28,"attack_mode":false,"attack_mode_draft":false,"attack_mode_war":false,"attack_mode_draft_war":false,"attack_mode2":false,"attack_mode_d2":false,"attack_mode3":false,"attack_mode_d3":false,"attack_mode4":false,"attack_mode_d4":false,"attack_mode5":false,"attack_mode_d5":false,"attack_mode_chal":false,"attack_mode_dchal":false,"attack_mode_arrw":false,"attack_mode_draft_arrw":false},{"data":1000005,"id":500000014,"lvl":0,"x":30,"y":19},{"data":1000010,"id":500000015,"lvl":0,"wI":0,"wX":0,"x":22,"y":27},{"data":1000010,"id":500000016,"lvl":0,"wI":0,"wX":0,"x":23,"y":27},{"data":1000010,"id":500000017,"lvl":0,"wI":0,"wX":0,"x":24,"y":27},{"data":1000010,"id":500000018,"lvl":0,"wI":0,"wX":0,"x":25,"y":27},{"data":1000010,"id":500000019,"lvl":0,"wI":0,"wX":0,"x":26,"y":27},{"data":1000010,"id":500000020,"lvl":0,"wI":0,"wX":0,"x":27,"y":27},{"data":1000010,"id":500000021,"lvl":0,"wI":0,"wX":0,"x":27,"y":26},{"data":1000010,"id":500000022,"lvl":0,"wI":0,"wX":0,"x":27,"y":25},{"data":1000010,"id":500000023,"lvl":0,"wI":0,"wX":0,"x":27,"y":24},{"data":1000010,"id":500000024,"lvl":0,"wI":0,"wX":0,"x":27,"y":23},{"data":1000010,"id":500000025,"lvl":0,"wI":0,"wX":0,"x":27,"y":22},{"data":1000010,"id":500000026,"lvl":0,"wI":0,"wX":0,"x":26,"y":22},{"data":1000010,"id":500000027,"lvl":0,"wI":0,"wX":0,"x":25,"y":22},{"data":1000010,"id":500000028,"lvl":0,"wI":0,"wX":0,"x":24,"y":22},{"data":1000010,"id":500000029,"lvl":0,"wI":0,"wX":0,"x":23,"y":22},{"data":1000010,"id":500000030,"lvl":0,"wI":0,"wX":0,"x":22,"y":22},{"data":1000010,"id":500000031,"lvl":0,"wI":0,"wX":0,"x":22,"y":23},{"data":1000010,"id":500000032,"lvl":0,"wI":0,"wX":0,"x":22,"y":24},{"data":1000010,"id":500000033,"lvl":0,"wI":0,"wX":0,"x":22,"y":25},{"data":1000010,"id":500000034,"lvl":0,"wI":0,"wX":0,"x":22,"y":26},{"data":1000010,"id":500000035,"lvl":0,"wI":0,"wX":0,"x":28,"y":27},{"data":1000010,"id":500000036,"lvl":0,"wI":0,"wX":0,"x":29,"y":27},{"data":1000010,"id":500000037,"lvl":0,"wI":0,"wX":0,"x":30,"y":27},{"data":1000010,"id":500000038,"lvl":0,"wI":0,"wX":0,"x":26,"y":21},{"data":1000010,"id":500000039,"lvl":0,"wI":0,"wX":0,"x":26,"y":20},{"data":1000009,"id":500000040,"lvl":0,"x":28,"y":31,"attack_mode":false,"attack_mode_draft":false,"attack_mode_war":false,"attack_mode_draft_war":false,"attack_mode2":false,"attack_mode_d2":false,"attack_mode3":false,"attack_mode_d3":false,"attack_mode4":false,"attack_mode_d4":false,"attack_mode5":false,"attack_mode_d5":false,"attack_mode_chal":false,"attack_mode_dchal":false,"attack_mode_arrw":false,"attack_mode_draft_arrw":false},{"data":1000006,"id":500000041,"lvl":0,"x":24,"y":31,"unit_prod":{"m":1,"unit_type":0}},{"data":1000004,"id":500000042,"lvl":0,"x":20,"y":19,"res_time":0},{"data":1000002,"id":500000043,"lvl":0,"x":20,"y":16,"res_time":0},{"data":1000010,"id":500000044,"lvl":0,"wI":0,"wX":0,"x":21,"y":22},{"data":1000010,"id":500000045,"lvl":0,"wI":0,"wX":0,"x":20,"y":22},{"data":1000010,"id":500000046,"lvl":0,"wI":0,"wX":0,"x":19,"y":22},{"data":1000010,"id":500000047,"lvl":0,"wI":0,"wX":0,"x":21,"y":27},{"data":1000010,"id":500000048,"lvl":0,"wI":0,"wX":0,"x":20,"y":27},{"data":1000010,"id":500000049,"lvl":0,"wI":0,"wX":0,"x":19,"y":27},{"data":1000010,"id":500000050,"lvl":0,"wI":0,"wX":0,"x":18,"y":27},{"data":1000010,"id":500000051,"lvl":0,"wI":0,"wX":0,"x":17,"y":27},{"data":1000010,"id":500000052,"lvl":0,"wI":0,"wX":0,"x":27,"y":28},{"data":1000010,"id":500000053,"lvl":0,"wI":0,"wX":0,"x":27,"y":29},{"data":1000010,"id":500000054,"lvl":0,"wI":0,"wX":0,"x":27,"y":30},{"data":1000010,"id":500000055,"lvl":0,"wI":0,"wX":0,"x":27,"y":31},{"data":1000010,"id":500000056,"lvl":0,"wI":0,"wX":0,"x":27,"y":32},{"data":1000010,"id":500000057,"lvl":0,"wI":0,"wX":0,"x":27,"y":33},{"data":1000010,"id":500000058,"lvl":0,"wI":0,"wX":0,"x":26,"y":19},{"data":1000010,"id":500000059,"lvl":0,"wI":0,"wX":0,"x":26,"y":18},{"data":1000010,"id":500000060,"lvl":0,"wI":0,"wX":0,"x":31,"y":27},{"data":1000010,"id":500000061,"lvl":0,"wI":0,"wX":0,"x":32,"y":27},{"data":1000010,"id":500000062,"lvl":0,"wI":0,"wX":0,"x":33,"y":27},{"data":1000010,"id":500000063,"lvl":0,"wI":0,"wX":0,"x":33,"y":26},{"data":1000010,"id":500000064,"lvl":0,"wI":0,"wX":0,"x":33,"y":25},{"data":1000010,"id":500000065,"lvl":0,"wI":0,"wX":0,"x":33,"y":24},{"data":1000010,"id":500000066,"lvl":0,"wI":0,"wX":0,"x":18,"y":22},{"data":1000010,"id":500000067,"lvl":0,"wI":0,"wX":0,"x":17,"y":22},{"data":1000010,"id":500000068,"lvl":0,"wI":0,"wX":0,"x":26,"y":17},{"data":1000004,"id":500000069,"lvl":0,"x":17,"y":19,"res_time":0},{"data":1000002,"id":500000070,"lvl":0,"x":17,"y":16,"res_time":0},{"data":1000013,"id":500000071,"lvl":0,"x":31,"y":31,"attack_mode":false,"attack_mode_draft":false,"attack_mode_war":false,"attack_mode_draft_war":false,"attack_mode2":false,"attack_mode_d2":false,"attack_mode3":false,"attack_mode_d3":false,"attack_mode4":false,"attack_mode_d4":false,"attack_mode5":false,"attack_mode_d5":false,"attack_mode_chal":false,"attack_mode_dchal":false,"attack_mode_arrw":false,"attack_mode_draft_arrw":false},{"data":1000003,"id":500000072,"lvl":0,"x":27,"y":16},{"data":1000000,"id":500000073,"lvl":0,"x":34,"y":22,"units":[]},{"data":1000007,"id":500000074,"lvl":0,"x":12,"y":18},{"data":1000005,"id":500000075,"lvl":0,"x":30,"y":16},{"data":1000010,"id":500000076,"lvl":0,"wI":0,"wX":0,"x":26,"y":16},{"data":1000010,"id":500000077,"lvl":0,"wI":0,"wX":0,"x":26,"y":15},{"data":1000010,"id":500000078,"lvl":0,"wI":0,"wX":0,"x":27,"y":15},{"data":1000010,"id":500000079,"lvl":0,"wI":0,"wX":0,"x":28,"y":15},{"data":1000010,"id":500000080,"lvl":0,"wI":0,"wX":0,"x":29,"y":15},{"data":1000010,"id":500000081,"lvl":0,"wI":0,"wX":0,"x":30,"y":15},{"data":1000010,"id":500000082,"lvl":0,"wI":0,"wX":0,"x":31,"y":15},{"data":1000010,"id":500000083,"lvl":0,"wI":0,"wX":0,"x":32,"y":15},{"data":1000010,"id":500000084,"lvl":0,"wI":0,"wX":0,"x":33,"y":15},{"data":1000010,"id":500000085,"lvl":0,"wI":0,"wX":0,"x":33,"y":16},{"data":1000010,"id":500000086,"lvl":0,"wI":0,"wX":0,"x":33,"y":17},{"data":1000010,"id":500000087,"lvl":0,"wI":0,"wX":0,"x":33,"y":18},{"data":1000010,"id":500000088,"lvl":0,"wI":0,"wX":0,"x":33,"y":19},{"data":1000010,"id":500000089,"lvl":0,"wI":0,"wX":0,"x":33,"y":20},{"data":1000010,"id":500000090,"lvl":0,"wI":0,"wX":0,"x":33,"y":21},{"data":1000010,"id":500000091,"lvl":0,"wI":0,"wX":0,"x":33,"y":22},{"data":1000010,"id":500000092,"lvl":0,"wI":0,"wX":0,"x":33,"y":23},{"data":1000010,"id":500000093,"lvl":0,"wI":0,"wX":0,"x":16,"y":22},{"data":1000010,"id":500000094,"lvl":0,"wI":0,"wX":0,"x":20,"y":28},{"data":1000010,"id":500000095,"lvl":0,"wI":0,"wX":0,"x":20,"y":29},{"data":1000010,"id":500000096,"lvl":0,"wI":0,"wX":0,"x":20,"y":30},{"data":1000010,"id":500000097,"lvl":0,"wI":0,"wX":0,"x":20,"y":31},{"data":1000010,"id":500000098,"lvl":0,"wI":0,"wX":0,"x":20,"y":32},{"data":1000010,"id":500000099,"lvl":0,"wI":0,"wX":0,"x":20,"y":33},{"data":1000010,"id":500000100,"lvl":0,"wI":0,"wX":0,"x":20,"y":34},{"data":1000004,"id":500000101,"lvl":0,"x":23,"y":13,"res_time":0},{"data":1000009,"id":500000102,"lvl":0,"x":17,"y":28,"attack_mode":false,"attack_mode_draft":false,"attack_mode_war":false,"attack_mode_draft_war":false,"attack_mode2":false,"attack_mode_d2":false,"attack_mode3":false,"attack_mode_d3":false,"attack_mode4":false,"attack_mode_d4":false,"attack_mode5":false,"attack_mode_d5":false,"attack_mode_chal":false,"attack_mode_dchal":false,"attack_mode_arrw":false,"attack_mode_draft_arrw":false},{"data":1000012,"id":500000103,"lvl":0,"x":21,"y":31},{"data":1000002,"id":500000104,"lvl":0,"x":20,"y":13,"res_time":0},{"data":1000006,"id":500000105,"lvl":0,"x":24,"y":35,"unit_prod":{"m":1,"unit_type":0}},{"data":1000008,"id":500000106,"lvl":0,"x":28,"y":35,"attack_mode":false,"attack_mode_draft":false,"attack_mode_war":false,"attack_mode_draft_war":false,"attack_mode2":false,"attack_mode_d2":false,"attack_mode3":false,"attack_mode_d3":false,"attack_mode4":false,"attack_mode_d4":false,"attack_mode5":false,"attack_mode_d5":false,"attack_mode_chal":false,"attack_mode_dchal":false,"attack_mode_arrw":false,"attack_mode_draft_arrw":false},{"data":1000004,"id":500000107,"lvl":0,"x":17,"y":13,"res_time":0},{"data":1000000,"id":500000108,"lvl":0,"x":34,"y":17,"units":[]},{"data":1000002,"id":500000109,"lvl":0,"x":13,"y":15,"res_time":0},{"data":1000009,"id":500000110,"lvl":0,"x":27,"y":12,"attack_mode":false,"attack_mode_draft":false,"attack_mode_war":false,"attack_mode_draft_war":false,"attack_mode2":false,"attack_mode_d2":false,"attack_mode3":false,"attack_mode_d3":false,"attack_mode4":false,"attack_mode_d4":false,"attack_mode5":false,"attack_mode_d5":false,"attack_mode_chal":false,"attack_mode_dchal":false,"attack_mode_arrw":false,"attack_mode_draft_arrw":false},{"data":1000011,"id":500000111,"lvl":0,"x":30,"y":12},{"data":1000010,"id":500000112,"lvl":0,"wI":0,"wX":0,"x":21,"y":34},{"data":1000010,"id":500000113,"lvl":0,"wI":0,"wX":0,"x":22,"y":34},{"data":1000010,"id":500000114,"lvl":0,"wI":0,"wX":0,"x":23,"y":34},{"data":1000010,"id":500000115,"lvl":0,"wI":0,"wX":0,"x":24,"y":34},{"data":1000010,"id":500000116,"lvl":0,"wI":0,"wX":0,"x":25,"y":34},{"data":1000010,"id":500000117,"lvl":0,"wI":0,"wX":0,"x":26,"y":34},{"data":1000010,"id":500000118,"lvl":0,"wI":0,"wX":0,"x":27,"y":34},{"data":1000010,"id":500000119,"lvl":0,"wI":0,"wX":0,"x":15,"y":22},{"data":1000010,"id":500000120,"lvl":0,"wI":0,"wX":0,"x":15,"y":23},{"data":1000010,"id":500000121,"lvl":0,"wI":0,"wX":0,"x":15,"y":24},{"data":1000010,"id":500000122,"lvl":0,"wI":0,"wX":0,"x":15,"y":25},{"data":1000010,"id":500000123,"lvl":0,"wI":0,"wX":0,"x":15,"y":26},{"data":1000010,"id":500000124,"lvl":0,"wI":0,"wX":0,"x":15,"y":27},{"data":1000010,"id":500000125,"lvl":0,"wI":0,"wX":0,"x":16,"y":27},{"data":1000010,"id":500000126,"lvl":0,"wI":0,"wX":0,"x":16,"y":21},{"data":1000010,"id":500000127,"lvl":0,"wI":0,"wX":0,"x":16,"y":20},{"data":1000010,"id":500000128,"lvl":0,"wI":0,"wX":0,"x":16,"y":19},{"data":1000010,"id":500000129,"lvl":0,"wI":0,"wX":0,"x":16,"y":18},{"data":1000010,"id":500000130,"lvl":0,"wI":0,"wX":0,"x":16,"y":17},{"data":1000010,"id":500000131,"lvl":0,"wI":0,"wX":0,"x":16,"y":16},{"data":1000010,"id":500000132,"lvl":0,"wI":0,"wX":0,"x":16,"y":15},{"data":1000010,"id":500000133,"lvl":0,"wI":0,"wX":0,"x":16,"y":14},{"data":1000010,"id":500000134,"lvl":0,"wI":0,"wX":0,"x":16,"y":13},{"data":1000010,"id":500000135,"lvl":0,"wI":0,"wX":0,"x":16,"y":12},{"data":1000010,"id":500000136,"lvl":0,"wI":0,"wX":0,"x":17,"y":12},{"data":1000020,"id":500000137,"lvl":0,"x":21,"y":35,"units":[],"unit_prod":{"m":1,"unit_type":1}},{"data":1000013,"id":500000138,"lvl":0,"x":34,"y":28,"attack_mode":false,"attack_mode_draft":false,"attack_mode_war":false,"attack_mode_draft_war":false,"attack_mode2":false,"attack_mode_d2":false,"attack_mode3":false,"attack_mode_d3":false,"attack_mode4":false,"attack_mode_d4":false,"attack_mode5":false,"attack_mode_d5":false,"attack_mode_chal":false,"attack_mode_dchal":false,"attack_mode_arrw":false,"attack_mode_draft_arrw":false},{"data":1000012,"id":500000139,"lvl":0,"x":34,"y":31},{"data":1000010,"id":500000140,"lvl":0,"wI":0,"wX":0,"x":28,"y":34},{"data":1000010,"id":500000141,"lvl":0,"wI":0,"wX":0,"x":29,"y":34},{"data":1000010,"id":500000142,"lvl":0,"wI":0,"wX":0,"x":30,"y":34},{"data":1000010,"id":500000143,"lvl":0,"wI":0,"wX":0,"x":31,"y":34},{"data":1000010,"id":500000144,"lvl":0,"wI":0,"wX":0,"x":32,"y":34},{"data":1000010,"id":500000145,"lvl":0,"wI":0,"wX":0,"x":33,"y":34},{"data":1000010,"id":500000146,"lvl":0,"wI":0,"wX":0,"x":34,"y":34},{"data":1000010,"id":500000147,"lvl":0,"wI":0,"wX":0,"x":35,"y":34},{"data":1000010,"id":500000148,"lvl":0,"wI":0,"wX":0,"x":36,"y":34},{"data":1000010,"id":500000149,"lvl":0,"wI":0,"wX":0,"x":37,"y":34},{"data":1000010,"id":500000150,"lvl":0,"wI":0,"wX":0,"x":37,"y":33},{"data":1000010,"id":500000151,"lvl":0,"wI":0,"wX":0,"x":37,"y":32},{"data":1000010,"id":500000152,"lvl":0,"wI":0,"wX":0,"x":37,"y":31},{"data":1000010,"id":500000153,"lvl":0,"wI":0,"wX":0,"x":37,"y":30},{"data":1000010,"id":500000154,"lvl":0,"wI":0,"wX":0,"x":37,"y":29},{"data":1000010,"id":500000155,"lvl":0,"wI":0,"wX":0,"x":37,"y":28},{"data":1000010,"id":500000156,"lvl":0,"wI":0,"wX":0,"x":37,"y":27},{"data":1000010,"id":500000157,"lvl":0,"wI":0,"wX":0,"x":36,"y":27},{"data":1000010,"id":500000158,"lvl":0,"wI":0,"wX":0,"x":35,"y":27},{"data":1000010,"id":500000159,"lvl":0,"wI":0,"wX":0,"x":34,"y":27},{"data":1000010,"id":500000160,"lvl":0,"wI":0,"wX":0,"x":34,"y":16},{"data":1000010,"id":500000161,"lvl":0,"wI":0,"wX":0,"x":35,"y":16},{"data":1000010,"id":500000162,"lvl":0,"wI":0,"wX":0,"x":36,"y":16},{"data":1000010,"id":500000163,"lvl":0,"wI":0,"wX":0,"x":37,"y":16},{"data":1000010,"id":500000164,"lvl":0,"wI":0,"wX":0,"x":38,"y":16},{"data":1000004,"id":500000165,"lvl":0,"x":13,"y":12,"res_time":0},{"data":1000002,"id":500000166,"lvl":0,"x":10,"y":15,"res_time":0},{"data":1000011,"id":500000167,"lvl":0,"x":17,"y":31},{"data":1000028,"id":500000168,"lvl":0,"x":15,"y":28,"aim_angle":0,"aim_angle_draft":0,"aim_angle_war":0,"aim_angle_draft_war":0,"aim_angle2":0,"aim_angle_d2":0,"aim_angle3":0,"aim_angle_d3":0,"aim_angle4":0,"aim_angle_d4":0,"aim_angle5":0,"aim_angle_d5":0,"aim_angle5_chal":0,"aim_angle_dchal":0,"aim_angle_arrw":0,"aim_angle_draft_arrw":0},{"data":1000024,"id":500000169,"lvl":0,"x":34,"y":13},{"data":1000023,"id":500000170,"lvl":0,"x":12,"y":23,"res_time":0},{"data":1000000,"id":500000171,"lvl":0,"x":16,"y":7,"units":[]},{"data":1000026,"id":500000172,"lvl":0,"x":31,"y":35,"unit_prod":{"m":1,"unit_type":0}},{"data":1000006,"id":500000173,"lvl":0,"x":24,"y":38,"unit_prod":{"m":1,"unit_type":0}},{"data":1000009,"id":500000174,"lvl":0,"x":21,"y":38,"attack_mode":false,"attack_mode_draft":false,"attack_mode_war":false,"attack_mode_draft_war":false,"attack_mode2":false,"attack_mode_d2":false,"attack_mode3":false,"attack_mode_d3":false,"attack_mode4":false,"attack_mode_d4":false,"attack_mode5":false,"attack_mode_d5":false,"attack_mode_chal":false,"attack_mode_dchal":false,"attack_mode_arrw":false,"attack_mode_draft_arrw":false},{"data":1000013,"id":500000175,"lvl":0,"x":22,"y":9,"attack_mode":false,"attack_mode_draft":false,"attack_mode_war":false,"attack_mode_draft_war":false,"attack_mode2":false,"attack_mode_d2":false,"attack_mode3":false,"attack_mode_d3":false,"attack_mode4":false,"attack_mode_d4":false,"attack_mode5":false,"attack_mode_d5":false,"attack_mode_chal":false,"attack_mode_dchal":false,"attack_mode_arrw":false,"attack_mode_draft_arrw":false},{"data":1000008,"id":500000176,"lvl":0,"x":12,"y":26,"attack_mode":false,"attack_mode_draft":false,"attack_mode_war":false,"attack_mode_draft_war":false,"attack_mode2":false,"attack_mode_d2":false,"attack_mode3":false,"attack_mode_d3":false,"attack_mode4":false,"attack_mode_d4":false,"attack_mode5":false,"attack_mode_d5":false,"attack_mode_chal":false,"attack_mode_dchal":false,"attack_mode_arrw":false,"attack_mode_draft_arrw":false},{"data":1000008,"id":500000177,"lvl":0,"x":12,"y":29,"attack_mode":false,"attack_mode_draft":false,"attack_mode_war":false,"attack_mode_draft_war":false,"attack_mode2":false,"attack_mode_d2":false,"attack_mode3":false,"attack_mode_d3":false,"attack_mode4":false,"attack_mode_d4":false,"attack_mode5":false,"attack_mode_d5":false,"attack_mode_chal":false,"attack_mode_dchal":false,"attack_mode_arrw":false,"attack_mode_draft_arrw":false},{"data":1000012,"id":500000178,"lvl":0,"x":25,"y":9},{"data":1000010,"id":500000179,"lvl":0,"wI":0,"wX":0,"x":27,"y":35},{"data":1000010,"id":500000180,"lvl":0,"wI":0,"wX":0,"x":27,"y":36},{"data":1000010,"id":500000181,"lvl":0,"wI":0,"wX":0,"x":27,"y":37},{"data":1000010,"id":500000182,"lvl":0,"wI":0,"wX":0,"x":27,"y":38},{"data":1000010,"id":500000183,"lvl":0,"wI":0,"wX":0,"x":27,"y":39},{"data":1000010,"id":500000184,"lvl":0,"wI":0,"wX":0,"x":27,"y":40},{"data":1000010,"id":500000185,"lvl":0,"wI":0,"wX":0,"x":27,"y":41},{"data":1000010,"id":500000186,"lvl":0,"wI":0,"wX":0,"x":26,"y":41},{"data":1000010,"id":500000187,"lvl":0,"wI":0,"wX":0,"x":25,"y":41},{"data":1000010,"id":500000188,"lvl":0,"wI":0,"wX":0,"x":24,"y":41},{"data":1000010,"id":500000189,"lvl":0,"wI":0,"wX":0,"x":23,"y":41},{"data":1000010,"id":500000190,"lvl":0,"wI":0,"wX":0,"x":22,"y":41},{"data":1000010,"id":500000191,"lvl":0,"wI":0,"wX":0,"x":21,"y":41},{"data":1000010,"id":500000192,"lvl":0,"wI":0,"wX":0,"x":20,"y":41},{"data":1000010,"id":500000193,"lvl":0,"wI":0,"wX":0,"x":20,"y":40},{"data":1000010,"id":500000194,"lvl":0,"wI":0,"wX":0,"x":20,"y":39},{"data":1000010,"id":500000195,"lvl":0,"wI":0,"wX":0,"x":20,"y":38},{"data":1000010,"id":500000196,"lvl":0,"wI":0,"wX":0,"x":20,"y":37},{"data":1000010,"id":500000197,"lvl":0,"wI":0,"wX":0,"x":20,"y":36},{"data":1000010,"id":500000198,"lvl":0,"wI":0,"wX":0,"x":20,"y":35},{"data":1000010,"id":500000199,"lvl":0,"wI":0,"wX":0,"x":18,"y":12},{"data":1000010,"id":500000200,"lvl":0,"wI":0,"wX":0,"x":19,"y":12},{"data":1000010,"id":500000201,"lvl":0,"wI":0,"wX":0,"x":20,"y":12},{"data":1000010,"id":500000202,"lvl":0,"wI":0,"wX":0,"x":21,"y":12},{"data":1000010,"id":500000203,"lvl":0,"wI":0,"wX":0,"x":22,"y":12},{"data":1000010,"id":500000204,"lvl":0,"wI":0,"wX":0,"x":23,"y":12},{"data":1000010,"id":500000205,"lvl":0,"wI":0,"wX":0,"x":24,"y":12},{"data":1000010,"id":500000206,"lvl":0,"wI":0,"wX":0,"x":25,"y":12},{"data":1000010,"id":500000207,"lvl":0,"wI":0,"wX":0,"x":26,"y":12},{"data":1000010,"id":500000208,"lvl":0,"wI":0,"wX":0,"x":39,"y":16},{"data":1000010,"id":500000209,"lvl":0,"wI":0,"wX":0,"x":39,"y":17},{"data":1000010,"id":500000210,"lvl":0,"wI":0,"wX":0,"x":39,"y":18},{"data":1000010,"id":500000211,"lvl":0,"wI":0,"wX":0,"x":39,"y":19},{"data":1000010,"id":500000212,"lvl":0,"wI":0,"wX":0,"x":39,"y":20},{"data":1000010,"id":500000213,"lvl":0,"wI":0,"wX":0,"x":39,"y":21},{"data":1000010,"id":500000214,"lvl":0,"wI":0,"wX":0,"x":39,"y":22},{"data":1000010,"id":500000215,"lvl":0,"wI":0,"wX":0,"x":39,"y":23},{"data":1000010,"id":500000216,"lvl":0,"wI":0,"wX":0,"x":39,"y":24},{"data":1000010,"id":500000217,"lvl":0,"wI":0,"wX":0,"x":39,"y":25},{"data":1000010,"id":500000218,"lvl":0,"wI":0,"wX":0,"x":39,"y":26},{"data":1000010,"id":500000219,"lvl":0,"wI":0,"wX":0,"x":39,"y":27},{"data":1000010,"id":500000220,"lvl":0,"wI":0,"wX":0,"x":38,"y":27},{"data":1000010,"id":500000221,"lvl":0,"wI":0,"wX":0,"x":19,"y":34},{"data":1000010,"id":500000222,"lvl":0,"wI":0,"wX":0,"x":18,"y":34},{"data":1000010,"id":500000223,"lvl":0,"wI":0,"wX":0,"x":17,"y":34},{"data":1000010,"id":500000224,"lvl":0,"wI":0,"wX":0,"x":16,"y":34},{"data":1000010,"id":500000225,"lvl":0,"wI":0,"wX":0,"x":15,"y":34},{"data":1000010,"id":500000226,"lvl":0,"wI":0,"wX":0,"x":14,"y":34},{"data":1000010,"id":500000227,"lvl":0,"wI":0,"wX":0,"x":13,"y":34},{"data":1000010,"id":500000228,"lvl":0,"wI":0,"wX":0,"x":12,"y":34},{"data":1000019,"id":500000229,"lvl":0,"x":15,"y":32},{"data":1000019,"id":500000230,"lvl":0,"x":28,"y":39},{"data":1000022,"id":500000231,"lvl":0,"x":17,"y":35},{"data":1000003,"id":500000232,"lvl":0,"x":38,"y":28},{"data":1000005,"id":500000233,"lvl":0,"x":38,"y":31},{"data":1000009,"id":500000234,"lvl":0,"x":34,"y":35,"attack_mode":false,"attack_mode_draft":false,"attack_mode_war":false,"attack_mode_draft_war":false,"attack_mode2":false,"attack_mode_d2":false,"attack_mode3":false,"attack_mode_d3":false,"attack_mode4":false,"attack_mode_d4":false,"attack_mode5":false,"attack_mode_d5":false,"attack_mode_chal":false,"attack_mode_dchal":false,"attack_mode_arrw":false,"attack_mode_draft_arrw":false},{"data":1000011,"id":500000235,"lvl":0,"x":9,"y":19},{"data":1000023,"id":500000236,"lvl":0,"x":28,"y":9,"res_time":0},{"data":1000026,"id":500000237,"lvl":0,"x":40,"y":24,"unit_prod":{"m":1,"unit_type":0}},{"data":1000029,"id":500000238,"lvl":0,"x":40,"y":21,"units":[],"unit_prod":{"m":1,"unit_type":1}},{"data":1000013,"id":500000239,"lvl":0,"x":14,"y":38,"attack_mode":false,"attack_mode_draft":false,"attack_mode_war":false,"attack_mode_draft_war":false,"attack_mode2":false,"attack_mode_d2":false,"attack_mode3":false,"attack_mode_d3":false,"attack_mode4":false,"attack_mode_d4":false,"attack_mode5":false,"attack_mode_d5":false,"attack_mode_chal":false,"attack_mode_dchal":false,"attack_mode_arrw":false,"attack_mode_draft_arrw":false},{"data":1000019,"id":500000240,"lvl":0,"x":34,"y":38},{"data":1000010,"id":500000241,"lvl":0,"wI":0,"wX":0,"x":33,"y":14},{"data":1000010,"id":500000242,"lvl":0,"wI":0,"wX":0,"x":33,"y":13},{"data":1000010,"id":500000243,"lvl":0,"wI":0,"wX":0,"x":33,"y":12},{"data":1000010,"id":500000244,"lvl":0,"wI":0,"wX":0,"x":33,"y":11},{"data":1000010,"id":500000245,"lvl":0,"wI":0,"wX":0,"x":33,"y":10},{"data":1000010,"id":500000246,"lvl":0,"wI":0,"wX":0,"x":33,"y":9},{"data":1000010,"id":500000247,"lvl":0,"wI":0,"wX":0,"x":33,"y":8},{"data":1000010,"id":500000248,"lvl":0,"wI":0,"wX":0,"x":32,"y":8},{"data":1000010,"id":500000249,"lvl":0,"wI":0,"wX":0,"x":31,"y":8},{"data":1000010,"id":500000250,"lvl":0,"wI":0,"wX":0,"x":30,"y":8},{"data":1000010,"id":500000251,"lvl":0,"wI":0,"wX":0,"x":29,"y":8},{"data":1000010,"id":500000252,"lvl":0,"wI":0,"wX":0,"x":28,"y":8},{"data":1000010,"id":500000253,"lvl":0,"wI":0,"wX":0,"x":27,"y":8},{"data":1000010,"id":500000254,"lvl":0,"wI":0,"wX":0,"x":26,"y":8},{"data":1000010,"id":500000255,"lvl":0,"wI":0,"wX":0,"x":25,"y":8},{"data":1000010,"id":500000256,"lvl":0,"wI":0,"wX":0,"x":24,"y":8},{"data":1000010,"id":500000257,"lvl":0,"wI":0,"wX":0,"x":23,"y":8},{"data":1000010,"id":500000258,"lvl":0,"wI":0,"wX":0,"x":22,"y":8},{"data":1000010,"id":500000259,"lvl":0,"wI":0,"wX":0,"x":21,"y":8},{"data":1000010,"id":500000260,"lvl":0,"wI":0,"wX":0,"x":21,"y":9},{"data":1000010,"id":500000261,"lvl":0,"wI":0,"wX":0,"x":21,"y":10},{"data":1000010,"id":500000262,"lvl":0,"wI":0,"wX":0,"x":21,"y":11},{"data":1000010,"id":500000263,"lvl":0,"wI":0,"wX":0,"x":11,"y":34},{"data":1000010,"id":500000264,"lvl":0,"wI":0,"wX":0,"x":11,"y":33},{"data":1000010,"id":500000265,"lvl":0,"wI":0,"wX":0,"x":11,"y":32},{"data":1000010,"id":500000266,"lvl":0,"wI":0,"wX":0,"x":11,"y":31},{"data":1000010,"id":500000267,"lvl":0,"wI":0,"wX":0,"x":11,"y":30},{"data":1000010,"id":500000268,"lvl":0,"wI":0,"wX":0,"x":11,"y":29},{"data":1000010,"id":500000269,"lvl":0,"wI":0,"wX":0,"x":11,"y":28},{"data":1000010,"id":500000270,"lvl":0,"wI":0,"wX":0,"x":11,"y":27},{"data":1000010,"id":500000271,"lvl":0,"wI":0,"wX":0,"x":11,"y":26},{"data":1000010,"id":500000272,"lvl":0,"wI":0,"wX":0,"x":11,"y":25},{"data":1000010,"id":500000273,"lvl":0,"wI":0,"wX":0,"x":11,"y":24},{"data":1000010,"id":500000274,"lvl":0,"wI":0,"wX":0,"x":11,"y":23},{"data":1000010,"id":500000275,"lvl":0,"wI":0,"wX":0,"x":11,"y":22},{"data":1000010,"id":500000276,"lvl":0,"wI":0,"wX":0,"x":12,"y":22},{"data":1000010,"id":500000277,"lvl":0,"wI":0,"wX":0,"x":13,"y":22},{"data":1000010,"id":500000278,"lvl":0,"wI":0,"wX":0,"x":14,"y":22},{"data":1000010,"id":500000279,"lvl":0,"wI":0,"wX":0,"x":40,"y":27},{"data":1000010,"id":500000280,"lvl":0,"wI":0,"wX":0,"x":41,"y":27},{"data":1000010,"id":500000281,"lvl":0,"wI":0,"wX":0,"x":41,"y":28},{"data":1000010,"id":500000282,"lvl":0,"wI":0,"wX":0,"x":41,"y":29},{"data":1000010,"id":500000283,"lvl":0,"wI":0,"wX":0,"x":41,"y":30},{"data":1000010,"id":500000284,"lvl":0,"wI":0,"wX":0,"x":41,"y":31},{"data":1000010,"id":500000285,"lvl":0,"wI":0,"wX":0,"x":41,"y":32},{"data":1000010,"id":500000286,"lvl":0,"wI":0,"wX":0,"x":41,"y":33},{"data":1000010,"id":500000287,"lvl":0,"wI":0,"wX":0,"x":41,"y":34},{"data":1000010,"id":500000288,"lvl":0,"wI":0,"wX":0,"x":40,"y":34},{"data":1000010,"id":500000289,"lvl":0,"wI":0,"wX":0,"x":39,"y":34},{"data":1000010,"id":500000290,"lvl":0,"wI":0,"wX":0,"x":38,"y":34},{"data":1000003,"id":500000291,"lvl":0,"x":38,"y":35},{"data":1000005,"id":500000292,"lvl":0,"x":38,"y":38},{"data":1000025,"id":500000293,"lvl":0,"x":14,"y":35},{"data":1000010,"id":500000294,"lvl":0,"wI":0,"wX":0,"x":41,"y":35},{"data":1000010,"id":500000295,"lvl":0,"wI":0,"wX":0,"x":41,"y":36},{"data":1000010,"id":500000296,"lvl":0,"wI":0,"wX":0,"x":41,"y":37},{"data":1000010,"id":500000297,"lvl":0,"wI":0,"wX":0,"x":41,"y":38},{"data":1000010,"id":500000298,"lvl":0,"wI":0,"wX":0,"x":41,"y":39},{"data":1000010,"id":500000299,"lvl":0,"wI":0,"wX":0,"x":41,"y":40},{"data":1000010,"id":500000300,"lvl":0,"wI":0,"wX":0,"x":41,"y":41},{"data":1000010,"id":500000301,"lvl":0,"wI":0,"wX":0,"x":40,"y":41},{"data":1000010,"id":500000302,"lvl":0,"wI":0,"wX":0,"x":39,"y":41},{"data":1000010,"id":500000303,"lvl":0,"wI":0,"wX":0,"x":38,"y":41},{"data":1000010,"id":500000304,"lvl":0,"wI":0,"wX":0,"x":37,"y":41},{"data":1000010,"id":500000305,"lvl":0,"wI":0,"wX":0,"x":36,"y":41},{"data":1000010,"id":500000306,"lvl":0,"wI":0,"wX":0,"x":35,"y":41},{"data":1000010,"id":500000307,"lvl":0,"wI":0,"wX":0,"x":34,"y":41},{"data":1000010,"id":500000308,"lvl":0,"wI":0,"wX":0,"x":33,"y":41},{"data":1000010,"id":500000309,"lvl":0,"wI":0,"wX":0,"x":32,"y":41},{"data":1000010,"id":500000310,"lvl":0,"wI":0,"wX":0,"x":31,"y":41},{"data":1000010,"id":500000311,"lvl":0,"wI":0,"wX":0,"x":30,"y":41},{"data":1000010,"id":500000312,"lvl":0,"wI":0,"wX":0,"x":29,"y":41},{"data":1000010,"id":500000313,"lvl":0,"wI":0,"wX":0,"x":28,"y":41},{"data":1000010,"id":500000314,"lvl":0,"wI":0,"wX":0,"x":37,"y":40},{"data":1000010,"id":500000315,"lvl":0,"wI":0,"wX":0,"x":37,"y":39},{"data":1000010,"id":500000316,"lvl":0,"wI":0,"wX":0,"x":37,"y":38},{"data":1000010,"id":500000317,"lvl":0,"wI":0,"wX":0,"x":37,"y":37},{"data":1000010,"id":500000318,"lvl":0,"wI":0,"wX":0,"x":37,"y":36},{"data":1000021,"id":500000319,"lvl":0,"x":11,"y":35,"attack_mode":false,"attack_mode_draft":false,"attack_mode_war":false,"attack_mode_draft_war":false,"attack_mode2":false,"attack_mode_d2":false,"attack_mode3":false,"attack_mode_d3":false,"attack_mode4":false,"attack_mode_d4":false,"attack_mode5":false,"attack_mode_d5":false,"attack_mode_chal":false,"attack_mode_dchal":false,"attack_mode_arrw":false,"attack_mode_draft_arrw":false,"ammo":1500},{"data":1000009,"id":500000320,"lvl":0,"x":17,"y":38,"attack_mode":false,"attack_mode_draft":false,"attack_mode_war":false,"attack_mode_draft_war":false,"attack_mode2":false,"attack_mode_d2":false,"attack_mode3":false,"attack_mode_d3":false,"attack_mode4":false,"attack_mode_d4":false,"attack_mode5":false,"attack_mode_d5":false,"attack_mode_chal":false,"attack_mode_dchal":false,"attack_mode_arrw":false,"attack_mode_draft_arrw":false},{"data":1000012,"id":500000321,"lvl":0,"x":34,"y":10},{"data":1000011,"id":500000322,"lvl":0,"x":37,"y":13},{"data":1000021,"id":500000323,"lvl":0,"x":37,"y":10,"attack_mode":false,"attack_mode_draft":false,"attack_mode_war":false,"attack_mode_draft_war":false,"attack_mode2":false,"attack_mode_d2":false,"attack_mode3":false,"attack_mode_d3":false,"attack_mode4":false,"attack_mode_d4":false,"attack_mode5":false,"attack_mode_d5":false,"attack_mode_chal":false,"attack_mode_dchal":false,"attack_mode_arrw":false,"attack_mode_draft_arrw":false,"ammo":1500},{"data":1000019,"id":500000324,"lvl":0,"x":11,"y":13},{"data":1000028,"id":500000325,"lvl":0,"x":14,"y":10,"aim_angle":0,"aim_angle_draft":0,"aim_angle_war":0,"aim_angle_draft_war":0,"aim_angle2":0,"aim_angle_d2":0,"aim_angle3":0,"aim_angle_d3":0,"aim_angle4":0,"aim_angle_d4":0,"aim_angle5":0,"aim_angle_d5":0,"aim_angle5_chal":0,"aim_angle_dchal":0,"aim_angle_arrw":0,"aim_angle_draft_arrw":0},{"data":1000002,"id":500000326,"lvl":0,"x":8,"y":24,"res_time":0},{"data":1000009,"id":500000327,"lvl":0,"x":8,"y":27,"attack_mode":false,"attack_mode_draft":false,"attack_mode_war":false,"attack_mode_draft_war":false,"attack_mode2":false,"attack_mode_d2":false,"attack_mode3":false,"attack_mode_d3":false,"attack_mode4":false,"attack_mode_d4":false,"attack_mode5":false,"attack_mode_d5":false,"attack_mode_chal":false,"attack_mode_dchal":false,"attack_mode_arrw":false,"attack_mode_draft_arrw":false},{"data":1000008,"id":500000328,"lvl":0,"x":8,"y":30,"attack_mode":false,"attack_mode_draft":false,"attack_mode_war":false,"attack_mode_draft_war":false,"attack_mode2":false,"attack_mode_d2":false,"attack_mode3":false,"attack_mode_d3":false,"attack_mode4":false,"attack_mode_d4":false,"attack_mode5":false,"attack_mode_d5":false,"attack_mode_chal":false,"attack_mode_dchal":false,"attack_mode_arrw":false,"attack_mode_draft_arrw":false},{"data":1000021,"id":500000329,"lvl":0,"x":40,"y":18,"attack_mode":false,"attack_mode_draft":false,"attack_mode_war":false,"attack_mode_draft_war":false,"attack_mode2":false,"attack_mode_d2":false,"attack_mode3":false,"attack_mode_d3":false,"attack_mode4":false,"attack_mode_d4":false,"attack_mode5":false,"attack_mode_d5":false,"attack_mode_chal":false,"attack_mode_dchal":false,"attack_mode_arrw":false,"attack_mode_draft_arrw":false,"ammo":1500},{"data":1000027,"id":500000330,"lvl":0,"x":34,"y":8,"attack_mode":false,"attack_mode_draft":false,"attack_mode_war":false,"attack_mode_draft_war":false,"attack_mode2":false,"attack_mode_d2":false,"attack_mode3":false,"attack_mode_d3":false,"attack_mode4":false,"attack_mode_d4":false,"attack_mode5":false,"attack_mode_d5":false,"attack_mode_chal":false,"attack_mode_dchal":false,"attack_mode_arrw":false,"attack_mode_draft_arrw":false,"ammo":1000},{"data":1000027,"id":500000331,"lvl":0,"x":11,"y":11,"attack_mode":false,"attack_mode_draft":false,"attack_mode_war":false,"attack_mode_draft_war":false,"attack_mode2":false,"attack_mode_d2":false,"attack_mode3":false,"attack_mode_d3":false,"attack_mode4":false,"attack_mode_d4":false,"attack_mode5":false,"attack_mode_d5":false,"attack_mode_chal":false,"attack_mode_dchal":false,"attack_mode_arrw":false,"attack_mode_draft_arrw":false,"ammo":1000},{"data":1000004,"id":500000332,"lvl":0,"x":13,"y":7,"res_time":0},{"data":1000023,"id":500000333,"lvl":0,"x":40,"y":15,"res_time":0},{"data":1000010,"id":500000334,"lvl":0,"wI":0,"wX":0,"x":42,"y":27},{"data":1000010,"id":500000335,"lvl":0,"wI":0,"wX":0,"x":43,"y":27},{"data":1000010,"id":500000336,"lvl":0,"wI":0,"wX":0,"x":43,"y":26},{"data":1000010,"id":500000337,"lvl":0,"wI":0,"wX":0,"x":43,"y":25},{"data":1000010,"id":500000338,"lvl":0,"wI":0,"wX":0,"x":43,"y":24},{"data":1000010,"id":500000339,"lvl":0,"wI":0,"wX":0,"x":43,"y":23},{"data":1000010,"id":500000340,"lvl":0,"wI":0,"wX":0,"x":43,"y":22},{"data":1000010,"id":500000341,"lvl":0,"wI":0,"wX":0,"x":43,"y":21},{"data":1000010,"id":500000342,"lvl":0,"wI":0,"wX":0,"x":43,"y":20},{"data":1000010,"id":500000343,"lvl":0,"wI":0,"wX":0,"x":43,"y":19},{"data":1000010,"id":500000344,"lvl":0,"wI":0,"wX":0,"x":43,"y":18},{"data":1000010,"id":500000345,"lvl":0,"wI":0,"wX":0,"x":43,"y":17},{"data":1000010,"id":500000346,"lvl":0,"wI":0,"wX":0,"x":43,"y":16},{"data":1000010,"id":500000347,"lvl":0,"wI":0,"wX":0,"x":43,"y":15},{"data":1000010,"id":500000348,"lvl":0,"wI":0,"wX":0,"x":43,"y":14},{"data":1000010,"id":500000349,"lvl":0,"wI":0,"wX":0,"x":42,"y":14},{"data":1000010,"id":500000350,"lvl":0,"wI":0,"wX":0,"x":41,"y":14},{"data":1000010,"id":500000351,"lvl":0,"wI":0,"wX":0,"x":40,"y":14},{"data":1000010,"id":500000352,"lvl":0,"wI":0,"wX":0,"x":40,"y":13},{"data":1000010,"id":500000353,"lvl":0,"wI":0,"wX":0,"x":40,"y":12},{"data":1000010,"id":500000354,"lvl":0,"wI":0,"wX":0,"x":40,"y":11},{"data":1000010,"id":500000355,"lvl":0,"wI":0,"wX":0,"x":40,"y":10},{"data":1000010,"id":500000356,"lvl":0,"wI":0,"wX":0,"x":40,"y":9},{"data":1000010,"id":500000357,"lvl":0,"wI":0,"wX":0,"x":32,"y":6},{"data":1000010,"id":500000358,"lvl":0,"wI":0,"wX":0,"x":40,"y":8},{"data":1000009,"id":500000359,"lvl":0,"x":11,"y":38,"attack_mode":false,"attack_mode_draft":false,"attack_mode_war":false,"attack_mode_draft_war":false,"attack_mode2":false,"attack_mode_d2":false,"attack_mode3":false,"attack_mode_d3":false,"attack_mode4":false,"attack_mode_d4":false,"attack_mode5":false,"attack_mode_d5":false,"attack_mode_chal":false,"attack_mode_dchal":false,"attack_mode_arrw":false,"attack_mode_draft_arrw":false},{"data":1000008,"id":500000360,"lvl":0,"x":10,"y":8,"attack_mode":false,"attack_mode_draft":false,"attack_mode_war":false,"attack_mode_draft_war":false,"attack_mode2":false,"attack_mode_d2":false,"attack_mode3":false,"attack_mode_d3":false,"attack_mode4":false,"attack_mode_d4":false,"attack_mode5":false,"attack_mode_d5":false,"attack_mode_chal":false,"attack_mode_dchal":false,"attack_mode_arrw":false,"attack_mode_draft_arrw":false},{"data":1000011,"id":500000361,"lvl":0,"x":42,"y":28},{"data":1000030,"id":500000362,"lvl":0,"x":6,"y":21},{"data":1000021,"id":500000363,"lvl":0,"x":21,"y":5,"attack_mode":false,"attack_mode_draft":false,"attack_mode_war":false,"attack_mode_draft_war":false,"attack_mode2":false,"attack_mode_d2":false,"attack_mode3":false,"attack_mode_d3":false,"attack_mode4":false,"attack_mode_d4":false,"attack_mode5":false,"attack_mode_d5":false,"attack_mode_chal":false,"attack_mode_dchal":false,"attack_mode_arrw":false,"attack_mode_draft_arrw":false,"ammo":1500},{"data":1000031,"id":500000364,"lvl":0,"x":24,"y":4,"ammo":30},{"data":1000010,"id":500000365,"lvl":0,"wI":0,"wX":0,"x":20,"y":4},{"data":1000010,"id":500000366,"lvl":0,"wI":0,"wX":0,"x":20,"y":3},{"data":1000010,"id":500000367,"lvl":0,"wI":0,"wX":0,"x":21,"y":3},{"data":1000010,"id":500000368,"lvl":0,"wI":0,"wX":0,"x":22,"y":3},{"data":1000010,"id":500000369,"lvl":0,"wI":0,"wX":0,"x":23,"y":3},{"data":1000010,"id":500000370,"lvl":0,"wI":0,"wX":0,"x":24,"y":3},{"data":1000010,"id":500000371,"lvl":0,"wI":0,"wX":0,"x":25,"y":3},{"data":1000010,"id":500000372,"lvl":0,"wI":0,"wX":0,"x":26,"y":3},{"data":1000010,"id":500000373,"lvl":0,"wI":0,"wX":0,"x":27,"y":3},{"data":1000010,"id":500000374,"lvl":0,"wI":0,"wX":0,"x":28,"y":3},{"data":1000010,"id":500000375,"lvl":0,"wI":0,"wX":0,"x":29,"y":3},{"data":1000010,"id":500000376,"lvl":0,"wI":0,"wX":0,"x":30,"y":3},{"data":1000010,"id":500000377,"lvl":0,"wI":0,"wX":0,"x":31,"y":3},{"data":1000010,"id":500000378,"lvl":0,"wI":0,"wX":0,"x":32,"y":3},{"data":1000010,"id":500000379,"lvl":0,"wI":0,"wX":0,"x":32,"y":4},{"data":1000010,"id":500000380,"lvl":0,"wI":0,"wX":0,"x":32,"y":7},{"data":1000010,"id":500000381,"lvl":0,"wI":0,"wX":0,"x":33,"y":7},{"data":1000010,"id":500000382,"lvl":0,"wI":0,"wX":0,"x":34,"y":7},{"data":1000010,"id":500000383,"lvl":0,"wI":0,"wX":0,"x":35,"y":7},{"data":1000010,"id":500000384,"lvl":0,"wI":0,"wX":0,"x":36,"y":7},{"data":1000010,"id":500000385,"lvl":0,"wI":0,"wX":0,"x":37,"y":7},{"data":1000010,"id":500000386,"lvl":0,"wI":0,"wX":0,"x":38,"y":7},{"data":1000010,"id":500000387,"lvl":0,"wI":0,"wX":0,"x":39,"y":7},{"data":1000010,"id":500000388,"lvl":0,"wI":0,"wX":0,"x":40,"y":7},{"data":1000010,"id":500000389,"lvl":0,"wI":0,"wX":0,"x":32,"y":5}],
"obstacles":[{"data":8000007,"id":503000000,"x":40,"y":43,"lmv":2},{"data":8000008,"id":503000001,"x":5,"y":15,"lmv":2},{"data":8000010,"id":503000002,"x":29,"y":48,"lmv":2},{"data":8000008,"id":503000003,"x":2,"y":32,"lmv":2}],
"traps":[{"data":12000000,"id":504000000,"lvl":0,"x":17,"y":24},{"data":12000000,"id":504000001,"lvl":0,"x":17,"y":23},{"data":12000001,"id":504000002,"lvl":0,"x":16,"y":24},{"data":12000001,"id":504000003,"lvl":0,"x":16,"y":23},{"data":12000000,"id":504000004,"lvl":0,"x":31,"y":38},{"data":12000000,"id":504000005,"lvl":0,"x":30,"y":38},{"data":12000005,"id":504000006,"lvl":0,"x":29,"y":38},{"data":12000005,"id":504000007,"lvl":0,"x":28,"y":38},{"data":12000001,"id":504000008,"lvl":0,"x":26,"y":14},{"data":12000001,"id":504000009,"lvl":0,"x":26,"y":13},{"data":12000002,"id":504000010,"lvl":0,"x":15,"y":30},{"data":12000000,"id":504000011,"lvl":0,"x":32,"y":38},{"data":12000000,"id":504000012,"lvl":0,"x":33,"y":38},{"data":12000002,"id":504000013,"lvl":0,"x":13,"y":32},{"data":12000006,"id":504000014,"lvl":0,"x":12,"y":32},{"data":12000001,"id":504000015,"lvl":0,"x":11,"y":18},{"data":12000001,"id":504000016,"lvl":0,"x":10,"y":18},{"data":12000006,"id":504000017,"lvl":0,"x":10,"y":23},{"data":12000002,"id":504000018,"lvl":0,"x":30,"y":39},{"data":12000005,"id":504000019,"lvl":0,"x":32,"y":39},{"data":12000005,"id":504000020,"lvl":0,"x":33,"y":39},{"data":12000008,"id":504000021,"lvl":0,"air_mode":false,"air_mode_draft":false,"air_mode_war":false,"air_mode_draft_war":false,"air_mode2":false,"air_mode_d2":false,"air_mode3":false,"air_mode_d3":false,"air_mode4":false,"air_mode_d4":false,"air_mode5":false,"air_mode_d5":false,"air_mode6":false,"air_mode_d6":false,"air_mode7":false,"air_mode_d7":false,"x":36,"y":38},{"data":12000008,"id":504000022,"lvl":0,"air_mode":false,"air_mode_draft":false,"air_mode_war":false,"air_mode_draft_war":false,"air_mode2":false,"air_mode_d2":false,"air_mode3":false,"air_mode_d3":false,"air_mode4":false,"air_mode_d4":false,"air_mode5":false,"air_mode_d5":false,"air_mode6":false,"air_mode_d6":false,"air_mode7":false,"air_mode_d7":false,"x":36,"y":39},{"data":12000006,"id":504000023,"lvl":0,"x":37,"y":35},{"data":12000006,"id":504000024,"lvl":0,"x":36,"y":40},{"data":12000002,"id":504000025,"lvl":0,"x":31,"y":10},{"data":12000002,"id":504000026,"lvl":0,"x":9,"y":33},{"data":12000005,"id":504000027,"lvl":0,"x":12,"y":33},{"data":12000008,"id":504000028,"lvl":0,"air_mode":false,"air_mode_draft":false,"air_mode_war":false,"air_mode_draft_war":false,"air_mode2":false,"air_mode_d2":false,"air_mode3":false,"air_mode_d3":false,"air_mode4":false,"air_mode_d4":false,"air_mode5":false,"air_mode_d5":false,"air_mode6":false,"air_mode_d6":false,"air_mode7":false,"air_mode_d7":false,"x":10,"y":35},{"data":12000006,"id":504000029,"lvl":0,"x":10,"y":36}],
"decos":[{"data":18000001,"id":506000000,"x":3,"y":3},{"data":18000001,"id":506000001,"x":3,"y":5},{"data":18000001,"id":506000002,"x":5,"y":3},{"data":18000001,"id":506000003,"x":5,"y":5},{"data":18000005,"id":506000004,"x":3,"y":45},{"data":18000005,"id":506000005,"x":3,"y":43},{"data":18000005,"id":506000006,"x":5,"y":45},{"data":18000005,"id":506000007,"x":5,"y":43},{"data":18000007,"id":506000008,"x":3,"y":41},{"data":18000003,"id":506000009,"x":5,"y":41},{"data":18000006,"id":506000010,"x":7,"y":45},{"data":18000006,"id":506000011,"x":7,"y":43},{"data":18000006,"id":506000012,"x":9,"y":45},{"data":18000006,"id":506000013,"x":9,"y":43},{"data":18000008,"id":506000014,"x":3,"y":39},{"data":18000009,"id":506000015,"x":5,"y":39},{"data":18000019,"id":506000016,"x":11,"y":45},{"data":18000034,"id":506000017,"x":11,"y":43},{"data":18000035,"id":506000018,"x":13,"y":45},{"data":18000011,"id":506000019,"x":13,"y":43},{"data":18000012,"id":506000020,"x":15,"y":45},{"data":18000013,"id":506000021,"x":15,"y":43},{"data":18000014,"id":506000022,"x":17,"y":45},{"data":18000015,"id":506000023,"x":17,"y":43},{"data":18000016,"id":506000024,"x":19,"y":45},{"data":18000017,"id":506000025,"x":19,"y":43},{"data":18000018,"id":506000026,"x":21,"y":45},{"data":18000036,"id":506000027,"x":21,"y":43},{"data":18000020,"id":506000028,"x":23,"y":45},{"data":18000021,"id":506000029,"x":23,"y":43},{"data":18000022,"id":506000030,"x":25,"y":45},{"data":18000023,"id":506000031,"x":25,"y":43},{"data":18000024,"id":506000032,"x":27,"y":45},{"data":18000025,"id":506000033,"x":27,"y":43},{"data":18000026,"id":506000034,"x":29,"y":45},{"data":18000027,"id":506000035,"x":29,"y":43},{"data":18000028,"id":506000036,"x":31,"y":45},{"data":18000029,"id":506000037,"x":31,"y":43},{"data":18000031,"id":506000038,"x":33,"y":45},{"data":18000030,"id":506000039,"x":33,"y":43},{"data":18000032,"id":506000040,"x":35,"y":45},{"data":18000004,"id":506000041,"x":45,"y":45},{"data":18000000,"id":506000042,"x":45,"y":3},{"data":18000010,"id":506000043,"x":45,"y":5},{"data":18000033,"id":506000044,"x":43,"y":3}],
"respawnVars":{"secondsFromLastRespawn":2882,"respawnSeed":272448509,"obstacleClearCounter":0,"time_to_gembox_drop":745918,"time_in_gembox_period":51118},
"units":{"unit_prod":{}},"spells":{"unit_prod":{}},
"buildings2":[{"data":1000034,"id":500000000,"lvl":7,"x":31,"y":26},{"data":1000033,"id":500000006,"lvl":0,"wI":6,"wP":1,"wX":0,"x":30,"y":27},{"data":1000033,"id":500000007,"lvl":0,"wI":6,"wX":1,"x":30,"y":25},{"data":1000033,"id":500000008,"lvl":0,"wI":6,"wX":2,"x":30,"y":29},{"data":1000033,"id":500000009,"lvl":0,"wI":6,"wX":3,"x":30,"y":26},{"data":1000033,"id":500000010,"lvl":0,"wI":6,"wX":4,"x":30,"y":28},{"data":1000033,"id":500000036,"lvl":0,"wI":36,"wP":1,"wX":0,"x":30,"y":22},{"data":1000033,"id":500000037,"lvl":0,"wI":36,"wX":1,"x":30,"y":20},{"data":1000033,"id":500000038,"lvl":0,"wI":36,"wX":2,"x":30,"y":24},{"data":1000033,"id":500000039,"lvl":0,"wI":36,"wX":3,"x":30,"y":21},{"data":1000033,"id":500000040,"lvl":0,"wI":36,"wX":4,"x":30,"y":23},{"data":1000035,"id":500000065,"lvl":0,"x":27,"y":27,"res_time":0},{"data":1000040,"id":500000115,"lvl":0,"x":18,"y":23,"unit_prod":{"m":1,"unit_type":0}},{"data":1000044,"id":500000116,"lvl":0,"x":14,"y":28},{"data":1000039,"id":500000117,"lvl":0,"locked":true,"x":13,"y":39},{"data":1000053,"id":500000118,"lvl":0,"locked":true,"x":43,"y":14},{"data":1000046,"id":500000119,"lvl":0,"x":31,"y":22},{"data":1000042,"id":500000120,"lvl":0,"x":18,"y":27,"up2":{"unit":[4000031,4]}},{"data":1000037,"id":500000122,"lvl":0,"x":27,"y":24,"res_time":0},{"data":1000058,"id":500000123,"lvl":0,"locked":true,"x":6,"y":14,"res_time":0},{"data":1000033,"id":500000124,"lvl":0,"wI":11,"wP":1,"wX":0,"x":21,"y":27},{"data":1000033,"id":500000125,"lvl":0,"wI":11,"wX":1,"x":21,"y":29},{"data":1000033,"id":500000126,"lvl":0,"wI":11,"wX":2,"x":21,"y":25},{"data":1000033,"id":500000127,"lvl":0,"wI":11,"wX":3,"x":21,"y":28},{"data":1000033,"id":500000128,"lvl":0,"wI":11,"wX":4,"x":21,"y":26},{"data":1000033,"id":500000129,"lvl":0,"wI":16,"wP":1,"wX":0,"x":28,"y":30},{"data":1000033,"id":500000130,"lvl":0,"wI":16,"wX":1,"x":30,"y":30},{"data":1000033,"id":500000131,"lvl":0,"wI":16,"wX":2,"x":26,"y":30},{"data":1000033,"id":500000132,"lvl":0,"wI":16,"wX":3,"x":29,"y":30},{"data":1000033,"id":500000133,"lvl":0,"wI":16,"wX":4,"x":27,"y":30},{"data":1000033,"id":500000134,"lvl":0,"wI":21,"wP":1,"wX":0,"x":21,"y":22},{"data":1000033,"id":500000135,"lvl":0,"wI":21,"wX":1,"x":21,"y":20},{"data":1000033,"id":500000136,"lvl":0,"wI":21,"wX":2,"x":21,"y":24},{"data":1000033,"id":500000137,"lvl":0,"wI":21,"wX":3,"x":21,"y":21},{"data":1000033,"id":500000138,"lvl":0,"wI":21,"wX":4,"x":21,"y":23},{"data":1000033,"id":500000139,"lvl":0,"wI":26,"wP":1,"wX":0,"x":23,"y":30},{"data":1000033,"id":500000140,"lvl":0,"wI":26,"wX":1,"x":25,"y":30},{"data":1000033,"id":500000141,"lvl":0,"wI":26,"wX":2,"x":21,"y":30},{"data":1000033,"id":500000142,"lvl":0,"wI":26,"wX":3,"x":24,"y":30},{"data":1000033,"id":500000143,"lvl":0,"wI":26,"wX":4,"x":22,"y":30},{"data":1000033,"id":500000144,"lvl":0,"wI":31,"wP":1,"wX":0,"x":28,"y":19},{"data":1000033,"id":500000145,"lvl":0,"wI":31,"wX":1,"x":30,"y":19},{"data":1000033,"id":500000146,"lvl":0,"wI":31,"wX":2,"x":26,"y":19},{"data":1000033,"id":500000147,"lvl":0,"wI":31,"wX":3,"x":29,"y":19},{"data":1000033,"id":500000148,"lvl":0,"wI":31,"wX":4,"x":27,"y":19},{"data":1000033,"id":500000149,"lvl":0,"wI":37,"wP":1,"wX":0,"x":23,"y":19},{"data":1000033,"id":500000150,"lvl":0,"wI":37,"wX":1,"x":25,"y":19},{"data":1000033,"id":500000151,"lvl":0,"wI":37,"wX":2,"x":21,"y":19},{"data":1000033,"id":500000152,"lvl":0,"wI":37,"wX":3,"x":24,"y":19},{"data":1000033,"id":500000153,"lvl":0,"wI":37,"wX":4,"x":22,"y":19},{"data":1000033,"id":500000154,"lvl":0,"wI":41,"wP":1,"wX":0,"x":33,"y":30},{"data":1000033,"id":500000155,"lvl":0,"wI":41,"wX":1,"x":35,"y":30},{"data":1000033,"id":500000156,"lvl":0,"wI":41,"wX":2,"x":31,"y":30},{"data":1000033,"id":500000157,"lvl":0,"wI":41,"wX":3,"x":34,"y":30},{"data":1000033,"id":500000158,"lvl":0,"wI":41,"wX":4,"x":32,"y":30},{"data":1000033,"id":500000159,"lvl":0,"wI":46,"wP":1,"wX":0,"x":38,"y":30},{"data":1000033,"id":500000160,"lvl":0,"wI":46,"wX":1,"x":40,"y":30},{"data":1000033,"id":500000161,"lvl":0,"wI":46,"wX":2,"x":36,"y":30},{"data":1000033,"id":500000162,"lvl":0,"wI":46,"wX":3,"x":39,"y":30},{"data":1000033,"id":500000163,"lvl":0,"wI":46,"wX":4,"x":37,"y":30},{"data":1000036,"id":500000164,"lvl":0,"x":24,"y":27},{"data":1000038,"id":500000165,"lvl":0,"x":24,"y":24},{"data":1000041,"id":500000166,"lvl":0,"x":25,"y":31},{"data":1000042,"id":500000167,"lvl":0,"x":18,"y":30,"up2":{}},{"data":1000042,"id":500000168,"lvl":0,"x":21,"y":31,"up2":{}},{"data":1000043,"id":500000169,"lvl":0,"x":22,"y":28},{"data":1000048,"id":500000170,"lvl":0,"x":28,"y":31,"attack_mode":false,"attack_mode_draft":false,"attack_mode_war":false,"attack_mode_draft_war":false,"attack_mode2":false,"attack_mode_d2":false,"attack_mode3":false,"attack_mode_d3":false,"attack_mode4":false,"attack_mode_d4":false,"attack_mode5":false,"attack_mode_d5":false,"attack_mode_chal":false,"attack_mode_dchal":false,"attack_mode_arrw":false,"attack_mode_draft_arrw":false},{"data":1000050,"id":500000171,"lvl":0,"x":22,"y":25},{"data":1000055,"id":500000172,"lvl":0,"x":31,"y":31},{"data":1000033,"id":500000173,"lvl":0,"wI":51,"wP":1,"wX":0,"x":33,"y":19},{"data":1000033,"id":500000174,"lvl":0,"wI":51,"wX":1,"x":35,"y":19},{"data":1000033,"id":500000175,"lvl":0,"wI":51,"wX":2,"x":31,"y":19},{"data":1000033,"id":500000176,"lvl":0,"wI":51,"wX":3,"x":34,"y":19},{"data":1000033,"id":500000177,"lvl":0,"wI":51,"wX":4,"x":32,"y":19},{"data":1000033,"id":500000178,"lvl":0,"wI":56,"wP":1,"wX":0,"x":38,"y":19},{"data":1000033,"id":500000179,"lvl":0,"wI":56,"wX":1,"x":40,"y":19},{"data":1000033,"id":500000180,"lvl":0,"wI":56,"wX":2,"x":36,"y":19},{"data":1000033,"id":500000181,"lvl":0,"wI":56,"wX":3,"x":39,"y":19},{"data":1000033,"id":500000182,"lvl":0,"wI":56,"wX":4,"x":37,"y":19},{"data":1000033,"id":500000183,"lvl":0,"wI":61,"wP":1,"wX":0,"x":40,"y":27},{"data":1000033,"id":500000184,"lvl":0,"wI":61,"wX":1,"x":40,"y":29},{"data":1000033,"id":500000185,"lvl":0,"wI":61,"wX":2,"x":40,"y":25},{"data":1000033,"id":500000186,"lvl":0,"wI":61,"wX":3,"x":40,"y":28},{"data":1000033,"id":500000187,"lvl":0,"wI":61,"wX":4,"x":40,"y":26},{"data":1000033,"id":500000188,"lvl":0,"wI":66,"wP":1,"wX":0,"x":40,"y":22},{"data":1000033,"id":500000189,"lvl":0,"wI":66,"wX":1,"x":40,"y":24},{"data":1000033,"id":500000190,"lvl":0,"wI":66,"wX":2,"x":40,"y":20},{"data":1000033,"id":500000191,"lvl":0,"wI":66,"wX":3,"x":40,"y":23},{"data":1000033,"id":500000192,"lvl":0,"wI":66,"wX":4,"x":40,"y":21},{"data":1000033,"id":500000193,"lvl":0,"wI":71,"wP":1,"wX":0,"x":38,"y":16},{"data":1000033,"id":500000194,"lvl":0,"wI":71,"wX":1,"x":38,"y":18},{"data":1000033,"id":500000195,"lvl":0,"wI":71,"wX":2,"x":38,"y":14},{"data":1000033,"id":500000196,"lvl":0,"wI":71,"wX":3,"x":38,"y":17},{"data":1000033,"id":500000197,"lvl":0,"wI":71,"wX":4,"x":38,"y":15},{"data":1000042,"id":500000198,"lvl":0,"x":18,"y":20,"up2":{}},{"data":1000044,"id":500000199,"lvl":0,"x":34,"y":31},{"data":1000048,"id":500000200,"lvl":0,"x":37,"y":31,"attack_mode":false,"attack_mode_draft":false,"attack_mode_war":false,"attack_mode_draft_war":false,"attack_mode2":false,"attack_mode_d2":false,"attack_mode3":false,"attack_mode_d3":false,"attack_mode4":false,"attack_mode_d4":false,"attack_mode5":false,"attack_mode_d5":false,"attack_mode_chal":false,"attack_mode_dchal":false,"attack_mode_arrw":false,"attack_mode_draft_arrw":false},{"data":1000051,"id":500000201,"lvl":0,"x":31,"y":20},{"data":1000054,"id":500000202,"lvl":0,"x":26,"y":16},{"data":1000033,"id":500000203,"lvl":0,"wI":76,"wP":1,"wX":0,"x":38,"y":13},{"data":1000033,"id":500000204,"lvl":0,"wI":76,"wX":1,"x":40,"y":13},{"data":1000033,"id":500000205,"lvl":0,"wI":76,"wX":2,"x":36,"y":13},{"data":1000033,"id":500000206,"lvl":0,"wI":76,"wX":3,"x":39,"y":13},{"data":1000033,"id":500000207,"lvl":0,"wI":76,"wX":4,"x":37,"y":13},{"data":1000033,"id":500000208,"lvl":0,"wI":81,"wP":1,"wX":0,"x":33,"y":13},{"data":1000033,"id":500000209,"lvl":0,"wI":81,"wX":1,"x":35,"y":13},{"data":1000033,"id":500000210,"lvl":0,"wI":81,"wX":2,"x":31,"y":13},{"data":1000033,"id":500000211,"lvl":0,"wI":81,"wX":3,"x":34,"y":13},{"data":1000033,"id":500000212,"lvl":0,"wI":81,"wX":4,"x":32,"y":13},{"data":1000033,"id":500000213,"lvl":0,"wI":86,"wP":1,"wX":0,"x":28,"y":13},{"data":1000033,"id":500000214,"lvl":0,"wI":86,"wX":1,"x":30,"y":13},{"data":1000033,"id":500000215,"lvl":0,"wI":86,"wX":2,"x":26,"y":13},{"data":1000033,"id":500000216,"lvl":0,"wI":86,"wX":3,"x":29,"y":13},{"data":1000033,"id":500000217,"lvl":0,"wI":86,"wX":4,"x":27,"y":13},{"data":1000033,"id":500000218,"lvl":0,"wI":91,"wP":1,"wX":0,"x":23,"y":13},{"data":1000033,"id":500000219,"lvl":0,"wI":91,"wX":1,"x":25,"y":13},{"data":1000033,"id":500000220,"lvl":0,"wI":91,"wX":2,"x":21,"y":13},{"data":1000033,"id":500000221,"lvl":0,"wI":91,"wX":3,"x":24,"y":13},{"data":1000033,"id":500000222,"lvl":0,"wI":91,"wX":4,"x":22,"y":13},{"data":1000033,"id":500000223,"lvl":0,"wI":96,"wP":1,"wX":0,"x":21,"y":16},{"data":1000033,"id":500000224,"lvl":0,"wI":96,"wX":1,"x":21,"y":18},{"data":1000033,"id":500000225,"lvl":0,"wI":96,"wX":2,"x":21,"y":14},{"data":1000033,"id":500000226,"lvl":0,"wI":96,"wX":3,"x":21,"y":17},{"data":1000033,"id":500000227,"lvl":0,"wI":96,"wX":4,"x":21,"y":15},{"data":1000035,"id":500000228,"lvl":0,"x":27,"y":21,"res_time":0},{"data":1000036,"id":500000229,"lvl":0,"x":24,"y":21},{"data":1000037,"id":500000230,"lvl":0,"x":35,"y":27,"res_time":0},{"data":1000038,"id":500000231,"lvl":0,"x":35,"y":24},{"data":1000041,"id":500000232,"lvl":0,"x":41,"y":28},{"data":1000045,"id":500000233,"lvl":0,"x":41,"y":25},{"data":1000050,"id":500000237,"lvl":0,"x":38,"y":28},{"data":1000033,"id":500000238,"lvl":0,"wI":101,"wP":1,"wX":0,"x":27,"y":10},{"data":1000033,"id":500000239,"lvl":0,"wI":101,"wX":1,"x":27,"y":8},{"data":1000033,"id":500000240,"lvl":0,"wI":101,"wX":2,"x":27,"y":12},{"data":1000033,"id":500000241,"lvl":0,"wI":101,"wX":3,"x":27,"y":9},{"data":1000033,"id":500000242,"lvl":0,"wI":101,"wX":4,"x":27,"y":11},{"data":1000033,"id":500000243,"lvl":0,"wI":106,"wP":1,"wX":0,"x":31,"y":16},{"data":1000033,"id":500000244,"lvl":0,"wI":106,"wX":1,"x":31,"y":14},{"data":1000033,"id":500000245,"lvl":0,"wI":106,"wX":2,"x":31,"y":18},{"data":1000033,"id":500000246,"lvl":0,"wI":106,"wX":3,"x":31,"y":15},{"data":1000033,"id":500000247,"lvl":0,"wI":106,"wX":4,"x":31,"y":17},{"data":1000033,"id":500000248,"lvl":0,"wI":111,"wP":1,"wX":0,"x":24,"y":9},{"data":1000033,"id":500000249,"lvl":0,"wI":111,"wX":1,"x":26,"y":9},{"data":1000033,"id":500000250,"lvl":0,"wI":111,"wX":2,"x":22,"y":9},{"data":1000033,"id":500000251,"lvl":0,"wI":111,"wX":3,"x":25,"y":9},{"data":1000033,"id":500000252,"lvl":0,"wI":111,"wX":4,"x":23,"y":9},{"data":1000033,"id":500000253,"lvl":0,"wI":116,"wP":1,"wX":0,"x":21,"y":10},{"data":1000033,"id":500000254,"lvl":0,"wI":116,"wX":1,"x":21,"y":8},{"data":1000033,"id":500000255,"lvl":0,"wI":116,"wX":2,"x":21,"y":12},{"data":1000033,"id":500000256,"lvl":0,"wI":116,"wX":3,"x":21,"y":9},{"data":1000033,"id":500000257,"lvl":0,"wI":116,"wX":4,"x":21,"y":11},{"data":1000042,"id":500000258,"lvl":0,"x":32,"y":16,"up2":{}},{"data":1000048,"id":500000259,"lvl":0,"x":28,"y":10,"attack_mode":false,"attack_mode_draft":false,"attack_mode_war":false,"attack_mode_draft_war":false,"attack_mode2":false,"attack_mode_d2":false,"attack_mode3":false,"attack_mode_d3":false,"attack_mode4":false,"attack_mode_d4":false,"attack_mode5":false,"attack_mode_d5":false,"attack_mode_chal":false,"attack_mode_dchal":false,"attack_mode_arrw":false,"attack_mode_draft_arrw":false},{"data":1000055,"id":500000260,"lvl":0,"x":23,"y":14},{"data":1000056,"id":500000261,"lvl":0,"x":24,"y":10},{"data":1000033,"id":500000262,"lvl":0,"wI":121,"wP":1,"wX":0,"x":30,"y":9},{"data":1000033,"id":500000263,"lvl":0,"wI":121,"wX":1,"x":32,"y":9},{"data":1000033,"id":500000264,"lvl":0,"wI":121,"wX":2,"x":28,"y":9},{"data":1000033,"id":500000265,"lvl":0,"wI":121,"wX":3,"x":31,"y":9},{"data":1000033,"id":500000266,"lvl":0,"wI":121,"wX":4,"x":29,"y":9},{"data":1000033,"id":500000267,"lvl":0,"wI":126,"wP":1,"wX":0,"x":35,"y":9},{"data":1000033,"id":500000268,"lvl":0,"wI":126,"wX":1,"x":37,"y":9},{"data":1000033,"id":500000269,"lvl":0,"wI":126,"wX":2,"x":33,"y":9},{"data":1000033,"id":500000270,"lvl":0,"wI":126,"wX":3,"x":36,"y":9},{"data":1000033,"id":500000271,"lvl":0,"wI":126,"wX":4,"x":34,"y":9},{"data":1000033,"id":500000272,"lvl":0,"wI":131,"wP":1,"wX":0,"x":38,"y":10},{"data":1000033,"id":500000273,"lvl":0,"wI":131,"wX":1,"x":38,"y":12},{"data":1000033,"id":500000274,"lvl":0,"wI":131,"wX":2,"x":38,"y":8},{"data":1000033,"id":500000275,"lvl":0,"wI":131,"wX":3,"x":38,"y":11},{"data":1000033,"id":500000276,"lvl":0,"wI":131,"wX":4,"x":38,"y":9},{"data":1000033,"id":500000277,"lvl":0,"wI":136,"wP":1,"wX":0,"x":39,"y":16},{"data":1000033,"id":500000278,"lvl":0,"wI":136,"wX":1,"x":39,"y":14},{"data":1000033,"id":500000279,"lvl":0,"wI":136,"wX":2,"x":39,"y":18},{"data":1000033,"id":500000280,"lvl":0,"wI":136,"wX":3,"x":39,"y":15},{"data":1000033,"id":500000281,"lvl":0,"wI":136,"wX":4,"x":39,"y":17},{"data":1000042,"id":500000282,"lvl":0,"x":35,"y":16,"up2":{}},{"data":1000043,"id":500000283,"lvl":0,"x":32,"y":14},{"data":1000044,"id":500000284,"lvl":0,"x":35,"y":20},{"data":1000050,"id":500000285,"lvl":0,"x":34,"y":14},{"data":1000051,"id":500000286,"lvl":0,"x":29,"y":15},{"data":1000057,"id":500000287,"lvl":0,"x":32,"y":10},{"data":1000033,"id":500000288,"lvl":0,"wI":141,"wP":1,"wX":0,"x":39,"y":22},{"data":1000033,"id":500000289,"lvl":0,"wI":141,"wX":1,"x":39,"y":20},{"data":1000033,"id":500000290,"lvl":0,"wI":141,"wX":2,"x":39,"y":24},{"data":1000033,"id":500000291,"lvl":0,"wI":141,"wX":3,"x":39,"y":21},{"data":1000033,"id":500000292,"lvl":0,"wI":141,"wX":4,"x":39,"y":23},{"data":1000033,"id":500000293,"lvl":0,"wI":146,"wP":1,"wX":0,"x":38,"y":22},{"data":1000033,"id":500000294,"lvl":0,"wI":146,"wX":1,"x":38,"y":20},{"data":1000033,"id":500000295,"lvl":0,"wI":146,"wX":2,"x":38,"y":24},{"data":1000033,"id":500000296,"lvl":0,"wI":146,"wX":3,"x":38,"y":21},{"data":1000033,"id":500000297,"lvl":0,"wI":146,"wX":4,"x":38,"y":23},{"data":1000033,"id":500000298,"lvl":0,"wI":151,"wP":1,"wX":0,"x":39,"y":10},{"data":1000033,"id":500000299,"lvl":0,"wI":151,"wX":1,"x":39,"y":8},{"data":1000033,"id":500000300,"lvl":0,"wI":151,"wX":2,"x":39,"y":12},{"data":1000033,"id":500000301,"lvl":0,"wI":151,"wX":3,"x":39,"y":9},{"data":1000033,"id":500000302,"lvl":0,"wI":151,"wX":4,"x":39,"y":11},{"data":1000033,"id":500000303,"lvl":0,"wI":156,"wP":1,"wX":0,"x":42,"y":12},{"data":1000033,"id":500000304,"lvl":0,"wI":156,"wX":1,"x":44,"y":12},{"data":1000033,"id":500000305,"lvl":0,"wI":156,"wX":2,"x":40,"y":12},{"data":1000033,"id":500000306,"lvl":0,"wI":156,"wX":3,"x":43,"y":12},{"data":1000033,"id":500000307,"lvl":0,"wI":156,"wX":4,"x":41,"y":12},{"data":1000035,"id":500000308,"lvl":0,"x":35,"y":10,"res_time":0},{"data":1000037,"id":500000309,"lvl":0,"x":41,"y":18,"res_time":0},{"data":1000041,"id":500000310,"lvl":0,"x":40,"y":14},{"data":1000045,"id":500000311,"lvl":0,"x":16,"y":16},{"data":1000048,"id":500000312,"lvl":0,"x":18,"y":12,"attack_mode":false,"attack_mode_draft":false,"attack_mode_war":false,"attack_mode_draft_war":false,"attack_mode2":false,"attack_mode_d2":false,"attack_mode3":false,"attack_mode_d3":false,"attack_mode4":false,"attack_mode_d4":false,"attack_mode5":false,"attack_mode_d5":false,"attack_mode_chal":false,"attack_mode_dchal":false,"attack_mode_arrw":false,"attack_mode_draft_arrw":false},{"data":1000052,"id":500000313,"lvl":0,"x":15,"y":19},{"data":1000054,"id":500000314,"lvl":0,"x":15,"y":22},{"data":1000033,"id":500000315,"lvl":0,"wI":161,"wP":1,"wX":0,"x":6,"y":46},{"data":1000033,"id":500000316,"lvl":0,"wI":161,"wX":1,"x":8,"y":46},{"data":1000033,"id":500000317,"lvl":0,"wI":161,"wX":2,"x":4,"y":46},{"data":1000033,"id":500000318,"lvl":0,"wI":161,"wX":3,"x":7,"y":46},{"data":1000033,"id":500000319,"lvl":0,"wI":161,"wX":4,"x":5,"y":46},{"data":1000033,"id":500000320,"lvl":0,"wI":166,"wP":1,"wX":0,"x":11,"y":46},{"data":1000033,"id":500000321,"lvl":0,"wI":166,"wX":1,"x":13,"y":46},{"data":1000033,"id":500000322,"lvl":0,"wI":166,"wX":2,"x":9,"y":46},{"data":1000033,"id":500000323,"lvl":0,"wI":166,"wX":3,"x":12,"y":46},{"data":1000033,"id":500000324,"lvl":0,"wI":166,"wX":4,"x":10,"y":46},{"data":1000033,"id":500000325,"lvl":0,"wI":171,"wP":1,"wX":0,"x":16,"y":46},{"data":1000033,"id":500000326,"lvl":0,"wI":171,"wX":1,"x":18,"y":46},{"data":1000033,"id":500000327,"lvl":0,"wI":171,"wX":2,"x":14,"y":46},{"data":1000033,"id":500000328,"lvl":0,"wI":171,"wX":3,"x":17,"y":46},{"data":1000033,"id":500000329,"lvl":0,"wI":171,"wX":4,"x":15,"y":46},{"data":1000033,"id":500000330,"lvl":0,"wI":176,"wP":1,"wX":0,"x":21,"y":46},{"data":1000033,"id":500000331,"lvl":0,"wI":176,"wX":1,"x":23,"y":46},{"data":1000033,"id":500000332,"lvl":0,"wI":176,"wX":2,"x":19,"y":46},{"data":1000033,"id":500000333,"lvl":0,"wI":176,"wX":3,"x":22,"y":46},{"data":1000033,"id":500000334,"lvl":0,"wI":176,"wX":4,"x":20,"y":46},{"data":1000033,"id":500000335,"lvl":0,"wI":181,"wP":1,"wX":0,"x":26,"y":46},{"data":1000033,"id":500000336,"lvl":0,"wI":181,"wX":1,"x":28,"y":46},{"data":1000033,"id":500000337,"lvl":0,"wI":181,"wX":2,"x":24,"y":46},{"data":1000033,"id":500000338,"lvl":0,"wI":181,"wX":3,"x":27,"y":46},{"data":1000033,"id":500000339,"lvl":0,"wI":181,"wX":4,"x":25,"y":46},{"data":1000033,"id":500000340,"lvl":0,"wI":186,"wP":1,"wX":0,"x":31,"y":46},{"data":1000033,"id":500000341,"lvl":0,"wI":186,"wX":1,"x":33,"y":46},{"data":1000033,"id":500000342,"lvl":0,"wI":186,"wX":2,"x":29,"y":46},{"data":1000033,"id":500000343,"lvl":0,"wI":186,"wX":3,"x":32,"y":46},{"data":1000033,"id":500000344,"lvl":0,"wI":186,"wX":4,"x":30,"y":46},{"data":1000033,"id":500000345,"lvl":0,"wI":191,"wP":1,"wX":0,"x":36,"y":46},{"data":1000033,"id":500000346,"lvl":0,"wI":191,"wX":1,"x":38,"y":46},{"data":1000033,"id":500000347,"lvl":0,"wI":191,"wX":2,"x":34,"y":46},{"data":1000033,"id":500000348,"lvl":0,"wI":191,"wX":3,"x":37,"y":46},{"data":1000033,"id":500000349,"lvl":0,"wI":191,"wX":4,"x":35,"y":46},{"data":1000033,"id":500000350,"lvl":0,"wI":196,"wP":1,"wX":0,"x":41,"y":46},{"data":1000033,"id":500000351,"lvl":0,"wI":196,"wX":1,"x":43,"y":46},{"data":1000033,"id":500000352,"lvl":0,"wI":196,"wX":2,"x":39,"y":46},{"data":1000033,"id":500000353,"lvl":0,"wI":196,"wX":3,"x":42,"y":46},{"data":1000033,"id":500000354,"lvl":0,"wI":196,"wX":4,"x":40,"y":46},{"data":1000033,"id":500000355,"lvl":0,"wI":201,"wP":1,"wX":0,"x":6,"y":3},{"data":1000033,"id":500000356,"lvl":0,"wI":201,"wX":1,"x":8,"y":3},{"data":1000033,"id":500000357,"lvl":0,"wI":201,"wX":2,"x":4,"y":3},{"data":1000033,"id":500000358,"lvl":0,"wI":201,"wX":3,"x":7,"y":3},{"data":1000033,"id":500000359,"lvl":0,"wI":201,"wX":4,"x":5,"y":3},{"data":1000033,"id":500000360,"lvl":0,"wI":206,"wP":1,"wX":0,"x":11,"y":3},{"data":1000033,"id":500000361,"lvl":0,"wI":206,"wX":1,"x":13,"y":3},{"data":1000033,"id":500000362,"lvl":0,"wI":206,"wX":2,"x":9,"y":3},{"data":1000033,"id":500000363,"lvl":0,"wI":206,"wX":3,"x":12,"y":3},{"data":1000033,"id":500000364,"lvl":0,"wI":206,"wX":4,"x":10,"y":3},{"data":1000033,"id":500000365,"lvl":0,"wI":211,"wP":1,"wX":0,"x":16,"y":3},{"data":1000033,"id":500000366,"lvl":0,"wI":211,"wX":1,"x":18,"y":3},{"data":1000033,"id":500000367,"lvl":0,"wI":211,"wX":2,"x":14,"y":3},{"data":1000033,"id":500000368,"lvl":0,"wI":211,"wX":3,"x":17,"y":3},{"data":1000033,"id":500000369,"lvl":0,"wI":211,"wX":4,"x":15,"y":3},{"data":1000033,"id":500000370,"lvl":0,"wI":216,"wP":1,"wX":0,"x":21,"y":3},{"data":1000033,"id":500000371,"lvl":0,"wI":216,"wX":1,"x":23,"y":3},{"data":1000033,"id":500000372,"lvl":0,"wI":216,"wX":2,"x":19,"y":3},{"data":1000033,"id":500000373,"lvl":0,"wI":216,"wX":3,"x":22,"y":3},{"data":1000033,"id":500000374,"lvl":0,"wI":216,"wX":4,"x":20,"y":3},{"data":1000033,"id":500000375,"lvl":0,"wI":221,"wP":1,"wX":0,"x":26,"y":3},{"data":1000033,"id":500000376,"lvl":0,"wI":221,"wX":1,"x":28,"y":3},{"data":1000033,"id":500000377,"lvl":0,"wI":221,"wX":2,"x":24,"y":3},{"data":1000033,"id":500000378,"lvl":0,"wI":221,"wX":3,"x":27,"y":3},{"data":1000033,"id":500000379,"lvl":0,"wI":221,"wX":4,"x":25,"y":3},{"data":1000033,"id":500000380,"lvl":0,"wI":226,"wP":1,"wX":0,"x":31,"y":3},{"data":1000033,"id":500000381,"lvl":0,"wI":226,"wX":1,"x":33,"y":3},{"data":1000033,"id":500000382,"lvl":0,"wI":226,"wX":2,"x":29,"y":3},{"data":1000033,"id":500000383,"lvl":0,"wI":226,"wX":3,"x":32,"y":3},{"data":1000033,"id":500000384,"lvl":0,"wI":226,"wX":4,"x":30,"y":3},{"data":1000033,"id":500000385,"lvl":0,"wI":231,"wP":1,"wX":0,"x":36,"y":3},{"data":1000033,"id":500000386,"lvl":0,"wI":231,"wX":1,"x":38,"y":3},{"data":1000033,"id":500000387,"lvl":0,"wI":231,"wX":2,"x":34,"y":3},{"data":1000033,"id":500000388,"lvl":0,"wI":231,"wX":3,"x":37,"y":3},{"data":1000033,"id":500000389,"lvl":0,"wI":231,"wX":4,"x":35,"y":3},{"data":1000033,"id":500000390,"lvl":0,"wI":236,"wP":1,"wX":0,"x":41,"y":3},{"data":1000033,"id":500000391,"lvl":0,"wI":236,"wX":1,"x":43,"y":3},{"data":1000033,"id":500000392,"lvl":0,"wI":236,"wX":2,"x":39,"y":3},{"data":1000033,"id":500000393,"lvl":0,"wI":236,"wX":3,"x":42,"y":3},{"data":1000033,"id":500000394,"lvl":0,"wI":236,"wX":4,"x":40,"y":3},{"data":1000033,"id":500000395,"lvl":0,"wI":241,"wP":1,"wX":0,"x":4,"y":7},{"data":1000033,"id":500000396,"lvl":0,"wI":241,"wX":1,"x":4,"y":9},{"data":1000033,"id":500000397,"lvl":0,"wI":241,"wX":2,"x":4,"y":5},{"data":1000033,"id":500000398,"lvl":0,"wI":241,"wX":3,"x":4,"y":8},{"data":1000033,"id":500000399,"lvl":0,"wI":241,"wX":4,"x":4,"y":6},{"data":1000033,"id":500000400,"lvl":0,"wI":246,"wP":1,"wX":0,"x":4,"y":12},{"data":1000033,"id":500000401,"lvl":0,"wI":246,"wX":1,"x":4,"y":14},{"data":1000033,"id":500000402,"lvl":0,"wI":246,"wX":2,"x":4,"y":10},{"data":1000033,"id":500000403,"lvl":0,"wI":246,"wX":3,"x":4,"y":13},{"data":1000033,"id":500000404,"lvl":0,"wI":246,"wX":4,"x":4,"y":11},{"data":1000033,"id":500000405,"lvl":0,"wI":251,"wP":1,"wX":0,"x":4,"y":17},{"data":1000033,"id":500000406,"lvl":0,"wI":251,"wX":1,"x":4,"y":19},{"data":1000033,"id":500000407,"lvl":0,"wI":251,"wX":2,"x":4,"y":15},{"data":1000033,"id":500000408,"lvl":0,"wI":251,"wX":3,"x":4,"y":18},{"data":1000033,"id":500000409,"lvl":0,"wI":251,"wX":4,"x":4,"y":16},{"data":1000033,"id":500000410,"lvl":0,"wI":256,"wP":1,"wX":0,"x":4,"y":22},{"data":1000033,"id":500000411,"lvl":0,"wI":256,"wX":1,"x":4,"y":24},{"data":1000033,"id":500000412,"lvl":0,"wI":256,"wX":2,"x":4,"y":20},{"data":1000033,"id":500000413,"lvl":0,"wI":256,"wX":3,"x":4,"y":23},{"data":1000033,"id":500000414,"lvl":0,"wI":256,"wX":4,"x":4,"y":21},{"data":1000033,"id":500000415,"lvl":0,"wI":261,"wP":1,"wX":0,"x":4,"y":27},{"data":1000033,"id":500000416,"lvl":0,"wI":261,"wX":1,"x":4,"y":29},{"data":1000033,"id":500000417,"lvl":0,"wI":261,"wX":2,"x":4,"y":25},{"data":1000033,"id":500000418,"lvl":0,"wI":261,"wX":3,"x":4,"y":28},{"data":1000033,"id":500000419,"lvl":0,"wI":261,"wX":4,"x":4,"y":26},{"data":1000033,"id":500000420,"lvl":0,"wI":266,"wP":1,"wX":0,"x":4,"y":32},{"data":1000033,"id":500000421,"lvl":0,"wI":266,"wX":1,"x":4,"y":34},{"data":1000033,"id":500000422,"lvl":0,"wI":266,"wX":2,"x":4,"y":30},{"data":1000033,"id":500000423,"lvl":0,"wI":266,"wX":3,"x":4,"y":33},{"data":1000033,"id":500000424,"lvl":0,"wI":266,"wX":4,"x":4,"y":31},{"data":1000033,"id":500000425,"lvl":0,"wI":271,"wP":1,"wX":0,"x":4,"y":37},{"data":1000033,"id":500000426,"lvl":0,"wI":271,"wX":1,"x":4,"y":39},{"data":1000033,"id":500000427,"lvl":0,"wI":271,"wX":2,"x":4,"y":35},{"data":1000033,"id":500000428,"lvl":0,"wI":271,"wX":3,"x":4,"y":38},{"data":1000033,"id":500000429,"lvl":0,"wI":271,"wX":4,"x":4,"y":36},{"data":1000033,"id":500000430,"lvl":0,"wI":276,"wP":1,"wX":0,"x":4,"y":42},{"data":1000033,"id":500000431,"lvl":0,"wI":276,"wX":1,"x":4,"y":44},{"data":1000033,"id":500000432,"lvl":0,"wI":276,"wX":2,"x":4,"y":40},{"data":1000033,"id":500000433,"lvl":0,"wI":276,"wX":3,"x":4,"y":43},{"data":1000033,"id":500000434,"lvl":0,"wI":276,"wX":4,"x":4,"y":41},{"data":1000033,"id":500000435,"lvl":0,"wI":281,"wP":1,"wX":0,"x":46,"y":43},{"data":1000033,"id":500000436,"lvl":0,"wI":281,"wX":1,"x":46,"y":45},{"data":1000033,"id":500000437,"lvl":0,"wI":281,"wX":2,"x":46,"y":41},{"data":1000033,"id":500000438,"lvl":0,"wI":281,"wX":3,"x":46,"y":44},{"data":1000033,"id":500000439,"lvl":0,"wI":281,"wX":4,"x":46,"y":42},{"data":1000033,"id":500000440,"lvl":0,"wI":286,"wP":1,"wX":0,"x":46,"y":38},{"data":1000033,"id":500000441,"lvl":0,"wI":286,"wX":1,"x":46,"y":40},{"data":1000033,"id":500000442,"lvl":0,"wI":286,"wX":2,"x":46,"y":36},{"data":1000033,"id":500000443,"lvl":0,"wI":286,"wX":3,"x":46,"y":39},{"data":1000033,"id":500000444,"lvl":0,"wI":286,"wX":4,"x":46,"y":37},{"data":1000033,"id":500000445,"lvl":0,"wI":291,"wP":1,"wX":0,"x":46,"y":33},{"data":1000033,"id":500000446,"lvl":0,"wI":291,"wX":1,"x":46,"y":35},{"data":1000033,"id":500000447,"lvl":0,"wI":291,"wX":2,"x":46,"y":31},{"data":1000033,"id":500000448,"lvl":0,"wI":291,"wX":3,"x":46,"y":34},{"data":1000033,"id":500000449,"lvl":0,"wI":291,"wX":4,"x":46,"y":32},{"data":1000033,"id":500000450,"lvl":0,"wI":296,"wP":1,"wX":0,"x":46,"y":28},{"data":1000033,"id":500000451,"lvl":0,"wI":296,"wX":1,"x":46,"y":30},{"data":1000033,"id":500000452,"lvl":0,"wI":296,"wX":2,"x":46,"y":26},{"data":1000033,"id":500000453,"lvl":0,"wI":296,"wX":3,"x":46,"y":29},{"data":1000033,"id":500000454,"lvl":0,"wI":296,"wX":4,"x":46,"y":27},{"data":1000033,"id":500000455,"lvl":0,"wI":301,"wP":1,"wX":0,"x":46,"y":23},{"data":1000033,"id":500000456,"lvl":0,"wI":301,"wX":1,"x":46,"y":25},{"data":1000033,"id":500000457,"lvl":0,"wI":301,"wX":2,"x":46,"y":21},{"data":1000033,"id":500000458,"lvl":0,"wI":301,"wX":3,"x":46,"y":24},{"data":1000033,"id":500000459,"lvl":0,"wI":301,"wX":4,"x":46,"y":22},{"data":1000033,"id":500000460,"lvl":0,"wI":306,"wP":1,"wX":0,"x":46,"y":18},{"data":1000033,"id":500000461,"lvl":0,"wI":306,"wX":1,"x":46,"y":20},{"data":1000033,"id":500000462,"lvl":0,"wI":306,"wX":2,"x":46,"y":16},{"data":1000033,"id":500000463,"lvl":0,"wI":306,"wX":3,"x":46,"y":19},{"data":1000033,"id":500000464,"lvl":0,"wI":306,"wX":4,"x":46,"y":17},{"data":1000033,"id":500000465,"lvl":0,"wI":311,"wP":1,"wX":0,"x":46,"y":13},{"data":1000033,"id":500000466,"lvl":0,"wI":311,"wX":1,"x":46,"y":15},{"data":1000033,"id":500000467,"lvl":0,"wI":311,"wX":2,"x":46,"y":11},{"data":1000033,"id":500000468,"lvl":0,"wI":311,"wX":3,"x":46,"y":14},{"data":1000033,"id":500000469,"lvl":0,"wI":311,"wX":4,"x":46,"y":12},{"data":1000033,"id":500000470,"lvl":0,"wI":316,"wP":1,"wX":0,"x":46,"y":8},{"data":1000033,"id":500000471,"lvl":0,"wI":316,"wX":1,"x":46,"y":10},{"data":1000033,"id":500000472,"lvl":0,"wI":316,"wX":2,"x":46,"y":6},{"data":1000033,"id":500000473,"lvl":0,"wI":316,"wX":3,"x":46,"y":9},{"data":1000033,"id":500000474,"lvl":0,"wI":316,"wX":4,"x":46,"y":7}],
"obstacles2":[],"traps2":[{"data":12000010,"id":504000000,"lvl":0,"x":24,"y":31},{"data":12000010,"id":504000001,"lvl":0,"x":24,"y":32},{"data":12000011,"id":504000002,"lvl":0,"trapd":0,"trapd_draft":0,"trapd_war":0,"trapd_draft_war":0,"trapd2":0,"trapd_d2":0,"trapd3":0,"trapd_d3":0,"trapd4":0,"trapd_d4":0,"trapd5":0,"trapd_d5":0,"trapd6":0,"trapd_d6":0,"trapd7":0,"trapd_d7":0,"x":22,"y":17},{"data":12000011,"id":504000003,"lvl":0,"trapd":0,"trapd_draft":0,"trapd_war":0,"trapd_draft_war":0,"trapd2":0,"trapd_d2":0,"trapd3":0,"trapd_d3":0,"trapd4":0,"trapd_d4":0,"trapd5":0,"trapd_d5":0,"trapd6":0,"trapd_d6":0,"trapd7":0,"trapd_d7":0,"x":24,"y":17},{"data":12000013,"id":504000004,"lvl":0,"air_mode":false,"air_mode_draft":false,"air_mode_war":false,"air_mode_draft_war":false,"air_mode2":false,"air_mode_d2":false,"air_mode3":false,"air_mode_d3":false,"air_mode4":false,"air_mode_d4":false,"air_mode5":false,"air_mode_d5":false,"air_mode6":false,"air_mode_d6":false,"air_mode7":false,"air_mode_d7":false,"x":18,"y":26},{"data":12000013,"id":504000005,"lvl":0,"air_mode":false,"air_mode_draft":false,"air_mode_war":false,"air_mode_draft_war":false,"air_mode2":false,"air_mode_d2":false,"air_mode3":false,"air_mode_d3":false,"air_mode4":false,"air_mode_d4":false,"air_mode5":false,"air_mode_d5":false,"air_mode6":false,"air_mode_d6":false,"air_mode7":false,"air_mode_d7":false,"x":19,"y":26},{"data":12000010,"id":504000006,"lvl":0,"x":24,"y":33},{"data":12000011,"id":504000007,"lvl":0,"trapd":0,"trapd_draft":0,"trapd_war":0,"trapd_draft_war":0,"trapd2":0,"trapd_d2":0,"trapd3":0,"trapd_d3":0,"trapd4":0,"trapd_d4":0,"trapd5":0,"trapd_d5":0,"trapd6":0,"trapd_d6":0,"trapd7":0,"trapd_d7":0,"x":19,"y":18},{"data":12000013,"id":504000008,"lvl":0,"air_mode":false,"air_mode_draft":false,"air_mode_war":false,"air_mode_draft_war":false,"air_mode2":false,"air_mode_d2":false,"air_mode3":false,"air_mode_d3":false,"air_mode4":false,"air_mode_d4":false,"air_mode5":false,"air_mode_d5":false,"air_mode6":false,"air_mode_d6":false,"air_mode7":false,"air_mode_d7":false,"x":20,"y":26},{"data":12000014,"id":504000009,"lvl":0,"air_mode":false,"air_mode_draft":false,"air_mode_war":false,"air_mode_draft_war":false,"air_mode2":false,"air_mode_d2":false,"air_mode3":false,"air_mode_d3":false,"air_mode4":false,"air_mode_d4":false,"air_mode5":false,"air_mode_d5":false,"air_mode6":false,"air_mode_d6":false,"air_mode7":false,"air_mode_d7":false,"x":29,"y":17},{"data":12000010,"id":504000010,"lvl":0,"x":34,"y":21},{"data":12000011,"id":504000011,"lvl":0,"trapd":0,"trapd_draft":0,"trapd_war":0,"trapd_draft_war":0,"trapd2":0,"trapd_d2":0,"trapd3":0,"trapd_d3":0,"trapd4":0,"trapd_d4":0,"trapd5":0,"trapd_d5":0,"trapd6":0,"trapd_d6":0,"trapd7":0,"trapd_d7":0,"x":19,"y":16},{"data":12000013,"id":504000012,"lvl":0,"air_mode":false,"air_mode_draft":false,"air_mode_war":false,"air_mode_draft_war":false,"air_mode2":false,"air_mode_d2":false,"air_mode3":false,"air_mode_d3":false,"air_mode4":false,"air_mode_d4":false,"air_mode5":false,"air_mode_d5":false,"air_mode6":false,"air_mode_d6":false,"air_mode7":false,"air_mode_d7":false,"x":28,"y":20},{"data":12000010,"id":504000013,"lvl":0,"x":22,"y":16},{"data":12000013,"id":504000014,"lvl":0,"air_mode":false,"air_mode_draft":false,"air_mode_war":false,"air_mode_draft_war":false,"air_mode2":false,"air_mode_d2":false,"air_mode3":false,"air_mode_d3":false,"air_mode4":false,"air_mode_d4":false,"air_mode5":false,"air_mode_d5":false,"air_mode6":false,"air_mode_d6":false,"air_mode7":false,"air_mode_d7":false,"x":22,"y":15},{"data":12000014,"id":504000015,"lvl":0,"air_mode":false,"air_mode_draft":false,"air_mode_war":false,"air_mode_draft_war":false,"air_mode2":false,"air_mode_d2":false,"air_mode3":false,"air_mode_d3":false,"air_mode4":false,"air_mode_d4":false,"air_mode5":false,"air_mode_d5":false,"air_mode6":false,"air_mode_d6":false,"air_mode7":false,"air_mode_d7":false,"x":22,"y":11},{"data":12000010,"id":504000016,"lvl":0,"x":33,"y":20},{"data":12000011,"id":504000017,"lvl":0,"trapd":0,"trapd_draft":0,"trapd_war":0,"trapd_draft_war":0,"trapd2":0,"trapd_d2":0,"trapd3":0,"trapd_d3":0,"trapd4":0,"trapd_d4":0,"trapd5":0,"trapd_d5":0,"trapd6":0,"trapd_d6":0,"trapd7":0,"trapd_d7":0,"x":27,"y":14},{"data":12000013,"id":504000018,"lvl":0,"air_mode":false,"air_mode_draft":false,"air_mode_war":false,"air_mode_draft_war":false,"air_mode2":false,"air_mode_d2":false,"air_mode3":false,"air_mode_d3":false,"air_mode4":false,"air_mode_d4":false,"air_mode5":false,"air_mode_d5":false,"air_mode6":false,"air_mode_d6":false,"air_mode7":false,"air_mode_d7":false,"x":26,"y":15},{"data":12000011,"id":504000019,"lvl":0,"trapd":0,"trapd_draft":0,"trapd_war":0,"trapd_draft_war":0,"trapd2":0,"trapd_d2":0,"trapd3":0,"trapd_d3":0,"trapd4":0,"trapd_d4":0,"trapd5":0,"trapd_d5":0,"trapd6":0,"trapd_d6":0,"trapd7":0,"trapd_d7":0,"x":22,"y":20},{"data":12000014,"id":504000020,"lvl":0,"air_mode":false,"air_mode_draft":false,"air_mode_war":false,"air_mode_draft_war":false,"air_mode2":false,"air_mode_d2":false,"air_mode3":false,"air_mode_d3":false,"air_mode4":false,"air_mode_d4":false,"air_mode5":false,"air_mode_d5":false,"air_mode6":false,"air_mode_d6":false,"air_mode7":false,"air_mode_d7":false,"x":22,"y":22}],
"decos2":[{"data":18000042,"id":506000000,"x":8,"y":45},{"data":18000042,"id":506000001,"x":10,"y":45},{"data":18000042,"id":506000002,"x":9,"y":45},{"data":18000042,"id":506000003,"x":11,"y":45},{"data":18000042,"id":506000004,"x":12,"y":45},{"data":18000042,"id":506000005,"x":13,"y":45},{"data":18000042,"id":506000006,"x":14,"y":45},{"data":18000042,"id":506000007,"x":15,"y":45},{"data":18000042,"id":506000008,"x":16,"y":45},{"data":18000042,"id":506000009,"x":17,"y":45},{"data":18000042,"id":506000010,"x":18,"y":45},{"data":18000042,"id":506000011,"x":19,"y":45},{"data":18000042,"id":506000012,"x":20,"y":45},{"data":18000042,"id":506000013,"x":21,"y":45},{"data":18000042,"id":506000014,"x":22,"y":45},{"data":18000042,"id":506000015,"x":23,"y":45},{"data":18000042,"id":506000016,"x":24,"y":45},{"data":18000042,"id":506000017,"x":25,"y":45},{"data":18000042,"id":506000018,"x":26,"y":45},{"data":18000042,"id":506000019,"x":27,"y":45},{"data":18000042,"id":506000020,"x":28,"y":45},{"data":18000042,"id":506000021,"x":29,"y":45},{"data":18000042,"id":506000022,"x":30,"y":45},{"data":18000042,"id":506000023,"x":31,"y":45},{"data":18000042,"id":506000024,"x":32,"y":45}],
"v2rs":86548,"tgsec":86400,"tgseed":0,"cooldowns":[],"newShopBuildings":[4,0,7,4,7,4,4,1,7,8,300,5,4,4,0,5,0,0,0,4,1,4,1,3,1,1,2,2,2,1,1,1,2,160,0,3,2,3,2,0,1,3,6,2,3,2,1,0,4,0,3,2,1,0,2,2,1,1,0],"newShopTraps":[6,6,5,0,0,5,5,0,3,1,6,6,0,6,3],"newShopDecos":[1,4,0,0,1,0,0,0,0,0,0,0,0,0,0,0,0,0,0,0,0,0,0,0,0,0,0,0,0,0,0,0,0,0,0,0,0,1,4,0,0,0,0,0,0,0],"offer":{"offers":[{"data":38000017,"a_t":259198,"ts":1},{"data":38000020,"a_t":259200,"ts":1}]},
"last_league_rank":0,"last_alliance_level":1,"last_league_shuffle":0,"last_season_seen":-1,"last_news_seen":137,"war_tutorials_seen":0,"war_base":false,"arr_war_base":false,"army_names":["","","",""],"account_flags":0,"bool_layout_edit_shown_erase":false,"es":0}