{
  "exp_ver": 1,
  "buildings": [
    {
      "data": 1000001,
      "lvl": 2,
      "x": 24,
      "y": 23
    },
    {
      "data": 1000004,
      "lvl": 0,
      "x": 23,
      "y": 19,
      "res_time": 8626
    },
    {
      "data": 1000000,
      "lvl": 0,
      "x": 29,
      "y": 22,
      "units": [ ]
    },
    {
      "data": 1000015,
      "lvl": 0,
      "x": 21,
      "y": 23
    },
    {
      "data": 1000014,
      "lvl": 0,
      "locked": true,
      "x": 28,
      "y": 35
    }
  ],
  "obstacles": [ ],
  "traps": [ ],
  "decos": [ ],
  "respawnVars": {
    "secondsFromLastRespawn": 0,
    "respawnSeed": 162879964,
    "obstacleClearCounter": 0
  },
  "buildings2": [
    {
      "data": 1000034,
      "id": 500000000,
      "lvl": 0,
      "x": 25,
      "y": 22
    },
    {
      "data": 1000033,
      "id": 500000006,
      "lvl": 0,
      "wI": 6,
      "wP": 1,
      "wX": 0,
      "x": 31,
      "y": 28
    },
    {
      "data": 1000033,
      "id": 500000007,
      "lvl": 0,
      "wI": 6,
      "wX": 1,
      "x": 29,
      "y": 28
    },
    {
      "data": 1000033,
      "id": 500000008,
      "lvl": 0,
      "wI": 6,
      "wX": 2,
      "x": 33,
      "y": 28
    },
    {
      "data": 1000033,
      "id": 500000009,
      "lvl": 0,
      "wI": 6,
      "wX": 3,
      "x": 30,
      "y": 28
    },
    {
      "data": 1000033,
      "id": 500000010,
      "lvl": 0,
      "wI": 6,
      "wX": 4,
      "x": 32,
      "y": 28
    },
    {
      "data": 1000033,
      "id": 500000036,
      "lvl": 0,
      "wI": 36,
      "wP": 1,
      "wX": 0,
      "x": 34,
      "y": 24
    },
    {
      "data": 1000033,
      "id": 500000037,
      "lvl": 0,
      "wI": 36,
      "wX": 1,
      "x": 34,
      "y": 22
    },
    {
      "data": 1000033,
      "id": 500000038,
      "lvl": 0,
      "wI": 36,
      "wX": 2,
      "x": 34,
      "y": 26
    },
    {
      "data": 1000033,
      "id": 500000039,
      "lvl": 0,
      "wI": 36,
      "wX": 3,
      "x": 34,
      "y": 23
    },
    {
      "data": 1000033,
      "id": 500000040,
      "lvl": 0,
      "wI": 36,
      "wX": 4,
      "x": 34,
      "y": 25
    },
    {
      "data": 1000035,
      "id": 500000065,
      "lvl": 0,
      "locked": true,
      "x": 25,
      "y": 26,
      "res_time": 0
    },
    {
      "data": 1000040,
      "id": 500000115,
      "lvl": 0,
      "locked": true,
      "x": 22,
      "y": 18,
      "unit_prod": {
        "m": 1,
        "unit_type": 0
      }
    },
    {
      "data": 1000044,
      "id": 500000116,
      "lvl": 0,
      "locked": true,
      "x": 30,
      "y": 24
    },
    {
      "data": 1000039,
      "id": 500000117,
      "lvl": 0,
      "locked": true,
      "x": 13,
      "y": 39
    },
    {
      "data": 1000053,
      "id": 500000118,
      "lvl": 0,
      "locked": true,
      "x": 43,
      "y": 14
    },
    {
      "data": 1000046,
      "id": 500000119,
      "lvl": 0,
      "locked": true,
      "x": 20,
      "y": 26
    },
    {
      "data": 1000042,
      "id": 500000120,
      "lvl": 0,
      "locked": true,
      "x": 26,
      "y": 17,
      "up2": { }
    },
    {
      "data": 1000037,
      "id": 500000122,
      "lvl": 0,
      "locked": true,
      "x": 29,
      "y": 19,
      "res_time": 17523
    },
    {
      "data": 1000058,
      "id": 500000123,
      "lvl": 0,
      "locked": true,
      "x": 6,
      "y": 14,
      "res_time": 0
    }
  ],
  "obstacles2": [ ],
  "traps2": [ ],
  "decos2": [ ]

}