{"exp_ver":1,"active_layout":0,"act_l2":0,"layout_state":[0,0,0,0,0,0,0,0],"layout_cooldown":[0,0,0,0,0,0,0,0],"buildings":[{"data":1000001,"id":500000000,"lvl":2,"x":23,"y":23},{"data":1000004,"id":500000001,"lvl":0,"x":25,"y":31,"res_time":0},{"data":1000000,"id":500000002,"lvl":2,"x":21,"y":14,"units":[]},{"data":1000015,"id":500000003,"lvl":0,"x":31,"y":21},{"data":1000014,"id":500000004,"lvl":0,"x":28,"y":31},{"data":1000004,"id":500000005,"lvl":5,"x":31,"y":30,"res_time":0},{"data":1000002,"id":500000006,"lvl":5,"x":17,"y":19,"res_time":0},{"data":1000002,"id":500000007,"lvl":5,"x":31,"y":23,"res_time":0},{"data":1000015,"id":500000008,"lvl":0,"x":31,"y":19},{"data":1000003,"id":500000009,"lvl":5,"x":20,"y":19},{"data":1000005,"id":500000010,"lvl":5,"x":19,"y":27},{"data":1000006,"id":500000011,"lvl":4,"x":16,"y":28,"unit_prod":{"m":1,"unit_type":0}},{"data":1000008,"id":500000012,"lvl":3,"x":23,"y":27,"attack_mode":false,"attack_mode_draft":false,"attack_mode_war":false,"attack_mode_draft_war":false,"attack_mode2":false,"attack_mode_d2":false,"attack_mode3":false,"attack_mode_d3":false,"attack_mode4":false,"attack_mode_d4":false,"attack_mode5":false,"attack_mode_d5":false,"attack_mode_chal":false,"attack_mode_dchal":false,"attack_mode_arrw":false,"attack_mode_draft_arrw":false},{"data":1000008,"id":500000013,"lvl":3,"x":24,"y":20,"attack_mode":false,"attack_mode_draft":false,"attack_mode_war":false,"attack_mode_draft_war":false,"attack_mode2":false,"attack_mode_d2":false,"attack_mode3":false,"attack_mode_d3":false,"attack_mode4":false,"attack_mode_d4":false,"attack_mode5":false,"attack_mode_d5":false,"attack_mode_chal":false,"attack_mode_dchal":false,"attack_mode_arrw":false,"attack_mode_draft_arrw":false},{"data":1000002,"id":500000014,"lvl":5,"x":16,"y":22,"res_time":0},{"data":1000004,"id":500000015,"lvl":5,"x":16,"y":25,"res_time":0},{"data":1000006,"id":500000016,"lvl":4,"x":18,"y":16,"unit_prod":{"m":1,"unit_type":0}},{"data":1000009,"id":500000017,"lvl":2,"x":20,"y":23,"attack_mode":false,"attack_mode_draft":false,"attack_mode_war":false,"attack_mode_draft_war":false,"attack_mode2":false,"attack_mode_d2":false,"attack_mode3":false,"attack_mode_d3":false,"attack_mode4":false,"attack_mode_d4":false,"attack_mode5":false,"attack_mode_d5":false,"attack_mode_chal":false,"attack_mode_dchal":false,"attack_mode_arrw":false,"attack_mode_draft_arrw":false},{"data":1000010,"id":500000018,"lvl":2,"wI":0,"wX":0,"x":20,"y":26},{"data":1000010,"id":500000019,"lvl":2,"wI":0,"wX":0,"x":22,"y":27},{"data":1000010,"id":500000020,"lvl":2,"wI":0,"wX":0,"x":22,"y":30},{"data":1000010,"id":500000021,"lvl":2,"wI":0,"wX":0,"x":19,"y":26},{"data":1000010,"id":500000022,"lvl":2,"wI":0,"wX":0,"x":19,"y":25},{"data":1000010,"id":500000023,"lvl":2,"wI":0,"wX":0,"x":19,"y":24},{"data":1000010,"id":500000024,"lvl":2,"wI":0,"wX":0,"x":19,"y":23},{"data":1000010,"id":500000025,"lvl":2,"wI":0,"wX":0,"x":19,"y":22},{"data":1000010,"id":500000026,"lvl":2,"wI":0,"wX":0,"x":20,"y":22},{"data":1000010,"id":500000027,"lvl":2,"wI":0,"wX":0,"x":21,"y":22},{"data":1000010,"id":500000028,"lvl":2,"wI":0,"wX":0,"x":22,"y":22},{"data":1000010,"id":500000029,"lvl":2,"wI":0,"wX":0,"x":23,"y":22},{"data":1000010,"id":500000030,"lvl":2,"wI":0,"wX":0,"x":25,"y":19},{"data":1000010,"id":500000031,"lvl":2,"wI":0,"wX":0,"x":24,"y":19},{"data":1000010,"id":500000032,"lvl":2,"wI":0,"wX":0,"x":26,"y":19},{"data":1000010,"id":500000033,"lvl":2,"wI":0,"wX":0,"x":27,"y":20},{"data":1000010,"id":500000034,"lvl":2,"wI":0,"wX":0,"x":27,"y":19},{"data":1000010,"id":500000035,"lvl":2,"wI":0,"wX":0,"x":27,"y":21},{"data":1000010,"id":500000036,"lvl":2,"wI":0,"wX":0,"x":27,"y":23},{"data":1000010,"id":500000037,"lvl":2,"wI":0,"wX":0,"x":26,"y":18},{"data":1000010,"id":500000038,"lvl":2,"wI":0,"wX":0,"x":31,"y":26},{"data":1000010,"id":500000039,"lvl":2,"wI":0,"wX":0,"x":27,"y":22},{"data":1000010,"id":500000040,"lvl":2,"wI":0,"wX":0,"x":29,"y":23},{"data":1000010,"id":500000041,"lvl":2,"wI":0,"wX":0,"x":26,"y":30},{"data":1000010,"id":500000042,"lvl":2,"wI":0,"wX":0,"x":26,"y":27},{"data":1000010,"id":500000043,"lvl":2,"wI":0,"wX":0,"x":32,"y":26},{"data":1000010,"id":500000044,"lvl":2,"wI":0,"wX":0,"x":23,"y":20},{"data":1000010,"id":500000045,"lvl":2,"wI":0,"wX":0,"x":23,"y":21},{"data":1000010,"id":500000046,"lvl":2,"wI":0,"wX":0,"x":23,"y":19},{"data":1000010,"id":500000047,"lvl":2,"wI":0,"wX":0,"x":28,"y":23},{"data":1000010,"id":500000048,"lvl":2,"wI":0,"wX":0,"x":21,"y":26},{"data":1000010,"id":500000049,"lvl":2,"wI":0,"wX":0,"x":22,"y":26},{"data":1000010,"id":500000050,"lvl":2,"wI":0,"wX":0,"x":23,"y":30},{"data":1000010,"id":500000051,"lvl":2,"wI":0,"wX":0,"x":22,"y":29},{"data":1000010,"id":500000052,"lvl":2,"wI":0,"wX":0,"x":22,"y":28},{"data":1000010,"id":500000053,"lvl":2,"wI":0,"wX":0,"x":26,"y":28},{"data":1000010,"id":500000054,"lvl":2,"wI":0,"wX":0,"x":25,"y":30},{"data":1000010,"id":500000055,"lvl":2,"wI":0,"wX":0,"x":26,"y":29},{"data":1000010,"id":500000056,"lvl":2,"wI":0,"wX":0,"x":30,"y":23},{"data":1000010,"id":500000057,"lvl":2,"wI":0,"wX":0,"x":28,"y":27},{"data":1000010,"id":500000058,"lvl":2,"wI":0,"wX":0,"x":21,"y":30},{"data":1000010,"id":500000059,"lvl":2,"wI":0,"wX":0,"x":29,"y":27},{"data":1000010,"id":500000060,"lvl":2,"wI":0,"wX":0,"x":30,"y":24},{"data":1000010,"id":500000061,"lvl":2,"wI":0,"wX":0,"x":30,"y":26},{"data":1000010,"id":500000062,"lvl":2,"wI":0,"wX":0,"x":30,"y":27},{"data":1000010,"id":500000063,"lvl":2,"wI":0,"wX":0,"x":27,"y":27},{"data":1000010,"id":500000064,"lvl":2,"wI":0,"wX":0,"x":26,"y":17},{"data":1000010,"id":500000065,"lvl":2,"wI":0,"wX":0,"x":20,"y":30},{"data":1000010,"id":500000066,"lvl":2,"wI":0,"wX":0,"x":30,"y":25},{"data":1000010,"id":500000067,"lvl":2,"wI":0,"wX":0,"x":24,"y":30},{"data":1000002,"id":500000068,"lvl":5,"x":22,"y":31,"res_time":0},{"data":1000004,"id":500000069,"lvl":5,"x":31,"y":27,"res_time":0},{"data":1000005,"id":500000070,"lvl":5,"x":28,"y":20},{"data":1000003,"id":500000071,"lvl":5,"x":27,"y":28},{"data":1000000,"id":500000072,"lvl":2,"x":17,"y":31,"units":[]},{"data":1000013,"id":500000073,"lvl":0,"x":27,"y":24,"attack_mode":false,"attack_mode_draft":false,"attack_mode_war":false,"attack_mode_draft_war":false,"attack_mode2":false,"attack_mode_d2":false,"attack_mode3":false,"attack_mode_d3":false,"attack_mode4":false,"attack_mode_d4":false,"attack_mode5":false,"attack_mode_d5":false,"attack_mode_chal":false,"attack_mode_dchal":false,"attack_mode_arrw":false,"attack_mode_draft_arrw":false},{"data":1000007,"id":500000074,"lvl":0,"x":27,"y":15}],"obstacles":[],"traps":[{"data":12000000,"id":504000000,"lvl":1,"x":30,"y":28},{"data":12000000,"id":504000001,"lvl":1,"x":28,"y":19},{"data":12000000,"id":504000002,"lvl":1,"x":19,"y":30}],"decos":[],"vobjs":[{"data":39000000,"id":508000000,"lvl":0,"x":25,"y":54},{"data":39000002,"id":508000001,"lvl":0,"x":34,"y":54}],"respawnVars":{"secondsFromLastRespawn":8098,"respawnSeed":574097618,"obstacleClearCounter":7,"time_to_gembox_drop":618302,"time_in_gembox_period":143438},"units":{"unit_prod":{}},"spells":{"unit_prod":{}},"buildings2":[{"data":1000034,"id":500000000,"lvl":2,"x":28,"y":17},{"data":1000033,"id":500000006,"lvl":2,"wI":6,"wP":1,"wX":0,"x":32,"y":16},{"data":1000033,"id":500000007,"lvl":2,"wI":6,"wX":1,"x":30,"y":16},{"data":1000033,"id":500000008,"lvl":2,"wI":6,"wX":2,"x":34,"y":16},{"data":1000033,"id":500000009,"lvl":2,"wI":6,"wX":3,"x":31,"y":16},{"data":1000033,"id":500000010,"lvl":2,"wI":6,"wX":4,"x":33,"y":16},{"data":1000033,"id":500000036,"lvl":2,"wI":36,"wP":1,"wX":0,"x":31,"y":24},{"data":1000033,"id":500000037,"lvl":2,"wI":36,"wX":1,"x":31,"y":22},{"data":1000033,"id":500000038,"lvl":2,"wI":36,"wX":2,"x":31,"y":26},{"data":1000033,"id":500000039,"lvl":2,"wI":36,"wX":3,"x":31,"y":23},{"data":1000033,"id":500000040,"lvl":2,"wI":36,"wX":4,"x":31,"y":25},{"data":1000035,"id":500000065,"lvl":2,"x":24,"y":20,"res_time":28652},{"data":1000040,"id":500000115,"lvl":3,"x":34,"y":30,"unit_prod":{"m":1,"unit_type":0}},{"data":1000044,"id":500000116,"lvl":2,"x":33,"y":26},{"data":1000039,"id":500000117,"lvl":0,"locked":true,"x":13,"y":39},{"data":1000053,"id":500000118,"lvl":0,"locked":true,"x":43,"y":14},{"data":1000046,"id":500000119,"lvl":2,"x":35,"y":17},{"data":1000042,"id":500000120,"lvl":0,"x":25,"y":15,"up2":{}},{"data":1000050,"id":500000121,"lvl":2,"x":32,"y":19},{"data":1000037,"id":500000122,"lvl":2,"x":38,"y":27,"res_time":28603},{"data":1000042,"id":500000123,"lvl":0,"x":24,"y":30,"up2":{}},{"data":1000033,"id":500000124,"lvl":2,"wI":11,"wP":1,"wX":0,"x":30,"y":21},{"data":1000033,"id":500000125,"lvl":2,"wI":11,"wX":1,"x":32,"y":21},{"data":1000033,"id":500000126,"lvl":2,"wI":11,"wX":2,"x":28,"y":21},{"data":1000033,"id":500000127,"lvl":2,"wI":11,"wX":3,"x":31,"y":21},{"data":1000033,"id":500000128,"lvl":2,"wI":11,"wX":4,"x":29,"y":21},{"data":1000033,"id":500000129,"lvl":2,"wI":16,"wP":1,"wX":0,"x":27,"y":21},{"data":1000033,"id":500000130,"lvl":2,"wI":16,"wX":1,"x":27,"y":19},{"data":1000033,"id":500000131,"lvl":2,"wI":16,"wX":2,"x":27,"y":23},{"data":1000033,"id":500000132,"lvl":2,"wI":16,"wX":3,"x":27,"y":20},{"data":1000033,"id":500000133,"lvl":2,"wI":16,"wX":4,"x":27,"y":22},{"data":1000048,"id":500000134,"lvl":2,"x":32,"y":22,"attack_mode":false,"attack_mode_draft":false,"attack_mode_war":false,"attack_mode_draft_war":false,"attack_mode2":false,"attack_mode_d2":false,"attack_mode3":false,"attack_mode_d3":false,"attack_mode4":false,"attack_mode_d4":false,"attack_mode5":false,"attack_mode_d5":false,"attack_mode_chal":false,"attack_mode_dchal":false,"attack_mode_arrw":false,"attack_mode_draft_arrw":false},{"data":1000041,"id":500000135,"lvl":2,"x":28,"y":26},{"data":1000042,"id":500000136,"lvl":0,"x":30,"y":13,"up2":{}},{"data":1000033,"id":500000137,"lvl":2,"wI":21,"wP":1,"wX":0,"x":34,"y":25},{"data":1000033,"id":500000138,"lvl":2,"wI":21,"wX":1,"x":36,"y":25},{"data":1000033,"id":500000139,"lvl":2,"wI":21,"wX":2,"x":32,"y":25},{"data":1000033,"id":500000140,"lvl":2,"wI":21,"wX":3,"x":35,"y":25},{"data":1000033,"id":500000141,"lvl":2,"wI":21,"wX":4,"x":33,"y":25},{"data":1000033,"id":500000142,"lvl":2,"wI":26,"wP":1,"wX":0,"x":27,"y":26},{"data":1000033,"id":500000143,"lvl":2,"wI":26,"wX":1,"x":27,"y":24},{"data":1000033,"id":500000144,"lvl":2,"wI":26,"wX":2,"x":27,"y":28},{"data":1000033,"id":500000145,"lvl":2,"wI":26,"wX":3,"x":27,"y":25},{"data":1000033,"id":500000146,"lvl":2,"wI":26,"wX":4,"x":27,"y":27},{"data":1000033,"id":500000147,"lvl":2,"wI":31,"wP":1,"wX":0,"x":35,"y":21},{"data":1000033,"id":500000148,"lvl":2,"wI":31,"wX":1,"x":37,"y":21},{"data":1000033,"id":500000149,"lvl":2,"wI":31,"wX":2,"x":33,"y":21},{"data":1000033,"id":500000150,"lvl":2,"wI":31,"wX":3,"x":36,"y":21},{"data":1000033,"id":500000151,"lvl":2,"wI":31,"wX":4,"x":34,"y":21},{"data":1000033,"id":500000152,"lvl":2,"wI":37,"wP":1,"wX":0,"x":34,"y":29},{"data":1000033,"id":500000153,"lvl":2,"wI":37,"wX":1,"x":32,"y":29},{"data":1000033,"id":500000154,"lvl":2,"wI":37,"wX":2,"x":36,"y":29},{"data":1000033,"id":500000155,"lvl":2,"wI":37,"wX":3,"x":33,"y":29},{"data":1000033,"id":500000156,"lvl":2,"wI":37,"wX":4,"x":35,"y":29},{"data":1000033,"id":500000157,"lvl":2,"wI":41,"wP":1,"wX":0,"x":29,"y":29},{"data":1000033,"id":500000158,"lvl":2,"wI":41,"wX":1,"x":27,"y":29},{"data":1000033,"id":500000159,"lvl":2,"wI":41,"wX":2,"x":31,"y":29},{"data":1000033,"id":500000160,"lvl":2,"wI":41,"wX":3,"x":28,"y":29},{"data":1000033,"id":500000161,"lvl":2,"wI":41,"wX":4,"x":30,"y":29},{"data":1000038,"id":500000162,"lvl":1,"x":29,"y":30},{"data":1000033,"id":500000163,"lvl":2,"wI":46,"wP":1,"wX":0,"x":37,"y":27},{"data":1000033,"id":500000164,"lvl":2,"wI":46,"wX":1,"x":37,"y":25},{"data":1000033,"id":500000165,"lvl":2,"wI":46,"wX":2,"x":37,"y":29},{"data":1000033,"id":500000166,"lvl":2,"wI":46,"wX":3,"x":37,"y":26},{"data":1000033,"id":500000167,"lvl":2,"wI":46,"wX":4,"x":37,"y":28},{"data":1000043,"id":500000168,"lvl":2,"x":32,"y":17},{"data":1000036,"id":500000170,"lvl":1,"x":24,"y":25},{"data":1000058,"id":500000173,"lvl":1,"x":37,"y":22,"res_time":395502},{"data":1000055,"id":500000174,"lvl":1,"x":28,"y":22}],"obstacles2":[],"traps2":[{"data":12000013,"id":504000002,"lvl":2,"air_mode":true,"air_mode_draft":true,"air_mode_war":false,"air_mode_draft_war":false,"air_mode2":false,"air_mode_d2":false,"air_mode3":false,"air_mode_d3":false,"air_mode4":false,"air_mode_d4":false,"air_mode5":false,"air_mode_d5":false,"air_mode6":false,"air_mode_d6":false,"air_mode7":false,"air_mode_d7":false,"x":34,"y":18},{"data":12000011,"id":504000003,"lvl":2,"d":2,"x":35,"y":23},{"data":12000011,"id":504000004,"lvl":2,"d":1,"x":28,"y":15},{"data":12000010,"id":504000005,"lvl":0,"x":38,"y":21},{"data":12000010,"id":504000006,"lvl":0,"x":38,"y":25},{"data":12000013,"id":504000007,"lvl":2,"air_mode":false,"air_mode_draft":false,"air_mode_war":false,"air_mode_draft_war":false,"air_mode2":false,"air_mode_d2":false,"air_mode3":false,"air_mode_d3":false,"air_mode4":false,"air_mode_d4":false,"air_mode5":false,"air_mode_d5":false,"air_mode6":false,"air_mode_d6":false,"air_mode7":false,"air_mode_d7":false,"x":27,"y":30}],"decos2":[],"vobjs2":[{"data":39000001,"id":508000000,"lvl":0,"x":14,"y":53},{"data":39000003,"id":508000001,"lvl":0,"x":9,"y":56}],"v2rs":25,"tgsec":0,"tgseed":0,"cooldowns":[],"newShopBuildings":[1,0,2,1,2,1,2,0,2,1,25,0,0,0,0,5,0,0,0,0,0,0,0,0,0,0,0,0,0,0,0,0,0,0,0,0,0,0,0,0,0,0,0,0,0,0,0,0,0,0,0,0,0,0,0,0,0,0,0],"newShopTraps":[2,0,0,0,0,0,0,0,0,0,0,-2,0,-1,0],"newShopDecos":[1,4,0,0,1,0,0,0,0,0,0,0,0,0,0,0,0,0,0,0,0,0,0,0,0,0,0,0,0,0,0,0,0,0,0,0,0,0,-4,0,0,0,-25,0,0,0],"offer":{"t":1,"offers":[]},"last_league_rank":0,"last_alliance_level":1,"last_league_shuffle":0,"last_season_seen":-1,"last_news_seen":137,"war_tutorials_seen":0,"war_base":false,"arr_war_base":false,"army_names":["","","",""],"account_flags":0,"bool_layout_edit_shown_erase":false,"events":[6,21],"es":0}
