{"exp_ver":1,"active_layout":0,"act_l2":0,"layout_state":[0,0,0,0,0,0,0,0],"layout_state2":[0,0,0,0,0,0,0,0],"layout_cooldown":[0,0,0,0,0,0,0,0],"buildings":[{"data":1000001,"id":500000000,"lvl":0,"x":24,"y":23},{"data":1000004,"id":500000001,"lvl":0,"x":23,"y":19,"res_time":0},{"data":1000000,"id":500000002,"lvl":0,"x":29,"y":22,"units":[]},{"data":1000015,"id":500000003,"lvl":0,"x":21,"y":23},{"data":1000014,"id":500000004,"lvl":0,"locked":true,"x":28,"y":35}],"obstacles":[{"data":8000007,"id":503000000,"x":6,"y":16},{"data":8000007,"id":503000001,"x":18,"y":36},{"data":8000008,"id":503000002,"x":7,"y":9},{"data":8000005,"id":503000003,"x":35,"y":5},{"data":8000006,"id":503000004,"x":18,"y":44},{"data":8000000,"id":503000005,"x":23,"y":4},{"data":8000008,"id":503000006,"x":18,"y":25},{"data":8000005,"id":503000007,"x":43,"y":21},{"data":8000007,"id":503000008,"x":7,"y":4},{"data":8000003,"id":503000009,"x":34,"y":12},{"data":8000004,"id":503000010,"x":24,"y":12},{"data":8000008,"id":503000011,"x":37,"y":24},{"data":8000005,"id":503000012,"x":23,"y":42},{"data":8000003,"id":503000013,"x":32,"y":37},{"data":8000005,"id":503000014,"x":5,"y":32},{"data":8000005,"id":503000015,"x":11,"y":13},{"data":8000005,"id":503000016,"x":4,"y":20},{"data":8000002,"id":503000017,"x":5,"y":37},{"data":8000002,"id":503000018,"x":8,"y":24},{"data":8000002,"id":503000019,"x":10,"y":36},{"data":8000008,"id":503000020,"x":5,"y":43},{"data":8000001,"id":503000021,"x":11,"y":5},{"data":8000001,"id":503000022,"x":16,"y":38},{"data":8000001,"id":503000023,"x":10,"y":41},{"data":8000007,"id":503000024,"x":4,"y":12},{"data":8000004,"id":503000025,"x":12,"y":26},{"data":8000004,"id":503000026,"x":8,"y":29},{"data":8000003,"id":503000027,"x":40,"y":25},{"data":8000005,"id":503000028,"x":37,"y":38},{"data":8000005,"id":503000029,"x":42,"y":14},{"data":8000001,"id":503000030,"x":17,"y":18},{"data":8000001,"id":503000031,"x":42,"y":5},{"data":8000012,"id":503000032,"x":27,"y":33},{"data":8000012,"id":503000033,"x":41,"y":8},{"data":8000010,"id":503000034,"x":29,"y":41},{"data":8000010,"id":503000035,"x":17,"y":4},{"data":8000013,"id":503000036,"x":42,"y":43},{"data":8000013,"id":503000037,"x":16,"y":12},{"data":8000014,"id":503000038,"x":13,"y":20},{"data":8000014,"id":503000039,"x":29,"y":10},{"data":8000006,"id":503000040,"x":43,"y":30},{"data":8000011,"id":503000041,"x":26,"y":37},{"data":8000011,"id":503000042,"x":27,"y":40},{"data":8000000,"id":503000043,"x":30,"y":38},{"data":8000000,"id":503000044,"x":28,"y":38},{"data":8000000,"id":503000045,"x":29,"y":33},{"data":8000007,"id":503000046,"x":26,"y":35},{"data":8000001,"id":503000047,"x":31,"y":34},{"data":8000014,"id":503000048,"x":31,"y":32},{"data":8000005,"id":503000049,"x":42,"y":35},{"data":8000005,"id":503000050,"x":16,"y":30}],"traps":[],"decos":[],"vobjs":[{"data":39000000,"id":508000000,"lvl":1,"x":25,"y":54},{"data":39000002,"id":508000001,"lvl":0,"x":34,"y":54}],"respawnVars":{"secondsFromLastRespawn":78,"respawnSeed":-171901332,"obstacleClearCounter":0,"time_to_gembox_drop":333394,"time_in_gembox_period":182194},"units":{"unit_prod":{}},"spells":{"unit_prod":{}},"buildings2":[{"data":1000034,"id":500000000,"lvl":0,"x":25,"y":22},{"data":1000033,"id":500000006,"lvl":0,"wI":6,"wP":1,"wX":0,"x":31,"y":28},{"data":1000033,"id":500000007,"lvl":0,"wI":6,"wX":1,"x":29,"y":28},{"data":1000033,"id":500000008,"lvl":0,"wI":6,"wX":2,"x":33,"y":28},{"data":1000033,"id":500000009,"lvl":0,"wI":6,"wX":3,"x":30,"y":28},{"data":1000033,"id":500000010,"lvl":0,"wI":6,"wX":4,"x":32,"y":28},{"data":1000033,"id":500000036,"lvl":0,"wI":36,"wP":1,"wX":0,"x":34,"y":24},{"data":1000033,"id":500000037,"lvl":0,"wI":36,"wX":1,"x":34,"y":22},{"data":1000033,"id":500000038,"lvl":0,"wI":36,"wX":2,"x":34,"y":26},{"data":1000033,"id":500000039,"lvl":0,"wI":36,"wX":3,"x":34,"y":23},{"data":1000033,"id":500000040,"lvl":0,"wI":36,"wX":4,"x":34,"y":25},{"data":1000035,"id":500000065,"lvl":0,"locked":true,"x":25,"y":26,"res_time":0},{"data":1000040,"id":500000115,"lvl":0,"locked":true,"x":22,"y":18,"unit_prod":{"m":1,"unit_type":0}},{"data":1000044,"id":500000116,"lvl":0,"locked":true,"x":30,"y":24},{"data":1000039,"id":500000117,"lvl":0,"locked":true,"x":13,"y":39},{"data":1000053,"id":500000118,"lvl":0,"locked":true,"x":43,"y":14},{"data":1000046,"id":500000119,"lvl":0,"locked":true,"x":20,"y":26},{"data":1000042,"id":500000120,"lvl":0,"locked":true,"x":26,"y":17,"up2":{}},{"data":1000037,"id":500000122,"lvl":0,"locked":true,"x":29,"y":19,"res_time":17695}],"obstacles2":[],"traps2":[],"decos2":[],"vobjs2":[{"data":39000001,"id":508000000,"lvl":0,"x":14,"y":53},{"data":39000003,"id":508000001,"lvl":0,"x":9,"y":56}],"v2rs":185,"tgsec":0,"tgseed":2133014912,"cooldowns":[],"newShopBuildings":[-1,0,-1,1,-1,1,1,0,0,-2,-50,-2,0,0,0,4,0,0,0,0,-2,0,0,0,0,0,0,0,0,0,0,0,0,0,0,0,0,0,0,0,0,0,0,0,0,0,0,0,0,0,0,0,0,0,0,0,0,0,0],"newShopTraps":[0,0,0,0,0,0,0,0,0,0,0,0,0,0,0],"newShopDecos":[1,4,0,0,1,0,0,0,0,0,0,0,0,0,0,0,0,0,0,0,0,0,0,0,0,0,0,0,0,0,0,0,0,0,0,0,0,0,0,0,0,0,0,0,0,0],"offer":{"t":1,"offers":[{"data":38000020}]},"last_league_rank":0,"last_alliance_level":1,"last_league_shuffle":0,"last_season_seen":-1,"last_news_seen":137,"war_tutorials_seen":0,"war_base":false,"arr_war_base":false,"army_names":["","","",""],"account_flags":0,"bool_layout_edit_shown_erase":false,"events":[6],"es":0}