{"exp_ver":1,"active_layout":0,"act_l2":0,"layout_state":[0,0,0,0,0,0,0,0],"layout_cooldown":[0,0,0,0,0,0,0,0],"buildings":[{"data":1000001,"id":500000000,"lvl":1,"x":24,"y":17},{"data":1000004,"id":500000001,"lvl":0,"x":23,"y":25,"res_time":0},{"data":1000000,"id":500000002,"lvl":1,"x":28,"y":18,"units":[]},{"data":1000015,"id":500000003,"lvl":0,"x":26,"y":25},{"data":1000014,"id":500000004,"lvl":0,"x":28,"y":35},{"data":1000004,"id":500000005,"lvl":3,"x":28,"y":15,"res_time":0},{"data":1000002,"id":500000006,"lvl":3,"x":28,"y":12,"res_time":0},{"data":1000002,"id":500000007,"lvl":3,"x":28,"y":23,"res_time":0},{"data":1000015,"id":500000008,"lvl":0,"x":25,"y":11},{"data":1000003,"id":500000009,"lvl":2,"x":20,"y":13},{"data":1000005,"id":500000010,"lvl":2,"x":20,"y":21},{"data":1000006,"id":500000011,"lvl":3,"x":22,"y":10,"unit_prod":{"m":1,"unit_type":0}},{"data":1000008,"id":500000012,"lvl":2,"x":24,"y":21,"attack_mode":false,"attack_mode_draft":false,"attack_mode_war":false,"attack_mode_draft_war":false,"attack_mode2":false,"attack_mode_d2":false,"attack_mode3":false,"attack_mode_d3":false,"attack_mode4":false,"attack_mode_d4":false,"attack_mode5":false,"attack_mode_d5":false,"attack_mode_chal":false,"attack_mode_dchal":false,"attack_mode_arrw":false,"attack_mode_draft_arrw":false},{"data":1000008,"id":500000013,"lvl":2,"x":24,"y":14,"attack_mode":false,"attack_mode_draft":false,"attack_mode_war":false,"attack_mode_draft_war":false,"attack_mode2":false,"attack_mode_d2":false,"attack_mode3":false,"attack_mode_d3":false,"attack_mode4":false,"attack_mode_d4":false,"attack_mode5":false,"attack_mode_d5":false,"attack_mode_chal":false,"attack_mode_dchal":false,"attack_mode_arrw":false,"attack_mode_draft_arrw":false},{"data":1000002,"id":500000014,"lvl":3,"x":20,"y":24,"res_time":0},{"data":1000004,"id":500000015,"lvl":3,"x":17,"y":18,"res_time":0},{"data":1000006,"id":500000016,"lvl":3,"x":17,"y":15,"unit_prod":{"m":1,"unit_type":0}},{"data":1000009,"id":500000017,"lvl":1,"x":21,"y":17,"attack_mode":false,"attack_mode_draft":false,"attack_mode_war":false,"attack_mode_draft_war":false,"attack_mode2":false,"attack_mode_d2":false,"attack_mode3":false,"attack_mode_d3":false,"attack_mode4":false,"attack_mode_d4":false,"attack_mode5":false,"attack_mode_d5":false,"attack_mode_chal":false,"attack_mode_dchal":false,"attack_mode_arrw":false,"attack_mode_draft_arrw":false},{"data":1000010,"id":500000018,"lvl":1,"wI":0,"wX":0,"x":22,"y":20},{"data":1000010,"id":500000019,"lvl":1,"wI":0,"wX":0,"x":21,"y":20},{"data":1000010,"id":500000020,"lvl":1,"wI":0,"wX":0,"x":20,"y":20},{"data":1000010,"id":500000021,"lvl":1,"wI":0,"wX":0,"x":20,"y":19},{"data":1000010,"id":500000022,"lvl":1,"wI":0,"wX":0,"x":20,"y":18},{"data":1000010,"id":500000023,"lvl":1,"wI":0,"wX":0,"x":20,"y":17},{"data":1000010,"id":500000024,"lvl":1,"wI":0,"wX":0,"x":20,"y":16},{"data":1000010,"id":500000025,"lvl":1,"wI":0,"wX":0,"x":21,"y":16},{"data":1000010,"id":500000026,"lvl":1,"wI":0,"wX":0,"x":22,"y":16},{"data":1000010,"id":500000027,"lvl":1,"wI":0,"wX":0,"x":27,"y":15},{"data":1000010,"id":500000028,"lvl":1,"wI":0,"wX":0,"x":23,"y":14},{"data":1000010,"id":500000029,"lvl":1,"wI":0,"wX":0,"x":23,"y":13},{"data":1000010,"id":500000030,"lvl":1,"wI":0,"wX":0,"x":24,"y":13},{"data":1000010,"id":500000031,"lvl":1,"wI":0,"wX":0,"x":25,"y":13},{"data":1000010,"id":500000032,"lvl":1,"wI":0,"wX":0,"x":26,"y":13},{"data":1000010,"id":500000033,"lvl":1,"wI":0,"wX":0,"x":27,"y":13},{"data":1000010,"id":500000034,"lvl":1,"wI":0,"wX":0,"x":27,"y":14},{"data":1000010,"id":500000035,"lvl":1,"wI":0,"wX":0,"x":27,"y":23},{"data":1000010,"id":500000036,"lvl":1,"wI":0,"wX":0,"x":23,"y":22},{"data":1000010,"id":500000037,"lvl":1,"wI":0,"wX":0,"x":23,"y":23},{"data":1000010,"id":500000038,"lvl":1,"wI":0,"wX":0,"x":23,"y":24},{"data":1000010,"id":500000039,"lvl":1,"wI":0,"wX":0,"x":24,"y":24},{"data":1000010,"id":500000040,"lvl":1,"wI":0,"wX":0,"x":25,"y":24},{"data":1000010,"id":500000041,"lvl":1,"wI":0,"wX":0,"x":26,"y":24},{"data":1000010,"id":500000042,"lvl":1,"wI":0,"wX":0,"x":27,"y":24}],"obstacles":[],"traps":[],"decos":[],"vobjs":[{"data":39000000,"id":508000000,"lvl":0,"x":25,"y":54},{"data":39000002,"id":508000001,"lvl":0,"x":34,"y":54}],"respawnVars":{"secondsFromLastRespawn":495,"respawnSeed":-212853765,"obstacleClearCounter":2,"time_to_gembox_drop":186571,"time_in_gembox_period":244471},"units":{"unit_prod":{}},"spells":{"unit_prod":{}},"buildings2":[{"data":1000034,"id":500000000,"lvl":1,"x":26,"y":19},{"data":1000035,"id":500000065,"lvl":0,"x":36,"y":15,"res_time":28590},{"data":1000040,"id":500000115,"lvl":2,"x":25,"y":16,"unit_prod":{"m":1,"unit_type":0}},{"data":1000044,"id":500000116,"lvl":1,"x":29,"y":23},{"data":1000039,"id":500000117,"lvl":0,"locked":true,"x":13,"y":39},{"data":1000053,"id":500000118,"lvl":0,"locked":true,"x":43,"y":14},{"data":1000046,"id":500000119,"lvl":1,"x":25,"y":23},{"data":1000042,"id":500000120,"lvl":0,"x":29,"y":26,"up2":{}},{"data":1000050,"id":500000121,"lvl":0,"x":28,"y":17},{"data":1000037,"id":500000122,"lvl":0,"x":34,"y":25,"res_time":28595},{"data":1000048,"id":500000123,"lvl":1,"x":30,"y":17,"attack_mode":true,"attack_mode_draft":false,"attack_mode_war":false,"attack_mode_draft_war":false,"attack_mode2":false,"attack_mode_d2":false,"attack_mode3":false,"attack_mode_d3":false,"attack_mode4":false,"attack_mode_d4":false,"attack_mode5":false,"attack_mode_d5":false,"attack_mode_chal":false,"attack_mode_dchal":false,"attack_mode_arrw":false,"attack_mode_draft_arrw":false},{"data":1000042,"id":500000124,"lvl":0,"x":36,"y":20,"up2":{}},{"data":1000041,"id":500000135,"lvl":0,"x":30,"y":20},{"data":1000033,"id":500000136,"lvl":0,"wI":1,"wP":1,"wX":0,"x":35,"y":22},{"data":1000033,"id":500000137,"lvl":0,"wI":1,"wX":1,"x":35,"y":20},{"data":1000033,"id":500000138,"lvl":0,"wI":1,"wX":2,"x":35,"y":24},{"data":1000033,"id":500000139,"lvl":0,"wI":1,"wX":3,"x":35,"y":21},{"data":1000033,"id":500000140,"lvl":0,"wI":1,"wX":4,"x":35,"y":23},{"data":1000033,"id":500000141,"lvl":0,"wI":6,"wP":1,"wX":0,"x":35,"y":17},{"data":1000033,"id":500000142,"lvl":0,"wI":6,"wX":1,"x":35,"y":15},{"data":1000033,"id":500000143,"lvl":0,"wI":6,"wX":2,"x":35,"y":19},{"data":1000033,"id":500000144,"lvl":0,"wI":6,"wX":3,"x":35,"y":16},{"data":1000033,"id":500000145,"lvl":0,"wI":6,"wX":4,"x":35,"y":18},{"data":1000033,"id":500000146,"lvl":0,"wI":11,"wP":1,"wX":0,"x":33,"y":14},{"data":1000033,"id":500000147,"lvl":0,"wI":11,"wX":1,"x":35,"y":14},{"data":1000033,"id":500000148,"lvl":0,"wI":11,"wX":2,"x":31,"y":14},{"data":1000033,"id":500000149,"lvl":0,"wI":11,"wX":3,"x":34,"y":14},{"data":1000033,"id":500000150,"lvl":0,"wI":11,"wX":4,"x":32,"y":14},{"data":1000033,"id":500000151,"lvl":0,"wI":16,"wP":1,"wX":0,"x":28,"y":14},{"data":1000033,"id":500000152,"lvl":0,"wI":16,"wX":1,"x":30,"y":14},{"data":1000033,"id":500000153,"lvl":0,"wI":16,"wX":2,"x":26,"y":14},{"data":1000033,"id":500000154,"lvl":0,"wI":16,"wX":3,"x":29,"y":14},{"data":1000033,"id":500000155,"lvl":0,"wI":16,"wX":4,"x":27,"y":14},{"data":1000058,"id":500000156,"lvl":0,"locked":true,"x":6,"y":12,"res_time":0}],"obstacles2":[],"traps2":[{"data":12000011,"id":504000000,"lvl":1,"d":0,"x":32,"y":23}],"decos2":[],"vobjs2":[{"data":39000001,"id":508000000,"lvl":0,"x":14,"y":53},{"data":39000003,"id":508000001,"lvl":0,"x":9,"y":56}],"v2rs":22,"tgsec":0,"tgseed":0,"cooldowns":[],"newShopBuildings":[1,0,2,1,2,1,2,0,2,1,25,0,0,0,0,5,0,0,0,0,0,0,0,0,0,0,0,0,0,0,0,0,0,0,0,0,0,0,0,0,0,0,0,0,0,0,0,0,0,0,0,0,0,0,0,0,0,0,0],"newShopTraps":[0,0,0,0,0,0,0,0,0,0,0,-1,0,0,0],"newShopDecos":[1,4,0,0,1,0,0,0,0,0,0,0,0,0,0,0,0,0,0,0,0,0,0,0,0,0,0,0,0,0,0,0,0,0,0,0,0,0,-4,0,0,0,-25,0,0,0],"offer":{"t":1,"offers":[]},"last_league_rank":0,"last_alliance_level":1,"last_league_shuffle":0,"last_season_seen":-1,"last_news_seen":137,"war_tutorials_seen":0,"war_base":false,"arr_war_base":false,"army_names":["","","",""],"account_flags":0,"bool_layout_edit_shown_erase":false,"events":[6,21],"es":0}