{"exp_ver":1,"active_layout":0,"act_l2":0,"layout_state":[0,0,0,0,0,0,0,0],"layout_cooldown":[0,0,0,0,0,0,0,0],"buildings":[{"data":1000001,"id":500000000,"lvl":6,"x":24,"y":20},{"data":1000004,"id":500000001,"lvl":10,"x":29,"y":30,"res_time":0},{"data":1000000,"id":500000002,"lvl":5,"x":39,"y":29,"units":[]},{"data":1000015,"id":500000003,"lvl":0,"x":29,"y":27},{"data":1000014,"id":500000004,"lvl":2,"x":20,"y":16},{"data":1000008,"id":500000005,"lvl":7,"x":16,"y":24,"attack_mode":false,"attack_mode_draft":false,"attack_mode_war":false,"attack_mode_draft_war":false,"attack_mode2":false,"attack_mode_d2":false,"attack_mode3":false,"attack_mode_d3":false,"attack_mode4":false,"attack_mode_d4":false,"attack_mode5":false,"attack_mode_d5":false,"attack_mode_chal":false,"attack_mode_dchal":false,"attack_mode_arrw":false,"attack_mode_draft_arrw":false},{"data":1000015,"id":500000006,"lvl":0,"x":29,"y":21},{"data":1000002,"id":500000007,"lvl":10,"x":16,"y":27,"res_time":0},{"data":1000003,"id":500000008,"lvl":10,"x":35,"y":24},{"data":1000005,"id":500000009,"lvl":10,"x":16,"y":12},{"data":1000006,"id":500000010,"lvl":8,"x":16,"y":18,"unit_prod":{"m":1,"unit_type":0}},{"data":1000004,"id":500000011,"lvl":10,"x":20,"y":30,"res_time":0},{"data":1000002,"id":500000012,"lvl":10,"x":35,"y":21,"res_time":0},{"data":1000010,"id":500000013,"lvl":6,"wI":0,"wX":0,"x":15,"y":33},{"data":1000010,"id":500000014,"lvl":6,"wI":0,"wX":0,"x":23,"y":21},{"data":1000010,"id":500000015,"lvl":6,"wI":0,"wX":0,"x":23,"y":24},{"data":1000010,"id":500000016,"lvl":6,"wI":0,"wX":0,"x":26,"y":33},{"data":1000010,"id":500000017,"lvl":6,"wI":0,"wX":0,"x":20,"y":33},{"data":1000010,"id":500000018,"lvl":6,"wI":0,"wX":0,"x":19,"y":17},{"data":1000010,"id":500000019,"lvl":6,"wI":0,"wX":0,"x":15,"y":20},{"data":1000010,"id":500000020,"lvl":6,"wI":0,"wX":0,"x":28,"y":22},{"data":1000006,"id":500000021,"lvl":8,"x":19,"y":12,"unit_prod":{"m":1,"unit_type":0}},{"data":1000008,"id":500000022,"lvl":7,"x":35,"y":18,"attack_mode":false,"attack_mode_draft":false,"attack_mode_war":false,"attack_mode_draft_war":false,"attack_mode2":false,"attack_mode_d2":false,"attack_mode3":false,"attack_mode_d3":false,"attack_mode4":false,"attack_mode_d4":false,"attack_mode5":false,"attack_mode_d5":false,"attack_mode_chal":false,"attack_mode_dchal":false,"attack_mode_arrw":false,"attack_mode_draft_arrw":false},{"data":1000010,"id":500000023,"lvl":6,"wI":0,"wX":0,"x":15,"y":21},{"data":1000010,"id":500000024,"lvl":6,"wI":0,"wX":0,"x":22,"y":33},{"data":1000010,"id":500000025,"lvl":6,"wI":0,"wX":0,"x":25,"y":33},{"data":1000010,"id":500000026,"lvl":6,"wI":0,"wX":0,"x":26,"y":19},{"data":1000010,"id":500000027,"lvl":6,"wI":0,"wX":0,"x":28,"y":15},{"data":1000010,"id":500000028,"lvl":6,"wI":0,"wX":0,"x":15,"y":11},{"data":1000010,"id":500000029,"lvl":6,"wI":0,"wX":0,"x":23,"y":19},{"data":1000010,"id":500000030,"lvl":6,"wI":0,"wX":0,"x":24,"y":19},{"data":1000010,"id":500000031,"lvl":6,"wI":0,"wX":0,"x":28,"y":23},{"data":1000010,"id":500000032,"lvl":6,"wI":0,"wX":0,"x":18,"y":33},{"data":1000005,"id":500000033,"lvl":10,"x":23,"y":30},{"data":1000003,"id":500000034,"lvl":10,"x":24,"y":9},{"data":1000000,"id":500000035,"lvl":5,"x":37,"y":9,"units":[]},{"data":1000009,"id":500000036,"lvl":7,"x":25,"y":16,"attack_mode":false,"attack_mode_draft":false,"attack_mode_war":false,"attack_mode_draft_war":false,"attack_mode2":false,"attack_mode_d2":false,"attack_mode3":false,"attack_mode_d3":false,"attack_mode4":false,"attack_mode_d4":false,"attack_mode5":false,"attack_mode_d5":false,"attack_mode_chal":false,"attack_mode_dchal":false,"attack_mode_arrw":false,"attack_mode_draft_arrw":false},{"data":1000004,"id":500000037,"lvl":10,"x":35,"y":27,"res_time":0},{"data":1000010,"id":500000038,"lvl":6,"wI":0,"wX":0,"x":15,"y":24},{"data":1000010,"id":500000039,"lvl":6,"wI":0,"wX":0,"x":28,"y":33},{"data":1000010,"id":500000040,"lvl":6,"wI":0,"wX":0,"x":19,"y":16},{"data":1000010,"id":500000041,"lvl":6,"wI":0,"wX":0,"x":36,"y":14},{"data":1000010,"id":500000042,"lvl":6,"wI":0,"wX":0,"x":16,"y":33},{"data":1000010,"id":500000043,"lvl":6,"wI":0,"wX":0,"x":38,"y":16},{"data":1000010,"id":500000044,"lvl":6,"wI":0,"wX":0,"x":34,"y":17},{"data":1000010,"id":500000045,"lvl":6,"wI":0,"wX":0,"x":27,"y":19},{"data":1000010,"id":500000046,"lvl":6,"wI":0,"wX":0,"x":15,"y":23},{"data":1000002,"id":500000047,"lvl":10,"x":12,"y":24,"res_time":0},{"data":1000010,"id":500000048,"lvl":6,"wI":0,"wX":0,"x":38,"y":30},{"data":1000010,"id":500000049,"lvl":6,"wI":0,"wX":0,"x":15,"y":16},{"data":1000010,"id":500000050,"lvl":6,"wI":0,"wX":0,"x":21,"y":33},{"data":1000010,"id":500000051,"lvl":6,"wI":0,"wX":0,"x":38,"y":27},{"data":1000010,"id":500000052,"lvl":6,"wI":0,"wX":0,"x":15,"y":31},{"data":1000010,"id":500000053,"lvl":6,"wI":0,"wX":0,"x":34,"y":25},{"data":1000010,"id":500000054,"lvl":6,"wI":0,"wX":0,"x":24,"y":33},{"data":1000010,"id":500000055,"lvl":6,"wI":0,"wX":0,"x":38,"y":21},{"data":1000010,"id":500000056,"lvl":6,"wI":0,"wX":0,"x":15,"y":12},{"data":1000010,"id":500000057,"lvl":6,"wI":0,"wX":0,"x":38,"y":22},{"data":1000010,"id":500000058,"lvl":6,"wI":0,"wX":0,"x":34,"y":20},{"data":1000010,"id":500000059,"lvl":6,"wI":0,"wX":0,"x":34,"y":15},{"data":1000010,"id":500000060,"lvl":6,"wI":0,"wX":0,"x":15,"y":15},{"data":1000010,"id":500000061,"lvl":6,"wI":0,"wX":0,"x":38,"y":20},{"data":1000010,"id":500000062,"lvl":6,"wI":0,"wX":0,"x":23,"y":23},{"data":1000010,"id":500000063,"lvl":6,"wI":0,"wX":0,"x":33,"y":29},{"data":1000010,"id":500000064,"lvl":6,"wI":0,"wX":0,"x":27,"y":15},{"data":1000010,"id":500000065,"lvl":6,"wI":0,"wX":0,"x":28,"y":20},{"data":1000010,"id":500000066,"lvl":6,"wI":0,"wX":0,"x":34,"y":23},{"data":1000010,"id":500000067,"lvl":6,"wI":0,"wX":0,"x":20,"y":29},{"data":1000010,"id":500000068,"lvl":6,"wI":0,"wX":0,"x":21,"y":15},{"data":1000010,"id":500000069,"lvl":6,"wI":0,"wX":0,"x":38,"y":18},{"data":1000010,"id":500000070,"lvl":6,"wI":0,"wX":0,"x":36,"y":12},{"data":1000013,"id":500000071,"lvl":4,"x":29,"y":12,"attack_mode":false,"attack_mode_draft":false,"attack_mode_war":false,"attack_mode_draft_war":false,"attack_mode2":false,"attack_mode_d2":false,"attack_mode3":false,"attack_mode_d3":false,"attack_mode4":false,"attack_mode_d4":false,"attack_mode5":false,"attack_mode_d5":false,"attack_mode_chal":false,"attack_mode_dchal":false,"attack_mode_arrw":false,"attack_mode_draft_arrw":false},{"data":1000015,"id":500000072,"lvl":0,"x":13,"y":27},{"data":1000004,"id":500000073,"lvl":10,"x":35,"y":30,"res_time":0},{"data":1000002,"id":500000074,"lvl":10,"x":27,"y":9,"res_time":0},{"data":1000010,"id":500000075,"lvl":6,"wI":0,"wX":0,"x":38,"y":28},{"data":1000010,"id":500000076,"lvl":6,"wI":0,"wX":0,"x":38,"y":24},{"data":1000010,"id":500000077,"lvl":6,"wI":0,"wX":0,"x":23,"y":15},{"data":1000010,"id":500000078,"lvl":6,"wI":0,"wX":0,"x":29,"y":33},{"data":1000010,"id":500000079,"lvl":6,"wI":0,"wX":0,"x":15,"y":14},{"data":1000010,"id":500000080,"lvl":6,"wI":0,"wX":0,"x":27,"y":33},{"data":1000010,"id":500000081,"lvl":6,"wI":0,"wX":0,"x":38,"y":31},{"data":1000010,"id":500000082,"lvl":6,"wI":0,"wX":0,"x":23,"y":33},{"data":1000010,"id":500000083,"lvl":6,"wI":0,"wX":0,"x":30,"y":29},{"data":1000010,"id":500000084,"lvl":6,"wI":0,"wX":0,"x":38,"y":32},{"data":1000010,"id":500000085,"lvl":6,"wI":0,"wX":0,"x":19,"y":33},{"data":1000010,"id":500000086,"lvl":6,"wI":0,"wX":0,"x":15,"y":28},{"data":1000010,"id":500000087,"lvl":6,"wI":0,"wX":0,"x":36,"y":13},{"data":1000010,"id":500000088,"lvl":6,"wI":0,"wX":0,"x":19,"y":25},{"data":1000010,"id":500000089,"lvl":6,"wI":0,"wX":0,"x":38,"y":26},{"data":1000010,"id":500000090,"lvl":6,"wI":0,"wX":0,"x":28,"y":19},{"data":1000010,"id":500000091,"lvl":6,"wI":0,"wX":0,"x":38,"y":14},{"data":1000010,"id":500000092,"lvl":6,"wI":0,"wX":0,"x":26,"y":24},{"data":1000010,"id":500000093,"lvl":6,"wI":0,"wX":0,"x":15,"y":29},{"data":1000010,"id":500000094,"lvl":6,"wI":0,"wX":0,"x":25,"y":19},{"data":1000010,"id":500000095,"lvl":6,"wI":0,"wX":0,"x":15,"y":30},{"data":1000010,"id":500000096,"lvl":6,"wI":0,"wX":0,"x":23,"y":22},{"data":1000010,"id":500000097,"lvl":6,"wI":0,"wX":0,"x":34,"y":16},{"data":1000010,"id":500000098,"lvl":6,"wI":0,"wX":0,"x":38,"y":23},{"data":1000010,"id":500000099,"lvl":6,"wI":0,"wX":0,"x":26,"y":15},{"data":1000006,"id":500000100,"lvl":8,"x":21,"y":9,"unit_prod":{"m":1,"unit_type":0}},{"data":1000009,"id":500000101,"lvl":7,"x":32,"y":12,"attack_mode":false,"attack_mode_draft":false,"attack_mode_war":false,"attack_mode_draft_war":false,"attack_mode2":false,"attack_mode_d2":false,"attack_mode3":false,"attack_mode_d3":false,"attack_mode4":false,"attack_mode_d4":false,"attack_mode5":false,"attack_mode_d5":false,"attack_mode_chal":false,"attack_mode_dchal":false,"attack_mode_arrw":false,"attack_mode_draft_arrw":false},{"data":1000012,"id":500000102,"lvl":4,"x":20,"y":22},{"data":1000007,"id":500000103,"lvl":4,"x":11,"y":20},{"data":1000015,"id":500000104,"lvl":0,"x":5,"y":5},{"data":1000000,"id":500000105,"lvl":5,"x":10,"y":29,"units":[]},{"data":1000008,"id":500000106,"lvl":7,"x":31,"y":16,"attack_mode":false,"attack_mode_draft":false,"attack_mode_war":false,"attack_mode_draft_war":false,"attack_mode2":false,"attack_mode_d2":false,"attack_mode3":false,"attack_mode_d3":false,"attack_mode4":false,"attack_mode_d4":false,"attack_mode5":false,"attack_mode_d5":false,"attack_mode_chal":false,"attack_mode_dchal":false,"attack_mode_arrw":false,"attack_mode_draft_arrw":false},{"data":1000009,"id":500000107,"lvl":7,"x":26,"y":12,"attack_mode":false,"attack_mode_draft":false,"attack_mode_war":false,"attack_mode_draft_war":false,"attack_mode2":false,"attack_mode_d2":false,"attack_mode3":false,"attack_mode_d3":false,"attack_mode4":false,"attack_mode_d4":false,"attack_mode5":false,"attack_mode_d5":false,"attack_mode_chal":false,"attack_mode_dchal":false,"attack_mode_arrw":false,"attack_mode_draft_arrw":false},{"data":1000010,"id":500000108,"lvl":6,"wI":0,"wX":0,"x":16,"y":11},{"data":1000010,"id":500000109,"lvl":6,"wI":0,"wX":0,"x":25,"y":24},{"data":1000010,"id":500000110,"lvl":6,"wI":0,"wX":0,"x":38,"y":33},{"data":1000010,"id":500000111,"lvl":6,"wI":0,"wX":0,"x":33,"y":15},{"data":1000010,"id":500000112,"lvl":6,"wI":0,"wX":0,"x":32,"y":15},{"data":1000010,"id":500000113,"lvl":6,"wI":0,"wX":0,"x":15,"y":13},{"data":1000010,"id":500000114,"lvl":6,"wI":0,"wX":0,"x":34,"y":18},{"data":1000010,"id":500000115,"lvl":6,"wI":0,"wX":0,"x":23,"y":29},{"data":1000011,"id":500000116,"lvl":3,"x":16,"y":15},{"data":1000002,"id":500000117,"lvl":10,"x":16,"y":21,"res_time":0},{"data":1000004,"id":500000118,"lvl":10,"x":16,"y":30,"res_time":0},{"data":1000010,"id":500000119,"lvl":6,"wI":0,"wX":0,"x":27,"y":29},{"data":1000010,"id":500000120,"lvl":6,"wI":0,"wX":0,"x":30,"y":33},{"data":1000010,"id":500000121,"lvl":6,"wI":0,"wX":0,"x":34,"y":28},{"data":1000010,"id":500000122,"lvl":6,"wI":0,"wX":0,"x":19,"y":29},{"data":1000010,"id":500000123,"lvl":6,"wI":0,"wX":0,"x":20,"y":15},{"data":1000010,"id":500000124,"lvl":6,"wI":0,"wX":0,"x":25,"y":29},{"data":1000010,"id":500000125,"lvl":6,"wI":0,"wX":0,"x":31,"y":33},{"data":1000010,"id":500000126,"lvl":6,"wI":0,"wX":0,"x":38,"y":25},{"data":1000010,"id":500000127,"lvl":6,"wI":0,"wX":0,"x":34,"y":26},{"data":1000010,"id":500000128,"lvl":6,"wI":0,"wX":0,"x":38,"y":29},{"data":1000010,"id":500000129,"lvl":6,"wI":0,"wX":0,"x":24,"y":24},{"data":1000010,"id":500000130,"lvl":6,"wI":0,"wX":0,"x":15,"y":17},{"data":1000010,"id":500000131,"lvl":6,"wI":0,"wX":0,"x":19,"y":18},{"data":1000010,"id":500000132,"lvl":6,"wI":0,"wX":0,"x":38,"y":17},{"data":1000010,"id":500000133,"lvl":6,"wI":0,"wX":0,"x":25,"y":15},{"data":1000010,"id":500000134,"lvl":6,"wI":0,"wX":0,"x":34,"y":19},{"data":1000010,"id":500000135,"lvl":6,"wI":0,"wX":0,"x":15,"y":22},{"data":1000020,"id":500000136,"lvl":2,"x":35,"y":15,"units":[],"unit_prod":{"m":1,"unit_type":1}},{"data":1000015,"id":500000137,"lvl":0,"x":45,"y":45},{"data":1000011,"id":500000138,"lvl":3,"x":31,"y":19},{"data":1000002,"id":500000139,"lvl":10,"x":12,"y":11,"res_time":0},{"data":1000004,"id":500000140,"lvl":10,"x":26,"y":30,"res_time":0},{"data":1000013,"id":500000141,"lvl":4,"x":31,"y":26,"attack_mode":false,"attack_mode_draft":false,"attack_mode_war":false,"attack_mode_draft_war":false,"attack_mode2":false,"attack_mode_d2":false,"attack_mode3":false,"attack_mode_d3":false,"attack_mode4":false,"attack_mode_d4":false,"attack_mode5":false,"attack_mode_d5":false,"attack_mode_chal":false,"attack_mode_dchal":false,"attack_mode_arrw":false,"attack_mode_draft_arrw":false},{"data":1000010,"id":500000142,"lvl":6,"wI":0,"wX":0,"x":19,"y":21},{"data":1000010,"id":500000143,"lvl":6,"wI":0,"wX":0,"x":34,"y":29},{"data":1000010,"id":500000144,"lvl":6,"wI":0,"wX":0,"x":29,"y":15},{"data":1000010,"id":500000145,"lvl":6,"wI":0,"wX":0,"x":30,"y":15},{"data":1000010,"id":500000146,"lvl":6,"wI":0,"wX":0,"x":19,"y":22},{"data":1000010,"id":500000147,"lvl":6,"wI":0,"wX":0,"x":36,"y":33},{"data":1000010,"id":500000148,"lvl":6,"wI":0,"wX":0,"x":19,"y":19},{"data":1000010,"id":500000149,"lvl":6,"wI":0,"wX":0,"x":38,"y":15},{"data":1000010,"id":500000150,"lvl":6,"wI":0,"wX":0,"x":29,"y":29},{"data":1000010,"id":500000151,"lvl":6,"wI":0,"wX":0,"x":37,"y":14},{"data":1000010,"id":500000152,"lvl":6,"wI":0,"wX":0,"x":35,"y":33},{"data":1000010,"id":500000153,"lvl":6,"wI":0,"wX":0,"x":23,"y":20},{"data":1000010,"id":500000154,"lvl":6,"wI":0,"wX":0,"x":19,"y":24},{"data":1000010,"id":500000155,"lvl":6,"wI":0,"wX":0,"x":19,"y":20},{"data":1000010,"id":500000156,"lvl":6,"wI":0,"wX":0,"x":19,"y":27},{"data":1000010,"id":500000157,"lvl":6,"wI":0,"wX":0,"x":15,"y":26},{"data":1000010,"id":500000158,"lvl":6,"wI":0,"wX":0,"x":19,"y":23},{"data":1000010,"id":500000159,"lvl":6,"wI":0,"wX":0,"x":15,"y":19},{"data":1000010,"id":500000160,"lvl":6,"wI":0,"wX":0,"x":34,"y":22},{"data":1000010,"id":500000161,"lvl":6,"wI":0,"wX":0,"x":17,"y":33},{"data":1000010,"id":500000162,"lvl":6,"wI":0,"wX":0,"x":15,"y":32},{"data":1000010,"id":500000163,"lvl":6,"wI":0,"wX":0,"x":34,"y":21},{"data":1000010,"id":500000164,"lvl":6,"wI":0,"wX":0,"x":19,"y":26},{"data":1000010,"id":500000165,"lvl":6,"wI":0,"wX":0,"x":31,"y":29},{"data":1000010,"id":500000166,"lvl":6,"wI":0,"wX":0,"x":19,"y":28},{"data":1000000,"id":500000167,"lvl":5,"x":10,"y":14,"units":[]},{"data":1000006,"id":500000168,"lvl":8,"x":30,"y":9,"unit_prod":{"m":1,"unit_type":0}},{"data":1000010,"id":500000169,"lvl":6,"wI":0,"wX":0,"x":17,"y":11},{"data":1000010,"id":500000170,"lvl":6,"wI":0,"wX":0,"x":37,"y":33},{"data":1000010,"id":500000171,"lvl":6,"wI":0,"wX":0,"x":32,"y":33},{"data":1000010,"id":500000172,"lvl":6,"wI":0,"wX":0,"x":19,"y":32},{"data":1000010,"id":500000173,"lvl":6,"wI":0,"wX":0,"x":33,"y":33},{"data":1000010,"id":500000174,"lvl":6,"wI":0,"wX":0,"x":34,"y":27},{"data":1000010,"id":500000175,"lvl":6,"wI":0,"wX":0,"x":15,"y":18},{"data":1000010,"id":500000176,"lvl":6,"wI":0,"wX":0,"x":27,"y":24},{"data":1000010,"id":500000177,"lvl":6,"wI":0,"wX":0,"x":28,"y":29},{"data":1000010,"id":500000178,"lvl":6,"wI":0,"wX":0,"x":28,"y":21},{"data":1000010,"id":500000179,"lvl":6,"wI":0,"wX":0,"x":38,"y":19},{"data":1000010,"id":500000180,"lvl":6,"wI":0,"wX":0,"x":24,"y":15},{"data":1000010,"id":500000181,"lvl":6,"wI":0,"wX":0,"x":21,"y":29},{"data":1000010,"id":500000182,"lvl":6,"wI":0,"wX":0,"x":22,"y":29},{"data":1000010,"id":500000183,"lvl":6,"wI":0,"wX":0,"x":22,"y":15},{"data":1000010,"id":500000184,"lvl":6,"wI":0,"wX":0,"x":26,"y":29},{"data":1000010,"id":500000185,"lvl":6,"wI":0,"wX":0,"x":34,"y":33},{"data":1000010,"id":500000186,"lvl":6,"wI":0,"wX":0,"x":32,"y":29},{"data":1000010,"id":500000187,"lvl":6,"wI":0,"wX":0,"x":19,"y":30},{"data":1000010,"id":500000188,"lvl":6,"wI":0,"wX":0,"x":31,"y":15},{"data":1000010,"id":500000189,"lvl":6,"wI":0,"wX":0,"x":15,"y":27},{"data":1000010,"id":500000190,"lvl":6,"wI":0,"wX":0,"x":34,"y":24},{"data":1000010,"id":500000191,"lvl":6,"wI":0,"wX":0,"x":19,"y":15},{"data":1000010,"id":500000192,"lvl":6,"wI":0,"wX":0,"x":24,"y":29},{"data":1000010,"id":500000193,"lvl":6,"wI":0,"wX":0,"x":15,"y":25},{"data":1000019,"id":500000194,"lvl":2,"x":29,"y":19},{"data":1000008,"id":500000195,"lvl":7,"x":32,"y":30,"attack_mode":false,"attack_mode_draft":false,"attack_mode_war":false,"attack_mode_draft_war":false,"attack_mode2":false,"attack_mode_d2":false,"attack_mode3":false,"attack_mode_d3":false,"attack_mode4":false,"attack_mode_d4":false,"attack_mode5":false,"attack_mode_d5":false,"attack_mode_chal":false,"attack_mode_dchal":false,"attack_mode_arrw":false,"attack_mode_draft_arrw":false},{"data":1000009,"id":500000196,"lvl":7,"x":20,"y":26,"attack_mode":false,"attack_mode_draft":false,"attack_mode_war":false,"attack_mode_draft_war":false,"attack_mode2":false,"attack_mode_d2":false,"attack_mode3":false,"attack_mode_d3":false,"attack_mode4":false,"attack_mode_d4":false,"attack_mode5":false,"attack_mode_d5":false,"attack_mode_chal":false,"attack_mode_dchal":false,"attack_mode_arrw":false,"attack_mode_draft_arrw":false},{"data":1000013,"id":500000197,"lvl":4,"x":20,"y":19,"attack_mode":false,"attack_mode_draft":false,"attack_mode_war":false,"attack_mode_draft_war":false,"attack_mode2":false,"attack_mode_d2":false,"attack_mode3":false,"attack_mode_d3":false,"attack_mode4":false,"attack_mode_d4":false,"attack_mode5":false,"attack_mode_d5":false,"attack_mode_chal":false,"attack_mode_dchal":false,"attack_mode_arrw":false,"attack_mode_draft_arrw":false},{"data":1000012,"id":500000198,"lvl":4,"x":29,"y":23},{"data":1000022,"id":500000199,"lvl":0,"x":33,"y":9},{"data":1000008,"id":500000200,"lvl":7,"x":22,"y":12,"attack_mode":false,"attack_mode_draft":false,"attack_mode_war":false,"attack_mode_draft_war":false,"attack_mode2":false,"attack_mode_d2":false,"attack_mode3":false,"attack_mode_d3":false,"attack_mode4":false,"attack_mode_d4":false,"attack_mode5":false,"attack_mode_d5":false,"attack_mode_chal":false,"attack_mode_dchal":false,"attack_mode_arrw":false,"attack_mode_draft_arrw":false},{"data":1000019,"id":500000201,"lvl":2,"x":32,"y":24},{"data":1000026,"id":500000202,"lvl":1,"x":15,"y":8,"unit_prod":{"m":1,"unit_type":0}},{"data":1000010,"id":500000203,"lvl":6,"wI":0,"wX":0,"x":18,"y":11},{"data":1000010,"id":500000204,"lvl":6,"wI":0,"wX":0,"x":19,"y":11},{"data":1000010,"id":500000205,"lvl":6,"wI":0,"wX":0,"x":36,"y":10},{"data":1000010,"id":500000206,"lvl":6,"wI":0,"wX":0,"x":36,"y":11},{"data":1000010,"id":500000207,"lvl":6,"wI":0,"wX":0,"x":20,"y":9},{"data":1000010,"id":500000208,"lvl":6,"wI":0,"wX":0,"x":20,"y":10},{"data":1000010,"id":500000209,"lvl":6,"wI":0,"wX":0,"x":20,"y":8},{"data":1000010,"id":500000210,"lvl":6,"wI":0,"wX":0,"x":21,"y":8},{"data":1000010,"id":500000211,"lvl":6,"wI":0,"wX":0,"x":22,"y":8},{"data":1000010,"id":500000212,"lvl":6,"wI":0,"wX":0,"x":23,"y":8},{"data":1000010,"id":500000213,"lvl":6,"wI":0,"wX":0,"x":24,"y":8},{"data":1000010,"id":500000214,"lvl":6,"wI":0,"wX":0,"x":25,"y":8},{"data":1000010,"id":500000215,"lvl":6,"wI":0,"wX":0,"x":26,"y":8},{"data":1000010,"id":500000216,"lvl":6,"wI":0,"wX":0,"x":27,"y":8},{"data":1000010,"id":500000217,"lvl":6,"wI":0,"wX":0,"x":28,"y":8},{"data":1000010,"id":500000218,"lvl":6,"wI":0,"wX":0,"x":29,"y":8},{"data":1000010,"id":500000219,"lvl":6,"wI":0,"wX":0,"x":30,"y":8},{"data":1000010,"id":500000220,"lvl":6,"wI":0,"wX":0,"x":31,"y":8},{"data":1000010,"id":500000221,"lvl":6,"wI":0,"wX":0,"x":32,"y":8},{"data":1000010,"id":500000222,"lvl":6,"wI":0,"wX":0,"x":33,"y":8},{"data":1000010,"id":500000223,"lvl":6,"wI":0,"wX":0,"x":34,"y":8},{"data":1000010,"id":500000224,"lvl":6,"wI":0,"wX":0,"x":35,"y":8},{"data":1000010,"id":500000225,"lvl":6,"wI":0,"wX":0,"x":36,"y":8},{"data":1000010,"id":500000226,"lvl":6,"wI":0,"wX":0,"x":28,"y":24},{"data":1000010,"id":500000227,"lvl":6,"wI":0,"wX":0,"x":36,"y":9},{"data":1000024,"id":500000228,"lvl":1,"x":26,"y":25},{"data":1000023,"id":500000229,"lvl":2,"x":23,"y":25,"res_time":0},{"data":1000028,"id":500000230,"lvl":2,"x":23,"y":17,"aim_angle":90,"aim_angle_draft":90,"aim_angle_war":0,"aim_angle_draft_war":0,"aim_angle2":0,"aim_angle_d2":0,"aim_angle3":0,"aim_angle_d3":0,"aim_angle4":0,"aim_angle_d4":0,"aim_angle5":0,"aim_angle_d5":0,"aim_angle5_chal":0,"aim_angle_dchal":0,"aim_angle_arrw":0,"aim_angle_draft_arrw":0},{"data":1000012,"id":500000231,"lvl":4,"x":28,"y":16}],"obstacles":[],"traps":[{"data":12000000,"id":504000000,"lvl":3,"x":20,"y":11},{"data":12000000,"id":504000001,"lvl":3,"x":21,"y":25},{"data":12000000,"id":504000002,"lvl":3,"x":14,"y":19},{"data":12000000,"id":504000003,"lvl":3,"x":29,"y":26},{"data":12000000,"id":504000004,"lvl":3,"x":27,"y":34},{"data":12000001,"id":504000005,"lvl":1,"x":19,"y":31},{"data":12000001,"id":504000006,"lvl":1,"x":23,"y":28},{"data":12000001,"id":504000007,"lvl":1,"x":21,"y":7},{"data":12000001,"id":504000008,"lvl":1,"x":22,"y":25},{"data":12000002,"id":504000009,"lvl":1,"x":18,"y":9},{"data":12000000,"id":504000010,"lvl":3,"x":25,"y":13},{"data":12000002,"id":504000011,"lvl":1,"x":32,"y":22},{"data":12000005,"id":504000012,"lvl":2,"x":20,"y":25},{"data":12000005,"id":504000013,"lvl":2,"x":25,"y":14},{"data":12000006,"id":504000014,"lvl":0,"x":24,"y":16}],"decos":[{"data":18000007,"id":506000000,"x":43,"y":23},{"data":18000001,"id":506000001,"x":20,"y":35},{"data":18000001,"id":506000002,"x":30,"y":35},{"data":18000001,"id":506000003,"x":35,"y":35},{"data":18000001,"id":506000004,"x":25,"y":35},{"data":18000006,"id":506000005,"x":43,"y":25},{"data":18000006,"id":506000006,"x":37,"y":35},{"data":18000005,"id":506000007,"x":23,"y":38},{"data":18000005,"id":506000008,"x":28,"y":38},{"data":18000005,"id":506000009,"x":18,"y":38},{"data":18000006,"id":506000010,"x":43,"y":21},{"data":18000006,"id":506000011,"x":15,"y":35},{"data":18000004,"id":506000012,"x":25,"y":37},{"data":18000005,"id":506000013,"x":33,"y":38},{"data":18000025,"id":506000014,"x":40,"y":23},{"data":18000008,"id":506000015,"x":40,"y":19},{"data":18000009,"id":506000016,"x":42,"y":27},{"data":18000010,"id":506000017,"x":40,"y":25},{"data":18000000,"id":506000018,"x":40,"y":21}],"vobjs":[{"data":39000000,"id":508000000,"lvl":0,"x":25,"y":54},{"data":39000002,"id":508000001,"lvl":0,"x":34,"y":54}],"respawnVars":{"secondsFromLastRespawn":1674,"respawnSeed":-280254048,"obstacleClearCounter":1,"time_to_gembox_drop":966917,"time_in_gembox_period":17890},"units":{"unit_prod":{}},"spells":{"unit_prod":{}},"buildings2":[{"data":1000034,"id":500000000,"lvl":6,"x":22,"y":21},{"data":1000035,"id":500000065,"lvl":6,"x":18,"y":10,"res_time":28734},{"data":1000040,"id":500000115,"lvl":8,"x":30,"y":18,"unit_prod":{"m":1,"unit_type":0}},{"data":1000044,"id":500000116,"lvl":6,"x":18,"y":13},{"data":1000039,"id":500000117,"lvl":6,"x":27,"y":10},{"data":1000053,"id":500000118,"lvl":0,"x":13,"y":18},{"data":1000046,"id":500000119,"lvl":6,"x":13,"y":11},{"data":1000042,"id":500000120,"lvl":0,"x":33,"y":27,"up2":{}},{"data":1000037,"id":500000122,"lvl":6,"x":24,"y":10,"res_time":28733},{"data":1000042,"id":500000123,"lvl":0,"x":21,"y":10,"up2":{}},{"data":1000033,"id":500000124,"lvl":6,"wI":11,"wP":1,"wX":0,"x":10,"y":16},{"data":1000033,"id":500000125,"lvl":6,"wI":11,"wX":1,"x":10,"y":14},{"data":1000033,"id":500000126,"lvl":6,"wI":11,"wX":2,"x":10,"y":18},{"data":1000033,"id":500000127,"lvl":6,"wI":11,"wX":3,"x":10,"y":15},{"data":1000033,"id":500000128,"lvl":6,"wI":11,"wX":4,"x":10,"y":17},{"data":1000033,"id":500000129,"lvl":6,"wI":16,"wP":1,"wX":0,"x":10,"y":31},{"data":1000033,"id":500000130,"lvl":6,"wI":16,"wX":1,"x":10,"y":29},{"data":1000033,"id":500000131,"lvl":6,"wI":16,"wX":2,"x":10,"y":33},{"data":1000033,"id":500000132,"lvl":6,"wI":16,"wX":3,"x":10,"y":30},{"data":1000033,"id":500000133,"lvl":6,"wI":16,"wX":4,"x":10,"y":32},{"data":1000048,"id":500000134,"lvl":6,"x":31,"y":15,"attack_mode":true,"attack_mode_draft":true,"attack_mode_war":false,"attack_mode_draft_war":false,"attack_mode2":false,"attack_mode_d2":false,"attack_mode3":false,"attack_mode_d3":false,"attack_mode4":false,"attack_mode_d4":false,"attack_mode5":false,"attack_mode_d5":false,"attack_mode_chal":false,"attack_mode_dchal":false,"attack_mode_arrw":false,"attack_mode_draft_arrw":false},{"data":1000041,"id":500000135,"lvl":6,"x":13,"y":21},{"data":1000042,"id":500000136,"lvl":0,"x":11,"y":27,"up2":{}},{"data":1000033,"id":500000137,"lvl":6,"wI":21,"wP":1,"wX":0,"x":10,"y":21},{"data":1000033,"id":500000138,"lvl":6,"wI":21,"wX":1,"x":10,"y":23},{"data":1000033,"id":500000139,"lvl":6,"wI":21,"wX":2,"x":10,"y":19},{"data":1000033,"id":500000140,"lvl":6,"wI":21,"wX":3,"x":10,"y":22},{"data":1000033,"id":500000141,"lvl":6,"wI":21,"wX":4,"x":10,"y":20},{"data":1000033,"id":500000142,"lvl":6,"wI":26,"wP":1,"wX":0,"x":13,"y":9},{"data":1000033,"id":500000143,"lvl":6,"wI":26,"wX":1,"x":15,"y":9},{"data":1000033,"id":500000144,"lvl":6,"wI":26,"wX":2,"x":11,"y":9},{"data":1000033,"id":500000145,"lvl":6,"wI":26,"wX":3,"x":14,"y":9},{"data":1000033,"id":500000146,"lvl":6,"wI":26,"wX":4,"x":12,"y":9},{"data":1000033,"id":500000147,"lvl":6,"wI":31,"wP":1,"wX":0,"x":10,"y":26},{"data":1000033,"id":500000148,"lvl":6,"wI":31,"wX":1,"x":10,"y":24},{"data":1000033,"id":500000149,"lvl":6,"wI":31,"wX":2,"x":10,"y":28},{"data":1000033,"id":500000150,"lvl":6,"wI":31,"wX":3,"x":10,"y":25},{"data":1000033,"id":500000151,"lvl":6,"wI":31,"wX":4,"x":10,"y":27},{"data":1000033,"id":500000152,"lvl":6,"wI":37,"wP":1,"wX":0,"x":18,"y":33},{"data":1000033,"id":500000153,"lvl":6,"wI":37,"wX":1,"x":20,"y":33},{"data":1000033,"id":500000154,"lvl":6,"wI":37,"wX":2,"x":16,"y":33},{"data":1000033,"id":500000155,"lvl":6,"wI":37,"wX":3,"x":19,"y":33},{"data":1000033,"id":500000156,"lvl":6,"wI":37,"wX":4,"x":17,"y":33},{"data":1000033,"id":500000157,"lvl":6,"wI":41,"wP":1,"wX":0,"x":36,"y":26},{"data":1000033,"id":500000158,"lvl":6,"wI":41,"wX":1,"x":36,"y":24},{"data":1000033,"id":500000159,"lvl":6,"wI":41,"wX":2,"x":36,"y":28},{"data":1000033,"id":500000160,"lvl":6,"wI":41,"wX":3,"x":36,"y":25},{"data":1000033,"id":500000161,"lvl":6,"wI":41,"wX":4,"x":36,"y":27},{"data":1000038,"id":500000162,"lvl":6,"x":11,"y":30},{"data":1000033,"id":500000163,"lvl":6,"wI":46,"wP":1,"wX":0,"x":36,"y":31},{"data":1000033,"id":500000164,"lvl":6,"wI":46,"wX":1,"x":36,"y":29},{"data":1000033,"id":500000165,"lvl":6,"wI":46,"wX":2,"x":36,"y":33},{"data":1000033,"id":500000166,"lvl":6,"wI":46,"wX":3,"x":36,"y":30},{"data":1000033,"id":500000167,"lvl":6,"wI":46,"wX":4,"x":36,"y":32},{"data":1000043,"id":500000168,"lvl":6,"x":21,"y":25},{"data":1000036,"id":500000170,"lvl":6,"x":13,"y":24},{"data":1000050,"id":500000173,"lvl":6,"x":26,"y":25},{"data":1000048,"id":500000174,"lvl":6,"x":13,"y":15,"attack_mode":true,"attack_mode_draft":true,"attack_mode_war":false,"attack_mode_draft_war":false,"attack_mode2":false,"attack_mode_d2":false,"attack_mode3":false,"attack_mode_d3":false,"attack_mode4":false,"attack_mode_d4":false,"attack_mode5":false,"attack_mode_d5":false,"attack_mode_chal":false,"attack_mode_dchal":false,"attack_mode_arrw":false,"attack_mode_draft_arrw":false},{"data":1000033,"id":500000175,"lvl":6,"wI":51,"wP":1,"wX":0,"x":36,"y":21},{"data":1000033,"id":500000176,"lvl":6,"wI":51,"wX":1,"x":36,"y":23},{"data":1000033,"id":500000177,"lvl":6,"wI":51,"wX":2,"x":36,"y":19},{"data":1000033,"id":500000178,"lvl":6,"wI":51,"wX":3,"x":36,"y":22},{"data":1000033,"id":500000179,"lvl":6,"wI":51,"wX":4,"x":36,"y":20},{"data":1000033,"id":500000185,"lvl":6,"wI":61,"wP":1,"wX":0,"x":33,"y":9},{"data":1000033,"id":500000186,"lvl":6,"wI":61,"wX":1,"x":35,"y":9},{"data":1000033,"id":500000187,"lvl":6,"wI":61,"wX":2,"x":31,"y":9},{"data":1000033,"id":500000188,"lvl":6,"wI":61,"wX":3,"x":34,"y":9},{"data":1000033,"id":500000189,"lvl":6,"wI":61,"wX":4,"x":32,"y":9},{"data":1000033,"id":500000190,"lvl":6,"wI":66,"wP":1,"wX":0,"x":28,"y":9},{"data":1000033,"id":500000191,"lvl":6,"wI":66,"wX":1,"x":30,"y":9},{"data":1000033,"id":500000192,"lvl":6,"wI":66,"wX":2,"x":26,"y":9},{"data":1000033,"id":500000193,"lvl":6,"wI":66,"wX":3,"x":29,"y":9},{"data":1000033,"id":500000194,"lvl":6,"wI":66,"wX":4,"x":27,"y":9},{"data":1000042,"id":500000195,"lvl":0,"x":14,"y":30,"up2":{}},{"data":1000051,"id":500000198,"lvl":6,"x":20,"y":29},{"data":1000044,"id":500000199,"lvl":6,"x":14,"y":27},{"data":1000037,"id":500000200,"lvl":6,"x":24,"y":13,"res_time":28733},{"data":1000035,"id":500000201,"lvl":6,"x":17,"y":30,"res_time":28734},{"data":1000050,"id":500000202,"lvl":6,"x":27,"y":14},{"data":1000033,"id":500000203,"lvl":6,"wI":71,"wP":1,"wX":0,"x":23,"y":33},{"data":1000033,"id":500000204,"lvl":6,"wI":71,"wX":1,"x":25,"y":33},{"data":1000033,"id":500000205,"lvl":6,"wI":71,"wX":2,"x":21,"y":33},{"data":1000033,"id":500000206,"lvl":6,"wI":71,"wX":3,"x":24,"y":33},{"data":1000033,"id":500000207,"lvl":6,"wI":71,"wX":4,"x":22,"y":33},{"data":1000033,"id":500000208,"lvl":6,"wI":76,"wP":1,"wX":0,"x":13,"y":33},{"data":1000033,"id":500000209,"lvl":6,"wI":76,"wX":1,"x":15,"y":33},{"data":1000033,"id":500000210,"lvl":6,"wI":76,"wX":2,"x":11,"y":33},{"data":1000033,"id":500000211,"lvl":6,"wI":76,"wX":3,"x":14,"y":33},{"data":1000033,"id":500000212,"lvl":6,"wI":76,"wX":4,"x":12,"y":33},{"data":1000033,"id":500000218,"lvl":6,"wI":86,"wP":1,"wX":0,"x":18,"y":9},{"data":1000033,"id":500000219,"lvl":6,"wI":86,"wX":1,"x":20,"y":9},{"data":1000033,"id":500000220,"lvl":6,"wI":86,"wX":2,"x":16,"y":9},{"data":1000033,"id":500000221,"lvl":6,"wI":86,"wX":3,"x":19,"y":9},{"data":1000033,"id":500000222,"lvl":6,"wI":86,"wX":4,"x":17,"y":9},{"data":1000055,"id":500000223,"lvl":6,"x":21,"y":13},{"data":1000033,"id":500000224,"lvl":6,"wI":91,"wP":1,"wX":0,"x":33,"y":33},{"data":1000033,"id":500000225,"lvl":6,"wI":91,"wX":1,"x":35,"y":33},{"data":1000033,"id":500000226,"lvl":6,"wI":91,"wX":2,"x":31,"y":33},{"data":1000033,"id":500000227,"lvl":6,"wI":91,"wX":3,"x":34,"y":33},{"data":1000033,"id":500000228,"lvl":6,"wI":91,"wX":4,"x":32,"y":33},{"data":1000033,"id":500000229,"lvl":6,"wI":96,"wP":1,"wX":0,"x":36,"y":11},{"data":1000033,"id":500000230,"lvl":6,"wI":96,"wX":1,"x":36,"y":9},{"data":1000033,"id":500000231,"lvl":6,"wI":96,"wX":2,"x":36,"y":13},{"data":1000033,"id":500000232,"lvl":6,"wI":96,"wX":3,"x":36,"y":10},{"data":1000033,"id":500000233,"lvl":6,"wI":96,"wX":4,"x":36,"y":12},{"data":1000033,"id":500000234,"lvl":6,"wI":101,"wP":1,"wX":0,"x":26,"y":27},{"data":1000033,"id":500000235,"lvl":6,"wI":101,"wX":1,"x":28,"y":27},{"data":1000033,"id":500000236,"lvl":6,"wI":101,"wX":2,"x":24,"y":27},{"data":1000033,"id":500000237,"lvl":6,"wI":101,"wX":3,"x":27,"y":27},{"data":1000033,"id":500000238,"lvl":6,"wI":101,"wX":4,"x":25,"y":27},{"data":1000033,"id":500000239,"lvl":6,"wI":106,"wP":1,"wX":0,"x":21,"y":27},{"data":1000033,"id":500000240,"lvl":6,"wI":106,"wX":1,"x":23,"y":27},{"data":1000033,"id":500000241,"lvl":6,"wI":106,"wX":2,"x":19,"y":27},{"data":1000033,"id":500000242,"lvl":6,"wI":106,"wX":3,"x":22,"y":27},{"data":1000033,"id":500000243,"lvl":6,"wI":106,"wX":4,"x":20,"y":27},{"data":1000042,"id":500000244,"lvl":0,"x":30,"y":30,"up2":{}},{"data":1000043,"id":500000245,"lvl":6,"x":24,"y":25},{"data":1000056,"id":500000246,"lvl":6,"x":22,"y":18},{"data":1000038,"id":500000247,"lvl":6,"x":33,"y":30},{"data":1000036,"id":500000248,"lvl":6,"x":31,"y":24},{"data":1000048,"id":500000249,"lvl":6,"x":30,"y":27,"attack_mode":true,"attack_mode_draft":true,"attack_mode_war":false,"attack_mode_draft_war":false,"attack_mode2":false,"attack_mode_d2":false,"attack_mode3":false,"attack_mode_d3":false,"attack_mode4":false,"attack_mode_d4":false,"attack_mode5":false,"attack_mode_d5":false,"attack_mode_chal":false,"attack_mode_dchal":false,"attack_mode_arrw":false,"attack_mode_draft_arrw":false},{"data":1000033,"id":500000250,"lvl":6,"wI":102,"wP":1,"wX":0,"x":18,"y":25},{"data":1000033,"id":500000251,"lvl":6,"wI":102,"wX":1,"x":18,"y":23},{"data":1000033,"id":500000252,"lvl":6,"wI":102,"wX":2,"x":18,"y":27},{"data":1000033,"id":500000253,"lvl":6,"wI":102,"wX":3,"x":18,"y":24},{"data":1000033,"id":500000254,"lvl":6,"wI":102,"wX":4,"x":18,"y":26},{"data":1000041,"id":500000255,"lvl":6,"x":31,"y":21},{"data":1000033,"id":500000256,"lvl":6,"wI":107,"wP":1,"wX":0,"x":18,"y":20},{"data":1000033,"id":500000257,"lvl":6,"wI":107,"wX":1,"x":18,"y":18},{"data":1000033,"id":500000258,"lvl":6,"wI":107,"wX":2,"x":18,"y":22},{"data":1000033,"id":500000259,"lvl":6,"wI":107,"wX":3,"x":18,"y":19},{"data":1000033,"id":500000260,"lvl":6,"wI":107,"wX":4,"x":18,"y":21},{"data":1000033,"id":500000261,"lvl":6,"wI":111,"wP":1,"wX":0,"x":20,"y":17},{"data":1000033,"id":500000262,"lvl":6,"wI":111,"wX":1,"x":22,"y":17},{"data":1000033,"id":500000263,"lvl":6,"wI":111,"wX":2,"x":18,"y":17},{"data":1000033,"id":500000264,"lvl":6,"wI":111,"wX":3,"x":21,"y":17},{"data":1000033,"id":500000265,"lvl":6,"wI":111,"wX":4,"x":19,"y":17},{"data":1000033,"id":500000266,"lvl":6,"wI":116,"wP":1,"wX":0,"x":25,"y":17},{"data":1000033,"id":500000267,"lvl":6,"wI":116,"wX":1,"x":27,"y":17},{"data":1000033,"id":500000268,"lvl":6,"wI":116,"wX":2,"x":23,"y":17},{"data":1000033,"id":500000269,"lvl":6,"wI":116,"wX":3,"x":26,"y":17},{"data":1000033,"id":500000270,"lvl":6,"wI":116,"wX":4,"x":24,"y":17},{"data":1000033,"id":500000271,"lvl":6,"wI":121,"wP":1,"wX":0,"x":28,"y":19},{"data":1000033,"id":500000272,"lvl":6,"wI":121,"wX":1,"x":28,"y":17},{"data":1000033,"id":500000273,"lvl":6,"wI":121,"wX":2,"x":28,"y":21},{"data":1000033,"id":500000274,"lvl":6,"wI":121,"wX":3,"x":28,"y":18},{"data":1000033,"id":500000275,"lvl":6,"wI":121,"wX":4,"x":28,"y":20},{"data":1000033,"id":500000276,"lvl":6,"wI":126,"wP":1,"wX":0,"x":28,"y":24},{"data":1000033,"id":500000277,"lvl":6,"wI":126,"wX":1,"x":28,"y":22},{"data":1000033,"id":500000278,"lvl":6,"wI":126,"wX":2,"x":28,"y":26},{"data":1000033,"id":500000279,"lvl":6,"wI":126,"wX":3,"x":28,"y":23},{"data":1000033,"id":500000280,"lvl":6,"wI":126,"wX":4,"x":28,"y":25},{"data":1000045,"id":500000281,"lvl":6,"x":19,"y":18},{"data":1000044,"id":500000283,"lvl":6,"x":27,"y":30},{"data":1000054,"id":500000284,"lvl":6,"x":19,"y":21},{"data":1000058,"id":500000286,"lvl":6,"x":31,"y":12,"res_time":403493},{"data":1000057,"id":500000287,"lvl":6,"x":25,"y":18},{"data":1000033,"id":500000288,"lvl":6,"wI":131,"wP":1,"wX":0,"x":10,"y":11},{"data":1000033,"id":500000289,"lvl":6,"wI":131,"wX":1,"x":10,"y":9},{"data":1000033,"id":500000290,"lvl":6,"wI":131,"wX":2,"x":10,"y":13},{"data":1000033,"id":500000291,"lvl":6,"wI":131,"wX":3,"x":10,"y":10},{"data":1000033,"id":500000292,"lvl":6,"wI":131,"wX":4,"x":10,"y":12},{"data":1000033,"id":500000293,"lvl":6,"wI":136,"wP":1,"wX":0,"x":23,"y":9},{"data":1000033,"id":500000294,"lvl":6,"wI":136,"wX":1,"x":25,"y":9},{"data":1000033,"id":500000295,"lvl":6,"wI":136,"wX":2,"x":21,"y":9},{"data":1000033,"id":500000296,"lvl":6,"wI":136,"wX":3,"x":24,"y":9},{"data":1000033,"id":500000297,"lvl":6,"wI":136,"wX":4,"x":22,"y":9},{"data":1000033,"id":500000298,"lvl":6,"wI":141,"wP":1,"wX":0,"x":36,"y":16},{"data":1000033,"id":500000299,"lvl":6,"wI":141,"wX":1,"x":36,"y":18},{"data":1000033,"id":500000300,"lvl":6,"wI":141,"wX":2,"x":36,"y":14},{"data":1000033,"id":500000301,"lvl":6,"wI":141,"wX":3,"x":36,"y":17},{"data":1000033,"id":500000302,"lvl":6,"wI":141,"wX":4,"x":36,"y":15},{"data":1000033,"id":500000303,"lvl":6,"wI":146,"wP":1,"wX":0,"x":28,"y":33},{"data":1000033,"id":500000304,"lvl":6,"wI":146,"wX":1,"x":30,"y":33},{"data":1000033,"id":500000305,"lvl":6,"wI":146,"wX":2,"x":26,"y":33},{"data":1000033,"id":500000306,"lvl":6,"wI":146,"wX":3,"x":29,"y":33},{"data":1000033,"id":500000307,"lvl":6,"wI":146,"wX":4,"x":27,"y":33},{"data":1000050,"id":500000308,"lvl":6,"x":19,"y":25},{"data":1000055,"id":500000309,"lvl":6,"x":22,"y":29},{"data":1000042,"id":500000310,"lvl":0,"x":33,"y":18,"up2":{}},{"data":1000051,"id":500000311,"lvl":6,"x":29,"y":14}],"obstacles2":[],"traps2":[{"data":12000013,"id":504000002,"lvl":6,"air_mode":true,"air_mode_draft":true,"air_mode_war":false,"air_mode_draft_war":false,"air_mode2":false,"air_mode_d2":false,"air_mode3":false,"air_mode_d3":false,"air_mode4":false,"air_mode_d4":false,"air_mode5":false,"air_mode_d5":false,"air_mode6":false,"air_mode_d6":false,"air_mode7":false,"air_mode_d7":false,"x":25,"y":28},{"data":12000011,"id":504000003,"lvl":6,"d":0,"x":26,"y":23},{"data":12000011,"id":504000005,"lvl":6,"d":0,"x":16,"y":15},{"data":12000013,"id":504000006,"lvl":6,"air_mode":true,"air_mode_draft":true,"air_mode_war":false,"air_mode_draft_war":false,"air_mode2":false,"air_mode_d2":false,"air_mode3":false,"air_mode_d3":false,"air_mode4":false,"air_mode_d4":false,"air_mode5":false,"air_mode_d5":false,"air_mode6":false,"air_mode_d6":false,"air_mode7":false,"air_mode_d7":false,"x":16,"y":18},{"data":12000011,"id":504000007,"lvl":6,"d":0,"x":26,"y":21},{"data":12000014,"id":504000008,"lvl":6,"air_mode":false,"air_mode_draft":false,"air_mode_war":false,"air_mode_draft_war":false,"air_mode2":false,"air_mode_d2":false,"air_mode3":false,"air_mode_d3":false,"air_mode4":false,"air_mode_d4":false,"air_mode5":false,"air_mode_d5":false,"air_mode6":false,"air_mode_d6":false,"air_mode7":false,"air_mode_d7":false,"x":29,"y":22},{"data":12000011,"id":504000009,"lvl":6,"d":2,"x":20,"y":31},{"data":12000013,"id":504000010,"lvl":6,"air_mode":true,"air_mode_draft":true,"air_mode_war":false,"air_mode_draft_war":false,"air_mode2":false,"air_mode_d2":false,"air_mode3":false,"air_mode_d3":false,"air_mode4":false,"air_mode_d4":false,"air_mode5":false,"air_mode_d5":false,"air_mode6":false,"air_mode_d6":false,"air_mode7":false,"air_mode_d7":false,"x":24,"y":16},{"data":12000013,"id":504000011,"lvl":6,"air_mode":true,"air_mode_draft":true,"air_mode_war":false,"air_mode_draft_war":false,"air_mode2":false,"air_mode_d2":false,"air_mode3":false,"air_mode_d3":false,"air_mode4":false,"air_mode_d4":false,"air_mode5":false,"air_mode_d5":false,"air_mode6":false,"air_mode_d6":false,"air_mode7":false,"air_mode_d7":false,"x":16,"y":23},{"data":12000010,"id":504000012,"lvl":2,"x":16,"y":20},{"data":12000010,"id":504000013,"lvl":2,"x":23,"y":25},{"data":12000010,"id":504000014,"lvl":2,"x":23,"y":26},{"data":12000010,"id":504000015,"lvl":2,"x":26,"y":28},{"data":12000014,"id":504000016,"lvl":6,"air_mode":false,"air_mode_draft":false,"air_mode_war":false,"air_mode_draft_war":false,"air_mode2":false,"air_mode_d2":false,"air_mode3":false,"air_mode_d3":false,"air_mode4":false,"air_mode_d4":false,"air_mode5":false,"air_mode_d5":false,"air_mode6":false,"air_mode_d6":false,"air_mode7":false,"air_mode_d7":false,"x":28,"y":28},{"data":12000011,"id":504000017,"lvl":6,"d":0,"x":25,"y":29},{"data":12000010,"id":504000018,"lvl":2,"x":23,"y":28},{"data":12000010,"id":504000019,"lvl":2,"x":20,"y":28},{"data":12000013,"id":504000020,"lvl":6,"air_mode":true,"air_mode_draft":true,"air_mode_war":false,"air_mode_draft_war":false,"air_mode2":false,"air_mode_d2":false,"air_mode3":false,"air_mode_d3":false,"air_mode4":false,"air_mode_d4":false,"air_mode5":false,"air_mode_d5":false,"air_mode6":false,"air_mode_d6":false,"air_mode7":false,"air_mode_d7":false,"x":21,"y":28},{"data":12000013,"id":504000021,"lvl":6,"air_mode":true,"air_mode_draft":true,"air_mode_war":false,"air_mode_draft_war":false,"air_mode2":false,"air_mode_d2":false,"air_mode3":false,"air_mode_d3":false,"air_mode4":false,"air_mode_d4":false,"air_mode5":false,"air_mode_d5":false,"air_mode6":false,"air_mode_d6":false,"air_mode7":false,"air_mode_d7":false,"x":20,"y":16}],"decos2":[],"vobjs2":[{"data":39000001,"id":508000000,"lvl":0,"x":14,"y":53},{"data":39000003,"id":508000001,"lvl":0,"x":9,"y":56}],"v2rs":48,"tgsec":0,"tgseed":0,"cooldowns":[{"cooldown":758430,"target":20000000}],"newShopBuildings":[4,0,6,2,6,2,4,1,5,4,175,2,3,3,0,5,0,0,0,2,1,0,1,1,1,0,1,0,1,0,0,0,0,0,0,0,0,0,0,0,0,0,0,0,0,0,0,0,0,0,0,0,0,0,0,0,0,0,0],"newShopTraps":[6,4,2,0,0,2,1,0,0,0,0,-4,0,-2,0],"newShopDecos":[1,4,0,0,1,0,0,0,0,0,0,0,0,0,0,0,0,0,0,0,0,0,0,0,0,0,0,0,0,0,0,0,0,0,0,0,0,0,-4,0,0,0,-25,0,0,0],"offer":{"t":1,"offers":[{"data":38000010,"a_t":3552,"ts":1},{"data":38000020,"a_t":259177,"ts":1},{"data":38000022,"a_t":3552,"ts":1},{"data":38000026,"a_t":489307},{"data":38000031,"a_t":489307},{"data":38000040,"a_t":489307},{"data":38000041,"a_t":489307}]},"last_league_rank":0,"last_alliance_level":1,"last_league_shuffle":0,"last_season_seen":-1,"last_news_seen":137,"war_tutorials_seen":0,"war_base":false,"arr_war_base":false,"army_names":["","","",""],"account_flags":2,"bool_layout_edit_shown_erase":true,"events":[6,21],"es":0}