{"exp_ver":1,"active_layout":0,"act_l2":0,"layout_state":[0,0,0,0,0,0,0,0],"layout_state2":[0,0,0,0,0,0,0,0],"layout_cooldown":[0,0,0,0,0,0,0,0],"buildings":[{"data":1000001,"id":500000000,"lvl":2,"x":24,"y":23},{"data":1000004,"id":500000001,"lvl":5,"x":23,"y":19,"res_time":46647},{"data":1000000,"id":500000002,"lvl":2,"x":29,"y":22,"units":[]},{"data":1000015,"id":500000003,"lvl":0,"x":21,"y":23},{"data":1000014,"id":500000004,"lvl":0,"locked":true,"x":28,"y":35}],"obstacles":[{"data":8000007,"id":503000000,"x":6,"y":16},{"data":8000007,"id":503000001,"x":18,"y":36},{"data":8000008,"id":503000002,"x":7,"y":9},{"data":8000005,"id":503000003,"x":35,"y":5},{"data":8000006,"id":503000004,"x":18,"y":44},{"data":8000000,"id":503000005,"x":23,"y":4},{"data":8000008,"id":503000006,"x":18,"y":25},{"data":8000005,"id":503000007,"x":43,"y":21},{"data":8000007,"id":503000008,"x":7,"y":4},{"data":8000003,"id":503000009,"x":34,"y":12},{"data":8000004,"id":503000010,"x":24,"y":12},{"data":8000008,"id":503000011,"x":37,"y":24},{"data":8000005,"id":503000012,"x":23,"y":42},{"data":8000003,"id":503000013,"x":32,"y":37},{"data":8000005,"id":503000014,"x":5,"y":32},{"data":8000005,"id":503000015,"x":11,"y":13},{"data":8000005,"id":503000016,"x":4,"y":20},{"data":8000002,"id":503000017,"x":5,"y":37},{"data":8000002,"id":503000018,"x":8,"y":24},{"data":8000002,"id":503000019,"x":10,"y":36},{"data":8000008,"id":503000020,"x":5,"y":43},{"data":8000001,"id":503000021,"x":11,"y":5},{"data":8000001,"id":503000022,"x":16,"y":38},{"data":8000001,"id":503000023,"x":10,"y":41},{"data":8000007,"id":503000024,"x":4,"y":12},{"data":8000004,"id":503000025,"x":12,"y":26},{"data":8000004,"id":503000026,"x":8,"y":29},{"data":8000003,"id":503000027,"x":40,"y":25},{"data":8000005,"id":503000028,"x":37,"y":38},{"data":8000005,"id":503000029,"x":42,"y":14},{"data":8000001,"id":503000030,"x":17,"y":18},{"data":8000001,"id":503000031,"x":42,"y":5},{"data":8000012,"id":503000032,"x":27,"y":33},{"data":8000012,"id":503000033,"x":41,"y":8},{"data":8000010,"id":503000034,"x":29,"y":41},{"data":8000010,"id":503000035,"x":17,"y":4},{"data":8000013,"id":503000036,"x":42,"y":43},{"data":8000013,"id":503000037,"x":16,"y":12},{"data":8000014,"id":503000038,"x":13,"y":20},{"data":8000014,"id":503000039,"x":29,"y":10},{"data":8000006,"id":503000040,"x":43,"y":30},{"data":8000011,"id":503000041,"x":26,"y":37},{"data":8000011,"id":503000042,"x":27,"y":40},{"data":8000000,"id":503000043,"x":30,"y":38},{"data":8000000,"id":503000044,"x":28,"y":38},{"data":8000000,"id":503000045,"x":29,"y":33},{"data":8000007,"id":503000046,"x":26,"y":35},{"data":8000001,"id":503000047,"x":31,"y":34},{"data":8000014,"id":503000048,"x":31,"y":32},{"data":8000005,"id":503000049,"x":42,"y":35},{"data":8000005,"id":503000050,"x":16,"y":30},{"data":8000039,"id":503000051,"x":43,"y":2,"lmv":2},{"data":8000030,"id":503000052,"x":20,"y":10,"lmv":2},{"data":8000039,"id":503000053,"x":46,"y":38,"lmv":2},{"data":8000039,"id":503000054,"x":39,"y":32,"lmv":2}],"traps":[],"decos":[],"vobjs":[{"data":39000000,"id":508000000,"lvl":1,"x":25,"y":54},{"data":39000002,"id":508000001,"lvl":0,"x":34,"y":54}],"respawnVars":{"secondsFromLastRespawn":10306,"respawnSeed":519435282,"obstacleClearCounter":0,"time_to_gembox_drop":1076989,"time_in_gembox_period":22094},"units":{"unit_prod":{}},"spells":{"unit_prod":{}},"buildings2":[{"data":1000034,"id":500000000,"lvl":5,"x":23,"y":22},{"data":1000035,"id":500000065,"lvl":5,"x":13,"y":20,"res_time":20150},{"data":1000040,"id":500000115,"lvl":7,"x":18,"y":34,"unit_prod":{"m":1,"unit_type":0}},{"data":1000044,"id":500000116,"lvl":5,"x":30,"y":15},{"data":1000039,"id":500000117,"lvl":5,"x":37,"y":21},{"data":1000053,"id":500000118,"lvl":0,"x":34,"y":11},{"data":1000046,"id":500000119,"lvl":5,"x":20,"y":10},{"data":1000042,"id":500000120,"lvl":0,"x":28,"y":35,"up2":{}},{"data":1000037,"id":500000122,"lvl":5,"x":33,"y":34,"res_time":43181},{"data":1000042,"id":500000123,"lvl":0,"x":25,"y":10,"up2":{}},{"data":1000033,"id":500000124,"lvl":5,"wI":11,"wP":1,"wX":0,"x":30,"y":26},{"data":1000033,"id":500000125,"lvl":5,"wI":11,"wX":1,"x":30,"y":28},{"data":1000033,"id":500000126,"lvl":5,"wI":11,"wX":2,"x":30,"y":24},{"data":1000033,"id":500000127,"lvl":5,"wI":11,"wX":3,"x":30,"y":27},{"data":1000033,"id":500000128,"lvl":5,"wI":11,"wX":4,"x":30,"y":25},{"data":1000033,"id":500000129,"lvl":5,"wI":16,"wP":1,"wX":0,"x":35,"y":31},{"data":1000033,"id":500000130,"lvl":5,"wI":16,"wX":1,"x":35,"y":33},{"data":1000033,"id":500000131,"lvl":5,"wI":16,"wX":2,"x":35,"y":29},{"data":1000033,"id":500000132,"lvl":5,"wI":16,"wX":3,"x":35,"y":32},{"data":1000033,"id":500000133,"lvl":5,"wI":16,"wX":4,"x":35,"y":30},{"data":1000048,"id":500000134,"lvl":5,"x":25,"y":15,"attack_mode":true,"attack_mode_draft":true,"attack_mode_war":false,"attack_mode_draft_war":false,"attack_mode2":false,"attack_mode_d2":false,"attack_mode3":false,"attack_mode_d3":false,"attack_mode4":false,"attack_mode_d4":false,"attack_mode5":false,"attack_mode_d5":false,"attack_mode_chal":false,"attack_mode_dchal":false,"attack_mode_arrw":false,"attack_mode_draft_arrw":false},{"data":1000041,"id":500000135,"lvl":5,"x":27,"y":19},{"data":1000042,"id":500000136,"lvl":0,"x":16,"y":12,"up2":{}},{"data":1000033,"id":500000137,"lvl":5,"wI":21,"wP":1,"wX":0,"x":25,"y":33},{"data":1000033,"id":500000138,"lvl":5,"wI":21,"wX":1,"x":27,"y":33},{"data":1000033,"id":500000139,"lvl":5,"wI":21,"wX":2,"x":23,"y":33},{"data":1000033,"id":500000140,"lvl":5,"wI":21,"wX":3,"x":26,"y":33},{"data":1000033,"id":500000141,"lvl":5,"wI":21,"wX":4,"x":24,"y":33},{"data":1000033,"id":500000142,"lvl":5,"wI":26,"wP":1,"wX":0,"x":28,"y":31},{"data":1000033,"id":500000143,"lvl":5,"wI":26,"wX":1,"x":28,"y":29},{"data":1000033,"id":500000144,"lvl":5,"wI":26,"wX":2,"x":28,"y":33},{"data":1000033,"id":500000145,"lvl":5,"wI":26,"wX":3,"x":28,"y":30},{"data":1000033,"id":500000146,"lvl":5,"wI":26,"wX":4,"x":28,"y":32},{"data":1000033,"id":500000147,"lvl":5,"wI":31,"wP":1,"wX":0,"x":21,"y":32},{"data":1000033,"id":500000148,"lvl":5,"wI":31,"wX":1,"x":23,"y":32},{"data":1000033,"id":500000149,"lvl":5,"wI":31,"wX":2,"x":19,"y":32},{"data":1000033,"id":500000150,"lvl":5,"wI":31,"wX":3,"x":22,"y":32},{"data":1000033,"id":500000151,"lvl":5,"wI":31,"wX":4,"x":20,"y":32},{"data":1000033,"id":500000152,"lvl":5,"wI":37,"wP":1,"wX":0,"x":31,"y":29},{"data":1000033,"id":500000153,"lvl":5,"wI":37,"wX":1,"x":33,"y":29},{"data":1000033,"id":500000154,"lvl":5,"wI":37,"wX":2,"x":29,"y":29},{"data":1000033,"id":500000155,"lvl":5,"wI":37,"wX":3,"x":32,"y":29},{"data":1000033,"id":500000156,"lvl":5,"wI":37,"wX":4,"x":30,"y":29},{"data":1000033,"id":500000157,"lvl":5,"wI":41,"wP":1,"wX":0,"x":26,"y":14},{"data":1000033,"id":500000158,"lvl":5,"wI":41,"wX":1,"x":28,"y":14},{"data":1000033,"id":500000159,"lvl":5,"wI":41,"wX":2,"x":24,"y":14},{"data":1000033,"id":500000160,"lvl":5,"wI":41,"wX":3,"x":27,"y":14},{"data":1000033,"id":500000161,"lvl":5,"wI":41,"wX":4,"x":25,"y":14},{"data":1000038,"id":500000162,"lvl":5,"x":15,"y":16},{"data":1000033,"id":500000163,"lvl":5,"wI":46,"wP":1,"wX":0,"x":22,"y":15},{"data":1000033,"id":500000164,"lvl":5,"wI":46,"wX":1,"x":24,"y":15},{"data":1000033,"id":500000165,"lvl":5,"wI":46,"wX":2,"x":20,"y":15},{"data":1000033,"id":500000166,"lvl":5,"wI":46,"wX":3,"x":23,"y":15},{"data":1000033,"id":500000167,"lvl":5,"wI":46,"wX":4,"x":21,"y":15},{"data":1000043,"id":500000168,"lvl":5,"x":20,"y":21},{"data":1000036,"id":500000170,"lvl":5,"x":35,"y":15},{"data":1000045,"id":500000172,"lvl":5,"x":23,"y":26},{"data":1000050,"id":500000173,"lvl":5,"x":20,"y":18},{"data":1000048,"id":500000174,"lvl":5,"x":24,"y":30,"attack_mode":true,"attack_mode_draft":true,"attack_mode_war":false,"attack_mode_draft_war":false,"attack_mode2":false,"attack_mode_d2":false,"attack_mode3":false,"attack_mode_d3":false,"attack_mode4":false,"attack_mode_d4":false,"attack_mode5":false,"attack_mode_d5":false,"attack_mode_chal":false,"attack_mode_dchal":false,"attack_mode_arrw":false,"attack_mode_draft_arrw":false},{"data":1000033,"id":500000175,"lvl":5,"wI":51,"wP":1,"wX":0,"x":19,"y":17},{"data":1000033,"id":500000176,"lvl":5,"wI":51,"wX":1,"x":19,"y":15},{"data":1000033,"id":500000177,"lvl":5,"wI":51,"wX":2,"x":19,"y":19},{"data":1000033,"id":500000178,"lvl":5,"wI":51,"wX":3,"x":19,"y":16},{"data":1000033,"id":500000179,"lvl":5,"wI":51,"wX":4,"x":19,"y":18},{"data":1000033,"id":500000180,"lvl":5,"wI":56,"wP":1,"wX":0,"x":17,"y":28},{"data":1000033,"id":500000181,"lvl":5,"wI":56,"wX":1,"x":17,"y":26},{"data":1000033,"id":500000182,"lvl":5,"wI":56,"wX":2,"x":17,"y":30},{"data":1000033,"id":500000183,"lvl":5,"wI":56,"wX":3,"x":17,"y":27},{"data":1000033,"id":500000184,"lvl":5,"wI":56,"wX":4,"x":17,"y":29},{"data":1000033,"id":500000185,"lvl":5,"wI":61,"wP":1,"wX":0,"x":19,"y":20},{"data":1000033,"id":500000186,"lvl":5,"wI":61,"wX":1,"x":21,"y":20},{"data":1000033,"id":500000187,"lvl":5,"wI":61,"wX":2,"x":17,"y":20},{"data":1000033,"id":500000188,"lvl":5,"wI":61,"wX":3,"x":20,"y":20},{"data":1000033,"id":500000189,"lvl":5,"wI":61,"wX":4,"x":18,"y":20},{"data":1000033,"id":500000190,"lvl":5,"wI":66,"wP":1,"wX":0,"x":17,"y":23},{"data":1000033,"id":500000191,"lvl":5,"wI":66,"wX":1,"x":17,"y":21},{"data":1000033,"id":500000192,"lvl":5,"wI":66,"wX":2,"x":17,"y":25},{"data":1000033,"id":500000193,"lvl":5,"wI":66,"wX":3,"x":17,"y":22},{"data":1000033,"id":500000194,"lvl":5,"wI":66,"wX":4,"x":17,"y":24},{"data":1000051,"id":500000198,"lvl":5,"x":28,"y":24},{"data":1000044,"id":500000199,"lvl":5,"x":19,"y":26},{"data":1000037,"id":500000200,"lvl":5,"x":14,"y":29,"res_time":43181},{"data":1000035,"id":500000201,"lvl":5,"x":13,"y":25,"res_time":20150},{"data":1000033,"id":500000203,"lvl":5,"wI":71,"wP":1,"wX":0,"x":29,"y":18},{"data":1000033,"id":500000204,"lvl":5,"wI":71,"wX":1,"x":31,"y":18},{"data":1000033,"id":500000205,"lvl":5,"wI":71,"wX":2,"x":27,"y":18},{"data":1000033,"id":500000206,"lvl":5,"wI":71,"wX":3,"x":30,"y":18},{"data":1000033,"id":500000207,"lvl":5,"wI":71,"wX":4,"x":28,"y":18},{"data":1000033,"id":500000208,"lvl":5,"wI":76,"wP":1,"wX":0,"x":30,"y":21},{"data":1000033,"id":500000209,"lvl":5,"wI":76,"wX":1,"x":30,"y":19},{"data":1000033,"id":500000210,"lvl":5,"wI":76,"wX":2,"x":30,"y":23},{"data":1000033,"id":500000211,"lvl":5,"wI":76,"wX":3,"x":30,"y":20},{"data":1000033,"id":500000212,"lvl":5,"wI":76,"wX":4,"x":30,"y":22},{"data":1000033,"id":500000213,"lvl":5,"wI":81,"wP":1,"wX":0,"x":24,"y":18},{"data":1000033,"id":500000214,"lvl":5,"wI":81,"wX":1,"x":26,"y":18},{"data":1000033,"id":500000215,"lvl":5,"wI":81,"wX":2,"x":22,"y":18},{"data":1000033,"id":500000216,"lvl":5,"wI":81,"wX":3,"x":25,"y":18},{"data":1000033,"id":500000217,"lvl":5,"wI":81,"wX":4,"x":23,"y":18},{"data":1000033,"id":500000218,"lvl":5,"wI":86,"wP":1,"wX":0,"x":25,"y":29},{"data":1000033,"id":500000219,"lvl":5,"wI":86,"wX":1,"x":27,"y":29},{"data":1000033,"id":500000220,"lvl":5,"wI":86,"wX":2,"x":23,"y":29},{"data":1000033,"id":500000221,"lvl":5,"wI":86,"wX":3,"x":26,"y":29},{"data":1000033,"id":500000222,"lvl":5,"wI":86,"wX":4,"x":24,"y":29},{"data":1000055,"id":500000223,"lvl":5,"x":19,"y":23},{"data":1000033,"id":500000224,"lvl":5,"wI":91,"wP":1,"wX":0,"x":35,"y":21},{"data":1000033,"id":500000225,"lvl":5,"wI":91,"wX":1,"x":35,"y":23},{"data":1000033,"id":500000226,"lvl":5,"wI":91,"wX":2,"x":35,"y":19},{"data":1000033,"id":500000227,"lvl":5,"wI":91,"wX":3,"x":35,"y":22},{"data":1000033,"id":500000228,"lvl":5,"wI":91,"wX":4,"x":35,"y":20},{"data":1000033,"id":500000229,"lvl":5,"wI":96,"wP":1,"wX":0,"x":20,"y":29},{"data":1000033,"id":500000230,"lvl":5,"wI":96,"wX":1,"x":22,"y":29},{"data":1000033,"id":500000231,"lvl":5,"wI":96,"wX":2,"x":18,"y":29},{"data":1000033,"id":500000232,"lvl":5,"wI":96,"wX":3,"x":21,"y":29},{"data":1000033,"id":500000233,"lvl":5,"wI":96,"wX":4,"x":19,"y":29},{"data":1000033,"id":500000234,"lvl":5,"wI":101,"wP":1,"wX":0,"x":22,"y":21},{"data":1000033,"id":500000235,"lvl":5,"wI":101,"wX":1,"x":22,"y":19},{"data":1000033,"id":500000236,"lvl":5,"wI":101,"wX":2,"x":22,"y":23},{"data":1000033,"id":500000237,"lvl":5,"wI":101,"wX":3,"x":22,"y":20},{"data":1000033,"id":500000238,"lvl":5,"wI":101,"wX":4,"x":22,"y":22},{"data":1000033,"id":500000239,"lvl":5,"wI":106,"wP":1,"wX":0,"x":22,"y":26},{"data":1000033,"id":500000240,"lvl":5,"wI":106,"wX":1,"x":22,"y":24},{"data":1000033,"id":500000241,"lvl":5,"wI":106,"wX":2,"x":22,"y":28},{"data":1000033,"id":500000242,"lvl":5,"wI":106,"wX":3,"x":22,"y":25},{"data":1000033,"id":500000243,"lvl":5,"wI":106,"wX":4,"x":22,"y":27},{"data":1000042,"id":500000244,"lvl":0,"x":37,"y":31,"up2":{}},{"data":1000056,"id":500000246,"lvl":5,"x":23,"y":19},{"data":1000038,"id":500000247,"lvl":5,"x":37,"y":26},{"data":1000036,"id":500000248,"lvl":5,"x":23,"y":35},{"data":1000048,"id":500000249,"lvl":5,"x":31,"y":19,"attack_mode":false,"attack_mode_draft":false,"attack_mode_war":false,"attack_mode_draft_war":false,"attack_mode2":false,"attack_mode_d2":false,"attack_mode3":false,"attack_mode_d3":false,"attack_mode4":false,"attack_mode_d4":false,"attack_mode5":false,"attack_mode_d5":false,"attack_mode_chal":false,"attack_mode_dchal":false,"attack_mode_arrw":false,"attack_mode_draft_arrw":false},{"data":1000033,"id":500000250,"lvl":5,"wI":102,"wP":1,"wX":0,"x":35,"y":26},{"data":1000033,"id":500000251,"lvl":5,"wI":102,"wX":1,"x":35,"y":28},{"data":1000033,"id":500000252,"lvl":5,"wI":102,"wX":2,"x":35,"y":24},{"data":1000033,"id":500000253,"lvl":5,"wI":102,"wX":3,"x":35,"y":27},{"data":1000033,"id":500000254,"lvl":5,"wI":102,"wX":4,"x":35,"y":25},{"data":1000041,"id":500000255,"lvl":5,"x":31,"y":26},{"data":1000033,"id":500000256,"lvl":5,"wI":107,"wP":1,"wX":0,"x":31,"y":14},{"data":1000033,"id":500000257,"lvl":5,"wI":107,"wX":1,"x":33,"y":14},{"data":1000033,"id":500000258,"lvl":5,"wI":107,"wX":2,"x":29,"y":14},{"data":1000033,"id":500000259,"lvl":5,"wI":107,"wX":3,"x":32,"y":14},{"data":1000033,"id":500000260,"lvl":5,"wI":107,"wX":4,"x":30,"y":14},{"data":1000058,"id":500000261,"lvl":5,"x":29,"y":10,"res_time":405823},{"data":1000054,"id":500000263,"lvl":5,"x":27,"y":26},{"data":1000033,"id":500000264,"lvl":5,"wI":111,"wP":1,"wX":0,"x":32,"y":32},{"data":1000033,"id":500000265,"lvl":5,"wI":111,"wX":1,"x":34,"y":32},{"data":1000033,"id":500000266,"lvl":5,"wI":111,"wX":2,"x":30,"y":32},{"data":1000033,"id":500000267,"lvl":5,"wI":111,"wX":3,"x":33,"y":32},{"data":1000033,"id":500000268,"lvl":5,"wI":111,"wX":4,"x":31,"y":32},{"data":1000033,"id":500000269,"lvl":5,"wI":116,"wP":1,"wX":0,"x":34,"y":18},{"data":1000033,"id":500000270,"lvl":5,"wI":116,"wX":1,"x":36,"y":18},{"data":1000033,"id":500000271,"lvl":5,"wI":116,"wX":2,"x":32,"y":18},{"data":1000033,"id":500000272,"lvl":5,"wI":116,"wX":3,"x":35,"y":18},{"data":1000033,"id":500000273,"lvl":5,"wI":116,"wX":4,"x":33,"y":18},{"data":1000050,"id":500000279,"lvl":5,"x":32,"y":30},{"data":1000055,"id":500000280,"lvl":5,"x":31,"y":23}],"obstacles2":[],"traps2":[{"data":12000013,"id":504000002,"lvl":5,"air_mode":true,"air_mode_draft":false,"air_mode_war":false,"air_mode_draft_war":false,"air_mode2":false,"air_mode_d2":false,"air_mode3":false,"air_mode_d3":false,"air_mode4":false,"air_mode_d4":false,"air_mode5":false,"air_mode_d5":false,"air_mode6":false,"air_mode_d6":false,"air_mode7":false,"air_mode_d7":false,"x":24,"y":17},{"data":12000011,"id":504000003,"lvl":5,"trapd":3,"trapd_draft":0,"trapd_war":0,"trapd_draft_war":0,"trapd2":0,"trapd_d2":0,"trapd3":0,"trapd_d3":0,"trapd4":0,"trapd_d4":0,"trapd5":0,"trapd_d5":0,"trapd6":0,"trapd_d6":0,"trapd7":0,"trapd_d7":0,"x":30,"y":30},{"data":12000011,"id":504000005,"lvl":5,"trapd":3,"trapd_draft":0,"trapd_war":0,"trapd_draft_war":0,"trapd2":0,"trapd_d2":0,"trapd3":0,"trapd_d3":0,"trapd4":0,"trapd_d4":0,"trapd5":0,"trapd_d5":0,"trapd6":0,"trapd_d6":0,"trapd7":0,"trapd_d7":0,"x":20,"y":30},{"data":12000013,"id":504000006,"lvl":5,"air_mode":true,"air_mode_draft":false,"air_mode_war":false,"air_mode_draft_war":false,"air_mode2":false,"air_mode_d2":false,"air_mode3":false,"air_mode_d3":false,"air_mode4":false,"air_mode_d4":false,"air_mode5":false,"air_mode_d5":false,"air_mode6":false,"air_mode_d6":false,"air_mode7":false,"air_mode_d7":false,"x":29,"y":30},{"data":12000011,"id":504000007,"lvl":5,"trapd":2,"trapd_draft":0,"trapd_war":0,"trapd_draft_war":0,"trapd2":0,"trapd_d2":0,"trapd3":0,"trapd_d3":0,"trapd4":0,"trapd_d4":0,"trapd5":0,"trapd_d5":0,"trapd6":0,"trapd_d6":0,"trapd7":0,"trapd_d7":0,"x":28,"y":16},{"data":12000014,"id":504000008,"lvl":5,"air_mode":false,"air_mode_draft":false,"air_mode_war":false,"air_mode_draft_war":false,"air_mode2":false,"air_mode_d2":false,"air_mode3":false,"air_mode_d3":false,"air_mode4":false,"air_mode_d4":false,"air_mode5":false,"air_mode_d5":false,"air_mode6":false,"air_mode_d6":false,"air_mode7":false,"air_mode_d7":false,"x":22,"y":30},{"data":12000011,"id":504000009,"lvl":5,"trapd":1,"trapd_draft":0,"trapd_war":0,"trapd_draft_war":0,"trapd2":0,"trapd_d2":0,"trapd3":0,"trapd_d3":0,"trapd4":0,"trapd_d4":0,"trapd5":0,"trapd_d5":0,"trapd6":0,"trapd_d6":0,"trapd7":0,"trapd_d7":0,"x":20,"y":16},{"data":12000013,"id":504000010,"lvl":5,"air_mode":true,"air_mode_draft":false,"air_mode_war":false,"air_mode_draft_war":false,"air_mode2":false,"air_mode_d2":false,"air_mode3":false,"air_mode_d3":false,"air_mode4":false,"air_mode_d4":false,"air_mode5":false,"air_mode_d5":false,"air_mode6":false,"air_mode_d6":false,"air_mode7":false,"air_mode_d7":false,"x":19,"y":21},{"data":12000010,"id":504000011,"lvl":2,"x":26,"y":21},{"data":12000010,"id":504000012,"lvl":2,"x":18,"y":31},{"data":12000010,"id":504000013,"lvl":2,"x":34,"y":29},{"data":12000013,"id":504000014,"lvl":5,"air_mode":true,"air_mode_draft":false,"air_mode_war":false,"air_mode_draft_war":false,"air_mode2":false,"air_mode_d2":false,"air_mode3":false,"air_mode_d3":false,"air_mode4":false,"air_mode_d4":false,"air_mode5":false,"air_mode_d5":false,"air_mode6":false,"air_mode_d6":false,"air_mode7":false,"air_mode_d7":false,"x":18,"y":25},{"data":12000010,"id":504000015,"lvl":2,"x":29,"y":32},{"data":12000010,"id":504000016,"lvl":2,"x":26,"y":26},{"data":12000013,"id":504000017,"lvl":5,"air_mode":true,"air_mode_draft":false,"air_mode_war":false,"air_mode_draft_war":false,"air_mode2":false,"air_mode_d2":false,"air_mode3":false,"air_mode_d3":false,"air_mode4":false,"air_mode_d4":false,"air_mode5":false,"air_mode_d5":false,"air_mode6":false,"air_mode_d6":false,"air_mode7":false,"air_mode_d7":false,"x":31,"y":22},{"data":12000014,"id":504000018,"lvl":5,"air_mode":true,"air_mode_draft":false,"air_mode_war":false,"air_mode_draft_war":false,"air_mode2":false,"air_mode_d2":false,"air_mode3":false,"air_mode_d3":false,"air_mode4":false,"air_mode_d4":false,"air_mode5":false,"air_mode_d5":false,"air_mode6":false,"air_mode_d6":false,"air_mode7":false,"air_mode_d7":false,"x":28,"y":22}],"decos2":[],"vobjs2":[{"data":39000001,"id":508000000,"lvl":0,"x":14,"y":53},{"data":39000003,"id":508000001,"lvl":0,"x":9,"y":56}],"v2rs":23661,"v2rseed":112,"v2ccounter":0,"tgsec":0,"tgseed":-1951242550,"cooldowns":[],"newShopBuildings":[-1,0,0,1,0,1,2,0,0,-1,-25,-2,0,0,0,4,0,0,0,0,-2,0,0,0,0,0,0,0,0,0,0,0,0,110,0,1,2,1,2,0,1,2,4,1,1,1,0,0,3,0,2,1,0,0,1,2,1,0,0],"newShopTraps":[2,0,0,0,0,0,0,0,0,0,3,4,0,5,2,0],"newShopDecos":[1,4,0,0,1,0,0,0,0,0,0,0,0,0,0,0,0,0,0,0,0,0,0,0,0,0,0,0,0,0,0,0,0,0,0,0,0,0,0,0,0,0,0,0,0,0,0],"offer":{"t":1,"offers":[]},"last_league_rank":0,"last_alliance_level":1,"last_league_shuffle":0,"last_season_seen":-1,"last_news_seen":137,"war_tutorials_seen":0,"war_base":false,"arr_war_base":false,"army_names":["","","",""],"account_flags":2,"bool_layout_edit_shown_erase":true,"events":[0,1,2,3,4,5,5],"es":0}