{"exp_ver":1,"active_layout":0,"act_l2":0,"layout_state":[0,0,0,0,0,0,0,0],"layout_cooldown":[0,0,0,0,0,0,0,0],"buildings":[{"data":1000001,"id":500000000,"lvl":4,"x":23,"y":23},{"data":1000004,"id":500000001,"lvl":0,"x":17,"y":31,"res_time":0},{"data":1000000,"id":500000002,"lvl":4,"x":32,"y":18,"units":[]},{"data":1000015,"id":500000003,"lvl":0,"x":15,"y":30},{"data":1000014,"id":500000004,"lvl":1,"x":12,"y":27},{"data":1000004,"id":500000005,"lvl":9,"x":31,"y":28,"res_time":0},{"data":1000002,"id":500000006,"lvl":9,"x":18,"y":15,"res_time":0},{"data":1000002,"id":500000007,"lvl":9,"x":21,"y":15,"res_time":0},{"data":1000015,"id":500000008,"lvl":0,"x":22,"y":35},{"data":1000003,"id":500000009,"lvl":8,"x":31,"y":24},{"data":1000005,"id":500000010,"lvl":8,"x":30,"y":32},{"data":1000006,"id":500000011,"lvl":6,"x":15,"y":27,"unit_prod":{"m":1,"unit_type":0}},{"data":1000008,"id":500000012,"lvl":5,"x":27,"y":28,"attack_mode":false,"attack_mode_draft":false,"attack_mode_war":false,"attack_mode_draft_war":false,"attack_mode2":false,"attack_mode_d2":false,"attack_mode3":false,"attack_mode_d3":false,"attack_mode4":false,"attack_mode_d4":false,"attack_mode5":false,"attack_mode_d5":false,"attack_mode_chal":false,"attack_mode_dchal":false,"attack_mode_arrw":false,"attack_mode_draft_arrw":false},{"data":1000008,"id":500000013,"lvl":5,"x":20,"y":19,"attack_mode":false,"attack_mode_draft":false,"attack_mode_war":false,"attack_mode_draft_war":false,"attack_mode2":false,"attack_mode_d2":false,"attack_mode3":false,"attack_mode_d3":false,"attack_mode4":false,"attack_mode_d4":false,"attack_mode5":false,"attack_mode_d5":false,"attack_mode_chal":false,"attack_mode_dchal":false,"attack_mode_arrw":false,"attack_mode_draft_arrw":false},{"data":1000002,"id":500000014,"lvl":9,"x":27,"y":16,"res_time":0},{"data":1000004,"id":500000015,"lvl":9,"x":13,"y":19,"res_time":0},{"data":1000006,"id":500000016,"lvl":6,"x":14,"y":16,"unit_prod":{"m":1,"unit_type":0}},{"data":1000009,"id":500000017,"lvl":5,"x":28,"y":20,"attack_mode":false,"attack_mode_draft":false,"attack_mode_war":false,"attack_mode_draft_war":false,"attack_mode2":false,"attack_mode_d2":false,"attack_mode3":false,"attack_mode_d3":false,"attack_mode4":false,"attack_mode_d4":false,"attack_mode5":false,"attack_mode_d5":false,"attack_mode_chal":false,"attack_mode_dchal":false,"attack_mode_arrw":false,"attack_mode_draft_arrw":false},{"data":1000010,"id":500000018,"lvl":4,"wI":0,"wX":0,"x":16,"y":26},{"data":1000010,"id":500000019,"lvl":4,"wI":0,"wX":0,"x":15,"y":23},{"data":1000010,"id":500000020,"lvl":4,"wI":0,"wX":0,"x":26,"y":31},{"data":1000010,"id":500000021,"lvl":4,"wI":0,"wX":0,"x":30,"y":25},{"data":1000010,"id":500000022,"lvl":4,"wI":0,"wX":0,"x":30,"y":24},{"data":1000010,"id":500000023,"lvl":4,"wI":0,"wX":0,"x":30,"y":26},{"data":1000010,"id":500000024,"lvl":4,"wI":0,"wX":0,"x":23,"y":18},{"data":1000010,"id":500000025,"lvl":4,"wI":0,"wX":0,"x":25,"y":31},{"data":1000010,"id":500000026,"lvl":4,"wI":0,"wX":0,"x":23,"y":31},{"data":1000010,"id":500000027,"lvl":4,"wI":0,"wX":0,"x":23,"y":22},{"data":1000010,"id":500000028,"lvl":4,"wI":0,"wX":0,"x":24,"y":19},{"data":1000010,"id":500000029,"lvl":4,"wI":0,"wX":0,"x":26,"y":19},{"data":1000010,"id":500000030,"lvl":4,"wI":0,"wX":0,"x":15,"y":26},{"data":1000010,"id":500000031,"lvl":4,"wI":0,"wX":0,"x":29,"y":19},{"data":1000010,"id":500000032,"lvl":4,"wI":0,"wX":0,"x":27,"y":19},{"data":1000010,"id":500000033,"lvl":4,"wI":0,"wX":0,"x":30,"y":19},{"data":1000010,"id":500000034,"lvl":4,"wI":0,"wX":0,"x":31,"y":22},{"data":1000010,"id":500000035,"lvl":4,"wI":0,"wX":0,"x":25,"y":19},{"data":1000010,"id":500000036,"lvl":4,"wI":0,"wX":0,"x":31,"y":23},{"data":1000010,"id":500000037,"lvl":4,"wI":0,"wX":0,"x":31,"y":20},{"data":1000010,"id":500000038,"lvl":4,"wI":0,"wX":0,"x":28,"y":19},{"data":1000010,"id":500000039,"lvl":4,"wI":0,"wX":0,"x":29,"y":23},{"data":1000010,"id":500000040,"lvl":4,"wI":0,"wX":0,"x":26,"y":28},{"data":1000010,"id":500000041,"lvl":4,"wI":0,"wX":0,"x":30,"y":23},{"data":1000010,"id":500000042,"lvl":4,"wI":0,"wX":0,"x":23,"y":20},{"data":1000010,"id":500000043,"lvl":4,"wI":0,"wX":0,"x":23,"y":21},{"data":1000010,"id":500000044,"lvl":4,"wI":0,"wX":0,"x":23,"y":19},{"data":1000010,"id":500000045,"lvl":4,"wI":0,"wX":0,"x":31,"y":19},{"data":1000010,"id":500000046,"lvl":4,"wI":0,"wX":0,"x":15,"y":22},{"data":1000010,"id":500000047,"lvl":4,"wI":0,"wX":0,"x":26,"y":27},{"data":1000010,"id":500000048,"lvl":4,"wI":0,"wX":0,"x":26,"y":30},{"data":1000010,"id":500000049,"lvl":4,"wI":0,"wX":0,"x":22,"y":31},{"data":1000010,"id":500000050,"lvl":4,"wI":0,"wX":0,"x":29,"y":27},{"data":1000010,"id":500000051,"lvl":4,"wI":0,"wX":0,"x":28,"y":27},{"data":1000010,"id":500000052,"lvl":4,"wI":0,"wX":0,"x":30,"y":27},{"data":1000010,"id":500000053,"lvl":4,"wI":0,"wX":0,"x":28,"y":23},{"data":1000010,"id":500000054,"lvl":4,"wI":0,"wX":0,"x":32,"y":23},{"data":1000010,"id":500000055,"lvl":4,"wI":0,"wX":0,"x":27,"y":27},{"data":1000010,"id":500000056,"lvl":4,"wI":0,"wX":0,"x":31,"y":21},{"data":1000010,"id":500000057,"lvl":4,"wI":0,"wX":0,"x":27,"y":21},{"data":1000010,"id":500000058,"lvl":4,"wI":0,"wX":0,"x":27,"y":23},{"data":1000010,"id":500000059,"lvl":4,"wI":0,"wX":0,"x":34,"y":24},{"data":1000010,"id":500000060,"lvl":4,"wI":0,"wX":0,"x":33,"y":23},{"data":1000010,"id":500000061,"lvl":4,"wI":0,"wX":0,"x":27,"y":20},{"data":1000010,"id":500000062,"lvl":4,"wI":0,"wX":0,"x":34,"y":23},{"data":1000010,"id":500000063,"lvl":4,"wI":0,"wX":0,"x":27,"y":22},{"data":1000010,"id":500000064,"lvl":4,"wI":0,"wX":0,"x":26,"y":29},{"data":1000002,"id":500000065,"lvl":9,"x":16,"y":19,"res_time":0},{"data":1000004,"id":500000066,"lvl":9,"x":24,"y":35,"res_time":0},{"data":1000005,"id":500000067,"lvl":8,"x":23,"y":32},{"data":1000003,"id":500000068,"lvl":8,"x":24,"y":16},{"data":1000000,"id":500000069,"lvl":4,"x":10,"y":22,"units":[]},{"data":1000007,"id":500000070,"lvl":2,"x":24,"y":12},{"data":1000004,"id":500000071,"lvl":9,"x":30,"y":15,"res_time":0},{"data":1000009,"id":500000072,"lvl":5,"x":23,"y":28,"attack_mode":false,"attack_mode_draft":false,"attack_mode_war":false,"attack_mode_draft_war":false,"attack_mode2":false,"attack_mode_d2":false,"attack_mode3":false,"attack_mode_d3":false,"attack_mode4":false,"attack_mode_d4":false,"attack_mode5":false,"attack_mode_d5":false,"attack_mode_chal":false,"attack_mode_dchal":false,"attack_mode_arrw":false,"attack_mode_draft_arrw":false},{"data":1000012,"id":500000073,"lvl":2,"x":24,"y":20},{"data":1000006,"id":500000074,"lvl":6,"x":27,"y":33,"unit_prod":{"m":1,"unit_type":0}},{"data":1000010,"id":500000075,"lvl":4,"wI":0,"wX":0,"x":22,"y":22},{"data":1000010,"id":500000076,"lvl":4,"wI":0,"wX":0,"x":15,"y":24},{"data":1000010,"id":500000077,"lvl":4,"wI":0,"wX":0,"x":16,"y":22},{"data":1000010,"id":500000078,"lvl":4,"wI":0,"wX":0,"x":17,"y":22},{"data":1000010,"id":500000079,"lvl":4,"wI":0,"wX":0,"x":22,"y":26},{"data":1000010,"id":500000080,"lvl":4,"wI":0,"wX":0,"x":22,"y":27},{"data":1000010,"id":500000081,"lvl":4,"wI":0,"wX":0,"x":18,"y":22},{"data":1000010,"id":500000082,"lvl":4,"wI":0,"wX":0,"x":22,"y":28},{"data":1000010,"id":500000083,"lvl":4,"wI":0,"wX":0,"x":22,"y":29},{"data":1000010,"id":500000084,"lvl":4,"wI":0,"wX":0,"x":22,"y":30},{"data":1000010,"id":500000085,"lvl":4,"wI":0,"wX":0,"x":21,"y":26},{"data":1000010,"id":500000086,"lvl":4,"wI":0,"wX":0,"x":20,"y":26},{"data":1000010,"id":500000087,"lvl":4,"wI":0,"wX":0,"x":19,"y":26},{"data":1000010,"id":500000088,"lvl":4,"wI":0,"wX":0,"x":18,"y":26},{"data":1000010,"id":500000089,"lvl":4,"wI":0,"wX":0,"x":19,"y":25},{"data":1000010,"id":500000090,"lvl":4,"wI":0,"wX":0,"x":19,"y":24},{"data":1000010,"id":500000091,"lvl":4,"wI":0,"wX":0,"x":19,"y":23},{"data":1000010,"id":500000092,"lvl":4,"wI":0,"wX":0,"x":19,"y":22},{"data":1000010,"id":500000093,"lvl":4,"wI":0,"wX":0,"x":20,"y":22},{"data":1000010,"id":500000094,"lvl":4,"wI":0,"wX":0,"x":21,"y":22},{"data":1000010,"id":500000095,"lvl":4,"wI":0,"wX":0,"x":27,"y":31},{"data":1000010,"id":500000096,"lvl":4,"wI":0,"wX":0,"x":28,"y":31},{"data":1000010,"id":500000097,"lvl":4,"wI":0,"wX":0,"x":29,"y":31},{"data":1000010,"id":500000098,"lvl":4,"wI":0,"wX":0,"x":30,"y":31},{"data":1000010,"id":500000099,"lvl":4,"wI":0,"wX":0,"x":30,"y":30},{"data":1000010,"id":500000100,"lvl":4,"wI":0,"wX":0,"x":30,"y":28},{"data":1000010,"id":500000101,"lvl":4,"wI":0,"wX":0,"x":32,"y":27},{"data":1000010,"id":500000102,"lvl":4,"wI":0,"wX":0,"x":33,"y":27},{"data":1000010,"id":500000103,"lvl":4,"wI":0,"wX":0,"x":22,"y":18},{"data":1000010,"id":500000104,"lvl":4,"wI":0,"wX":0,"x":21,"y":18},{"data":1000010,"id":500000105,"lvl":4,"wI":0,"wX":0,"x":34,"y":25},{"data":1000010,"id":500000106,"lvl":4,"wI":0,"wX":0,"x":34,"y":26},{"data":1000010,"id":500000107,"lvl":4,"wI":0,"wX":0,"x":34,"y":27},{"data":1000010,"id":500000108,"lvl":4,"wI":0,"wX":0,"x":31,"y":27},{"data":1000010,"id":500000109,"lvl":4,"wI":0,"wX":0,"x":30,"y":29},{"data":1000010,"id":500000110,"lvl":4,"wI":0,"wX":0,"x":21,"y":30},{"data":1000010,"id":500000111,"lvl":4,"wI":0,"wX":0,"x":20,"y":30},{"data":1000010,"id":500000112,"lvl":4,"wI":0,"wX":0,"x":19,"y":30},{"data":1000010,"id":500000113,"lvl":4,"wI":0,"wX":0,"x":18,"y":30},{"data":1000010,"id":500000114,"lvl":4,"wI":0,"wX":0,"x":18,"y":29},{"data":1000010,"id":500000115,"lvl":4,"wI":0,"wX":0,"x":18,"y":28},{"data":1000010,"id":500000116,"lvl":4,"wI":0,"wX":0,"x":18,"y":27},{"data":1000010,"id":500000117,"lvl":4,"wI":0,"wX":0,"x":19,"y":21},{"data":1000010,"id":500000118,"lvl":4,"wI":0,"wX":0,"x":19,"y":20},{"data":1000010,"id":500000119,"lvl":4,"wI":0,"wX":0,"x":19,"y":19},{"data":1000010,"id":500000120,"lvl":4,"wI":0,"wX":0,"x":19,"y":18},{"data":1000010,"id":500000121,"lvl":4,"wI":0,"wX":0,"x":20,"y":18},{"data":1000010,"id":500000122,"lvl":4,"wI":0,"wX":0,"x":15,"y":25},{"data":1000010,"id":500000123,"lvl":4,"wI":0,"wX":0,"x":17,"y":26},{"data":1000002,"id":500000124,"lvl":9,"x":14,"y":32,"res_time":0},{"data":1000008,"id":500000125,"lvl":5,"x":19,"y":27,"attack_mode":false,"attack_mode_draft":false,"attack_mode_war":false,"attack_mode_draft_war":false,"attack_mode2":false,"attack_mode_d2":false,"attack_mode3":false,"attack_mode_d3":false,"attack_mode4":false,"attack_mode_d4":false,"attack_mode5":false,"attack_mode_d5":false,"attack_mode_chal":false,"attack_mode_dchal":false,"attack_mode_arrw":false,"attack_mode_draft_arrw":false},{"data":1000013,"id":500000126,"lvl":2,"x":20,"y":23,"attack_mode":false,"attack_mode_draft":false,"attack_mode_war":false,"attack_mode_draft_war":false,"attack_mode2":false,"attack_mode_d2":false,"attack_mode3":false,"attack_mode_d3":false,"attack_mode4":false,"attack_mode_d4":false,"attack_mode5":false,"attack_mode_d5":false,"attack_mode_chal":false,"attack_mode_dchal":false,"attack_mode_arrw":false,"attack_mode_draft_arrw":false},{"data":1000000,"id":500000127,"lvl":4,"x":35,"y":23,"units":[]},{"data":1000011,"id":500000128,"lvl":1,"x":27,"y":24},{"data":1000009,"id":500000129,"lvl":5,"x":16,"y":23,"attack_mode":false,"attack_mode_draft":false,"attack_mode_war":false,"attack_mode_draft_war":false,"attack_mode2":false,"attack_mode_d2":false,"attack_mode3":false,"attack_mode_d3":false,"attack_mode4":false,"attack_mode_d4":false,"attack_mode5":false,"attack_mode_d5":false,"attack_mode_chal":false,"attack_mode_dchal":false,"attack_mode_arrw":false,"attack_mode_draft_arrw":false},{"data":1000020,"id":500000130,"lvl":0,"x":20,"y":32,"units":[],"unit_prod":{"m":1,"unit_type":1}},{"data":1000010,"id":500000131,"lvl":4,"wI":0,"wX":0,"x":24,"y":31},{"data":1000010,"id":500000132,"lvl":4,"wI":0,"wX":0,"x":25,"y":27},{"data":1000010,"id":500000133,"lvl":4,"wI":0,"wX":0,"x":24,"y":27},{"data":1000010,"id":500000134,"lvl":4,"wI":0,"wX":0,"x":23,"y":27}],"obstacles":[],"traps":[{"data":12000000,"id":504000000,"lvl":2,"x":17,"y":30},{"data":12000000,"id":504000001,"lvl":2,"x":18,"y":18},{"data":12000000,"id":504000002,"lvl":2,"x":28,"y":32},{"data":12000001,"id":504000003,"lvl":0,"x":31,"y":31},{"data":12000001,"id":504000004,"lvl":0,"x":30,"y":18},{"data":12000000,"id":504000005,"lvl":2,"x":31,"y":18},{"data":12000005,"id":504000006,"lvl":1,"x":21,"y":31},{"data":12000005,"id":504000007,"lvl":1,"x":17,"y":18}],"decos":[],"vobjs":[{"data":39000000,"id":508000000,"lvl":0,"x":25,"y":54},{"data":39000002,"id":508000001,"lvl":0,"x":34,"y":54}],"respawnVars":{"secondsFromLastRespawn":16052,"respawnSeed":171843442,"obstacleClearCounter":16,"time_to_gembox_drop":570748,"time_in_gembox_period":229984},"units":{"unit_prod":{}},"spells":{"unit_prod":{}},"buildings2":[{"data":1000034,"id":500000000,"lvl":4,"x":28,"y":22},{"data":1000033,"id":500000006,"lvl":4,"wI":6,"wP":1,"wX":0,"x":26,"y":21},{"data":1000033,"id":500000007,"lvl":4,"wI":6,"wX":1,"x":24,"y":21},{"data":1000033,"id":500000008,"lvl":4,"wI":6,"wX":2,"x":28,"y":21},{"data":1000033,"id":500000009,"lvl":4,"wI":6,"wX":3,"x":25,"y":21},{"data":1000033,"id":500000010,"lvl":4,"wI":6,"wX":4,"x":27,"y":21},{"data":1000033,"id":500000036,"lvl":4,"wI":36,"wP":1,"wX":0,"x":30,"y":17},{"data":1000033,"id":500000037,"lvl":4,"wI":36,"wX":1,"x":28,"y":17},{"data":1000033,"id":500000038,"lvl":4,"wI":36,"wX":2,"x":32,"y":17},{"data":1000033,"id":500000039,"lvl":4,"wI":36,"wX":3,"x":29,"y":17},{"data":1000033,"id":500000040,"lvl":4,"wI":36,"wX":4,"x":31,"y":17},{"data":1000035,"id":500000065,"lvl":4,"x":28,"y":13,"res_time":0},{"data":1000040,"id":500000115,"lvl":6,"x":27,"y":33,"unit_prod":{"m":1,"unit_type":0}},{"data":1000044,"id":500000116,"lvl":4,"x":23,"y":18},{"data":1000039,"id":500000117,"lvl":4,"x":15,"y":27},{"data":1000053,"id":500000118,"lvl":0,"x":18,"y":33},{"data":1000046,"id":500000119,"lvl":4,"x":38,"y":23},{"data":1000042,"id":500000120,"lvl":0,"x":16,"y":23,"up2":{}},{"data":1000037,"id":500000122,"lvl":4,"x":32,"y":14,"res_time":0},{"data":1000042,"id":500000123,"lvl":0,"x":22,"y":33,"up2":{}},{"data":1000033,"id":500000124,"lvl":4,"wI":11,"wP":1,"wX":0,"x":30,"y":28},{"data":1000033,"id":500000125,"lvl":4,"wI":11,"wX":1,"x":32,"y":28},{"data":1000033,"id":500000126,"lvl":4,"wI":11,"wX":2,"x":28,"y":28},{"data":1000033,"id":500000127,"lvl":4,"wI":11,"wX":3,"x":31,"y":28},{"data":1000033,"id":500000128,"lvl":4,"wI":11,"wX":4,"x":29,"y":28},{"data":1000033,"id":500000129,"lvl":4,"wI":16,"wP":1,"wX":0,"x":24,"y":24},{"data":1000033,"id":500000130,"lvl":4,"wI":16,"wX":1,"x":24,"y":22},{"data":1000033,"id":500000131,"lvl":4,"wI":16,"wX":2,"x":24,"y":26},{"data":1000033,"id":500000132,"lvl":4,"wI":16,"wX":3,"x":24,"y":23},{"data":1000033,"id":500000133,"lvl":4,"wI":16,"wX":4,"x":24,"y":25},{"data":1000048,"id":500000134,"lvl":4,"x":31,"y":29,"attack_mode":true,"attack_mode_draft":true,"attack_mode_war":false,"attack_mode_draft_war":false,"attack_mode2":false,"attack_mode_d2":false,"attack_mode3":false,"attack_mode_d3":false,"attack_mode4":false,"attack_mode_d4":false,"attack_mode5":false,"attack_mode_d5":false,"attack_mode_chal":false,"attack_mode_dchal":false,"attack_mode_arrw":false,"attack_mode_draft_arrw":false},{"data":1000041,"id":500000135,"lvl":4,"x":26,"y":29},{"data":1000042,"id":500000136,"lvl":0,"x":19,"y":16,"up2":{}},{"data":1000033,"id":500000137,"lvl":4,"wI":21,"wP":1,"wX":0,"x":26,"y":32},{"data":1000033,"id":500000138,"lvl":4,"wI":21,"wX":1,"x":28,"y":32},{"data":1000033,"id":500000139,"lvl":4,"wI":21,"wX":2,"x":24,"y":32},{"data":1000033,"id":500000140,"lvl":4,"wI":21,"wX":3,"x":27,"y":32},{"data":1000033,"id":500000141,"lvl":4,"wI":21,"wX":4,"x":25,"y":32},{"data":1000033,"id":500000142,"lvl":4,"wI":26,"wP":1,"wX":0,"x":24,"y":29},{"data":1000033,"id":500000143,"lvl":4,"wI":26,"wX":1,"x":24,"y":27},{"data":1000033,"id":500000144,"lvl":4,"wI":26,"wX":2,"x":24,"y":31},{"data":1000033,"id":500000145,"lvl":4,"wI":26,"wX":3,"x":24,"y":28},{"data":1000033,"id":500000146,"lvl":4,"wI":26,"wX":4,"x":24,"y":30},{"data":1000033,"id":500000147,"lvl":4,"wI":31,"wP":1,"wX":0,"x":34,"y":27},{"data":1000033,"id":500000148,"lvl":4,"wI":31,"wX":1,"x":36,"y":27},{"data":1000033,"id":500000149,"lvl":4,"wI":31,"wX":2,"x":32,"y":27},{"data":1000033,"id":500000150,"lvl":4,"wI":31,"wX":3,"x":35,"y":27},{"data":1000033,"id":500000151,"lvl":4,"wI":31,"wX":4,"x":33,"y":27},{"data":1000033,"id":500000152,"lvl":4,"wI":37,"wP":1,"wX":0,"x":37,"y":20},{"data":1000033,"id":500000153,"lvl":4,"wI":37,"wX":1,"x":37,"y":18},{"data":1000033,"id":500000154,"lvl":4,"wI":37,"wX":2,"x":37,"y":22},{"data":1000033,"id":500000155,"lvl":4,"wI":37,"wX":3,"x":37,"y":19},{"data":1000033,"id":500000156,"lvl":4,"wI":37,"wX":4,"x":37,"y":21},{"data":1000033,"id":500000157,"lvl":4,"wI":41,"wP":1,"wX":0,"x":34,"y":18},{"data":1000033,"id":500000158,"lvl":4,"wI":41,"wX":1,"x":32,"y":18},{"data":1000033,"id":500000159,"lvl":4,"wI":41,"wX":2,"x":36,"y":18},{"data":1000033,"id":500000160,"lvl":4,"wI":41,"wX":3,"x":33,"y":18},{"data":1000033,"id":500000161,"lvl":4,"wI":41,"wX":4,"x":35,"y":18},{"data":1000038,"id":500000162,"lvl":4,"x":31,"y":33},{"data":1000033,"id":500000163,"lvl":4,"wI":46,"wP":1,"wX":0,"x":22,"y":18},{"data":1000033,"id":500000164,"lvl":4,"wI":46,"wX":1,"x":22,"y":20},{"data":1000033,"id":500000165,"lvl":4,"wI":46,"wX":2,"x":22,"y":16},{"data":1000033,"id":500000166,"lvl":4,"wI":46,"wX":3,"x":22,"y":19},{"data":1000033,"id":500000167,"lvl":4,"wI":46,"wX":4,"x":22,"y":17},{"data":1000043,"id":500000168,"lvl":4,"x":32,"y":19},{"data":1000036,"id":500000170,"lvl":4,"x":38,"y":19},{"data":1000045,"id":500000172,"lvl":4,"x":25,"y":22},{"data":1000048,"id":500000174,"lvl":4,"x":34,"y":19,"attack_mode":true,"attack_mode_draft":true,"attack_mode_war":false,"attack_mode_draft_war":false,"attack_mode2":false,"attack_mode_d2":false,"attack_mode3":false,"attack_mode_d3":false,"attack_mode4":false,"attack_mode_d4":false,"attack_mode5":false,"attack_mode_d5":false,"attack_mode_chal":false,"attack_mode_dchal":false,"attack_mode_arrw":false,"attack_mode_draft_arrw":false},{"data":1000033,"id":500000175,"lvl":4,"wI":51,"wP":1,"wX":0,"x":31,"y":21},{"data":1000033,"id":500000176,"lvl":4,"wI":51,"wX":1,"x":33,"y":21},{"data":1000033,"id":500000177,"lvl":4,"wI":51,"wX":2,"x":29,"y":21},{"data":1000033,"id":500000178,"lvl":4,"wI":51,"wX":3,"x":32,"y":21},{"data":1000033,"id":500000179,"lvl":4,"wI":51,"wX":4,"x":30,"y":21},{"data":1000033,"id":500000180,"lvl":4,"wI":56,"wP":1,"wX":0,"x":37,"y":25},{"data":1000033,"id":500000181,"lvl":4,"wI":56,"wX":1,"x":37,"y":23},{"data":1000033,"id":500000182,"lvl":4,"wI":56,"wX":2,"x":37,"y":27},{"data":1000033,"id":500000183,"lvl":4,"wI":56,"wX":3,"x":37,"y":24},{"data":1000033,"id":500000184,"lvl":4,"wI":56,"wX":4,"x":37,"y":26},{"data":1000033,"id":500000185,"lvl":4,"wI":61,"wP":1,"wX":0,"x":31,"y":32},{"data":1000033,"id":500000186,"lvl":4,"wI":61,"wX":1,"x":33,"y":32},{"data":1000033,"id":500000187,"lvl":4,"wI":61,"wX":2,"x":29,"y":32},{"data":1000033,"id":500000188,"lvl":4,"wI":61,"wX":3,"x":32,"y":32},{"data":1000033,"id":500000189,"lvl":4,"wI":61,"wX":4,"x":30,"y":32},{"data":1000033,"id":500000190,"lvl":4,"wI":66,"wP":1,"wX":0,"x":34,"y":30},{"data":1000033,"id":500000191,"lvl":4,"wI":66,"wX":1,"x":34,"y":28},{"data":1000033,"id":500000192,"lvl":4,"wI":66,"wX":2,"x":34,"y":32},{"data":1000033,"id":500000193,"lvl":4,"wI":66,"wX":3,"x":34,"y":29},{"data":1000033,"id":500000194,"lvl":4,"wI":66,"wX":4,"x":34,"y":31},{"data":1000042,"id":500000195,"lvl":0,"x":37,"y":15,"up2":{}},{"data":1000051,"id":500000198,"lvl":4,"x":30,"y":26},{"data":1000044,"id":500000199,"lvl":4,"x":20,"y":22},{"data":1000037,"id":500000200,"lvl":4,"x":24,"y":13,"res_time":0},{"data":1000035,"id":500000201,"lvl":4,"x":16,"y":19,"res_time":0},{"data":1000050,"id":500000202,"lvl":4,"x":22,"y":25},{"data":1000033,"id":500000203,"lvl":4,"wI":71,"wP":1,"wX":0,"x":21,"y":21},{"data":1000033,"id":500000204,"lvl":4,"wI":71,"wX":1,"x":23,"y":21},{"data":1000033,"id":500000205,"lvl":4,"wI":71,"wX":2,"x":19,"y":21},{"data":1000033,"id":500000206,"lvl":4,"wI":71,"wX":3,"x":22,"y":21},{"data":1000033,"id":500000207,"lvl":4,"wI":71,"wX":4,"x":20,"y":21},{"data":1000033,"id":500000208,"lvl":4,"wI":76,"wP":1,"wX":0,"x":19,"y":24},{"data":1000033,"id":500000209,"lvl":4,"wI":76,"wX":1,"x":19,"y":26},{"data":1000033,"id":500000210,"lvl":4,"wI":76,"wX":2,"x":19,"y":22},{"data":1000033,"id":500000211,"lvl":4,"wI":76,"wX":3,"x":19,"y":25},{"data":1000033,"id":500000212,"lvl":4,"wI":76,"wX":4,"x":19,"y":23},{"data":1000033,"id":500000213,"lvl":4,"wI":81,"wP":1,"wX":0,"x":20,"y":28},{"data":1000033,"id":500000214,"lvl":4,"wI":81,"wX":1,"x":20,"y":26},{"data":1000033,"id":500000215,"lvl":4,"wI":81,"wX":2,"x":20,"y":30},{"data":1000033,"id":500000216,"lvl":4,"wI":81,"wX":3,"x":20,"y":27},{"data":1000033,"id":500000217,"lvl":4,"wI":81,"wX":4,"x":20,"y":29},{"data":1000033,"id":500000218,"lvl":4,"wI":86,"wP":1,"wX":0,"x":21,"y":31},{"data":1000033,"id":500000219,"lvl":4,"wI":86,"wX":1,"x":23,"y":31},{"data":1000033,"id":500000220,"lvl":4,"wI":86,"wX":2,"x":19,"y":31},{"data":1000033,"id":500000221,"lvl":4,"wI":86,"wX":3,"x":22,"y":31},{"data":1000033,"id":500000222,"lvl":4,"wI":86,"wX":4,"x":20,"y":31},{"data":1000055,"id":500000223,"lvl":4,"x":33,"y":22},{"data":1000036,"id":500000224,"lvl":4,"x":37,"y":28},{"data":1000038,"id":500000225,"lvl":4,"x":21,"y":28},{"data":1000058,"id":500000226,"lvl":4,"x":35,"y":32,"res_time":386926},{"data":1000054,"id":500000228,"lvl":4,"x":25,"y":25},{"data":1000033,"id":500000229,"lvl":4,"wI":91,"wP":1,"wX":0,"x":32,"y":24},{"data":1000033,"id":500000230,"lvl":4,"wI":91,"wX":1,"x":32,"y":22},{"data":1000033,"id":500000231,"lvl":4,"wI":91,"wX":2,"x":32,"y":26},{"data":1000033,"id":500000232,"lvl":4,"wI":91,"wX":3,"x":32,"y":23},{"data":1000033,"id":500000233,"lvl":4,"wI":91,"wX":4,"x":32,"y":25},{"data":1000033,"id":500000234,"lvl":4,"wI":96,"wP":1,"wX":0,"x":25,"y":17},{"data":1000033,"id":500000235,"lvl":4,"wI":96,"wX":1,"x":27,"y":17},{"data":1000033,"id":500000236,"lvl":4,"wI":96,"wX":2,"x":23,"y":17},{"data":1000033,"id":500000237,"lvl":4,"wI":96,"wX":3,"x":26,"y":17},{"data":1000033,"id":500000238,"lvl":4,"wI":96,"wX":4,"x":24,"y":17},{"data":1000041,"id":500000239,"lvl":4,"x":28,"y":18},{"data":1000050,"id":500000240,"lvl":4,"x":33,"y":25}],"obstacles2":[],"traps2":[{"data":12000013,"id":504000002,"lvl":4,"air_mode":true,"air_mode_draft":true,"air_mode_war":false,"air_mode_draft_war":false,"air_mode2":false,"air_mode_d2":false,"air_mode3":false,"air_mode_d3":false,"air_mode4":false,"air_mode_d4":false,"air_mode5":false,"air_mode_d5":false,"air_mode6":false,"air_mode_d6":false,"air_mode7":false,"air_mode_d7":false,"x":27,"y":20},{"data":12000011,"id":504000003,"lvl":4,"d":3,"x":35,"y":28},{"data":12000011,"id":504000005,"lvl":4,"d":1,"x":35,"y":16},{"data":12000013,"id":504000006,"lvl":4,"air_mode":true,"air_mode_draft":true,"air_mode_war":false,"air_mode_draft_war":false,"air_mode2":false,"air_mode_d2":false,"air_mode3":false,"air_mode_d3":false,"air_mode4":false,"air_mode_d4":false,"air_mode5":false,"air_mode_d5":false,"air_mode6":false,"air_mode_d6":false,"air_mode7":false,"air_mode_d7":false,"x":25,"y":31},{"data":12000011,"id":504000007,"lvl":4,"d":0,"x":25,"y":33},{"data":12000014,"id":504000008,"lvl":4,"air_mode":false,"air_mode_draft":false,"air_mode_war":false,"air_mode_draft_war":false,"air_mode2":false,"air_mode_d2":false,"air_mode3":false,"air_mode_d3":false,"air_mode4":false,"air_mode_d4":false,"air_mode5":false,"air_mode_d5":false,"air_mode6":false,"air_mode_d6":false,"air_mode7":false,"air_mode_d7":false,"x":28,"y":26},{"data":12000010,"id":504000009,"lvl":1,"x":36,"y":22},{"data":12000010,"id":504000010,"lvl":1,"x":26,"y":28},{"data":12000010,"id":504000011,"lvl":1,"x":31,"y":20},{"data":12000013,"id":504000013,"lvl":4,"air_mode":true,"air_mode_draft":false,"air_mode_war":false,"air_mode_draft_war":false,"air_mode2":false,"air_mode_d2":false,"air_mode3":false,"air_mode_d3":false,"air_mode4":false,"air_mode_d4":false,"air_mode5":false,"air_mode_d5":false,"air_mode6":false,"air_mode_d6":false,"air_mode7":false,"air_mode_d7":false,"x":21,"y":27},{"data":12000011,"id":504000014,"lvl":4,"d":0,"x":29,"y":29},{"data":12000010,"id":504000015,"lvl":1,"x":27,"y":28},{"data":12000013,"id":504000016,"lvl":4,"air_mode":true,"air_mode_draft":false,"air_mode_war":false,"air_mode_draft_war":false,"air_mode2":false,"air_mode_d2":false,"air_mode3":false,"air_mode_d3":false,"air_mode4":false,"air_mode_d4":false,"air_mode5":false,"air_mode_d5":false,"air_mode6":false,"air_mode_d6":false,"air_mode7":false,"air_mode_d7":false,"x":23,"y":22}],"decos2":[],"vobjs2":[{"data":39000001,"id":508000000,"lvl":0,"x":14,"y":53},{"data":39000003,"id":508000001,"lvl":0,"x":9,"y":56}],"v2rs":441,"tgsec":0,"tgseed":-244655907,"cooldowns":[],"newShopBuildings":[2,0,3,2,3,2,3,1,2,2,50,-1,0,0,0,5,0,0,0,0,0,0,0,0,0,0,0,0,-1,0,0,0,0,0,0,0,0,0,0,0,0,0,0,0,0,0,0,0,0,0,0,0,0,0,0,0,0,0,0],"newShopTraps":[4,2,0,0,0,2,0,0,0,0,0,0,0,0,0],"newShopDecos":[1,4,0,0,1,0,0,0,0,0,0,0,0,0,0,0,0,0,0,0,0,0,0,0,0,0,0,0,0,0,0,0,0,0,0,0,0,0,0,-4,-4,0,0,0,0,0],"offer":{"t":1,"offers":[{"data":38000006,"a_t":3159,"ts":1},{"data":38000020,"a_t":172239,"ts":1},{"data":38000022,"a_t":3159,"ts":1},{"data":38000026,"a_t":489283},{"data":38000031,"a_t":489283},{"data":38000040,"a_t":489283},{"data":38000041,"a_t":489283}]},"last_league_rank":0,"last_alliance_level":1,"last_league_shuffle":0,"last_season_seen":-1,"last_news_seen":137,"war_tutorials_seen":0,"war_base":false,"arr_war_base":false,"army_names":["","","",""],"account_flags":0,"bool_layout_edit_shown_erase":false,"events":[6,21],"es":0}