{"exp_ver":1,"active_layout":0,"act_l2":0,"layout_state":[0,0,0,0,0,0,0,0],"layout_cooldown":[0,0,0,0,0,0,0,0],"buildings":[{"data":1000001,"id":500000000,"lvl":5,"x":23,"y":23},{"data":1000004,"id":500000001,"lvl":9,"x":15,"y":34,"res_time":0},{"data":1000000,"id":500000002,"lvl":5,"x":32,"y":17,"units":[]},{"data":1000015,"id":500000003,"lvl":0,"x":14,"y":28},{"data":1000014,"id":500000004,"lvl":2,"x":31,"y":24},{"data":1000004,"id":500000005,"lvl":9,"x":26,"y":36,"res_time":0},{"data":1000002,"id":500000006,"lvl":9,"x":20,"y":15,"res_time":0},{"data":1000002,"id":500000007,"lvl":9,"x":21,"y":12,"res_time":0},{"data":1000015,"id":500000008,"lvl":0,"x":34,"y":28},{"data":1000003,"id":500000009,"lvl":9,"x":15,"y":31},{"data":1000005,"id":500000010,"lvl":9,"x":27,"y":32},{"data":1000006,"id":500000011,"lvl":7,"x":12,"y":30,"unit_prod":{"m":1,"unit_type":0}},{"data":1000008,"id":500000012,"lvl":6,"x":27,"y":28,"attack_mode":false,"attack_mode_draft":false,"attack_mode_war":false,"attack_mode_draft_war":false,"attack_mode2":false,"attack_mode_d2":false,"attack_mode3":false,"attack_mode_d3":false,"attack_mode4":false,"attack_mode_d4":false,"attack_mode5":false,"attack_mode_d5":false,"attack_mode_chal":false,"attack_mode_dchal":false,"attack_mode_arrw":false,"attack_mode_draft_arrw":false},{"data":1000008,"id":500000013,"lvl":6,"x":16,"y":23,"attack_mode":false,"attack_mode_draft":false,"attack_mode_war":false,"attack_mode_draft_war":false,"attack_mode2":false,"attack_mode_d2":false,"attack_mode3":false,"attack_mode_d3":false,"attack_mode4":false,"attack_mode_d4":false,"attack_mode5":false,"attack_mode_d5":false,"attack_mode_chal":false,"attack_mode_dchal":false,"attack_mode_arrw":false,"attack_mode_draft_arrw":false},{"data":1000002,"id":500000014,"lvl":9,"x":28,"y":13,"res_time":0},{"data":1000004,"id":500000015,"lvl":9,"x":14,"y":16,"res_time":0},{"data":1000006,"id":500000016,"lvl":7,"x":17,"y":15,"unit_prod":{"m":1,"unit_type":0}},{"data":1000009,"id":500000017,"lvl":6,"x":20,"y":19,"attack_mode":false,"attack_mode_draft":false,"attack_mode_war":false,"attack_mode_draft_war":false,"attack_mode2":false,"attack_mode_d2":false,"attack_mode3":false,"attack_mode_d3":false,"attack_mode4":false,"attack_mode_d4":false,"attack_mode5":false,"attack_mode_d5":false,"attack_mode_chal":false,"attack_mode_dchal":false,"attack_mode_arrw":false,"attack_mode_draft_arrw":false},{"data":1000010,"id":500000018,"lvl":5,"wI":0,"wX":0,"x":16,"y":26},{"data":1000010,"id":500000019,"lvl":5,"wI":0,"wX":0,"x":15,"y":23},{"data":1000010,"id":500000020,"lvl":5,"wI":0,"wX":0,"x":26,"y":32},{"data":1000010,"id":500000021,"lvl":5,"wI":0,"wX":0,"x":30,"y":25},{"data":1000010,"id":500000022,"lvl":5,"wI":0,"wX":0,"x":30,"y":24},{"data":1000010,"id":500000023,"lvl":5,"wI":0,"wX":0,"x":30,"y":26},{"data":1000010,"id":500000024,"lvl":5,"wI":0,"wX":0,"x":23,"y":18},{"data":1000010,"id":500000025,"lvl":5,"wI":0,"wX":0,"x":25,"y":31},{"data":1000010,"id":500000026,"lvl":5,"wI":0,"wX":0,"x":24,"y":31},{"data":1000010,"id":500000027,"lvl":5,"wI":0,"wX":0,"x":23,"y":22},{"data":1000010,"id":500000028,"lvl":5,"wI":0,"wX":0,"x":24,"y":19},{"data":1000010,"id":500000029,"lvl":5,"wI":0,"wX":0,"x":26,"y":19},{"data":1000010,"id":500000030,"lvl":5,"wI":0,"wX":0,"x":15,"y":26},{"data":1000010,"id":500000031,"lvl":5,"wI":0,"wX":0,"x":29,"y":19},{"data":1000010,"id":500000032,"lvl":5,"wI":0,"wX":0,"x":27,"y":19},{"data":1000010,"id":500000033,"lvl":5,"wI":0,"wX":0,"x":30,"y":19},{"data":1000010,"id":500000034,"lvl":5,"wI":0,"wX":0,"x":31,"y":22},{"data":1000010,"id":500000035,"lvl":5,"wI":0,"wX":0,"x":25,"y":19},{"data":1000010,"id":500000036,"lvl":5,"wI":0,"wX":0,"x":31,"y":23},{"data":1000010,"id":500000037,"lvl":5,"wI":0,"wX":0,"x":31,"y":20},{"data":1000010,"id":500000038,"lvl":5,"wI":0,"wX":0,"x":28,"y":19},{"data":1000010,"id":500000039,"lvl":5,"wI":0,"wX":0,"x":29,"y":23},{"data":1000010,"id":500000040,"lvl":5,"wI":0,"wX":0,"x":26,"y":29},{"data":1000010,"id":500000041,"lvl":5,"wI":0,"wX":0,"x":30,"y":23},{"data":1000010,"id":500000042,"lvl":5,"wI":0,"wX":0,"x":23,"y":20},{"data":1000010,"id":500000043,"lvl":5,"wI":0,"wX":0,"x":23,"y":21},{"data":1000010,"id":500000044,"lvl":5,"wI":0,"wX":0,"x":23,"y":19},{"data":1000010,"id":500000045,"lvl":5,"wI":0,"wX":0,"x":31,"y":19},{"data":1000010,"id":500000046,"lvl":5,"wI":0,"wX":0,"x":15,"y":22},{"data":1000010,"id":500000047,"lvl":5,"wI":0,"wX":0,"x":26,"y":28},{"data":1000010,"id":500000048,"lvl":5,"wI":0,"wX":0,"x":26,"y":31},{"data":1000010,"id":500000049,"lvl":5,"wI":0,"wX":0,"x":23,"y":31},{"data":1000010,"id":500000050,"lvl":5,"wI":0,"wX":0,"x":29,"y":27},{"data":1000010,"id":500000051,"lvl":5,"wI":0,"wX":0,"x":28,"y":27},{"data":1000010,"id":500000052,"lvl":5,"wI":0,"wX":0,"x":30,"y":27},{"data":1000010,"id":500000053,"lvl":5,"wI":0,"wX":0,"x":28,"y":23},{"data":1000010,"id":500000054,"lvl":5,"wI":0,"wX":0,"x":32,"y":23},{"data":1000010,"id":500000055,"lvl":5,"wI":0,"wX":0,"x":27,"y":27},{"data":1000010,"id":500000056,"lvl":5,"wI":0,"wX":0,"x":31,"y":21},{"data":1000010,"id":500000057,"lvl":5,"wI":0,"wX":0,"x":27,"y":21},{"data":1000010,"id":500000058,"lvl":5,"wI":0,"wX":0,"x":27,"y":23},{"data":1000010,"id":500000059,"lvl":5,"wI":0,"wX":0,"x":34,"y":24},{"data":1000010,"id":500000060,"lvl":5,"wI":0,"wX":0,"x":33,"y":23},{"data":1000010,"id":500000061,"lvl":5,"wI":0,"wX":0,"x":27,"y":20},{"data":1000010,"id":500000062,"lvl":5,"wI":0,"wX":0,"x":34,"y":23},{"data":1000010,"id":500000063,"lvl":5,"wI":0,"wX":0,"x":27,"y":22},{"data":1000010,"id":500000064,"lvl":5,"wI":0,"wX":0,"x":26,"y":30},{"data":1000002,"id":500000065,"lvl":9,"x":13,"y":19,"res_time":0},{"data":1000004,"id":500000066,"lvl":9,"x":12,"y":22,"res_time":0},{"data":1000005,"id":500000067,"lvl":9,"x":16,"y":19},{"data":1000003,"id":500000068,"lvl":9,"x":28,"y":16},{"data":1000000,"id":500000069,"lvl":5,"x":21,"y":36,"units":[]},{"data":1000013,"id":500000070,"lvl":3,"x":27,"y":24,"attack_mode":false,"attack_mode_draft":false,"attack_mode_war":false,"attack_mode_draft_war":false,"attack_mode2":false,"attack_mode_d2":false,"attack_mode3":false,"attack_mode_d3":false,"attack_mode4":false,"attack_mode_d4":false,"attack_mode5":false,"attack_mode_d5":false,"attack_mode_chal":false,"attack_mode_dchal":false,"attack_mode_arrw":false,"attack_mode_draft_arrw":false},{"data":1000007,"id":500000071,"lvl":3,"x":24,"y":11},{"data":1000002,"id":500000072,"lvl":9,"x":12,"y":25,"res_time":0},{"data":1000004,"id":500000073,"lvl":9,"x":31,"y":14,"res_time":0},{"data":1000009,"id":500000074,"lvl":6,"x":28,"y":20,"attack_mode":false,"attack_mode_draft":false,"attack_mode_war":false,"attack_mode_draft_war":false,"attack_mode2":false,"attack_mode_d2":false,"attack_mode3":false,"attack_mode_d3":false,"attack_mode4":false,"attack_mode_d4":false,"attack_mode5":false,"attack_mode_d5":false,"attack_mode_chal":false,"attack_mode_dchal":false,"attack_mode_arrw":false,"attack_mode_draft_arrw":false},{"data":1000012,"id":500000075,"lvl":3,"x":24,"y":20},{"data":1000006,"id":500000076,"lvl":7,"x":29,"y":35,"unit_prod":{"m":1,"unit_type":0}},{"data":1000010,"id":500000077,"lvl":5,"wI":0,"wX":0,"x":22,"y":22},{"data":1000010,"id":500000078,"lvl":5,"wI":0,"wX":0,"x":15,"y":24},{"data":1000010,"id":500000079,"lvl":5,"wI":0,"wX":0,"x":16,"y":22},{"data":1000010,"id":500000080,"lvl":5,"wI":0,"wX":0,"x":17,"y":22},{"data":1000010,"id":500000081,"lvl":5,"wI":0,"wX":0,"x":20,"y":27},{"data":1000010,"id":500000082,"lvl":5,"wI":0,"wX":0,"x":20,"y":29},{"data":1000010,"id":500000083,"lvl":5,"wI":0,"wX":0,"x":18,"y":22},{"data":1000010,"id":500000084,"lvl":5,"wI":0,"wX":0,"x":26,"y":27},{"data":1000010,"id":500000085,"lvl":5,"wI":0,"wX":0,"x":22,"y":35},{"data":1000010,"id":500000086,"lvl":5,"wI":0,"wX":0,"x":22,"y":30},{"data":1000010,"id":500000087,"lvl":5,"wI":0,"wX":0,"x":20,"y":28},{"data":1000010,"id":500000088,"lvl":5,"wI":0,"wX":0,"x":20,"y":26},{"data":1000010,"id":500000089,"lvl":5,"wI":0,"wX":0,"x":19,"y":26},{"data":1000010,"id":500000090,"lvl":5,"wI":0,"wX":0,"x":18,"y":26},{"data":1000010,"id":500000091,"lvl":5,"wI":0,"wX":0,"x":19,"y":25},{"data":1000010,"id":500000092,"lvl":5,"wI":0,"wX":0,"x":19,"y":24},{"data":1000010,"id":500000093,"lvl":5,"wI":0,"wX":0,"x":19,"y":23},{"data":1000010,"id":500000094,"lvl":5,"wI":0,"wX":0,"x":19,"y":22},{"data":1000010,"id":500000095,"lvl":5,"wI":0,"wX":0,"x":20,"y":22},{"data":1000010,"id":500000096,"lvl":5,"wI":0,"wX":0,"x":21,"y":22},{"data":1000010,"id":500000097,"lvl":5,"wI":0,"wX":0,"x":27,"y":31},{"data":1000010,"id":500000098,"lvl":5,"wI":0,"wX":0,"x":28,"y":31},{"data":1000010,"id":500000099,"lvl":5,"wI":0,"wX":0,"x":29,"y":31},{"data":1000010,"id":500000100,"lvl":5,"wI":0,"wX":0,"x":30,"y":31},{"data":1000010,"id":500000101,"lvl":5,"wI":0,"wX":0,"x":30,"y":30},{"data":1000010,"id":500000102,"lvl":5,"wI":0,"wX":0,"x":30,"y":28},{"data":1000010,"id":500000103,"lvl":5,"wI":0,"wX":0,"x":32,"y":27},{"data":1000010,"id":500000104,"lvl":5,"wI":0,"wX":0,"x":33,"y":27},{"data":1000010,"id":500000105,"lvl":5,"wI":0,"wX":0,"x":22,"y":18},{"data":1000010,"id":500000106,"lvl":5,"wI":0,"wX":0,"x":21,"y":18},{"data":1000010,"id":500000107,"lvl":5,"wI":0,"wX":0,"x":34,"y":25},{"data":1000010,"id":500000108,"lvl":5,"wI":0,"wX":0,"x":34,"y":26},{"data":1000010,"id":500000109,"lvl":5,"wI":0,"wX":0,"x":34,"y":27},{"data":1000010,"id":500000110,"lvl":5,"wI":0,"wX":0,"x":31,"y":27},{"data":1000010,"id":500000111,"lvl":5,"wI":0,"wX":0,"x":30,"y":29},{"data":1000010,"id":500000112,"lvl":5,"wI":0,"wX":0,"x":21,"y":30},{"data":1000010,"id":500000113,"lvl":5,"wI":0,"wX":0,"x":20,"y":30},{"data":1000010,"id":500000114,"lvl":5,"wI":0,"wX":0,"x":19,"y":30},{"data":1000010,"id":500000115,"lvl":5,"wI":0,"wX":0,"x":18,"y":30},{"data":1000010,"id":500000116,"lvl":5,"wI":0,"wX":0,"x":17,"y":30},{"data":1000010,"id":500000117,"lvl":5,"wI":0,"wX":0,"x":16,"y":28},{"data":1000010,"id":500000118,"lvl":5,"wI":0,"wX":0,"x":16,"y":27},{"data":1000010,"id":500000119,"lvl":5,"wI":0,"wX":0,"x":19,"y":21},{"data":1000010,"id":500000120,"lvl":5,"wI":0,"wX":0,"x":19,"y":20},{"data":1000010,"id":500000121,"lvl":5,"wI":0,"wX":0,"x":19,"y":19},{"data":1000010,"id":500000122,"lvl":5,"wI":0,"wX":0,"x":19,"y":18},{"data":1000010,"id":500000123,"lvl":5,"wI":0,"wX":0,"x":20,"y":18},{"data":1000010,"id":500000124,"lvl":5,"wI":0,"wX":0,"x":15,"y":25},{"data":1000010,"id":500000125,"lvl":5,"wI":0,"wX":0,"x":17,"y":26},{"data":1000002,"id":500000126,"lvl":9,"x":18,"y":35,"res_time":0},{"data":1000004,"id":500000127,"lvl":9,"x":31,"y":31,"res_time":0},{"data":1000008,"id":500000128,"lvl":6,"x":19,"y":31,"attack_mode":false,"attack_mode_draft":false,"attack_mode_war":false,"attack_mode_draft_war":false,"attack_mode2":false,"attack_mode_d2":false,"attack_mode3":false,"attack_mode_d3":false,"attack_mode4":false,"attack_mode_d4":false,"attack_mode5":false,"attack_mode_d5":false,"attack_mode_chal":false,"attack_mode_dchal":false,"attack_mode_arrw":false,"attack_mode_draft_arrw":false},{"data":1000013,"id":500000129,"lvl":3,"x":20,"y":23,"attack_mode":false,"attack_mode_draft":false,"attack_mode_war":false,"attack_mode_draft_war":false,"attack_mode2":false,"attack_mode_d2":false,"attack_mode3":false,"attack_mode_d3":false,"attack_mode4":false,"attack_mode_d4":false,"attack_mode5":false,"attack_mode_d5":false,"attack_mode_chal":false,"attack_mode_dchal":false,"attack_mode_arrw":false,"attack_mode_draft_arrw":false},{"data":1000000,"id":500000130,"lvl":5,"x":35,"y":22,"units":[]},{"data":1000009,"id":500000131,"lvl":6,"x":23,"y":32,"attack_mode":false,"attack_mode_draft":false,"attack_mode_war":false,"attack_mode_draft_war":false,"attack_mode2":false,"attack_mode_d2":false,"attack_mode3":false,"attack_mode_d3":false,"attack_mode4":false,"attack_mode_d4":false,"attack_mode5":false,"attack_mode_d5":false,"attack_mode_chal":false,"attack_mode_dchal":false,"attack_mode_arrw":false,"attack_mode_draft_arrw":false},{"data":1000011,"id":500000132,"lvl":2,"x":23,"y":28},{"data":1000010,"id":500000133,"lvl":5,"wI":0,"wX":0,"x":22,"y":31},{"data":1000010,"id":500000134,"lvl":5,"wI":0,"wX":0,"x":22,"y":32},{"data":1000010,"id":500000135,"lvl":5,"wI":0,"wX":0,"x":22,"y":33},{"data":1000010,"id":500000136,"lvl":5,"wI":0,"wX":0,"x":22,"y":34},{"data":1000010,"id":500000137,"lvl":5,"wI":0,"wX":0,"x":26,"y":35},{"data":1000010,"id":500000138,"lvl":5,"wI":0,"wX":0,"x":23,"y":35},{"data":1000010,"id":500000139,"lvl":5,"wI":0,"wX":0,"x":24,"y":35},{"data":1000010,"id":500000140,"lvl":5,"wI":0,"wX":0,"x":25,"y":35},{"data":1000010,"id":500000141,"lvl":5,"wI":0,"wX":0,"x":26,"y":34},{"data":1000010,"id":500000142,"lvl":5,"wI":0,"wX":0,"x":26,"y":33},{"data":1000010,"id":500000143,"lvl":5,"wI":0,"wX":0,"x":23,"y":17},{"data":1000010,"id":500000144,"lvl":5,"wI":0,"wX":0,"x":23,"y":16},{"data":1000010,"id":500000145,"lvl":5,"wI":0,"wX":0,"x":23,"y":15},{"data":1000010,"id":500000146,"lvl":5,"wI":0,"wX":0,"x":24,"y":15},{"data":1000010,"id":500000147,"lvl":5,"wI":0,"wX":0,"x":25,"y":15},{"data":1000010,"id":500000148,"lvl":5,"wI":0,"wX":0,"x":26,"y":15},{"data":1000010,"id":500000149,"lvl":5,"wI":0,"wX":0,"x":27,"y":15},{"data":1000010,"id":500000150,"lvl":5,"wI":0,"wX":0,"x":27,"y":16},{"data":1000010,"id":500000151,"lvl":5,"wI":0,"wX":0,"x":27,"y":17},{"data":1000010,"id":500000152,"lvl":5,"wI":0,"wX":0,"x":27,"y":18},{"data":1000010,"id":500000153,"lvl":5,"wI":0,"wX":0,"x":21,"y":34},{"data":1000010,"id":500000154,"lvl":5,"wI":0,"wX":0,"x":20,"y":34},{"data":1000010,"id":500000155,"lvl":5,"wI":0,"wX":0,"x":19,"y":34},{"data":1000010,"id":500000156,"lvl":5,"wI":0,"wX":0,"x":18,"y":34},{"data":1000010,"id":500000157,"lvl":5,"wI":0,"wX":0,"x":18,"y":33},{"data":1000010,"id":500000158,"lvl":5,"wI":0,"wX":0,"x":18,"y":32},{"data":1000010,"id":500000159,"lvl":5,"wI":0,"wX":0,"x":18,"y":31},{"data":1000011,"id":500000160,"lvl":2,"x":24,"y":16},{"data":1000020,"id":500000161,"lvl":1,"x":31,"y":28,"units":[],"unit_prod":{"m":1,"unit_type":1}},{"data":1000010,"id":500000162,"lvl":5,"wI":0,"wX":0,"x":16,"y":30},{"data":1000010,"id":500000163,"lvl":5,"wI":0,"wX":0,"x":16,"y":29},{"data":1000028,"id":500000164,"lvl":1,"x":21,"y":28,"aim_angle":225,"aim_angle_draft":0,"aim_angle_war":0,"aim_angle_draft_war":0,"aim_angle2":0,"aim_angle_d2":0,"aim_angle3":0,"aim_angle_d3":0,"aim_angle4":0,"aim_angle_d4":0,"aim_angle5":0,"aim_angle_d5":0,"aim_angle5_chal":0,"aim_angle_dchal":0,"aim_angle_arrw":0,"aim_angle_draft_arrw":0},{"data":1000012,"id":500000165,"lvl":3,"x":17,"y":27}],"obstacles":[],"traps":[{"data":12000000,"id":504000000,"lvl":2,"x":17,"y":18},{"data":12000000,"id":504000001,"lvl":2,"x":30,"y":32},{"data":12000001,"id":504000002,"lvl":0,"x":35,"y":27},{"data":12000001,"id":504000003,"lvl":0,"x":24,"y":27},{"data":12000000,"id":504000004,"lvl":2,"x":27,"y":35},{"data":12000000,"id":504000005,"lvl":2,"x":34,"y":30},{"data":12000001,"id":504000006,"lvl":0,"x":18,"y":18},{"data":12000001,"id":504000007,"lvl":0,"x":31,"y":18},{"data":12000005,"id":504000008,"lvl":1,"x":23,"y":27},{"data":12000005,"id":504000009,"lvl":1,"x":25,"y":27},{"data":12000002,"id":504000010,"lvl":1,"x":21,"y":26}],"decos":[],"vobjs":[{"data":39000000,"id":508000000,"lvl":0,"x":25,"y":54},{"data":39000002,"id":508000001,"lvl":0,"x":34,"y":54}],"respawnVars":{"secondsFromLastRespawn":119,"respawnSeed":108740639,"obstacleClearCounter":16,"time_to_gembox_drop":200974,"time_in_gembox_period":308974},"units":{"unit_prod":{}},"spells":{"unit_prod":{}},"buildings2":[{"data":1000034,"id":500000000,"lvl":5,"x":23,"y":22},{"data":1000035,"id":500000065,"lvl":5,"x":13,"y":20,"res_time":20247},{"data":1000040,"id":500000115,"lvl":7,"x":24,"y":35,"unit_prod":{"m":1,"unit_type":0}},{"data":1000044,"id":500000116,"lvl":5,"x":30,"y":15},{"data":1000039,"id":500000117,"lvl":5,"x":37,"y":20},{"data":1000053,"id":500000118,"lvl":0,"x":34,"y":10},{"data":1000046,"id":500000119,"lvl":5,"x":19,"y":33},{"data":1000042,"id":500000120,"lvl":0,"x":32,"y":35,"up2":{}},{"data":1000037,"id":500000122,"lvl":5,"x":36,"y":34,"res_time":22089},{"data":1000042,"id":500000123,"lvl":0,"x":25,"y":10,"up2":{}},{"data":1000033,"id":500000124,"lvl":5,"wI":11,"wP":1,"wX":0,"x":30,"y":26},{"data":1000033,"id":500000125,"lvl":5,"wI":11,"wX":1,"x":30,"y":28},{"data":1000033,"id":500000126,"lvl":5,"wI":11,"wX":2,"x":30,"y":24},{"data":1000033,"id":500000127,"lvl":5,"wI":11,"wX":3,"x":30,"y":27},{"data":1000033,"id":500000128,"lvl":5,"wI":11,"wX":4,"x":30,"y":25},{"data":1000033,"id":500000129,"lvl":5,"wI":16,"wP":1,"wX":0,"x":35,"y":31},{"data":1000033,"id":500000130,"lvl":5,"wI":16,"wX":1,"x":35,"y":33},{"data":1000033,"id":500000131,"lvl":5,"wI":16,"wX":2,"x":35,"y":29},{"data":1000033,"id":500000132,"lvl":5,"wI":16,"wX":3,"x":35,"y":32},{"data":1000033,"id":500000133,"lvl":5,"wI":16,"wX":4,"x":35,"y":30},{"data":1000048,"id":500000134,"lvl":5,"x":25,"y":15,"attack_mode":true,"attack_mode_draft":true,"attack_mode_war":false,"attack_mode_draft_war":false,"attack_mode2":false,"attack_mode_d2":false,"attack_mode3":false,"attack_mode_d3":false,"attack_mode4":false,"attack_mode_d4":false,"attack_mode5":false,"attack_mode_d5":false,"attack_mode_chal":false,"attack_mode_dchal":false,"attack_mode_arrw":false,"attack_mode_draft_arrw":false},{"data":1000041,"id":500000135,"lvl":5,"x":27,"y":19},{"data":1000042,"id":500000136,"lvl":0,"x":21,"y":11,"up2":{}},{"data":1000033,"id":500000137,"lvl":5,"wI":21,"wP":1,"wX":0,"x":25,"y":33},{"data":1000033,"id":500000138,"lvl":5,"wI":21,"wX":1,"x":27,"y":33},{"data":1000033,"id":500000139,"lvl":5,"wI":21,"wX":2,"x":23,"y":33},{"data":1000033,"id":500000140,"lvl":5,"wI":21,"wX":3,"x":26,"y":33},{"data":1000033,"id":500000141,"lvl":5,"wI":21,"wX":4,"x":24,"y":33},{"data":1000033,"id":500000142,"lvl":5,"wI":26,"wP":1,"wX":0,"x":28,"y":31},{"data":1000033,"id":500000143,"lvl":5,"wI":26,"wX":1,"x":28,"y":29},{"data":1000033,"id":500000144,"lvl":5,"wI":26,"wX":2,"x":28,"y":33},{"data":1000033,"id":500000145,"lvl":5,"wI":26,"wX":3,"x":28,"y":30},{"data":1000033,"id":500000146,"lvl":5,"wI":26,"wX":4,"x":28,"y":32},{"data":1000033,"id":500000147,"lvl":5,"wI":31,"wP":1,"wX":0,"x":21,"y":32},{"data":1000033,"id":500000148,"lvl":5,"wI":31,"wX":1,"x":23,"y":32},{"data":1000033,"id":500000149,"lvl":5,"wI":31,"wX":2,"x":19,"y":32},{"data":1000033,"id":500000150,"lvl":5,"wI":31,"wX":3,"x":22,"y":32},{"data":1000033,"id":500000151,"lvl":5,"wI":31,"wX":4,"x":20,"y":32},{"data":1000033,"id":500000152,"lvl":5,"wI":37,"wP":1,"wX":0,"x":31,"y":29},{"data":1000033,"id":500000153,"lvl":5,"wI":37,"wX":1,"x":33,"y":29},{"data":1000033,"id":500000154,"lvl":5,"wI":37,"wX":2,"x":29,"y":29},{"data":1000033,"id":500000155,"lvl":5,"wI":37,"wX":3,"x":32,"y":29},{"data":1000033,"id":500000156,"lvl":5,"wI":37,"wX":4,"x":30,"y":29},{"data":1000033,"id":500000157,"lvl":5,"wI":41,"wP":1,"wX":0,"x":26,"y":14},{"data":1000033,"id":500000158,"lvl":5,"wI":41,"wX":1,"x":28,"y":14},{"data":1000033,"id":500000159,"lvl":5,"wI":41,"wX":2,"x":24,"y":14},{"data":1000033,"id":500000160,"lvl":5,"wI":41,"wX":3,"x":27,"y":14},{"data":1000033,"id":500000161,"lvl":5,"wI":41,"wX":4,"x":25,"y":14},{"data":1000038,"id":500000162,"lvl":5,"x":15,"y":16},{"data":1000033,"id":500000163,"lvl":5,"wI":46,"wP":1,"wX":0,"x":22,"y":15},{"data":1000033,"id":500000164,"lvl":5,"wI":46,"wX":1,"x":24,"y":15},{"data":1000033,"id":500000165,"lvl":5,"wI":46,"wX":2,"x":20,"y":15},{"data":1000033,"id":500000166,"lvl":5,"wI":46,"wX":3,"x":23,"y":15},{"data":1000033,"id":500000167,"lvl":5,"wI":46,"wX":4,"x":21,"y":15},{"data":1000043,"id":500000168,"lvl":5,"x":20,"y":21},{"data":1000036,"id":500000170,"lvl":5,"x":35,"y":15},{"data":1000045,"id":500000172,"lvl":5,"x":23,"y":26},{"data":1000050,"id":500000173,"lvl":5,"x":20,"y":18},{"data":1000048,"id":500000174,"lvl":5,"x":24,"y":30,"attack_mode":true,"attack_mode_draft":true,"attack_mode_war":false,"attack_mode_draft_war":false,"attack_mode2":false,"attack_mode_d2":false,"attack_mode3":false,"attack_mode_d3":false,"attack_mode4":false,"attack_mode_d4":false,"attack_mode5":false,"attack_mode_d5":false,"attack_mode_chal":false,"attack_mode_dchal":false,"attack_mode_arrw":false,"attack_mode_draft_arrw":false},{"data":1000033,"id":500000175,"lvl":5,"wI":51,"wP":1,"wX":0,"x":19,"y":17},{"data":1000033,"id":500000176,"lvl":5,"wI":51,"wX":1,"x":19,"y":15},{"data":1000033,"id":500000177,"lvl":5,"wI":51,"wX":2,"x":19,"y":19},{"data":1000033,"id":500000178,"lvl":5,"wI":51,"wX":3,"x":19,"y":16},{"data":1000033,"id":500000179,"lvl":5,"wI":51,"wX":4,"x":19,"y":18},{"data":1000033,"id":500000180,"lvl":5,"wI":56,"wP":1,"wX":0,"x":17,"y":28},{"data":1000033,"id":500000181,"lvl":5,"wI":56,"wX":1,"x":17,"y":26},{"data":1000033,"id":500000182,"lvl":5,"wI":56,"wX":2,"x":17,"y":30},{"data":1000033,"id":500000183,"lvl":5,"wI":56,"wX":3,"x":17,"y":27},{"data":1000033,"id":500000184,"lvl":5,"wI":56,"wX":4,"x":17,"y":29},{"data":1000033,"id":500000185,"lvl":5,"wI":61,"wP":1,"wX":0,"x":19,"y":20},{"data":1000033,"id":500000186,"lvl":5,"wI":61,"wX":1,"x":21,"y":20},{"data":1000033,"id":500000187,"lvl":5,"wI":61,"wX":2,"x":17,"y":20},{"data":1000033,"id":500000188,"lvl":5,"wI":61,"wX":3,"x":20,"y":20},{"data":1000033,"id":500000189,"lvl":5,"wI":61,"wX":4,"x":18,"y":20},{"data":1000033,"id":500000190,"lvl":5,"wI":66,"wP":1,"wX":0,"x":17,"y":23},{"data":1000033,"id":500000191,"lvl":5,"wI":66,"wX":1,"x":17,"y":21},{"data":1000033,"id":500000192,"lvl":5,"wI":66,"wX":2,"x":17,"y":25},{"data":1000033,"id":500000193,"lvl":5,"wI":66,"wX":3,"x":17,"y":22},{"data":1000033,"id":500000194,"lvl":5,"wI":66,"wX":4,"x":17,"y":24},{"data":1000042,"id":500000195,"lvl":0,"x":16,"y":11,"up2":{}},{"data":1000051,"id":500000198,"lvl":5,"x":28,"y":24},{"data":1000044,"id":500000199,"lvl":5,"x":19,"y":26},{"data":1000037,"id":500000200,"lvl":5,"x":14,"y":29,"res_time":22089},{"data":1000035,"id":500000201,"lvl":5,"x":13,"y":25,"res_time":20247},{"data":1000033,"id":500000203,"lvl":5,"wI":71,"wP":1,"wX":0,"x":29,"y":18},{"data":1000033,"id":500000204,"lvl":5,"wI":71,"wX":1,"x":31,"y":18},{"data":1000033,"id":500000205,"lvl":5,"wI":71,"wX":2,"x":27,"y":18},{"data":1000033,"id":500000206,"lvl":5,"wI":71,"wX":3,"x":30,"y":18},{"data":1000033,"id":500000207,"lvl":5,"wI":71,"wX":4,"x":28,"y":18},{"data":1000033,"id":500000208,"lvl":5,"wI":76,"wP":1,"wX":0,"x":30,"y":21},{"data":1000033,"id":500000209,"lvl":5,"wI":76,"wX":1,"x":30,"y":19},{"data":1000033,"id":500000210,"lvl":5,"wI":76,"wX":2,"x":30,"y":23},{"data":1000033,"id":500000211,"lvl":5,"wI":76,"wX":3,"x":30,"y":20},{"data":1000033,"id":500000212,"lvl":5,"wI":76,"wX":4,"x":30,"y":22},{"data":1000033,"id":500000213,"lvl":5,"wI":81,"wP":1,"wX":0,"x":24,"y":18},{"data":1000033,"id":500000214,"lvl":5,"wI":81,"wX":1,"x":26,"y":18},{"data":1000033,"id":500000215,"lvl":5,"wI":81,"wX":2,"x":22,"y":18},{"data":1000033,"id":500000216,"lvl":5,"wI":81,"wX":3,"x":25,"y":18},{"data":1000033,"id":500000217,"lvl":5,"wI":81,"wX":4,"x":23,"y":18},{"data":1000033,"id":500000218,"lvl":5,"wI":86,"wP":1,"wX":0,"x":25,"y":29},{"data":1000033,"id":500000219,"lvl":5,"wI":86,"wX":1,"x":27,"y":29},{"data":1000033,"id":500000220,"lvl":5,"wI":86,"wX":2,"x":23,"y":29},{"data":1000033,"id":500000221,"lvl":5,"wI":86,"wX":3,"x":26,"y":29},{"data":1000033,"id":500000222,"lvl":5,"wI":86,"wX":4,"x":24,"y":29},{"data":1000055,"id":500000223,"lvl":5,"x":19,"y":23},{"data":1000033,"id":500000224,"lvl":5,"wI":91,"wP":1,"wX":0,"x":35,"y":21},{"data":1000033,"id":500000225,"lvl":5,"wI":91,"wX":1,"x":35,"y":23},{"data":1000033,"id":500000226,"lvl":5,"wI":91,"wX":2,"x":35,"y":19},{"data":1000033,"id":500000227,"lvl":5,"wI":91,"wX":3,"x":35,"y":22},{"data":1000033,"id":500000228,"lvl":5,"wI":91,"wX":4,"x":35,"y":20},{"data":1000033,"id":500000229,"lvl":5,"wI":96,"wP":1,"wX":0,"x":20,"y":29},{"data":1000033,"id":500000230,"lvl":5,"wI":96,"wX":1,"x":22,"y":29},{"data":1000033,"id":500000231,"lvl":5,"wI":96,"wX":2,"x":18,"y":29},{"data":1000033,"id":500000232,"lvl":5,"wI":96,"wX":3,"x":21,"y":29},{"data":1000033,"id":500000233,"lvl":5,"wI":96,"wX":4,"x":19,"y":29},{"data":1000033,"id":500000234,"lvl":5,"wI":101,"wP":1,"wX":0,"x":22,"y":21},{"data":1000033,"id":500000235,"lvl":5,"wI":101,"wX":1,"x":22,"y":19},{"data":1000033,"id":500000236,"lvl":5,"wI":101,"wX":2,"x":22,"y":23},{"data":1000033,"id":500000237,"lvl":5,"wI":101,"wX":3,"x":22,"y":20},{"data":1000033,"id":500000238,"lvl":5,"wI":101,"wX":4,"x":22,"y":22},{"data":1000033,"id":500000239,"lvl":5,"wI":106,"wP":1,"wX":0,"x":22,"y":26},{"data":1000033,"id":500000240,"lvl":5,"wI":106,"wX":1,"x":22,"y":24},{"data":1000033,"id":500000241,"lvl":5,"wI":106,"wX":2,"x":22,"y":28},{"data":1000033,"id":500000242,"lvl":5,"wI":106,"wX":3,"x":22,"y":25},{"data":1000033,"id":500000243,"lvl":5,"wI":106,"wX":4,"x":22,"y":27},{"data":1000042,"id":500000244,"lvl":0,"x":37,"y":29,"up2":{}},{"data":1000056,"id":500000246,"lvl":5,"x":23,"y":19},{"data":1000038,"id":500000247,"lvl":5,"x":37,"y":25},{"data":1000036,"id":500000248,"lvl":5,"x":28,"y":35},{"data":1000048,"id":500000249,"lvl":5,"x":31,"y":19,"attack_mode":false,"attack_mode_draft":false,"attack_mode_war":false,"attack_mode_draft_war":false,"attack_mode2":false,"attack_mode_d2":false,"attack_mode3":false,"attack_mode_d3":false,"attack_mode4":false,"attack_mode_d4":false,"attack_mode5":false,"attack_mode_d5":false,"attack_mode_chal":false,"attack_mode_dchal":false,"attack_mode_arrw":false,"attack_mode_draft_arrw":false},{"data":1000033,"id":500000250,"lvl":5,"wI":102,"wP":1,"wX":0,"x":35,"y":26},{"data":1000033,"id":500000251,"lvl":5,"wI":102,"wX":1,"x":35,"y":28},{"data":1000033,"id":500000252,"lvl":5,"wI":102,"wX":2,"x":35,"y":24},{"data":1000033,"id":500000253,"lvl":5,"wI":102,"wX":3,"x":35,"y":27},{"data":1000033,"id":500000254,"lvl":5,"wI":102,"wX":4,"x":35,"y":25},{"data":1000041,"id":500000255,"lvl":5,"x":31,"y":26},{"data":1000033,"id":500000256,"lvl":5,"wI":107,"wP":1,"wX":0,"x":31,"y":14},{"data":1000033,"id":500000257,"lvl":5,"wI":107,"wX":1,"x":33,"y":14},{"data":1000033,"id":500000258,"lvl":5,"wI":107,"wX":2,"x":29,"y":14},{"data":1000033,"id":500000259,"lvl":5,"wI":107,"wX":3,"x":32,"y":14},{"data":1000033,"id":500000260,"lvl":5,"wI":107,"wX":4,"x":30,"y":14},{"data":1000058,"id":500000261,"lvl":5,"x":29,"y":9,"res_time":405920},{"data":1000054,"id":500000263,"lvl":5,"x":27,"y":26},{"data":1000033,"id":500000264,"lvl":5,"wI":111,"wP":1,"wX":0,"x":32,"y":32},{"data":1000033,"id":500000265,"lvl":5,"wI":111,"wX":1,"x":34,"y":32},{"data":1000033,"id":500000266,"lvl":5,"wI":111,"wX":2,"x":30,"y":32},{"data":1000033,"id":500000267,"lvl":5,"wI":111,"wX":3,"x":33,"y":32},{"data":1000033,"id":500000268,"lvl":5,"wI":111,"wX":4,"x":31,"y":32},{"data":1000033,"id":500000269,"lvl":5,"wI":116,"wP":1,"wX":0,"x":34,"y":18},{"data":1000033,"id":500000270,"lvl":5,"wI":116,"wX":1,"x":36,"y":18},{"data":1000033,"id":500000271,"lvl":5,"wI":116,"wX":2,"x":32,"y":18},{"data":1000033,"id":500000272,"lvl":5,"wI":116,"wX":3,"x":35,"y":18},{"data":1000033,"id":500000273,"lvl":5,"wI":116,"wX":4,"x":33,"y":18},{"data":1000050,"id":500000279,"lvl":5,"x":32,"y":30},{"data":1000055,"id":500000280,"lvl":5,"x":31,"y":23}],"obstacles2":[],"traps2":[{"data":12000013,"id":504000002,"lvl":5,"air_mode":true,"air_mode_draft":false,"air_mode_war":false,"air_mode_draft_war":false,"air_mode2":false,"air_mode_d2":false,"air_mode3":false,"air_mode_d3":false,"air_mode4":false,"air_mode_d4":false,"air_mode5":false,"air_mode_d5":false,"air_mode6":false,"air_mode_d6":false,"air_mode7":false,"air_mode_d7":false,"x":24,"y":17},{"data":12000011,"id":504000003,"lvl":5,"d":3,"x":30,"y":30},{"data":12000011,"id":504000005,"lvl":5,"d":3,"x":20,"y":30},{"data":12000013,"id":504000006,"lvl":5,"air_mode":true,"air_mode_draft":false,"air_mode_war":false,"air_mode_draft_war":false,"air_mode2":false,"air_mode_d2":false,"air_mode3":false,"air_mode_d3":false,"air_mode4":false,"air_mode_d4":false,"air_mode5":false,"air_mode_d5":false,"air_mode6":false,"air_mode_d6":false,"air_mode7":false,"air_mode_d7":false,"x":29,"y":30},{"data":12000011,"id":504000007,"lvl":5,"d":2,"x":28,"y":16},{"data":12000014,"id":504000008,"lvl":5,"air_mode":false,"air_mode_draft":false,"air_mode_war":false,"air_mode_draft_war":false,"air_mode2":false,"air_mode_d2":false,"air_mode3":false,"air_mode_d3":false,"air_mode4":false,"air_mode_d4":false,"air_mode5":false,"air_mode_d5":false,"air_mode6":false,"air_mode_d6":false,"air_mode7":false,"air_mode_d7":false,"x":22,"y":30},{"data":12000011,"id":504000009,"lvl":5,"d":1,"x":20,"y":16},{"data":12000013,"id":504000010,"lvl":5,"air_mode":true,"air_mode_draft":false,"air_mode_war":false,"air_mode_draft_war":false,"air_mode2":false,"air_mode_d2":false,"air_mode3":false,"air_mode_d3":false,"air_mode4":false,"air_mode_d4":false,"air_mode5":false,"air_mode_d5":false,"air_mode6":false,"air_mode_d6":false,"air_mode7":false,"air_mode_d7":false,"x":19,"y":21},{"data":12000010,"id":504000011,"lvl":2,"x":26,"y":21},{"data":12000010,"id":504000012,"lvl":2,"x":18,"y":31},{"data":12000010,"id":504000013,"lvl":2,"x":34,"y":29},{"data":12000013,"id":504000014,"lvl":5,"air_mode":true,"air_mode_draft":false,"air_mode_war":false,"air_mode_draft_war":false,"air_mode2":false,"air_mode_d2":false,"air_mode3":false,"air_mode_d3":false,"air_mode4":false,"air_mode_d4":false,"air_mode5":false,"air_mode_d5":false,"air_mode6":false,"air_mode_d6":false,"air_mode7":false,"air_mode_d7":false,"x":18,"y":25},{"data":12000010,"id":504000015,"lvl":2,"x":29,"y":32},{"data":12000010,"id":504000016,"lvl":2,"x":26,"y":26},{"data":12000013,"id":504000017,"lvl":5,"air_mode":true,"air_mode_draft":false,"air_mode_war":false,"air_mode_draft_war":false,"air_mode2":false,"air_mode_d2":false,"air_mode3":false,"air_mode_d3":false,"air_mode4":false,"air_mode_d4":false,"air_mode5":false,"air_mode_d5":false,"air_mode6":false,"air_mode_d6":false,"air_mode7":false,"air_mode_d7":false,"x":31,"y":22},{"data":12000014,"id":504000018,"lvl":5,"air_mode":true,"air_mode_draft":false,"air_mode_war":false,"air_mode_draft_war":false,"air_mode2":false,"air_mode_d2":false,"air_mode3":false,"air_mode_d3":false,"air_mode4":false,"air_mode_d4":false,"air_mode5":false,"air_mode_d5":false,"air_mode6":false,"air_mode_d6":false,"air_mode7":false,"air_mode_d7":false,"x":28,"y":22}],"decos2":[],"vobjs2":[{"data":39000001,"id":508000000,"lvl":0,"x":14,"y":53},{"data":39000003,"id":508000001,"lvl":0,"x":9,"y":56}],"v2rs":6,"tgsec":0,"tgseed":0,"cooldowns":[],"newShopBuildings":[3,0,6,2,6,2,3,1,3,3,125,2,2,2,0,5,0,0,0,0,1,0,0,0,0,0,0,0,1,0,0,0,0,0,0,0,0,0,0,0,0,0,0,0,0,0,0,0,0,0,0,0,0,0,0,0,0,0,0],"newShopTraps":[4,4,1,0,0,2,0,0,0,0,0,-4,0,-2,0],"newShopDecos":[1,4,0,0,1,0,0,0,0,0,0,0,0,0,0,0,0,0,0,0,0,0,0,0,0,0,0,0,0,0,0,0,0,0,0,0,0,0,-4,0,0,0,-25,0,0,0],"offer":{"t":1,"offers":[{"data":38000020,"a_t":259194,"ts":1},{"data":38000022,"a_t":3594,"ts":1},{"data":38000026,"a_t":489296},{"data":38000031,"a_t":489296},{"data":38000040,"a_t":489296},{"data":38000041,"a_t":489296}]},"last_league_rank":0,"last_alliance_level":1,"last_league_shuffle":0,"last_season_seen":-1,"last_news_seen":137,"war_tutorials_seen":0,"war_base":false,"arr_war_base":false,"army_names":["","","",""],"account_flags":0,"bool_layout_edit_shown_erase":false,"events":[6,21],"es":0}