{"exp_ver":1,"active_layout":0,"act_l2":0,"layout_state":[0,0,0,0,0,0,0,0],"layout_cooldown":[0,0,0,0,0,0,0,0],"buildings":[{"data":1000001,"id":500000000,"lvl":0,"x":28,"y":16},{"data":1000004,"id":500000001,"lvl":0,"x":32,"y":12,"res_time":0},{"data":1000000,"id":500000002,"lvl":0,"x":32,"y":15,"units":[]},{"data":1000015,"id":500000003,"lvl":0,"x":26,"y":19},{"data":1000014,"id":500000004,"lvl":0,"x":28,"y":35},{"data":1000004,"id":500000005,"lvl":1,"x":25,"y":21,"res_time":0},{"data":1000008,"id":500000006,"lvl":1,"x":29,"y":13,"attack_mode":false,"attack_mode_draft":false,"attack_mode_war":false,"attack_mode_draft_war":false,"attack_mode2":false,"attack_mode_d2":false,"attack_mode3":false,"attack_mode_d3":false,"attack_mode4":false,"attack_mode_d4":false,"attack_mode5":false,"attack_mode_d5":false,"attack_mode_chal":false,"attack_mode_dchal":false,"attack_mode_arrw":false,"attack_mode_draft_arrw":false},{"data":1000002,"id":500000007,"lvl":1,"x":26,"y":12,"res_time":0},{"data":1000002,"id":500000008,"lvl":1,"x":31,"y":22,"res_time":0},{"data":1000015,"id":500000009,"lvl":0,"x":31,"y":20},{"data":1000003,"id":500000010,"lvl":0,"x":28,"y":23},{"data":1000005,"id":500000011,"lvl":0,"x":29,"y":10},{"data":1000008,"id":500000012,"lvl":1,"x":28,"y":20,"attack_mode":false,"attack_mode_draft":false,"attack_mode_war":false,"attack_mode_draft_war":false,"attack_mode2":false,"attack_mode_d2":false,"attack_mode3":false,"attack_mode_d3":false,"attack_mode4":false,"attack_mode_d4":false,"attack_mode5":false,"attack_mode_d5":false,"attack_mode_chal":false,"attack_mode_dchal":false,"attack_mode_arrw":false,"attack_mode_draft_arrw":false},{"data":1000006,"id":500000013,"lvl":2,"x":25,"y":15,"unit_prod":{"m":1,"unit_type":0}}],"obstacles":[],"traps":[],"decos":[],"vobjs":[{"data":39000000,"id":508000000,"lvl":0,"x":25,"y":54},{"data":39000002,"id":508000001,"lvl":0,"x":34,"y":54}],"respawnVars":{"secondsFromLastRespawn":84,"respawnSeed":-212853765,"obstacleClearCounter":0,"time_to_gembox_drop":273516,"time_in_gembox_period":244716},"units":{"unit_prod":{}},"spells":{"unit_prod":{}},"buildings2":[{"data":1000034,"id":500000000,"lvl":0,"x":25,"y":22},{"data":1000033,"id":500000006,"lvl":0,"wI":6,"wP":1,"wX":0,"x":31,"y":28},{"data":1000033,"id":500000007,"lvl":0,"wI":6,"wX":1,"x":29,"y":28},{"data":1000033,"id":500000008,"lvl":0,"wI":6,"wX":2,"x":33,"y":28},{"data":1000033,"id":500000009,"lvl":0,"wI":6,"wX":3,"x":30,"y":28},{"data":1000033,"id":500000010,"lvl":0,"wI":6,"wX":4,"x":32,"y":28},{"data":1000033,"id":500000036,"lvl":0,"wI":36,"wP":1,"wX":0,"x":34,"y":24},{"data":1000033,"id":500000037,"lvl":0,"wI":36,"wX":1,"x":34,"y":22},{"data":1000033,"id":500000038,"lvl":0,"wI":36,"wX":2,"x":34,"y":26},{"data":1000033,"id":500000039,"lvl":0,"wI":36,"wX":3,"x":34,"y":23},{"data":1000033,"id":500000040,"lvl":0,"wI":36,"wX":4,"x":34,"y":25},{"data":1000035,"id":500000065,"lvl":0,"locked":true,"x":25,"y":26,"res_time":0},{"data":1000040,"id":500000115,"lvl":0,"locked":true,"x":22,"y":18,"unit_prod":{"m":1,"unit_type":0}},{"data":1000044,"id":500000116,"lvl":0,"locked":true,"x":30,"y":24},{"data":1000039,"id":500000117,"lvl":0,"locked":true,"x":13,"y":39},{"data":1000053,"id":500000118,"lvl":0,"locked":true,"x":43,"y":14},{"data":1000046,"id":500000119,"lvl":0,"locked":true,"x":20,"y":26},{"data":1000042,"id":500000120,"lvl":0,"locked":true,"x":26,"y":16,"up2":{}},{"data":1000050,"id":500000121,"lvl":0,"locked":true,"x":26,"y":20},{"data":1000037,"id":500000122,"lvl":0,"locked":true,"x":29,"y":19,"res_time":17709}],"obstacles2":[],"traps2":[],"decos2":[],"vobjs2":[{"data":39000001,"id":508000000,"lvl":0,"x":14,"y":53},{"data":39000003,"id":508000001,"lvl":0,"x":9,"y":56}],"v2rs":22,"tgsec":0,"tgseed":0,"cooldowns":[],"newShopBuildings":[1,0,1,1,1,1,1,0,2,0,0,0,0,0,0,5,0,0,0,0,0,0,0,0,0,0,0,0,0,0,0,0,0,0,0,0,0,0,0,0,0,0,0,0,0,0,0,0,0,0,0,0,0,0,0,0,0,0,0],"newShopTraps":[0,0,0,0,0,0,0,0,0,0,0,0,0,0,0],"newShopDecos":[1,4,0,0,1,0,0,0,0,0,0,0,0,0,0,0,0,0,0,0,0,0,0,0,0,0,0,0,0,0,0,0,0,0,0,0,0,0,-4,0,0,0,-25,0,0,0],"offer":{"t":1,"offers":[]},"last_league_rank":0,"last_alliance_level":1,"last_league_shuffle":0,"last_season_seen":-1,"last_news_seen":137,"war_tutorials_seen":0,"war_base":false,"arr_war_base":false,"army_names":["","","",""],"account_flags":0,"bool_layout_edit_shown_erase":false,"events":[6,21],"es":0}